timestamp,Unit_Name,Unit_Code,PSR_Type,Capacity,Generation_MW,Consumption_MW,Measurement_Unit,Temporal_Resolution,folder_tag,iso_mapping
2020-01-01T00:00:00+00:00,HKW Altbach/Deizisau 2,11WD4AL1U1C2---O,B05,,165.675,,MAW,PT60M,10YDE-ENBW-----N,DE
2020-01-01T00:00:00+00:00,HKW Heilbronn Block 7,11WD4HLBR1C7---4,B05,,0.0,,MAW,PT60M,10YDE-ENBW-----N,DE
2020-01-01T00:00:00+00:00,KKW Neckarwestheim 2,11WD4GKNK1N-GESZ,B14,,1311.775,,MAW,PT60M,10YDE-ENBW-----N,DE
2020-01-01T00:00:00+00:00,KW Laufenburg,11WD4KWLFB5M1107,B11,,31.05,,MAW,PT60M,10YDE-ENBW-----N,DE
2020-01-01T00:00:00+00:00,KW Rheinfelden DE,11WD4KWRHF5M1-4I,B11,,33.925,,MAW,PT60M,10YDE-ENBW-----N,DE
2020-01-01T00:00:00+00:00,Kopswerk 2 M1,11WD43KOP2HM1--L,B10,,0.0,,MAW,PT60M,10YDE-ENBW-----N,DE
2020-01-01T00:00:00+00:00,Kopswerk 2 M2,11WD43KOP2HM2--H,B10,,8.075,,MAW,PT60M,10YDE-ENBW-----N,DE
2020-01-01T00:00:00+00:00,Kopswerk 2 M3,11WD43KOP2HM3--D,B10,,0.0,,MAW,PT60M,10YDE-ENBW-----N,DE
2020-01-01T00:00:00+00:00,Kraftwerk Säckingen,11WD4SAEK2HD4--9,B10,,4.075,,MAW,PT60M,10YDE-ENBW-----N,DE
2020-01-01T00:00:00+00:00,Kraftwerk Wahlheim GT D,11WD4WALK5OGTD-F,B06,,0.0,,MAW,PT60M,10YDE-ENBW-----N,DE
2020-01-01T00:00:00+00:00,Kraftwerk Wehr,11WD4WEHR1HD4--Y,B10,,0.0,,MAW,PT60M,10YDE-ENBW-----N,DE
2020-01-01T00:00:00+00:00,Kraftwerk Witznau,11WD4WITZ5H-SD4C,B10,,0.0,,MAW,PT60M,10YDE-ENBW-----N,DE
2020-01-01T00:00:00+00:00,Obervermuntwerk 2 M1,11W0-0000-0109-S,B10,,0.0,,MAW,PT60M,10YDE-ENBW-----N,DE
2020-01-01T00:00:00+00:00,Obervermuntwerk 2 M2,11W0-0000-0110-E,B10,,45.15,,MAW,PT60M,10YDE-ENBW-----N,DE
2020-01-01T00:00:00+00:00,RDK 7,11WD4RDK71C7---G,B05,,0.0,,MAW,PT60M,10YDE-ENBW-----N,DE
2020-01-01T00:00:00+00:00,RDK 8,11WD4RDK81C8---3,B05,,0.0,,MAW,PT60M,10YDE-ENBW-----N,DE
2020-01-01T00:00:00+00:00,Rheinkraftwerk Iffezheim,11WD4IFFE5H----T,B11,,104.95,,MAW,PT60M,10YDE-ENBW-----N,DE
2020-01-01T00:00:00+00:00,Rodund 2,11WD43ROW2H----I,B10,,0.0,,MAW,PT60M,10YDE-ENBW-----N,DE
2020-01-01T00:00:00+00:00,Stuttgart-Münster DT,11WD4MUST5X-DT-M,B17,,51.125,,MAW,PT60M,10YDE-ENBW-----N,DE
2020-01-01T00:00:00+00:00,,11W0-0000-0004-B,B05,,20.4,,MAW,PT60M,10YDE-ENBW-----N,DE
2020-01-01T00:00:00+00:00,,11W0-0000-0005-8,B05,,243.375,,MAW,PT60M,10YDE-ENBW-----N,DE
2020-01-01T01:00:00+00:00,HKW Altbach/Deizisau 2,11WD4AL1U1C2---O,B05,,114.775,,MAW,PT60M,10YDE-ENBW-----N,DE
2020-01-01T01:00:00+00:00,KKW Neckarwestheim 2,11WD4GKNK1N-GESZ,B14,,1311.275,,MAW,PT60M,10YDE-ENBW-----N,DE
2020-01-01T01:00:00+00:00,KW Laufenburg,11WD4KWLFB5M1107,B11,,30.325,,MAW,PT60M,10YDE-ENBW-----N,DE
2020-01-01T01:00:00+00:00,KW Rheinfelden DE,11WD4KWRHF5M1-4I,B11,,33.425,,MAW,PT60M,10YDE-ENBW-----N,DE
2020-01-01T01:00:00+00:00,Kopswerk 2 M1,11WD43KOP2HM1--L,B10,,0.025,,MAW,PT60M,10YDE-ENBW-----N,DE
2020-01-01T01:00:00+00:00,Kopswerk 2 M2,11WD43KOP2HM2--H,B10,,7.125,,MAW,PT60M,10YDE-ENBW-----N,DE
2020-01-01T01:00:00+00:00,Kopswerk 2 M3,11WD43KOP2HM3--D,B10,,0.025,,MAW,PT60M,10YDE-ENBW-----N,DE
2020-01-01T01:00:00+00:00,Kraftwerk Säckingen,11WD4SAEK2HD4--9,B10,,16.725,,MAW,PT60M,10YDE-ENBW-----N,DE
2020-01-01T01:00:00+00:00,Kraftwerk Wehr,11WD4WEHR1HD4--Y,B10,,28.075,,MAW,PT60M,10YDE-ENBW-----N,DE
2020-01-01T01:00:00+00:00,Obervermuntwerk 2 M2,11W0-0000-0110-E,B10,,128.025,,MAW,PT60M,10YDE-ENBW-----N,DE
2020-01-01T01:00:00+00:00,Rheinkraftwerk Iffezheim,11WD4IFFE5H----T,B11,,103.975,,MAW,PT60M,10YDE-ENBW-----N,DE
2020-01-01T01:00:00+00:00,Stuttgart-Münster DT,11WD4MUST5X-DT-M,B17,,49.3,,MAW,PT60M,10YDE-ENBW-----N,DE
2020-01-01T01:00:00+00:00,,11W0-0000-0004-B,B05,,20.475,,MAW,PT60M,10YDE-ENBW-----N,DE
2020-01-01T01:00:00+00:00,,11W0-0000-0005-8,B05,,253.2,,MAW,PT60M,10YDE-ENBW-----N,DE
2020-01-01T02:00:00+00:00,HKW Altbach/Deizisau 2,11WD4AL1U1C2---O,B05,,116.725,,MAW,PT60M,10YDE-ENBW-----N,DE
2020-01-01T02:00:00+00:00,KKW Neckarwestheim 2,11WD4GKNK1N-GESZ,B14,,1310.775,,MAW,PT60M,10YDE-ENBW-----N,DE
2020-01-01T02:00:00+00:00,KW Laufenburg,11WD4KWLFB5M1107,B11,,29.925,,MAW,PT60M,10YDE-ENBW-----N,DE
2020-01-01T02:00:00+00:00,KW Rheinfelden DE,11WD4KWRHF5M1-4I,B11,,32.95,,MAW,PT60M,10YDE-ENBW-----N,DE
2020-01-01T02:00:00+00:00,Kopswerk 2 M1,11WD43KOP2HM1--L,B10,,0.0,,MAW,PT60M,10YDE-ENBW-----N,DE
2020-01-01T02:00:00+00:00,Kopswerk 2 M2,11WD43KOP2HM2--H,B10,,0.0,,MAW,PT60M,10YDE-ENBW-----N,DE
2020-01-01T02:00:00+00:00,Kopswerk 2 M3,11WD43KOP2HM3--D,B10,,0.0,,MAW,PT60M,10YDE-ENBW-----N,DE
2020-01-01T02:00:00+00:00,Kraftwerk Säckingen,11WD4SAEK2HD4--9,B10,,0.0,,MAW,PT60M,10YDE-ENBW-----N,DE
2020-01-01T02:00:00+00:00,Kraftwerk Wehr,11WD4WEHR1HD4--Y,B10,,0.0,,MAW,PT60M,10YDE-ENBW-----N,DE
2020-01-01T02:00:00+00:00,Obervermuntwerk 2 M2,11W0-0000-0110-E,B10,,51.15,,MAW,PT60M,10YDE-ENBW-----N,DE
2020-01-01T02:00:00+00:00,Rheinkraftwerk Iffezheim,11WD4IFFE5H----T,B11,,102.55,,MAW,PT60M,10YDE-ENBW-----N,DE
2020-01-01T02:00:00+00:00,Stuttgart-Münster DT,11WD4MUST5X-DT-M,B17,,48.925,,MAW,PT60M,10YDE-ENBW-----N,DE
2020-01-01T02:00:00+00:00,,11W0-0000-0004-B,B05,,20.6,,MAW,PT60M,10YDE-ENBW-----N,DE
2020-01-01T02:00:00+00:00,,11W0-0000-0005-8,B05,,261.725,,MAW,PT60M,10YDE-ENBW-----N,DE
2020-01-01T03:00:00+00:00,HKW Altbach/Deizisau 2,11WD4AL1U1C2---O,B05,,116.4,,MAW,PT60M,10YDE-ENBW-----N,DE
2020-01-01T03:00:00+00:00,KKW Neckarwestheim 2,11WD4GKNK1N-GESZ,B14,,1311.525,,MAW,PT60M,10YDE-ENBW-----N,DE
2020-01-01T03:00:00+00:00,KW Laufenburg,11WD4KWLFB5M1107,B11,,30.0,,MAW,PT60M,10YDE-ENBW-----N,DE
2020-01-01T03:00:00+00:00,KW Rheinfelden DE,11WD4KWRHF5M1-4I,B11,,32.525,,MAW,PT60M,10YDE-ENBW-----N,DE
2020-01-01T03:00:00+00:00,Kopswerk 2 M3,11WD43KOP2HM3--D,B10,,33.45,,MAW,PT60M,10YDE-ENBW-----N,DE
2020-01-01T03:00:00+00:00,Obervermuntwerk 2 M2,11W0-0000-0110-E,B10,,43.925,,MAW,PT60M,10YDE-ENBW-----N,DE
2020-01-01T03:00:00+00:00,Rheinkraftwerk Iffezheim,11WD4IFFE5H----T,B11,,104.775,,MAW,PT60M,10YDE-ENBW-----N,DE
2020-01-01T03:00:00+00:00,Stuttgart-Münster DT,11WD4MUST5X-DT-M,B17,,53.175,,MAW,PT60M,10YDE-ENBW-----N,DE
2020-01-01T03:00:00+00:00,,11W0-0000-0004-B,B05,,20.65,,MAW,PT60M,10YDE-ENBW-----N,DE
2020-01-01T03:00:00+00:00,,11W0-0000-0005-8,B05,,262.05,,MAW,PT60M,10YDE-ENBW-----N,DE
2020-01-01T04:00:00+00:00,HKW Altbach/Deizisau 2,11WD4AL1U1C2---O,B05,,112.675,,MAW,PT60M,10YDE-ENBW-----N,DE
2020-01-01T04:00:00+00:00,KKW Neckarwestheim 2,11WD4GKNK1N-GESZ,B14,,1310.375,,MAW,PT60M,10YDE-ENBW-----N,DE
2020-01-01T04:00:00+00:00,KW Laufenburg,11WD4KWLFB5M1107,B11,,30.725,,MAW,PT60M,10YDE-ENBW-----N,DE
2020-01-01T04:00:00+00:00,Kopswerk 2 M3,11WD43KOP2HM3--D,B10,,58.7,,MAW,PT60M,10YDE-ENBW-----N,DE
2020-01-01T04:00:00+00:00,Obervermuntwerk 2 M2,11W0-0000-0110-E,B10,,43.325,,MAW,PT60M,10YDE-ENBW-----N,DE
2020-01-01T04:00:00+00:00,Rheinkraftwerk Iffezheim,11WD4IFFE5H----T,B11,,103.6,,MAW,PT60M,10YDE-ENBW-----N,DE
2020-01-01T04:00:00+00:00,Stuttgart-Münster DT,11WD4MUST5X-DT-M,B17,,54.325,,MAW,PT60M,10YDE-ENBW-----N,DE
2020-01-01T04:00:00+00:00,,11W0-0000-0004-B,B05,,20.675,,MAW,PT60M,10YDE-ENBW-----N,DE
2020-01-01T04:00:00+00:00,,11W0-0000-0005-8,B05,,266.925,,MAW,PT60M,10YDE-ENBW-----N,DE
2020-01-01T05:00:00+00:00,HKW Altbach/Deizisau 2,11WD4AL1U1C2---O,B05,,115.575,,MAW,PT60M,10YDE-ENBW-----N,DE
2020-01-01T05:00:00+00:00,KKW Neckarwestheim 2,11WD4GKNK1N-GESZ,B14,,1312.55,,MAW,PT60M,10YDE-ENBW-----N,DE
2020-01-01T05:00:00+00:00,KW Laufenburg,11WD4KWLFB5M1107,B11,,30.65,,MAW,PT60M,10YDE-ENBW-----N,DE
2020-01-01T05:00:00+00:00,KW Rheinfelden DE,11WD4KWRHF5M1-4I,B11,,32.925,,MAW,PT60M,10YDE-ENBW-----N,DE
2020-01-01T05:00:00+00:00,Kopswerk 2 M3,11WD43KOP2HM3--D,B10,,128.6,,MAW,PT60M,10YDE-ENBW-----N,DE
2020-01-01T05:00:00+00:00,Obervermuntwerk 2 M2,11W0-0000-0110-E,B10,,44.675,,MAW,PT60M,10YDE-ENBW-----N,DE
2020-01-01T05:00:00+00:00,Rheinkraftwerk Iffezheim,11WD4IFFE5H----T,B11,,100.9,,MAW,PT60M,10YDE-ENBW-----N,DE
2020-01-01T05:00:00+00:00,Stuttgart-Münster DT,11WD4MUST5X-DT-M,B17,,52.975,,MAW,PT60M,10YDE-ENBW-----N,DE
2020-01-01T05:00:00+00:00,,11W0-0000-0004-B,B05,,20.65,,MAW,PT60M,10YDE-ENBW-----N,DE
2020-01-01T05:00:00+00:00,,11W0-0000-0005-8,B05,,257.775,,MAW,PT60M,10YDE-ENBW-----N,DE
2020-01-01T06:00:00+00:00,HKW Altbach/Deizisau 2,11WD4AL1U1C2---O,B05,,115.95,,MAW,PT60M,10YDE-ENBW-----N,DE
2020-01-01T06:00:00+00:00,KKW Neckarwestheim 2,11WD4GKNK1N-GESZ,B14,,1309.625,,MAW,PT60M,10YDE-ENBW-----N,DE
2020-01-01T06:00:00+00:00,KW Laufenburg,11WD4KWLFB5M1107,B11,,30.175,,MAW,PT60M,10YDE-ENBW-----N,DE
2020-01-01T06:00:00+00:00,KW Rheinfelden DE,11WD4KWRHF5M1-4I,B11,,32.8,,MAW,PT60M,10YDE-ENBW-----N,DE
2020-01-01T06:00:00+00:00,Kopswerk 2 M3,11WD43KOP2HM3--D,B10,,37.625,,MAW,PT60M,10YDE-ENBW-----N,DE
2020-01-01T06:00:00+00:00,Obervermuntwerk 2 M2,11W0-0000-0110-E,B10,,39.125,,MAW,PT60M,10YDE-ENBW-----N,DE
2020-01-01T06:00:00+00:00,Rheinkraftwerk Iffezheim,11WD4IFFE5H----T,B11,,103.075,,MAW,PT60M,10YDE-ENBW-----N,DE
2020-01-01T06:00:00+00:00,Stuttgart-Münster DT,11WD4MUST5X-DT-M,B17,,55.45,,MAW,PT60M,10YDE-ENBW-----N,DE
2020-01-01T06:00:00+00:00,,11W0-0000-0004-B,B05,,20.675,,MAW,PT60M,10YDE-ENBW-----N,DE
2020-01-01T06:00:00+00:00,,11W0-0000-0005-8,B05,,265.425,,MAW,PT60M,10YDE-ENBW-----N,DE
2020-01-01T07:00:00+00:00,HKW Altbach/Deizisau 2,11WD4AL1U1C2---O,B05,,114.625,,MAW,PT60M,10YDE-ENBW-----N,DE
2020-01-01T07:00:00+00:00,KKW Neckarwestheim 2,11WD4GKNK1N-GESZ,B14,,1310.125,,MAW,PT60M,10YDE-ENBW-----N,DE
2020-01-01T07:00:00+00:00,KW Laufenburg,11WD4KWLFB5M1107,B11,,29.725,,MAW,PT60M,10YDE-ENBW-----N,DE
2020-01-01T07:00:00+00:00,Kopswerk 2 M3,11WD43KOP2HM3--D,B10,,0.775,,MAW,PT60M,10YDE-ENBW-----N,DE
2020-01-01T07:00:00+00:00,Obervermuntwerk 2 M2,11W0-0000-0110-E,B10,,30.125,,MAW,PT60M,10YDE-ENBW-----N,DE
2020-01-01T07:00:00+00:00,Rheinkraftwerk Iffezheim,11WD4IFFE5H----T,B11,,103.925,,MAW,PT60M,10YDE-ENBW-----N,DE
2020-01-01T07:00:00+00:00,Stuttgart-Münster DT,11WD4MUST5X-DT-M,B17,,61.975,,MAW,PT60M,10YDE-ENBW-----N,DE
2020-01-01T07:00:00+00:00,,11W0-0000-0004-B,B05,,20.8,,MAW,PT60M,10YDE-ENBW-----N,DE
2020-01-01T07:00:00+00:00,,11W0-0000-0005-8,B05,,259.1,,MAW,PT60M,10YDE-ENBW-----N,DE
2020-01-01T08:00:00+00:00,HKW Altbach/Deizisau 2,11WD4AL1U1C2---O,B05,,114.375,,MAW,PT60M,10YDE-ENBW-----N,DE
2020-01-01T08:00:00+00:00,KKW Neckarwestheim 2,11WD4GKNK1N-GESZ,B14,,1310.75,,MAW,PT60M,10YDE-ENBW-----N,DE
2020-01-01T08:00:00+00:00,KW Laufenburg,11WD4KWLFB5M1107,B11,,29.55,,MAW,PT60M,10YDE-ENBW-----N,DE
2020-01-01T08:00:00+00:00,Kopswerk 2 M3,11WD43KOP2HM3--D,B10,,1.45,,MAW,PT60M,10YDE-ENBW-----N,DE
2020-01-01T08:00:00+00:00,Obervermuntwerk 2 M2,11W0-0000-0110-E,B10,,42.8,,MAW,PT60M,10YDE-ENBW-----N,DE
2020-01-01T08:00:00+00:00,Rheinkraftwerk Iffezheim,11WD4IFFE5H----T,B11,,104.85,,MAW,PT60M,10YDE-ENBW-----N,DE
2020-01-01T08:00:00+00:00,Stuttgart-Münster DT,11WD4MUST5X-DT-M,B17,,62.3,,MAW,PT60M,10YDE-ENBW-----N,DE
2020-01-01T08:00:00+00:00,,11W0-0000-0004-B,B05,,20.775,,MAW,PT60M,10YDE-ENBW-----N,DE
2020-01-01T08:00:00+00:00,,11W0-0000-0005-8,B05,,266.825,,MAW,PT60M,10YDE-ENBW-----N,DE
2020-01-01T09:00:00+00:00,HKW Altbach/Deizisau 2,11WD4AL1U1C2---O,B05,,115.225,,MAW,PT60M,10YDE-ENBW-----N,DE
2020-01-01T09:00:00+00:00,KKW Neckarwestheim 2,11WD4GKNK1N-GESZ,B14,,1311.2,,MAW,PT60M,10YDE-ENBW-----N,DE
2020-01-01T09:00:00+00:00,KW Laufenburg,11WD4KWLFB5M1107,B11,,29.325,,MAW,PT60M,10YDE-ENBW-----N,DE
2020-01-01T09:00:00+00:00,Kopswerk 2 M3,11WD43KOP2HM3--D,B10,,0.0,,MAW,PT60M,10YDE-ENBW-----N,DE
2020-01-01T09:00:00+00:00,Obervermuntwerk 2 M2,11W0-0000-0110-E,B10,,21.3,,MAW,PT60M,10YDE-ENBW-----N,DE
2020-01-01T09:00:00+00:00,Rheinkraftwerk Iffezheim,11WD4IFFE5H----T,B11,,101.85,,MAW,PT60M,10YDE-ENBW-----N,DE
2020-01-01T09:00:00+00:00,Stuttgart-Münster DT,11WD4MUST5X-DT-M,B17,,63.4,,MAW,PT60M,10YDE-ENBW-----N,DE
2020-01-01T09:00:00+00:00,,11W0-0000-0004-B,B05,,53.35,,MAW,PT60M,10YDE-ENBW-----N,DE
2020-01-01T09:00:00+00:00,,11W0-0000-0005-8,B05,,259.475,,MAW,PT60M,10YDE-ENBW-----N,DE
2020-01-01T10:00:00+00:00,HKW Altbach/Deizisau 2,11WD4AL1U1C2---O,B05,,115.125,,MAW,PT60M,10YDE-ENBW-----N,DE
2020-01-01T10:00:00+00:00,KKW Neckarwestheim 2,11WD4GKNK1N-GESZ,B14,,1312.5,,MAW,PT60M,10YDE-ENBW-----N,DE
2020-01-01T10:00:00+00:00,KW Laufenburg,11WD4KWLFB5M1107,B11,,30.2,,MAW,PT60M,10YDE-ENBW-----N,DE
2020-01-01T10:00:00+00:00,Kopswerk 2 M1,11WD43KOP2HM1--L,B10,,35.75,,MAW,PT60M,10YDE-ENBW-----N,DE
2020-01-01T10:00:00+00:00,Obervermuntwerk 2 M2,11W0-0000-0110-E,B10,,0.0,,MAW,PT60M,10YDE-ENBW-----N,DE
2020-01-01T10:00:00+00:00,Rheinkraftwerk Iffezheim,11WD4IFFE5H----T,B11,,100.6,,MAW,PT60M,10YDE-ENBW-----N,DE
2020-01-01T10:00:00+00:00,Stuttgart-Münster DT,11WD4MUST5X-DT-M,B17,,54.425,,MAW,PT60M,10YDE-ENBW-----N,DE
2020-01-01T10:00:00+00:00,,11W0-0000-0004-B,B05,,70.475,,MAW,PT60M,10YDE-ENBW-----N,DE
2020-01-01T10:00:00+00:00,,11W0-0000-0005-8,B05,,256.8,,MAW,PT60M,10YDE-ENBW-----N,DE
2020-01-01T11:00:00+00:00,HKW Altbach/Deizisau 2,11WD4AL1U1C2---O,B05,,117.325,,MAW,PT60M,10YDE-ENBW-----N,DE
2020-01-01T11:00:00+00:00,KKW Neckarwestheim 2,11WD4GKNK1N-GESZ,B14,,1312.55,,MAW,PT60M,10YDE-ENBW-----N,DE
2020-01-01T11:00:00+00:00,Kopswerk 2 M1,11WD43KOP2HM1--L,B10,,0.85,,MAW,PT60M,10YDE-ENBW-----N,DE
2020-01-01T11:00:00+00:00,Kopswerk 2 M3,11WD43KOP2HM3--D,B10,,1.55,,MAW,PT60M,10YDE-ENBW-----N,DE
2020-01-01T11:00:00+00:00,Rheinkraftwerk Iffezheim,11WD4IFFE5H----T,B11,,102.7,,MAW,PT60M,10YDE-ENBW-----N,DE
2020-01-01T11:00:00+00:00,Stuttgart-Münster DT,11WD4MUST5X-DT-M,B17,,48.125,,MAW,PT60M,10YDE-ENBW-----N,DE
2020-01-01T11:00:00+00:00,,11W0-0000-0004-B,B05,,70.525,,MAW,PT60M,10YDE-ENBW-----N,DE
2020-01-01T11:00:00+00:00,,11W0-0000-0005-8,B05,,260.15,,MAW,PT60M,10YDE-ENBW-----N,DE
2020-01-01T12:00:00+00:00,HKW Altbach/Deizisau 2,11WD4AL1U1C2---O,B05,,115.7,,MAW,PT60M,10YDE-ENBW-----N,DE
2020-01-01T12:00:00+00:00,KKW Neckarwestheim 2,11WD4GKNK1N-GESZ,B14,,1310.725,,MAW,PT60M,10YDE-ENBW-----N,DE
2020-01-01T12:00:00+00:00,KW Laufenburg,11WD4KWLFB5M1107,B11,,30.0,,MAW,PT60M,10YDE-ENBW-----N,DE
2020-01-01T12:00:00+00:00,KW Rheinfelden DE,11WD4KWRHF5M1-4I,B11,,32.675,,MAW,PT60M,10YDE-ENBW-----N,DE
2020-01-01T12:00:00+00:00,Kopswerk 2 M1,11WD43KOP2HM1--L,B10,,0.0,,MAW,PT60M,10YDE-ENBW-----N,DE
2020-01-01T12:00:00+00:00,Kopswerk 2 M3,11WD43KOP2HM3--D,B10,,6.225,,MAW,PT60M,10YDE-ENBW-----N,DE
2020-01-01T12:00:00+00:00,Rheinkraftwerk Iffezheim,11WD4IFFE5H----T,B11,,103.35,,MAW,PT60M,10YDE-ENBW-----N,DE
2020-01-01T12:00:00+00:00,Stuttgart-Münster DT,11WD4MUST5X-DT-M,B17,,44.525,,MAW,PT60M,10YDE-ENBW-----N,DE
2020-01-01T12:00:00+00:00,,11W0-0000-0004-B,B05,,70.45,,MAW,PT60M,10YDE-ENBW-----N,DE
2020-01-01T12:00:00+00:00,,11W0-0000-0005-8,B05,,262.35,,MAW,PT60M,10YDE-ENBW-----N,DE
2020-01-01T13:00:00+00:00,HKW Altbach/Deizisau 2,11WD4AL1U1C2---O,B05,,149.65,,MAW,PT60M,10YDE-ENBW-----N,DE
2020-01-01T13:00:00+00:00,KKW Neckarwestheim 2,11WD4GKNK1N-GESZ,B14,,1311.75,,MAW,PT60M,10YDE-ENBW-----N,DE
2020-01-01T13:00:00+00:00,KW Laufenburg,11WD4KWLFB5M1107,B11,,28.325,,MAW,PT60M,10YDE-ENBW-----N,DE
2020-01-01T13:00:00+00:00,KW Rheinfelden DE,11WD4KWRHF5M1-4I,B11,,32.125,,MAW,PT60M,10YDE-ENBW-----N,DE
2020-01-01T13:00:00+00:00,Kopswerk 2 M3,11WD43KOP2HM3--D,B10,,0.3,,MAW,PT60M,10YDE-ENBW-----N,DE
2020-01-01T13:00:00+00:00,Kraftwerk Säckingen,11WD4SAEK2HD4--9,B10,,74.8,,MAW,PT60M,10YDE-ENBW-----N,DE
2020-01-01T13:00:00+00:00,Obervermuntwerk 2 M2,11W0-0000-0110-E,B10,,28.9,,MAW,PT60M,10YDE-ENBW-----N,DE
2020-01-01T13:00:00+00:00,Rheinkraftwerk Iffezheim,11WD4IFFE5H----T,B11,,100.75,,MAW,PT60M,10YDE-ENBW-----N,DE
2020-01-01T13:00:00+00:00,Stuttgart-Münster DT,11WD4MUST5X-DT-M,B17,,43.85,,MAW,PT60M,10YDE-ENBW-----N,DE
2020-01-01T13:00:00+00:00,,11W0-0000-0004-B,B05,,79.775,,MAW,PT60M,10YDE-ENBW-----N,DE
2020-01-01T13:00:00+00:00,,11W0-0000-0005-8,B05,,252.6,,MAW,PT60M,10YDE-ENBW-----N,DE
2020-01-01T14:00:00+00:00,HKW Altbach/Deizisau 2,11WD4AL1U1C2---O,B05,,283.375,,MAW,PT60M,10YDE-ENBW-----N,DE
2020-01-01T14:00:00+00:00,KKW Neckarwestheim 2,11WD4GKNK1N-GESZ,B14,,1312.625,,MAW,PT60M,10YDE-ENBW-----N,DE
2020-01-01T14:00:00+00:00,KW Laufenburg,11WD4KWLFB5M1107,B11,,22.35,,MAW,PT60M,10YDE-ENBW-----N,DE
2020-01-01T14:00:00+00:00,KW Rheinfelden DE,11WD4KWRHF5M1-4I,B11,,31.8,,MAW,PT60M,10YDE-ENBW-----N,DE
2020-01-01T14:00:00+00:00,Kopswerk 2 M2,11WD43KOP2HM2--H,B10,,105.925,,MAW,PT60M,10YDE-ENBW-----N,DE
2020-01-01T14:00:00+00:00,Kopswerk 2 M3,11WD43KOP2HM3--D,B10,,0.0,,MAW,PT60M,10YDE-ENBW-----N,DE
2020-01-01T14:00:00+00:00,Kraftwerk Säckingen,11WD4SAEK2HD4--9,B10,,41.15,,MAW,PT60M,10YDE-ENBW-----N,DE
2020-01-01T14:00:00+00:00,Kraftwerk Wehr,11WD4WEHR1HD4--Y,B10,,159.475,,MAW,PT60M,10YDE-ENBW-----N,DE
2020-01-01T14:00:00+00:00,Obervermuntwerk 2 M2,11W0-0000-0110-E,B10,,78.15,,MAW,PT60M,10YDE-ENBW-----N,DE
2020-01-01T14:00:00+00:00,Rheinkraftwerk Iffezheim,11WD4IFFE5H----T,B11,,100.475,,MAW,PT60M,10YDE-ENBW-----N,DE
2020-01-01T14:00:00+00:00,Stuttgart-Münster DT,11WD4MUST5X-DT-M,B17,,50.525,,MAW,PT60M,10YDE-ENBW-----N,DE
2020-01-01T14:00:00+00:00,,11W0-0000-0004-B,B05,,84.075,,MAW,PT60M,10YDE-ENBW-----N,DE
2020-01-01T14:00:00+00:00,,11W0-0000-0005-8,B05,,264.5,,MAW,PT60M,10YDE-ENBW-----N,DE
2020-01-01T15:00:00+00:00,HKW Altbach/Deizisau 2,11WD4AL1U1C2---O,B05,,287.65,,MAW,PT60M,10YDE-ENBW-----N,DE
2020-01-01T15:00:00+00:00,KKW Neckarwestheim 2,11WD4GKNK1N-GESZ,B14,,1311.325,,MAW,PT60M,10YDE-ENBW-----N,DE
2020-01-01T15:00:00+00:00,KW Laufenburg,11WD4KWLFB5M1107,B11,,20.85,,MAW,PT60M,10YDE-ENBW-----N,DE
2020-01-01T15:00:00+00:00,KW Rheinfelden DE,11WD4KWRHF5M1-4I,B11,,31.3,,MAW,PT60M,10YDE-ENBW-----N,DE
2020-01-01T15:00:00+00:00,Kopswerk 2 M2,11WD43KOP2HM2--H,B10,,91.825,,MAW,PT60M,10YDE-ENBW-----N,DE
2020-01-01T15:00:00+00:00,Kraftwerk Säckingen,11WD4SAEK2HD4--9,B10,,74.25,,MAW,PT60M,10YDE-ENBW-----N,DE
2020-01-01T15:00:00+00:00,Kraftwerk Wehr,11WD4WEHR1HD4--Y,B10,,169.275,,MAW,PT60M,10YDE-ENBW-----N,DE
2020-01-01T15:00:00+00:00,Kraftwerk Witznau,11WD4WITZ5H-SD4C,B10,,21.15,,MAW,PT60M,10YDE-ENBW-----N,DE
2020-01-01T15:00:00+00:00,Obervermuntwerk 2 M2,11W0-0000-0110-E,B10,,68.1,,MAW,PT60M,10YDE-ENBW-----N,DE
2020-01-01T15:00:00+00:00,Rheinkraftwerk Iffezheim,11WD4IFFE5H----T,B11,,99.575,,MAW,PT60M,10YDE-ENBW-----N,DE
2020-01-01T15:00:00+00:00,Stuttgart-Münster DT,11WD4MUST5X-DT-M,B17,,52.875,,MAW,PT60M,10YDE-ENBW-----N,DE
2020-01-01T15:00:00+00:00,,11W0-0000-0004-B,B05,,25.225,,MAW,PT60M,10YDE-ENBW-----N,DE
2020-01-01T15:00:00+00:00,,11W0-0000-0005-8,B05,,387.025,,MAW,PT60M,10YDE-ENBW-----N,DE
2020-01-01T16:00:00+00:00,HKW Altbach/Deizisau 2,11WD4AL1U1C2---O,B05,,288.425,,MAW,PT60M,10YDE-ENBW-----N,DE
2020-01-01T16:00:00+00:00,KKW Neckarwestheim 2,11WD4GKNK1N-GESZ,B14,,1309.975,,MAW,PT60M,10YDE-ENBW-----N,DE
2020-01-01T16:00:00+00:00,KW Laufenburg,11WD4KWLFB5M1107,B11,,28.025,,MAW,PT60M,10YDE-ENBW-----N,DE
2020-01-01T16:00:00+00:00,KW Rheinfelden DE,11WD4KWRHF5M1-4I,B11,,31.35,,MAW,PT60M,10YDE-ENBW-----N,DE
2020-01-01T16:00:00+00:00,Kopswerk 2 M2,11WD43KOP2HM2--H,B10,,3.3,,MAW,PT60M,10YDE-ENBW-----N,DE
2020-01-01T16:00:00+00:00,Kraftwerk Säckingen,11WD4SAEK2HD4--9,B10,,0.925,,MAW,PT60M,10YDE-ENBW-----N,DE
2020-01-01T16:00:00+00:00,Kraftwerk Wehr,11WD4WEHR1HD4--Y,B10,,3.825,,MAW,PT60M,10YDE-ENBW-----N,DE
2020-01-01T16:00:00+00:00,Kraftwerk Witznau,11WD4WITZ5H-SD4C,B10,,56.375,,MAW,PT60M,10YDE-ENBW-----N,DE
2020-01-01T16:00:00+00:00,Obervermuntwerk 2 M2,11W0-0000-0110-E,B10,,64.15,,MAW,PT60M,10YDE-ENBW-----N,DE
2020-01-01T16:00:00+00:00,Rheinkraftwerk Iffezheim,11WD4IFFE5H----T,B11,,99.75,,MAW,PT60M,10YDE-ENBW-----N,DE
2020-01-01T16:00:00+00:00,Stuttgart-Münster DT,11WD4MUST5X-DT-M,B17,,57.55,,MAW,PT60M,10YDE-ENBW-----N,DE
2020-01-01T16:00:00+00:00,,11W0-0000-0004-B,B05,,70.8,,MAW,PT60M,10YDE-ENBW-----N,DE
2020-01-01T16:00:00+00:00,,11W0-0000-0005-8,B05,,439.45,,MAW,PT60M,10YDE-ENBW-----N,DE
2020-01-01T17:00:00+00:00,HKW Altbach/Deizisau 2,11WD4AL1U1C2---O,B05,,249.875,,MAW,PT60M,10YDE-ENBW-----N,DE
2020-01-01T17:00:00+00:00,KKW Neckarwestheim 2,11WD4GKNK1N-GESZ,B14,,1311.425,,MAW,PT60M,10YDE-ENBW-----N,DE
2020-01-01T17:00:00+00:00,KW Laufenburg,11WD4KWLFB5M1107,B11,,30.075,,MAW,PT60M,10YDE-ENBW-----N,DE
2020-01-01T17:00:00+00:00,KW Rheinfelden DE,11WD4KWRHF5M1-4I,B11,,31.65,,MAW,PT60M,10YDE-ENBW-----N,DE
2020-01-01T17:00:00+00:00,Kopswerk 2 M2,11WD43KOP2HM2--H,B10,,38.925,,MAW,PT60M,10YDE-ENBW-----N,DE
2020-01-01T17:00:00+00:00,Kraftwerk Säckingen,11WD4SAEK2HD4--9,B10,,0.0,,MAW,PT60M,10YDE-ENBW-----N,DE
2020-01-01T17:00:00+00:00,Kraftwerk Wehr,11WD4WEHR1HD4--Y,B10,,0.0,,MAW,PT60M,10YDE-ENBW-----N,DE
2020-01-01T17:00:00+00:00,Kraftwerk Witznau,11WD4WITZ5H-SD4C,B10,,26.0,,MAW,PT60M,10YDE-ENBW-----N,DE
2020-01-01T17:00:00+00:00,Obervermuntwerk 2 M2,11W0-0000-0110-E,B10,,13.65,,MAW,PT60M,10YDE-ENBW-----N,DE
2020-01-01T17:00:00+00:00,Rheinkraftwerk Iffezheim,11WD4IFFE5H----T,B11,,99.25,,MAW,PT60M,10YDE-ENBW-----N,DE
2020-01-01T17:00:00+00:00,Stuttgart-Münster DT,11WD4MUST5X-DT-M,B17,,58.375,,MAW,PT60M,10YDE-ENBW-----N,DE
2020-01-01T17:00:00+00:00,,11W0-0000-0004-B,B05,,108.475,,MAW,PT60M,10YDE-ENBW-----N,DE
2020-01-01T17:00:00+00:00,,11W0-0000-0005-8,B05,,327.05,,MAW,PT60M,10YDE-ENBW-----N,DE
2020-01-01T18:00:00+00:00,HKW Altbach/Deizisau 2,11WD4AL1U1C2---O,B05,,105.475,,MAW,PT60M,10YDE-ENBW-----N,DE
2020-01-01T18:00:00+00:00,KKW Neckarwestheim 2,11WD4GKNK1N-GESZ,B14,,1314.45,,MAW,PT60M,10YDE-ENBW-----N,DE
2020-01-01T18:00:00+00:00,KW Laufenburg,11WD4KWLFB5M1107,B11,,30.6,,MAW,PT60M,10YDE-ENBW-----N,DE
2020-01-01T18:00:00+00:00,KW Rheinfelden DE,11WD4KWRHF5M1-4I,B11,,31.95,,MAW,PT60M,10YDE-ENBW-----N,DE
2020-01-01T18:00:00+00:00,Kopswerk 2 M2,11WD43KOP2HM2--H,B10,,35.675,,MAW,PT60M,10YDE-ENBW-----N,DE
2020-01-01T18:00:00+00:00,Kraftwerk Witznau,11WD4WITZ5H-SD4C,B10,,36.35,,MAW,PT60M,10YDE-ENBW-----N,DE
2020-01-01T18:00:00+00:00,Obervermuntwerk 2 M2,11W0-0000-0110-E,B10,,0.0,,MAW,PT60M,10YDE-ENBW-----N,DE
2020-01-01T18:00:00+00:00,Rheinkraftwerk Iffezheim,11WD4IFFE5H----T,B11,,98.775,,MAW,PT60M,10YDE-ENBW-----N,DE
2020-01-01T18:00:00+00:00,Stuttgart-Münster DT,11WD4MUST5X-DT-M,B17,,58.2,,MAW,PT60M,10YDE-ENBW-----N,DE
2020-01-01T18:00:00+00:00,,11W0-0000-0004-B,B05,,120.45,,MAW,PT60M,10YDE-ENBW-----N,DE
2020-01-01T18:00:00+00:00,,11W0-0000-0005-8,B05,,290.25,,MAW,PT60M,10YDE-ENBW-----N,DE
2020-01-01T19:00:00+00:00,HKW Altbach/Deizisau 2,11WD4AL1U1C2---O,B05,,97.35,,MAW,PT60M,10YDE-ENBW-----N,DE
2020-01-01T19:00:00+00:00,KKW Neckarwestheim 2,11WD4GKNK1N-GESZ,B14,,1313.575,,MAW,PT60M,10YDE-ENBW-----N,DE
2020-01-01T19:00:00+00:00,KW Laufenburg,11WD4KWLFB5M1107,B11,,30.475,,MAW,PT60M,10YDE-ENBW-----N,DE
2020-01-01T19:00:00+00:00,KW Rheinfelden DE,11WD4KWRHF5M1-4I,B11,,32.35,,MAW,PT60M,10YDE-ENBW-----N,DE
2020-01-01T19:00:00+00:00,Kopswerk 2 M1,11WD43KOP2HM1--L,B10,,6.775,,MAW,PT60M,10YDE-ENBW-----N,DE
2020-01-01T19:00:00+00:00,Kopswerk 2 M2,11WD43KOP2HM2--H,B10,,118.9,,MAW,PT60M,10YDE-ENBW-----N,DE
2020-01-01T19:00:00+00:00,Kraftwerk Witznau,11WD4WITZ5H-SD4C,B10,,29.25,,MAW,PT60M,10YDE-ENBW-----N,DE
2020-01-01T19:00:00+00:00,Rheinkraftwerk Iffezheim,11WD4IFFE5H----T,B11,,98.45,,MAW,PT60M,10YDE-ENBW-----N,DE
2020-01-01T19:00:00+00:00,Stuttgart-Münster DT,11WD4MUST5X-DT-M,B17,,58.825,,MAW,PT60M,10YDE-ENBW-----N,DE
2020-01-01T19:00:00+00:00,,11W0-0000-0004-B,B05,,120.5,,MAW,PT60M,10YDE-ENBW-----N,DE
2020-01-01T19:00:00+00:00,,11W0-0000-0005-8,B05,,281.675,,MAW,PT60M,10YDE-ENBW-----N,DE
2020-01-01T20:00:00+00:00,HKW Altbach/Deizisau 2,11WD4AL1U1C2---O,B05,,95.875,,MAW,PT60M,10YDE-ENBW-----N,DE
2020-01-01T20:00:00+00:00,KKW Neckarwestheim 2,11WD4GKNK1N-GESZ,B14,,1314.25,,MAW,PT60M,10YDE-ENBW-----N,DE
2020-01-01T20:00:00+00:00,KW Laufenburg,11WD4KWLFB5M1107,B11,,30.125,,MAW,PT60M,10YDE-ENBW-----N,DE
2020-01-01T20:00:00+00:00,KW Rheinfelden DE,11WD4KWRHF5M1-4I,B11,,32.275,,MAW,PT60M,10YDE-ENBW-----N,DE
2020-01-01T20:00:00+00:00,Kopswerk 2 M1,11WD43KOP2HM1--L,B10,,93.325,,MAW,PT60M,10YDE-ENBW-----N,DE
2020-01-01T20:00:00+00:00,Kopswerk 2 M2,11WD43KOP2HM2--H,B10,,97.45,,MAW,PT60M,10YDE-ENBW-----N,DE
2020-01-01T20:00:00+00:00,Kraftwerk Säckingen,11WD4SAEK2HD4--9,B10,,0.65,,MAW,PT60M,10YDE-ENBW-----N,DE
2020-01-01T20:00:00+00:00,Kraftwerk Wehr,11WD4WEHR1HD4--Y,B10,,6.45,,MAW,PT60M,10YDE-ENBW-----N,DE
2020-01-01T20:00:00+00:00,Kraftwerk Witznau,11WD4WITZ5H-SD4C,B10,,44.1,,MAW,PT60M,10YDE-ENBW-----N,DE
2020-01-01T20:00:00+00:00,Rheinkraftwerk Iffezheim,11WD4IFFE5H----T,B11,,100.925,,MAW,PT60M,10YDE-ENBW-----N,DE
2020-01-01T20:00:00+00:00,Stuttgart-Münster DT,11WD4MUST5X-DT-M,B17,,58.925,,MAW,PT60M,10YDE-ENBW-----N,DE
2020-01-01T20:00:00+00:00,,11W0-0000-0005-8,B05,,270.65,,MAW,PT60M,10YDE-ENBW-----N,DE
2020-01-01T21:00:00+00:00,HKW Altbach/Deizisau 2,11WD4AL1U1C2---O,B05,,94.525,,MAW,PT60M,10YDE-ENBW-----N,DE
2020-01-01T21:00:00+00:00,KKW Neckarwestheim 2,11WD4GKNK1N-GESZ,B14,,1314.45,,MAW,PT60M,10YDE-ENBW-----N,DE
2020-01-01T21:00:00+00:00,KW Laufenburg,11WD4KWLFB5M1107,B11,,29.675,,MAW,PT60M,10YDE-ENBW-----N,DE
2020-01-01T21:00:00+00:00,KW Rheinfelden DE,11WD4KWRHF5M1-4I,B11,,32.4,,MAW,PT60M,10YDE-ENBW-----N,DE
2020-01-01T21:00:00+00:00,Kopswerk 2 M1,11WD43KOP2HM1--L,B10,,110.175,,MAW,PT60M,10YDE-ENBW-----N,DE
2020-01-01T21:00:00+00:00,Kopswerk 2 M2,11WD43KOP2HM2--H,B10,,137.475,,MAW,PT60M,10YDE-ENBW-----N,DE
2020-01-01T21:00:00+00:00,Kraftwerk Säckingen,11WD4SAEK2HD4--9,B10,,45.4,,MAW,PT60M,10YDE-ENBW-----N,DE
2020-01-01T21:00:00+00:00,Kraftwerk Wehr,11WD4WEHR1HD4--Y,B10,,56.4,,MAW,PT60M,10YDE-ENBW-----N,DE
2020-01-01T21:00:00+00:00,Kraftwerk Witznau,11WD4WITZ5H-SD4C,B10,,47.45,,MAW,PT60M,10YDE-ENBW-----N,DE
2020-01-01T21:00:00+00:00,Obervermuntwerk 2 M2,11W0-0000-0110-E,B10,,95.375,,MAW,PT60M,10YDE-ENBW-----N,DE
2020-01-01T21:00:00+00:00,Rheinkraftwerk Iffezheim,11WD4IFFE5H----T,B11,,97.925,,MAW,PT60M,10YDE-ENBW-----N,DE
2020-01-01T21:00:00+00:00,Stuttgart-Münster DT,11WD4MUST5X-DT-M,B17,,58.5,,MAW,PT60M,10YDE-ENBW-----N,DE
2020-01-01T21:00:00+00:00,,11W0-0000-0004-B,B05,,120.3,,MAW,PT60M,10YDE-ENBW-----N,DE
2020-01-01T21:00:00+00:00,,11W0-0000-0005-8,B05,,267.175,,MAW,PT60M,10YDE-ENBW-----N,DE
2020-01-01T22:00:00+00:00,HKW Altbach/Deizisau 2,11WD4AL1U1C2---O,B05,,93.875,,MAW,PT60M,10YDE-ENBW-----N,DE
2020-01-01T22:00:00+00:00,KKW Neckarwestheim 2,11WD4GKNK1N-GESZ,B14,,1312.575,,MAW,PT60M,10YDE-ENBW-----N,DE
2020-01-01T22:00:00+00:00,KW Laufenburg,11WD4KWLFB5M1107,B11,,29.5,,MAW,PT60M,10YDE-ENBW-----N,DE
2020-01-01T22:00:00+00:00,KW Rheinfelden DE,11WD4KWRHF5M1-4I,B11,,32.775,,MAW,PT60M,10YDE-ENBW-----N,DE
2020-01-01T22:00:00+00:00,Kopswerk 2 M1,11WD43KOP2HM1--L,B10,,24.625,,MAW,PT60M,10YDE-ENBW-----N,DE
2020-01-01T22:00:00+00:00,Kopswerk 2 M2,11WD43KOP2HM2--H,B10,,13.3,,MAW,PT60M,10YDE-ENBW-----N,DE
2020-01-01T22:00:00+00:00,Kraftwerk Säckingen,11WD4SAEK2HD4--9,B10,,25.65,,MAW,PT60M,10YDE-ENBW-----N,DE
2020-01-01T22:00:00+00:00,Kraftwerk Wehr,11WD4WEHR1HD4--Y,B10,,15.0,,MAW,PT60M,10YDE-ENBW-----N,DE
2020-01-01T22:00:00+00:00,Kraftwerk Witznau,11WD4WITZ5H-SD4C,B10,,25.325,,MAW,PT60M,10YDE-ENBW-----N,DE
2020-01-01T22:00:00+00:00,Obervermuntwerk 2 M2,11W0-0000-0110-E,B10,,79.275,,MAW,PT60M,10YDE-ENBW-----N,DE
2020-01-01T22:00:00+00:00,Rheinkraftwerk Iffezheim,11WD4IFFE5H----T,B11,,97.55,,MAW,PT60M,10YDE-ENBW-----N,DE
2020-01-01T22:00:00+00:00,Stuttgart-Münster DT,11WD4MUST5X-DT-M,B17,,59.425,,MAW,PT60M,10YDE-ENBW-----N,DE
2020-01-01T22:00:00+00:00,,11W0-0000-0004-B,B05,,111.975,,MAW,PT60M,10YDE-ENBW-----N,DE
2020-01-01T22:00:00+00:00,,11W0-0000-0005-8,B05,,270.825,,MAW,PT60M,10YDE-ENBW-----N,DE
2020-01-01T23:00:00+00:00,HKW Altbach/Deizisau 2,11WD4AL1U1C2---O,B05,,95.35,,MAW,PT60M,10YDE-ENBW-----N,DE
2020-01-01T23:00:00+00:00,KKW Neckarwestheim 2,11WD4GKNK1N-GESZ,B14,,1313.6,,MAW,PT60M,10YDE-ENBW-----N,DE
2020-01-01T23:00:00+00:00,KW Laufenburg,11WD4KWLFB5M1107,B11,,29.35,,MAW,PT60M,10YDE-ENBW-----N,DE
2020-01-01T23:00:00+00:00,KW Rheinfelden DE,11WD4KWRHF5M1-4I,B11,,32.925,,MAW,PT60M,10YDE-ENBW-----N,DE
2020-01-01T23:00:00+00:00,Kopswerk 2 M1,11WD43KOP2HM1--L,B10,,1.45,,MAW,PT60M,10YDE-ENBW-----N,DE
2020-01-01T23:00:00+00:00,Kopswerk 2 M2,11WD43KOP2HM2--H,B10,,34.55,,MAW,PT60M,10YDE-ENBW-----N,DE
2020-01-01T23:00:00+00:00,Kraftwerk Säckingen,11WD4SAEK2HD4--9,B10,,0.0,,MAW,PT60M,10YDE-ENBW-----N,DE
2020-01-01T23:00:00+00:00,Kraftwerk Wehr,11WD4WEHR1HD4--Y,B10,,0.0,,MAW,PT60M,10YDE-ENBW-----N,DE
2020-01-01T23:00:00+00:00,Kraftwerk Witznau,11WD4WITZ5H-SD4C,B10,,5.925,,MAW,PT60M,10YDE-ENBW-----N,DE
2020-01-01T23:00:00+00:00,Obervermuntwerk 2 M2,11W0-0000-0110-E,B10,,78.55,,MAW,PT60M,10YDE-ENBW-----N,DE
2020-01-01T23:00:00+00:00,Rheinkraftwerk Iffezheim,11WD4IFFE5H----T,B11,,96.65,,MAW,PT60M,10YDE-ENBW-----N,DE
2020-01-01T23:00:00+00:00,Stuttgart-Münster DT,11WD4MUST5X-DT-M,B17,,56.6,,MAW,PT60M,10YDE-ENBW-----N,DE
2020-01-01T23:00:00+00:00,,11W0-0000-0004-B,B05,,100.175,,MAW,PT60M,10YDE-ENBW-----N,DE
2020-01-01T23:00:00+00:00,,11W0-0000-0005-8,B05,,250.475,,MAW,PT60M,10YDE-ENBW-----N,DE
2020-01-01T00:00:00+00:00,ABOÑO 1,18WABO1-12345-D7,B05,,0.0,,MAW,PT60M,10YES-REE------0,ES
2020-01-01T00:00:00+00:00,ABOÑO 2,18WABO2-12345-DY,B04,,0.0,,MAW,PT60M,10YES-REE------0,ES
2020-01-01T00:00:00+00:00,ACECA 3,18WACE3-12345-CD,B04,,158.9,,MAW,PT60M,10YES-REE------0,ES
2020-01-01T00:00:00+00:00,ACECA4,18WACE4-12345-C3,B04,,0.0,,MAW,PT60M,10YES-REE------0,ES
2020-01-01T00:00:00+00:00,ALDEA I G1,18WAL11-12345-AZ,B12,,77.1,,MAW,PT60M,10YES-REE------0,ES
2020-01-01T00:00:00+00:00,ALDEA I G2,18WAL12-12345-AP,B12,,79.0,,MAW,PT60M,10YES-REE------0,ES
2020-01-01T00:00:00+00:00,ALDEA I G3,18WAL13-12345-AF,B12,,77.4,,MAW,PT60M,10YES-REE------0,ES
2020-01-01T00:00:00+00:00,ALDEA I G4,18WAL14-12345-A5,B12,,77.2,,MAW,PT60M,10YES-REE------0,ES
2020-01-01T00:00:00+00:00,ALDEA I G5,18WAL15-12345-AW,B12,,77.1,,MAW,PT60M,10YES-REE------0,ES
2020-01-01T00:00:00+00:00,ALDEA I G6,18WAL16-12345-AM,B12,,77.4,,MAW,PT60M,10YES-REE------0,ES
2020-01-01T00:00:00+00:00,ALDEA IIB1,18WAL21B-12345-W,B10,,0.0,,MAW,PT60M,10YES-REE------0,ES
2020-01-01T00:00:00+00:00,ALDEA IIB2,18WAL22B-12345-M,B10,,0.0,,MAW,PT60M,10YES-REE------0,ES
2020-01-01T00:00:00+00:00,ALDEA IIG1,18WAL21-12345-AO,B12,,199.5,,MAW,PT60M,10YES-REE------0,ES
2020-01-01T00:00:00+00:00,ALDEA IIG2,18WAL22-12345-AE,B12,,200.1,,MAW,PT60M,10YES-REE------0,ES
2020-01-01T00:00:00+00:00,ALG3TG1,18WALG3TG1-123-9,B04,,0.0,,MAW,PT60M,10YES-REE------0,ES
2020-01-01T00:00:00+00:00,ALG3TG2,18WALG3TG2-123-2,B04,,0.0,,MAW,PT60M,10YES-REE------0,ES
2020-01-01T00:00:00+00:00,ALG3TV1,18WALG3TV1-123-0,B04,,0.0,,MAW,PT60M,10YES-REE------0,ES
2020-01-01T00:00:00+00:00,ALMARAZ 1,18WALZ1-12345-BT,B14,,1006.2,,MAW,PT60M,10YES-REE------0,ES
2020-01-01T00:00:00+00:00,ALMARAZ 2,18WALZ2-12345-BJ,B14,,1004.5,,MAW,PT60M,10YES-REE------0,ES
2020-01-01T00:00:00+00:00,AMBITG1,18WAMBITG1-12--P,B04,,0.0,,MAW,PT60M,10YES-REE------0,ES
2020-01-01T00:00:00+00:00,AMBITG2,18WAMBITG2-12-CT,B04,,226.0,,MAW,PT60M,10YES-REE------0,ES
2020-01-01T00:00:00+00:00,AMBITV,18WAMBITV-123-CK,B04,,119.6,,MAW,PT60M,10YES-REE------0,ES
2020-01-01T00:00:00+00:00,ARC3TG1,18WARC3TG1-12-C4,B04,,0.0,,MAW,PT60M,10YES-REE------0,ES
2020-01-01T00:00:00+00:00,ARC3TG2,18WARC3TG2-12-CY,B04,,0.0,,MAW,PT60M,10YES-REE------0,ES
2020-01-01T00:00:00+00:00,ARC3TV,18WARC3TV-123-CP,B04,,0.0,,MAW,PT60M,10YES-REE------0,ES
2020-01-01T00:00:00+00:00,ARCOS1,18WARCOS1-123-CR,B04,,0.0,,MAW,PT60M,10YES-REE------0,ES
2020-01-01T00:00:00+00:00,ARCOS2,18WARCOS2-123-CJ,B04,,0.0,,MAW,PT60M,10YES-REE------0,ES
2020-01-01T00:00:00+00:00,ASCO 1,18WASC1-12345-BD,B14,,1007.5,,MAW,PT60M,10YES-REE------0,ES
2020-01-01T00:00:00+00:00,ASCO 2,18WASC2-12345-B3,B14,,1001.9,,MAW,PT60M,10YES-REE------0,ES
2020-01-01T00:00:00+00:00,BAHITG1,18WBAHITG1-12-CR,B04,,0.0,,MAW,PT60M,10YES-REE------0,ES
2020-01-01T00:00:00+00:00,BAHITG2,18WBAHITG2-12-CK,B04,,208.2,,MAW,PT60M,10YES-REE------0,ES
2020-01-01T00:00:00+00:00,BAHITV,18WBAHITV-123-CB,B04,,113.6,,MAW,PT60M,10YES-REE------0,ES
2020-01-01T00:00:00+00:00,BARRIOS,18WBRR1-12345-DS,B05,,0.0,,MAW,PT60M,10YES-REE------0,ES
2020-01-01T00:00:00+00:00,BELESAR 1,18WBEL1-12345-AY,B12,,98.3,,MAW,PT60M,10YES-REE------0,ES
2020-01-01T00:00:00+00:00,BELESAR 2,18WBEL2-12345-AO,B12,,37.0,,MAW,PT60M,10YES-REE------0,ES
2020-01-01T00:00:00+00:00,BELESAR 3,18WBEL3-12345-AE,B12,,96.7,,MAW,PT60M,10YES-REE------0,ES
2020-01-01T00:00:00+00:00,BES5 TG1,18WBES5TG1-123-2,B04,,0.0,,MAW,PT60M,10YES-REE------0,ES
2020-01-01T00:00:00+00:00,BES5 TG2,18WBES5TG2-123-W,B04,,0.0,,MAW,PT60M,10YES-REE------0,ES
2020-01-01T00:00:00+00:00,BES5 TV,18WBES5TV-1234-K,B04,,0.0,,MAW,PT60M,10YES-REE------0,ES
2020-01-01T00:00:00+00:00,BESOS 3,18WBES3-12345-C7,B04,,272.7,,MAW,PT60M,10YES-REE------0,ES
2020-01-01T00:00:00+00:00,BESOS 4,18WBES4-12345-CY,B04,,369.9,,MAW,PT60M,10YES-REE------0,ES
2020-01-01T00:00:00+00:00,CAMPGIB1,18WCAMGI10-12-CK,B04,,0.0,,MAW,PT60M,10YES-REE------0,ES
2020-01-01T00:00:00+00:00,CAMPGIB2,18WCAMGI20-12-CC,B04,,0.0,,MAW,PT60M,10YES-REE------0,ES
2020-01-01T00:00:00+00:00,CARTAGENA1,18WCTGN1-1234-CP,B04,,385.4,,MAW,PT60M,10YES-REE------0,ES
2020-01-01T00:00:00+00:00,CARTAGENA2,18WCTGN2-1234-CG,B04,,0.0,,MAW,PT60M,10YES-REE------0,ES
2020-01-01T00:00:00+00:00,CARTAGENA3,18WCTGN3-1234-C7,B04,,393.7,,MAW,PT60M,10YES-REE------0,ES
2020-01-01T00:00:00+00:00,CASTEJON 1,18WCTJON1-123-CJ,B04,,357.1,,MAW,PT60M,10YES-REE------0,ES
2020-01-01T00:00:00+00:00,CASTEJON 2,18WCTJON2-123-CB,B04,,0.0,,MAW,PT60M,10YES-REE------0,ES
2020-01-01T00:00:00+00:00,CASTRO II,18WCA21-12345-AJ,B12,,0.0,,MAW,PT60M,10YES-REE------0,ES
2020-01-01T00:00:00+00:00,CEDILLO 1,18WCED1-12345-AZ,B12,,0.0,,MAW,PT60M,10YES-REE------0,ES
2020-01-01T00:00:00+00:00,CEDILLO 2,18WCED2-12345-AP,B12,,0.0,,MAW,PT60M,10YES-REE------0,ES
2020-01-01T00:00:00+00:00,CEDILLO 3,18WCED3-12345-AF,B12,,0.0,,MAW,PT60M,10YES-REE------0,ES
2020-01-01T00:00:00+00:00,CEDILLO 4,18WCED4-12345-A5,B12,,0.0,,MAW,PT60M,10YES-REE------0,ES
2020-01-01T00:00:00+00:00,COFRENTES,18WCOF1-12345-B2,B14,,1057.2,,MAW,PT60M,10YES-REE------0,ES
2020-01-01T00:00:00+00:00,COLON 4,18WCOL4-12345-CF,B04,,0.0,,MAW,PT60M,10YES-REE------0,ES
2020-01-01T00:00:00+00:00,COMPOSTI 4,18WCOM4-12345-D2,B05,,0.0,,MAW,PT60M,10YES-REE------0,ES
2020-01-01T00:00:00+00:00,COMPOSTI 5,18WCOM5-12345-DT,B05,,0.0,,MAW,PT60M,10YES-REE------0,ES
2020-01-01T00:00:00+00:00,CORTES 1,18WCO21-12345--L,B12,,0.0,,MAW,PT60M,10YES-REE------0,ES
2020-01-01T00:00:00+00:00,CORTES 2,18WCO22-12345-AQ,B12,,0.0,,MAW,PT60M,10YES-REE------0,ES
2020-01-01T00:00:00+00:00,CTCOMPO 3,18WCCO3-12345-DN,B05,,0.0,,MAW,PT60M,10YES-REE------0,ES
2020-01-01T00:00:00+00:00,CTJON3,18WCTJON3-1234-E,B04,,0.0,,MAW,PT60M,10YES-REE------0,ES
2020-01-01T00:00:00+00:00,CTN3TG1,18WCTN3TG1-12-CI,B04,,0.0,,MAW,PT60M,10YES-REE------0,ES
2020-01-01T00:00:00+00:00,CTN3TG2,18WCTN3TG2-12-CB,B04,,0.0,,MAW,PT60M,10YES-REE------0,ES
2020-01-01T00:00:00+00:00,CTN3TV,18WCTN3TV-123-C2,B04,,0.0,,MAW,PT60M,10YES-REE------0,ES
2020-01-01T00:00:00+00:00,CTN4TG1,18WCTN4TG1-123-M,B04,,0.0,,MAW,PT60M,10YES-REE------0,ES
2020-01-01T00:00:00+00:00,CTN4TG2,18WCTN4TG2-123-F,B04,,110.9,,MAW,PT60M,10YES-REE------0,ES
2020-01-01T00:00:00+00:00,CTN4TV,18WCTN4TV-1234-3,B04,,90.0,,MAW,PT60M,10YES-REE------0,ES
2020-01-01T00:00:00+00:00,CTNUTG1,18WCTNUTG1-12-C7,B04,,0.0,,MAW,PT60M,10YES-REE------0,ES
2020-01-01T00:00:00+00:00,CTNUTG2,18WCTNUTG2-12-C0,B04,,0.0,,MAW,PT60M,10YES-REE------0,ES
2020-01-01T00:00:00+00:00,CTNUTV,18WCTNUTV-123-CS,B04,,0.0,,MAW,PT60M,10YES-REE------0,ES
2020-01-01T00:00:00+00:00,ECT3TG1,18WECT3TG1-123-X,B04,,0.0,,MAW,PT60M,10YES-REE------0,ES
2020-01-01T00:00:00+00:00,ECT3TG2,18WECT3TG2-123-Q,B04,,0.0,,MAW,PT60M,10YES-REE------0,ES
2020-01-01T00:00:00+00:00,ECT3TV1,18WECT3TV1-123-O,B04,,0.0,,MAW,PT60M,10YES-REE------0,ES
2020-01-01T00:00:00+00:00,ESC6TG1,18WESC6TG1-12-CL,B04,,0.0,,MAW,PT60M,10YES-REE------0,ES
2020-01-01T00:00:00+00:00,ESC6TG2,18WESC6TG2-12-CE,B04,,0.0,,MAW,PT60M,10YES-REE------0,ES
2020-01-01T00:00:00+00:00,ESC6TV,18WESC6TV-123-C5,B04,,0.0,,MAW,PT60M,10YES-REE------0,ES
2020-01-01T00:00:00+00:00,ESCCC1,18WESCCC1-123-C5,B04,,0.3,,MAW,PT60M,10YES-REE------0,ES
2020-01-01T00:00:00+00:00,ESCCC2,18WESCCC2-123-CY,B04,,0.0,,MAW,PT60M,10YES-REE------0,ES
2020-01-01T00:00:00+00:00,ESCCC3,18WESCCC3-123-CQ,B04,,0.0,,MAW,PT60M,10YES-REE------0,ES
2020-01-01T00:00:00+00:00,GGALAN GEN,18WGYG1-12345-A6,B12,,0.0,,MAW,PT60M,10YES-REE------0,ES
2020-01-01T00:00:00+00:00,GUARDO 1,18WGUA1-12345-D3,B05,,0.0,,MAW,PT60M,10YES-REE------0,ES
2020-01-01T00:00:00+00:00,GUARDO 2,18WGUA2-12345-DU,B05,,0.0,,MAW,PT60M,10YES-REE------0,ES
2020-01-01T00:00:00+00:00,JM.ORIOL 1,18WJMO1-12345-AN,B12,,0.0,,MAW,PT60M,10YES-REE------0,ES
2020-01-01T00:00:00+00:00,JM.ORIOL 2,18WJMO2-12345-AD,B12,,0.0,,MAW,PT60M,10YES-REE------0,ES
2020-01-01T00:00:00+00:00,JM.ORIOL 3,18WJMO3-12345-A3,B12,,0.0,,MAW,PT60M,10YES-REE------0,ES
2020-01-01T00:00:00+00:00,JM.ORIOL 4,18WJMO4-12345-AU,B12,,0.0,,MAW,PT60M,10YES-REE------0,ES
2020-01-01T00:00:00+00:00,LA ISLA,18W000000000FUZA,B16,,0.0,,MAW,PT60M,10YES-REE------0,ES
2020-01-01T00:00:00+00:00,LADA IV,18WLAD4-123456-B,B05,,0.0,,MAW,PT60M,10YES-REE------0,ES
2020-01-01T00:00:00+00:00,LITORAL 1,18WLIT1-123456-S,B05,,0.0,,MAW,PT60M,10YES-REE------0,ES
2020-01-01T00:00:00+00:00,LITORAL 2,18WLIT2-123456-I,B05,,0.0,,MAW,PT60M,10YES-REE------0,ES
2020-01-01T00:00:00+00:00,MALA1,18WMALA1-1234567,B04,,0.0,,MAW,PT60M,10YES-REE------0,ES
2020-01-01T00:00:00+00:00,MEIRAMA,18WMEI1-12345-DT,B05,,0.0,,MAW,PT60M,10YES-REE------0,ES
2020-01-01T00:00:00+00:00,MUELA 1B,18WMUE1B-12345-6,B10,,0.0,,MAW,PT60M,10YES-REE------0,ES
2020-01-01T00:00:00+00:00,MUELA 1G,18WMUE1-12345-FP,B10,,0.0,,MAW,PT60M,10YES-REE------0,ES
2020-01-01T00:00:00+00:00,MUELA 2B,18WMUE2B-12345-X,B10,,0.0,,MAW,PT60M,10YES-REE------0,ES
2020-01-01T00:00:00+00:00,MUELA 2G,18WMUE2-12345-FF,B10,,0.0,,MAW,PT60M,10YES-REE------0,ES
2020-01-01T00:00:00+00:00,MUELA 3B,18WMUE3B-12345-N,B10,,0.0,,MAW,PT60M,10YES-REE------0,ES
2020-01-01T00:00:00+00:00,MUELA 3G,18WMUE3-12345-F5,B10,,0.0,,MAW,PT60M,10YES-REE------0,ES
2020-01-01T00:00:00+00:00,MUELA 4B,18WMUE4B-12345-D,B10,,0.0,,MAW,PT60M,10YES-REE------0,ES
2020-01-01T00:00:00+00:00,MUELA 4G,18WMUE4-123456-6,B10,,0.0,,MAW,PT60M,10YES-REE------0,ES
2020-01-01T00:00:00+00:00,MUELA 5B,18WMUE5B-12345-3,B10,,0.0,,MAW,PT60M,10YES-REE------0,ES
2020-01-01T00:00:00+00:00,MUELA 5G,18WMUE5-123456-X,B10,,0.0,,MAW,PT60M,10YES-REE------0,ES
2020-01-01T00:00:00+00:00,MUELA 6B,18WMUE6B-12345-U,B10,,0.0,,MAW,PT60M,10YES-REE------0,ES
2020-01-01T00:00:00+00:00,MUELA 6G,18WMUE6-123456-N,B10,,0.0,,MAW,PT60M,10YES-REE------0,ES
2020-01-01T00:00:00+00:00,MUELA 7B,18WMUE7B-12345-K,B10,,0.0,,MAW,PT60M,10YES-REE------0,ES
2020-01-01T00:00:00+00:00,MUELA 7G,18WMUE7-123456-D,B10,,0.0,,MAW,PT60M,10YES-REE------0,ES
2020-01-01T00:00:00+00:00,NARCEA 2,18WNRC2-12345-DR,B05,,0.0,,MAW,PT60M,10YES-REE------0,ES
2020-01-01T00:00:00+00:00,NARCEA 3,18WNRC3-12345-DH,B05,,0.0,,MAW,PT60M,10YES-REE------0,ES
2020-01-01T00:00:00+00:00,P.G.RODR 1,18WPGR1-12345-DF,B05,,0.0,,MAW,PT60M,10YES-REE------0,ES
2020-01-01T00:00:00+00:00,P.G.RODR 2,18WPGR2-12345-D5,B05,,0.0,,MAW,PT60M,10YES-REE------0,ES
2020-01-01T00:00:00+00:00,P.G.RODR 3,18WPGR3-12345-DW,B05,,0.0,,MAW,PT60M,10YES-REE------0,ES
2020-01-01T00:00:00+00:00,P.G.RODR 4,18WPGR4-12345-DM,B05,,0.0,,MAW,PT60M,10YES-REE------0,ES
2020-01-01T00:00:00+00:00,P.NUEVO 3,18WPNN3-12345-DT,B05,,179.1,,MAW,PT60M,10YES-REE------0,ES
2020-01-01T00:00:00+00:00,PALOS 2,18WPALOS2-123-C3,B04,,0.0,,MAW,PT60M,10YES-REE------0,ES
2020-01-01T00:00:00+00:00,PALOS 3,18WPALOS3-123-CW,B04,,0.0,,MAW,PT60M,10YES-REE------0,ES
2020-01-01T00:00:00+00:00,PALOS1,18WPALOS1-123-CB,B04,,0.0,,MAW,PT60M,10YES-REE------0,ES
2020-01-01T00:00:00+00:00,PBCN1,18WPBCN1-1234-PG,B04,,273.0,,MAW,PT60M,10YES-REE------0,ES
2020-01-01T00:00:00+00:00,PBCN2,18WPBCN2-1234-P7,B04,,0.0,,MAW,PT60M,10YES-REE------0,ES
2020-01-01T00:00:00+00:00,PGR5TG1,18WPGR5TG1-123-T,B04,,0.0,,MAW,PT60M,10YES-REE------0,ES
2020-01-01T00:00:00+00:00,PGR5TG2,18WPGR5TG2-123-M,B04,,140.9,,MAW,PT60M,10YES-REE------0,ES
2020-01-01T00:00:00+00:00,PGR5TV,18WPGR5TV-1234-A,B04,,102.7,,MAW,PT60M,10YES-REE------0,ES
2020-01-01T00:00:00+00:00,PVENT1,18WPVENT1-1234-X,B04,,0.0,,MAW,PT60M,10YES-REE------0,ES
2020-01-01T00:00:00+00:00,PVENT2,18WPVENT2-1234-P,B04,,0.0,,MAW,PT60M,10YES-REE------0,ES
2020-01-01T00:00:00+00:00,RICOBA II1,18WRIC21-1234-AZ,B12,,137.2,,MAW,PT60M,10YES-REE------0,ES
2020-01-01T00:00:00+00:00,ROBLA 1,18WROB1-12345-DW,B05,,0.0,,MAW,PT60M,10YES-REE------0,ES
2020-01-01T00:00:00+00:00,ROBLA 2,18WROB2-12345-DM,B05,,0.0,,MAW,PT60M,10YES-REE------0,ES
2020-01-01T00:00:00+00:00,RODRI,18W000000000AI2L,B16,,0.0,,MAW,PT60M,10YES-REE------0,ES
2020-01-01T00:00:00+00:00,S.EST IIG1,18WEST21-12345-C,B12,,163.0,,MAW,PT60M,10YES-REE------0,ES
2020-01-01T00:00:00+00:00,S.ROQUE 1,18WSROQ1-1234-CJ,B04,,361.0,,MAW,PT60M,10YES-REE------0,ES
2020-01-01T00:00:00+00:00,S.ROQUE 2,18WSROQ2-1234-CA,B04,,0.0,,MAW,PT60M,10YES-REE------0,ES
2020-01-01T00:00:00+00:00,SAGU1,18WSAGU1-1234-CC,B04,,0.0,,MAW,PT60M,10YES-REE------0,ES
2020-01-01T00:00:00+00:00,SAGU2,18WSAGU2-1234-C3,B04,,278.7,,MAW,PT60M,10YES-REE------0,ES
2020-01-01T00:00:00+00:00,SAGU3,18WSAGU3-1234-CV,B04,,0.0,,MAW,PT60M,10YES-REE------0,ES
2020-01-01T00:00:00+00:00,SALLENT 1B,18WSLT1B-12345-J,B10,,0.0,,MAW,PT60M,10YES-REE------0,ES
2020-01-01T00:00:00+00:00,SALLENT 1G,18WSLT1-12345-F1,B10,,0.0,,MAW,PT60M,10YES-REE------0,ES
2020-01-01T00:00:00+00:00,SALLENT 2B,18WSLT2B-12345-9,B10,,0.1,,MAW,PT60M,10YES-REE------0,ES
2020-01-01T00:00:00+00:00,SALLENT 2G,18WSLT2-12345-FS,B10,,0.0,,MAW,PT60M,10YES-REE------0,ES
2020-01-01T00:00:00+00:00,SALLENT 3B,18WSLT3B--1234-V,B10,,0.1,,MAW,PT60M,10YES-REE------0,ES
2020-01-01T00:00:00+00:00,SALLENT 3G,18WSLT3-12345-FI,B10,,0.0,,MAW,PT60M,10YES-REE------0,ES
2020-01-01T00:00:00+00:00,SALLENT 4B,18WSLT4B-12345-Q,B10,,0.1,,MAW,PT60M,10YES-REE------0,ES
2020-01-01T00:00:00+00:00,SALLENT 4G,18WSLT4-12345-F8,B10,,0.0,,MAW,PT60M,10YES-REE------0,ES
2020-01-01T00:00:00+00:00,SANTURCE 4,18WSTC4-12345-CV,B04,,0.0,,MAW,PT60M,10YES-REE------0,ES
2020-01-01T00:00:00+00:00,SAUCE II 1,18WSA21-12345-AX,B12,,123.9,,MAW,PT60M,10YES-REE------0,ES
2020-01-01T00:00:00+00:00,SAUCE II 2,18WSA22-12345-AN,B12,,123.9,,MAW,PT60M,10YES-REE------0,ES
2020-01-01T00:00:00+00:00,SBO3,18WSBO3-12345-CE,B04,,259.6,,MAW,PT60M,10YES-REE------0,ES
2020-01-01T00:00:00+00:00,SOTO 5,18WSRI5-12345--5,B04,,370.9,,MAW,PT60M,10YES-REE------0,ES
2020-01-01T00:00:00+00:00,SOTO RIB 3,18WSRI3-12345-DY,B05,,0.0,,MAW,PT60M,10YES-REE------0,ES
2020-01-01T00:00:00+00:00,SOUTELO 1,18WSOU1-12345-A1,B12,,0.0,,MAW,PT60M,10YES-REE------0,ES
2020-01-01T00:00:00+00:00,SRI4,18WSRI4-123456-V,B04,,0.0,,MAW,PT60M,10YES-REE------0,ES
2020-01-01T00:00:00+00:00,TAJOENC 1B,18WTJE1B-12345-A,B10,,0.1,,MAW,PT60M,10YES-REE------0,ES
2020-01-01T00:00:00+00:00,TAJOENC 2B,18WTJE2B-12345-0,B10,,0.1,,MAW,PT60M,10YES-REE------0,ES
2020-01-01T00:00:00+00:00,TAJOENC 3B,18WTJE3B-12345-R,B10,,0.1,,MAW,PT60M,10YES-REE------0,ES
2020-01-01T00:00:00+00:00,TAJOENC 4B,18WTJE4B-12345-H,B10,,0.1,,MAW,PT60M,10YES-REE------0,ES
2020-01-01T00:00:00+00:00,TAPOWER,18WTAPOWER-12-C7,B04,,0.0,,MAW,PT60M,10YES-REE------0,ES
2020-01-01T00:00:00+00:00,TERUEL 1,18WTER1-12345-DO,B05,,0.0,,MAW,PT60M,10YES-REE------0,ES
2020-01-01T00:00:00+00:00,TERUEL 2,18WTER2-12345-DE,B05,,251.0,,MAW,PT60M,10YES-REE------0,ES
2020-01-01T00:00:00+00:00,TERUEL 3,18WTER3-12345-D4,B05,,0.0,,MAW,PT60M,10YES-REE------0,ES
2020-01-01T00:00:00+00:00,TRILLO,18WTRL1-12345-BC,B14,,989.8,,MAW,PT60M,10YES-REE------0,ES
2020-01-01T00:00:00+00:00,UF MULA,18W000000000F3CQ,B16,,0.0,,MAW,PT60M,10YES-REE------0,ES
2020-01-01T00:00:00+00:00,UFARRU1,18WARRU1-1234-CW,B04,,0.0,,MAW,PT60M,10YES-REE------0,ES
2020-01-01T00:00:00+00:00,UFARRU2,18WARRU2-1234-CN,B04,,0.0,,MAW,PT60M,10YES-REE------0,ES
2020-01-01T00:00:00+00:00,VANDELLOS,18WVAN2-12345-BA,B14,,1037.7,,MAW,PT60M,10YES-REE------0,ES
2020-01-01T00:00:00+00:00,VILLALC 21,18WVC21-12345-A7,B12,,104.8,,MAW,PT60M,10YES-REE------0,ES
2020-01-01T00:00:00+00:00,VLLRINO 1B,18WVRN1B-12345-B,B10,,0.0,,MAW,PT60M,10YES-REE------0,ES
2020-01-01T00:00:00+00:00,VLLRINO 1G,18WVRN1-12345-A3,B12,,0.0,,MAW,PT60M,10YES-REE------0,ES
2020-01-01T00:00:00+00:00,VLLRINO 2B,18WVRN2B-12345-1,B10,,0.0,,MAW,PT60M,10YES-REE------0,ES
2020-01-01T00:00:00+00:00,VLLRINO 2G,18WVRN2-12345-AU,B12,,0.0,,MAW,PT60M,10YES-REE------0,ES
2020-01-01T00:00:00+00:00,VLLRINO 3B,18WVRN3B-12345-S,B10,,142.0,,MAW,PT60M,10YES-REE------0,ES
2020-01-01T00:00:00+00:00,VLLRINO 3G,18WVRN3-12345-AK,B12,,0.0,,MAW,PT60M,10YES-REE------0,ES
2020-01-01T00:00:00+00:00,VLLRINO 4B,18WVRN4B-12345-I,B10,,0.0,,MAW,PT60M,10YES-REE------0,ES
2020-01-01T00:00:00+00:00,VLLRINO 4G,18WVRN4-12345-AA,B12,,0.0,,MAW,PT60M,10YES-REE------0,ES
2020-01-01T00:00:00+00:00,VLLRINO 5B,18WVRN5B-12345-8,B10,,0.0,,MAW,PT60M,10YES-REE------0,ES
2020-01-01T00:00:00+00:00,VLLRINO 5G,18WVRN5-12345-A0,B12,,0.0,,MAW,PT60M,10YES-REE------0,ES
2020-01-01T00:00:00+00:00,VLLRINO 6B,18WVRN6B-12345-Z,B10,,149.0,,MAW,PT60M,10YES-REE------0,ES
2020-01-01T00:00:00+00:00,VLLRINO 6G,18WVRN6-12345-AR,B12,,0.0,,MAW,PT60M,10YES-REE------0,ES
2020-01-01T01:00:00+00:00,ACECA 3,18WACE3-12345-CD,B04,,160.3,,MAW,PT60M,10YES-REE------0,ES
2020-01-01T01:00:00+00:00,ALDEA I G1,18WAL11-12345-AZ,B12,,58.9,,MAW,PT60M,10YES-REE------0,ES
2020-01-01T01:00:00+00:00,ALDEA I G2,18WAL12-12345-AP,B12,,60.0,,MAW,PT60M,10YES-REE------0,ES
2020-01-01T01:00:00+00:00,ALDEA I G3,18WAL13-12345-AF,B12,,60.2,,MAW,PT60M,10YES-REE------0,ES
2020-01-01T01:00:00+00:00,ALDEA I G4,18WAL14-12345-A5,B12,,59.4,,MAW,PT60M,10YES-REE------0,ES
2020-01-01T01:00:00+00:00,ALDEA I G5,18WAL15-12345-AW,B12,,58.5,,MAW,PT60M,10YES-REE------0,ES
2020-01-01T01:00:00+00:00,ALDEA I G6,18WAL16-12345-AM,B12,,59.3,,MAW,PT60M,10YES-REE------0,ES
2020-01-01T01:00:00+00:00,ALDEA IIG1,18WAL21-12345-AO,B12,,199.4,,MAW,PT60M,10YES-REE------0,ES
2020-01-01T01:00:00+00:00,ALDEA IIG2,18WAL22-12345-AE,B12,,199.9,,MAW,PT60M,10YES-REE------0,ES
2020-01-01T01:00:00+00:00,ALMARAZ 1,18WALZ1-12345-BT,B14,,1007.1,,MAW,PT60M,10YES-REE------0,ES
2020-01-01T01:00:00+00:00,ALMARAZ 2,18WALZ2-12345-BJ,B14,,1005.7,,MAW,PT60M,10YES-REE------0,ES
2020-01-01T01:00:00+00:00,AMBITG2,18WAMBITG2-12-CT,B04,,228.6,,MAW,PT60M,10YES-REE------0,ES
2020-01-01T01:00:00+00:00,AMBITV,18WAMBITV-123-CK,B04,,120.9,,MAW,PT60M,10YES-REE------0,ES
2020-01-01T01:00:00+00:00,ASCO 1,18WASC1-12345-BD,B14,,1007.9,,MAW,PT60M,10YES-REE------0,ES
2020-01-01T01:00:00+00:00,ASCO 2,18WASC2-12345-B3,B14,,1002.2,,MAW,PT60M,10YES-REE------0,ES
2020-01-01T01:00:00+00:00,BAHITG2,18WBAHITG2-12-CK,B04,,196.2,,MAW,PT60M,10YES-REE------0,ES
2020-01-01T01:00:00+00:00,BAHITV,18WBAHITV-123-CB,B04,,110.4,,MAW,PT60M,10YES-REE------0,ES
2020-01-01T01:00:00+00:00,BESOS 3,18WBES3-12345-C7,B04,,215.0,,MAW,PT60M,10YES-REE------0,ES
2020-01-01T01:00:00+00:00,BESOS 4,18WBES4-12345-CY,B04,,317.7,,MAW,PT60M,10YES-REE------0,ES
2020-01-01T01:00:00+00:00,CARTAGENA1,18WCTGN1-1234-CP,B04,,376.1,,MAW,PT60M,10YES-REE------0,ES
2020-01-01T01:00:00+00:00,CARTAGENA3,18WCTGN3-1234-C7,B04,,380.1,,MAW,PT60M,10YES-REE------0,ES
2020-01-01T01:00:00+00:00,CASTEJON 1,18WCTJON1-123-CJ,B04,,342.2,,MAW,PT60M,10YES-REE------0,ES
2020-01-01T01:00:00+00:00,CTN4TG2,18WCTN4TG2-123-F,B04,,82.6,,MAW,PT60M,10YES-REE------0,ES
2020-01-01T01:00:00+00:00,CTN4TV,18WCTN4TV-1234-3,B04,,80.3,,MAW,PT60M,10YES-REE------0,ES
2020-01-01T01:00:00+00:00,P.NUEVO 3,18WPNN3-12345-DT,B05,,163.9,,MAW,PT60M,10YES-REE------0,ES
2020-01-01T01:00:00+00:00,PBCN1,18WPBCN1-1234-PG,B04,,233.9,,MAW,PT60M,10YES-REE------0,ES
2020-01-01T01:00:00+00:00,PGR5TG2,18WPGR5TG2-123-M,B04,,123.5,,MAW,PT60M,10YES-REE------0,ES
2020-01-01T01:00:00+00:00,PGR5TV,18WPGR5TV-1234-A,B04,,95.7,,MAW,PT60M,10YES-REE------0,ES
2020-01-01T01:00:00+00:00,RICOBA II1,18WRIC21-1234-AZ,B12,,137.5,,MAW,PT60M,10YES-REE------0,ES
2020-01-01T01:00:00+00:00,S.EST IIG1,18WEST21-12345-C,B12,,163.1,,MAW,PT60M,10YES-REE------0,ES
2020-01-01T01:00:00+00:00,S.ROQUE 1,18WSROQ1-1234-CJ,B04,,333.9,,MAW,PT60M,10YES-REE------0,ES
2020-01-01T01:00:00+00:00,SAGU2,18WSAGU2-1234-C3,B04,,286.1,,MAW,PT60M,10YES-REE------0,ES
2020-01-01T01:00:00+00:00,SAUCE II 1,18WSA21-12345-AX,B12,,116.4,,MAW,PT60M,10YES-REE------0,ES
2020-01-01T01:00:00+00:00,SAUCE II 2,18WSA22-12345-AN,B12,,116.4,,MAW,PT60M,10YES-REE------0,ES
2020-01-01T01:00:00+00:00,SBO3,18WSBO3-12345-CE,B04,,220.5,,MAW,PT60M,10YES-REE------0,ES
2020-01-01T01:00:00+00:00,SOTO 5,18WSRI5-12345--5,B04,,327.3,,MAW,PT60M,10YES-REE------0,ES
2020-01-01T01:00:00+00:00,TERUEL 2,18WTER2-12345-DE,B05,,250.9,,MAW,PT60M,10YES-REE------0,ES
2020-01-01T01:00:00+00:00,TRILLO,18WTRL1-12345-BC,B14,,990.4,,MAW,PT60M,10YES-REE------0,ES
2020-01-01T01:00:00+00:00,VANDELLOS,18WVAN2-12345-BA,B14,,1038.0,,MAW,PT60M,10YES-REE------0,ES
2020-01-01T01:00:00+00:00,VILLALC 21,18WVC21-12345-A7,B12,,105.1,,MAW,PT60M,10YES-REE------0,ES
2020-01-01T01:00:00+00:00,VLLRINO 3B,18WVRN3B-12345-S,B10,,141.9,,MAW,PT60M,10YES-REE------0,ES
2020-01-01T02:00:00+00:00,ACECA 3,18WACE3-12345-CD,B04,,160.2,,MAW,PT60M,10YES-REE------0,ES
2020-01-01T02:00:00+00:00,ALDEA I G1,18WAL11-12345-AZ,B12,,42.6,,MAW,PT60M,10YES-REE------0,ES
2020-01-01T02:00:00+00:00,ALDEA I G2,18WAL12-12345-AP,B12,,43.0,,MAW,PT60M,10YES-REE------0,ES
2020-01-01T02:00:00+00:00,ALDEA I G3,18WAL13-12345-AF,B12,,42.1,,MAW,PT60M,10YES-REE------0,ES
2020-01-01T02:00:00+00:00,ALDEA I G4,18WAL14-12345-A5,B12,,42.8,,MAW,PT60M,10YES-REE------0,ES
2020-01-01T02:00:00+00:00,ALDEA I G5,18WAL15-12345-AW,B12,,42.0,,MAW,PT60M,10YES-REE------0,ES
2020-01-01T02:00:00+00:00,ALDEA I G6,18WAL16-12345-AM,B12,,42.6,,MAW,PT60M,10YES-REE------0,ES
2020-01-01T02:00:00+00:00,ALDEA IIG1,18WAL21-12345-AO,B12,,199.5,,MAW,PT60M,10YES-REE------0,ES
2020-01-01T02:00:00+00:00,ALDEA IIG2,18WAL22-12345-AE,B12,,200.2,,MAW,PT60M,10YES-REE------0,ES
2020-01-01T02:00:00+00:00,ALMARAZ 1,18WALZ1-12345-BT,B14,,1006.4,,MAW,PT60M,10YES-REE------0,ES
2020-01-01T02:00:00+00:00,ALMARAZ 2,18WALZ2-12345-BJ,B14,,1005.0,,MAW,PT60M,10YES-REE------0,ES
2020-01-01T02:00:00+00:00,AMBITG2,18WAMBITG2-12-CT,B04,,233.0,,MAW,PT60M,10YES-REE------0,ES
2020-01-01T02:00:00+00:00,AMBITV,18WAMBITV-123-CK,B04,,121.5,,MAW,PT60M,10YES-REE------0,ES
2020-01-01T02:00:00+00:00,ASCO 1,18WASC1-12345-BD,B14,,1007.8,,MAW,PT60M,10YES-REE------0,ES
2020-01-01T02:00:00+00:00,ASCO 2,18WASC2-12345-B3,B14,,1002.3,,MAW,PT60M,10YES-REE------0,ES
2020-01-01T02:00:00+00:00,BAHITG2,18WBAHITG2-12-CK,B04,,183.4,,MAW,PT60M,10YES-REE------0,ES
2020-01-01T02:00:00+00:00,BAHITV,18WBAHITV-123-CB,B04,,106.7,,MAW,PT60M,10YES-REE------0,ES
2020-01-01T02:00:00+00:00,BELESAR 3,18WBEL3-12345-AE,B12,,96.6,,MAW,PT60M,10YES-REE------0,ES
2020-01-01T02:00:00+00:00,BESOS 3,18WBES3-12345-C7,B04,,237.6,,MAW,PT60M,10YES-REE------0,ES
2020-01-01T02:00:00+00:00,BESOS 4,18WBES4-12345-CY,B04,,258.6,,MAW,PT60M,10YES-REE------0,ES
2020-01-01T02:00:00+00:00,CARTAGENA1,18WCTGN1-1234-CP,B04,,365.8,,MAW,PT60M,10YES-REE------0,ES
2020-01-01T02:00:00+00:00,CARTAGENA3,18WCTGN3-1234-C7,B04,,369.6,,MAW,PT60M,10YES-REE------0,ES
2020-01-01T02:00:00+00:00,CASTEJON 1,18WCTJON1-123-CJ,B04,,273.3,,MAW,PT60M,10YES-REE------0,ES
2020-01-01T02:00:00+00:00,COFRENTES,18WCOF1-12345-B2,B14,,1057.0,,MAW,PT60M,10YES-REE------0,ES
2020-01-01T02:00:00+00:00,CTN4TG2,18WCTN4TG2-123-F,B04,,92.5,,MAW,PT60M,10YES-REE------0,ES
2020-01-01T02:00:00+00:00,CTN4TV,18WCTN4TV-1234-3,B04,,83.7,,MAW,PT60M,10YES-REE------0,ES
2020-01-01T02:00:00+00:00,ESCCC1,18WESCCC1-123-C5,B04,,0.2,,MAW,PT60M,10YES-REE------0,ES
2020-01-01T02:00:00+00:00,MUELA 4B,18WMUE4B-12345-D,B10,,117.0,,MAW,PT60M,10YES-REE------0,ES
2020-01-01T02:00:00+00:00,MUELA 6B,18WMUE6B-12345-U,B10,,39.0,,MAW,PT60M,10YES-REE------0,ES
2020-01-01T02:00:00+00:00,P.NUEVO 3,18WPNN3-12345-DT,B05,,140.5,,MAW,PT60M,10YES-REE------0,ES
2020-01-01T02:00:00+00:00,PBCN1,18WPBCN1-1234-PG,B04,,194.8,,MAW,PT60M,10YES-REE------0,ES
2020-01-01T02:00:00+00:00,PGR5TG2,18WPGR5TG2-123-M,B04,,144.8,,MAW,PT60M,10YES-REE------0,ES
2020-01-01T02:00:00+00:00,PGR5TV,18WPGR5TV-1234-A,B04,,102.1,,MAW,PT60M,10YES-REE------0,ES
2020-01-01T02:00:00+00:00,RICOBA II1,18WRIC21-1234-AZ,B12,,137.3,,MAW,PT60M,10YES-REE------0,ES
2020-01-01T02:00:00+00:00,S.EST IIG1,18WEST21-12345-C,B12,,163.2,,MAW,PT60M,10YES-REE------0,ES
2020-01-01T02:00:00+00:00,S.ROQUE 1,18WSROQ1-1234-CJ,B04,,317.5,,MAW,PT60M,10YES-REE------0,ES
2020-01-01T02:00:00+00:00,SAGU2,18WSAGU2-1234-C3,B04,,287.8,,MAW,PT60M,10YES-REE------0,ES
2020-01-01T02:00:00+00:00,SALLENT 1B,18WSLT1B-12345-J,B10,,0.1,,MAW,PT60M,10YES-REE------0,ES
2020-01-01T02:00:00+00:00,SALLENT 3B,18WSLT3B--1234-V,B10,,0.3,,MAW,PT60M,10YES-REE------0,ES
2020-01-01T02:00:00+00:00,SAUCE II 1,18WSA21-12345-AX,B12,,117.0,,MAW,PT60M,10YES-REE------0,ES
2020-01-01T02:00:00+00:00,SAUCE II 2,18WSA22-12345-AN,B12,,117.0,,MAW,PT60M,10YES-REE------0,ES
2020-01-01T02:00:00+00:00,SBO3,18WSBO3-12345-CE,B04,,203.4,,MAW,PT60M,10YES-REE------0,ES
2020-01-01T02:00:00+00:00,SOTO 5,18WSRI5-12345--5,B04,,255.9,,MAW,PT60M,10YES-REE------0,ES
2020-01-01T02:00:00+00:00,TAJOENC 2B,18WTJE2B-12345-0,B10,,6.5,,MAW,PT60M,10YES-REE------0,ES
2020-01-01T02:00:00+00:00,TERUEL 2,18WTER2-12345-DE,B05,,246.9,,MAW,PT60M,10YES-REE------0,ES
2020-01-01T02:00:00+00:00,TRILLO,18WTRL1-12345-BC,B14,,989.6,,MAW,PT60M,10YES-REE------0,ES
2020-01-01T02:00:00+00:00,VANDELLOS,18WVAN2-12345-BA,B14,,1037.6,,MAW,PT60M,10YES-REE------0,ES
2020-01-01T02:00:00+00:00,VILLALC 21,18WVC21-12345-A7,B12,,105.0,,MAW,PT60M,10YES-REE------0,ES
2020-01-01T02:00:00+00:00,VLLRINO 1B,18WVRN1B-12345-B,B10,,131.2,,MAW,PT60M,10YES-REE------0,ES
2020-01-01T02:00:00+00:00,VLLRINO 2B,18WVRN2B-12345-1,B10,,107.5,,MAW,PT60M,10YES-REE------0,ES
2020-01-01T02:00:00+00:00,VLLRINO 3B,18WVRN3B-12345-S,B10,,138.4,,MAW,PT60M,10YES-REE------0,ES
2020-01-01T02:00:00+00:00,VLLRINO 4B,18WVRN4B-12345-I,B10,,89.9,,MAW,PT60M,10YES-REE------0,ES
2020-01-01T02:00:00+00:00,VLLRINO 4G,18WVRN4-12345-AA,B12,,0.4,,MAW,PT60M,10YES-REE------0,ES
2020-01-01T02:00:00+00:00,VLLRINO 5G,18WVRN5-12345-A0,B12,,0.8,,MAW,PT60M,10YES-REE------0,ES
2020-01-01T02:00:00+00:00,VLLRINO 6B,18WVRN6B-12345-Z,B10,,144.9,,MAW,PT60M,10YES-REE------0,ES
2020-01-01T03:00:00+00:00,ACECA 3,18WACE3-12345-CD,B04,,160.3,,MAW,PT60M,10YES-REE------0,ES
2020-01-01T03:00:00+00:00,ALDEA I G1,18WAL11-12345-AZ,B12,,66.2,,MAW,PT60M,10YES-REE------0,ES
2020-01-01T03:00:00+00:00,ALDEA I G2,18WAL12-12345-AP,B12,,67.2,,MAW,PT60M,10YES-REE------0,ES
2020-01-01T03:00:00+00:00,ALDEA I G3,18WAL13-12345-AF,B12,,65.7,,MAW,PT60M,10YES-REE------0,ES
2020-01-01T03:00:00+00:00,ALDEA I G4,18WAL14-12345-A5,B12,,65.8,,MAW,PT60M,10YES-REE------0,ES
2020-01-01T03:00:00+00:00,ALDEA I G5,18WAL15-12345-AW,B12,,66.0,,MAW,PT60M,10YES-REE------0,ES
2020-01-01T03:00:00+00:00,ALDEA I G6,18WAL16-12345-AM,B12,,66.4,,MAW,PT60M,10YES-REE------0,ES
2020-01-01T03:00:00+00:00,ALDEA IIG2,18WAL22-12345-AE,B12,,200.3,,MAW,PT60M,10YES-REE------0,ES
2020-01-01T03:00:00+00:00,ALMARAZ 1,18WALZ1-12345-BT,B14,,1006.8,,MAW,PT60M,10YES-REE------0,ES
2020-01-01T03:00:00+00:00,ALMARAZ 2,18WALZ2-12345-BJ,B14,,1005.2,,MAW,PT60M,10YES-REE------0,ES
2020-01-01T03:00:00+00:00,AMBITG2,18WAMBITG2-12-CT,B04,,247.1,,MAW,PT60M,10YES-REE------0,ES
2020-01-01T03:00:00+00:00,AMBITV,18WAMBITV-123-CK,B04,,124.2,,MAW,PT60M,10YES-REE------0,ES
2020-01-01T03:00:00+00:00,ASCO 1,18WASC1-12345-BD,B14,,1008.0,,MAW,PT60M,10YES-REE------0,ES
2020-01-01T03:00:00+00:00,ASCO 2,18WASC2-12345-B3,B14,,1002.4,,MAW,PT60M,10YES-REE------0,ES
2020-01-01T03:00:00+00:00,BAHITG2,18WBAHITG2-12-CK,B04,,190.3,,MAW,PT60M,10YES-REE------0,ES
2020-01-01T03:00:00+00:00,BAHITV,18WBAHITV-123-CB,B04,,109.0,,MAW,PT60M,10YES-REE------0,ES
2020-01-01T03:00:00+00:00,BESOS 3,18WBES3-12345-C7,B04,,224.6,,MAW,PT60M,10YES-REE------0,ES
2020-01-01T03:00:00+00:00,BESOS 4,18WBES4-12345-CY,B04,,293.5,,MAW,PT60M,10YES-REE------0,ES
2020-01-01T03:00:00+00:00,CARTAGENA1,18WCTGN1-1234-CP,B04,,388.6,,MAW,PT60M,10YES-REE------0,ES
2020-01-01T03:00:00+00:00,CARTAGENA3,18WCTGN3-1234-C7,B04,,393.8,,MAW,PT60M,10YES-REE------0,ES
2020-01-01T03:00:00+00:00,CASTEJON 1,18WCTJON1-123-CJ,B04,,218.7,,MAW,PT60M,10YES-REE------0,ES
2020-01-01T03:00:00+00:00,COFRENTES,18WCOF1-12345-B2,B14,,1057.5,,MAW,PT60M,10YES-REE------0,ES
2020-01-01T03:00:00+00:00,CTN4TG2,18WCTN4TG2-123-F,B04,,92.8,,MAW,PT60M,10YES-REE------0,ES
2020-01-01T03:00:00+00:00,MUELA 2B,18WMUE2B-12345-X,B10,,100.3,,MAW,PT60M,10YES-REE------0,ES
2020-01-01T03:00:00+00:00,MUELA 4B,18WMUE4B-12345-D,B10,,211.4,,MAW,PT60M,10YES-REE------0,ES
2020-01-01T03:00:00+00:00,MUELA 6B,18WMUE6B-12345-U,B10,,111.0,,MAW,PT60M,10YES-REE------0,ES
2020-01-01T03:00:00+00:00,P.NUEVO 3,18WPNN3-12345-DT,B05,,138.5,,MAW,PT60M,10YES-REE------0,ES
2020-01-01T03:00:00+00:00,PBCN1,18WPBCN1-1234-PG,B04,,173.3,,MAW,PT60M,10YES-REE------0,ES
2020-01-01T03:00:00+00:00,PGR5TG2,18WPGR5TG2-123-M,B04,,117.5,,MAW,PT60M,10YES-REE------0,ES
2020-01-01T03:00:00+00:00,PGR5TV,18WPGR5TV-1234-A,B04,,94.4,,MAW,PT60M,10YES-REE------0,ES
2020-01-01T03:00:00+00:00,RICOBA II1,18WRIC21-1234-AZ,B12,,137.4,,MAW,PT60M,10YES-REE------0,ES
2020-01-01T03:00:00+00:00,S.ROQUE 1,18WSROQ1-1234-CJ,B04,,353.9,,MAW,PT60M,10YES-REE------0,ES
2020-01-01T03:00:00+00:00,SAGU2,18WSAGU2-1234-C3,B04,,334.9,,MAW,PT60M,10YES-REE------0,ES
2020-01-01T03:00:00+00:00,SALLENT 2B,18WSLT2B-12345-9,B10,,87.5,,MAW,PT60M,10YES-REE------0,ES
2020-01-01T03:00:00+00:00,SALLENT 3B,18WSLT3B--1234-V,B10,,0.2,,MAW,PT60M,10YES-REE------0,ES
2020-01-01T03:00:00+00:00,SALLENT 4B,18WSLT4B-12345-Q,B10,,79.9,,MAW,PT60M,10YES-REE------0,ES
2020-01-01T03:00:00+00:00,SAUCE II 1,18WSA21-12345-AX,B12,,121.5,,MAW,PT60M,10YES-REE------0,ES
2020-01-01T03:00:00+00:00,SAUCE II 2,18WSA22-12345-AN,B12,,121.5,,MAW,PT60M,10YES-REE------0,ES
2020-01-01T03:00:00+00:00,SBO3,18WSBO3-12345-CE,B04,,251.4,,MAW,PT60M,10YES-REE------0,ES
2020-01-01T03:00:00+00:00,SOTO 5,18WSRI5-12345--5,B04,,363.6,,MAW,PT60M,10YES-REE------0,ES
2020-01-01T03:00:00+00:00,TAJOENC 2B,18WTJE2B-12345-0,B10,,104.0,,MAW,PT60M,10YES-REE------0,ES
2020-01-01T03:00:00+00:00,TAJOENC 4B,18WTJE4B-12345-H,B10,,71.6,,MAW,PT60M,10YES-REE------0,ES
2020-01-01T03:00:00+00:00,TERUEL 2,18WTER2-12345-DE,B05,,245.1,,MAW,PT60M,10YES-REE------0,ES
2020-01-01T03:00:00+00:00,TRILLO,18WTRL1-12345-BC,B14,,989.0,,MAW,PT60M,10YES-REE------0,ES
2020-01-01T03:00:00+00:00,VANDELLOS,18WVAN2-12345-BA,B14,,1037.7,,MAW,PT60M,10YES-REE------0,ES
2020-01-01T03:00:00+00:00,VLLRINO 1B,18WVRN1B-12345-B,B10,,137.6,,MAW,PT60M,10YES-REE------0,ES
2020-01-01T03:00:00+00:00,VLLRINO 2B,18WVRN2B-12345-1,B10,,136.7,,MAW,PT60M,10YES-REE------0,ES
2020-01-01T03:00:00+00:00,VLLRINO 3B,18WVRN3B-12345-S,B10,,137.5,,MAW,PT60M,10YES-REE------0,ES
2020-01-01T03:00:00+00:00,VLLRINO 4B,18WVRN4B-12345-I,B10,,138.1,,MAW,PT60M,10YES-REE------0,ES
2020-01-01T03:00:00+00:00,VLLRINO 4G,18WVRN4-12345-AA,B12,,0.0,,MAW,PT60M,10YES-REE------0,ES
2020-01-01T03:00:00+00:00,VLLRINO 5G,18WVRN5-12345-A0,B12,,0.0,,MAW,PT60M,10YES-REE------0,ES
2020-01-01T03:00:00+00:00,VLLRINO 6B,18WVRN6B-12345-Z,B10,,143.8,,MAW,PT60M,10YES-REE------0,ES
2020-01-01T04:00:00+00:00,ALDEA I G1,18WAL11-12345-AZ,B12,,61.0,,MAW,PT60M,10YES-REE------0,ES
2020-01-01T04:00:00+00:00,ALDEA I G2,18WAL12-12345-AP,B12,,62.2,,MAW,PT60M,10YES-REE------0,ES
2020-01-01T04:00:00+00:00,ALDEA I G3,18WAL13-12345-AF,B12,,60.9,,MAW,PT60M,10YES-REE------0,ES
2020-01-01T04:00:00+00:00,ALDEA I G4,18WAL14-12345-A5,B12,,60.6,,MAW,PT60M,10YES-REE------0,ES
2020-01-01T04:00:00+00:00,ALDEA I G5,18WAL15-12345-AW,B12,,60.5,,MAW,PT60M,10YES-REE------0,ES
2020-01-01T04:00:00+00:00,ALDEA I G6,18WAL16-12345-AM,B12,,60.9,,MAW,PT60M,10YES-REE------0,ES
2020-01-01T04:00:00+00:00,ALMARAZ 1,18WALZ1-12345-BT,B14,,1006.7,,MAW,PT60M,10YES-REE------0,ES
2020-01-01T04:00:00+00:00,ALMARAZ 2,18WALZ2-12345-BJ,B14,,1005.0,,MAW,PT60M,10YES-REE------0,ES
2020-01-01T04:00:00+00:00,AMBITG2,18WAMBITG2-12-CT,B04,,246.9,,MAW,PT60M,10YES-REE------0,ES
2020-01-01T04:00:00+00:00,AMBITV,18WAMBITV-123-CK,B04,,123.9,,MAW,PT60M,10YES-REE------0,ES
2020-01-01T04:00:00+00:00,ASCO 1,18WASC1-12345-BD,B14,,1007.7,,MAW,PT60M,10YES-REE------0,ES
2020-01-01T04:00:00+00:00,ASCO 2,18WASC2-12345-B3,B14,,1002.0,,MAW,PT60M,10YES-REE------0,ES
2020-01-01T04:00:00+00:00,BAHITG2,18WBAHITG2-12-CK,B04,,178.2,,MAW,PT60M,10YES-REE------0,ES
2020-01-01T04:00:00+00:00,BAHITV,18WBAHITV-123-CB,B04,,105.7,,MAW,PT60M,10YES-REE------0,ES
2020-01-01T04:00:00+00:00,BESOS 3,18WBES3-12345-C7,B04,,167.2,,MAW,PT60M,10YES-REE------0,ES
2020-01-01T04:00:00+00:00,BESOS 4,18WBES4-12345-CY,B04,,345.0,,MAW,PT60M,10YES-REE------0,ES
2020-01-01T04:00:00+00:00,CARTAGENA1,18WCTGN1-1234-CP,B04,,397.7,,MAW,PT60M,10YES-REE------0,ES
2020-01-01T04:00:00+00:00,CARTAGENA3,18WCTGN3-1234-C7,B04,,402.4,,MAW,PT60M,10YES-REE------0,ES
2020-01-01T04:00:00+00:00,CASTEJON 1,18WCTJON1-123-CJ,B04,,255.7,,MAW,PT60M,10YES-REE------0,ES
2020-01-01T04:00:00+00:00,COFRENTES,18WCOF1-12345-B2,B14,,1057.2,,MAW,PT60M,10YES-REE------0,ES
2020-01-01T04:00:00+00:00,CTN4TG2,18WCTN4TG2-123-F,B04,,90.5,,MAW,PT60M,10YES-REE------0,ES
2020-01-01T04:00:00+00:00,CTN4TV,18WCTN4TV-1234-3,B04,,83.2,,MAW,PT60M,10YES-REE------0,ES
2020-01-01T04:00:00+00:00,MUELA 2B,18WMUE2B-12345-X,B10,,197.5,,MAW,PT60M,10YES-REE------0,ES
2020-01-01T04:00:00+00:00,MUELA 3B,18WMUE3B-12345-N,B10,,167.1,,MAW,PT60M,10YES-REE------0,ES
2020-01-01T04:00:00+00:00,MUELA 4B,18WMUE4B-12345-D,B10,,211.5,,MAW,PT60M,10YES-REE------0,ES
2020-01-01T04:00:00+00:00,MUELA 6B,18WMUE6B-12345-U,B10,,0.0,,MAW,PT60M,10YES-REE------0,ES
2020-01-01T04:00:00+00:00,P.NUEVO 3,18WPNN3-12345-DT,B05,,138.4,,MAW,PT60M,10YES-REE------0,ES
2020-01-01T04:00:00+00:00,PBCN1,18WPBCN1-1234-PG,B04,,179.1,,MAW,PT60M,10YES-REE------0,ES
2020-01-01T04:00:00+00:00,PGR5TG2,18WPGR5TG2-123-M,B04,,137.8,,MAW,PT60M,10YES-REE------0,ES
2020-01-01T04:00:00+00:00,PGR5TV,18WPGR5TV-1234-A,B04,,100.5,,MAW,PT60M,10YES-REE------0,ES
2020-01-01T04:00:00+00:00,RICOBA II1,18WRIC21-1234-AZ,B12,,136.9,,MAW,PT60M,10YES-REE------0,ES
2020-01-01T04:00:00+00:00,S.EST IIG1,18WEST21-12345-C,B12,,163.5,,MAW,PT60M,10YES-REE------0,ES
2020-01-01T04:00:00+00:00,S.ROQUE 1,18WSROQ1-1234-CJ,B04,,360.2,,MAW,PT60M,10YES-REE------0,ES
2020-01-01T04:00:00+00:00,SAGU2,18WSAGU2-1234-C3,B04,,375.5,,MAW,PT60M,10YES-REE------0,ES
2020-01-01T04:00:00+00:00,SALLENT 2B,18WSLT2B-12345-9,B10,,99.6,,MAW,PT60M,10YES-REE------0,ES
2020-01-01T04:00:00+00:00,SALLENT 4B,18WSLT4B-12345-Q,B10,,100.8,,MAW,PT60M,10YES-REE------0,ES
2020-01-01T04:00:00+00:00,SAUCE II 1,18WSA21-12345-AX,B12,,117.8,,MAW,PT60M,10YES-REE------0,ES
2020-01-01T04:00:00+00:00,SAUCE II 2,18WSA22-12345-AN,B12,,117.8,,MAW,PT60M,10YES-REE------0,ES
2020-01-01T04:00:00+00:00,SBO3,18WSBO3-12345-CE,B04,,163.8,,MAW,PT60M,10YES-REE------0,ES
2020-01-01T04:00:00+00:00,SOTO 5,18WSRI5-12345--5,B04,,323.1,,MAW,PT60M,10YES-REE------0,ES
2020-01-01T04:00:00+00:00,TAJOENC 2B,18WTJE2B-12345-0,B10,,103.4,,MAW,PT60M,10YES-REE------0,ES
2020-01-01T04:00:00+00:00,TAJOENC 3B,18WTJE3B-12345-R,B10,,8.0,,MAW,PT60M,10YES-REE------0,ES
2020-01-01T04:00:00+00:00,TAJOENC 4B,18WTJE4B-12345-H,B10,,100.9,,MAW,PT60M,10YES-REE------0,ES
2020-01-01T04:00:00+00:00,TERUEL 2,18WTER2-12345-DE,B05,,251.6,,MAW,PT60M,10YES-REE------0,ES
2020-01-01T04:00:00+00:00,TRILLO,18WTRL1-12345-BC,B14,,989.8,,MAW,PT60M,10YES-REE------0,ES
2020-01-01T04:00:00+00:00,VANDELLOS,18WVAN2-12345-BA,B14,,1037.8,,MAW,PT60M,10YES-REE------0,ES
2020-01-01T04:00:00+00:00,VILLALC 21,18WVC21-12345-A7,B12,,104.8,,MAW,PT60M,10YES-REE------0,ES
2020-01-01T04:00:00+00:00,VLLRINO 1B,18WVRN1B-12345-B,B10,,137.7,,MAW,PT60M,10YES-REE------0,ES
2020-01-01T04:00:00+00:00,VLLRINO 2B,18WVRN2B-12345-1,B10,,137.0,,MAW,PT60M,10YES-REE------0,ES
2020-01-01T04:00:00+00:00,VLLRINO 3B,18WVRN3B-12345-S,B10,,137.6,,MAW,PT60M,10YES-REE------0,ES
2020-01-01T04:00:00+00:00,VLLRINO 4B,18WVRN4B-12345-I,B10,,138.2,,MAW,PT60M,10YES-REE------0,ES
2020-01-01T04:00:00+00:00,VLLRINO 6B,18WVRN6B-12345-Z,B10,,143.9,,MAW,PT60M,10YES-REE------0,ES
2020-01-01T05:00:00+00:00,ACECA 3,18WACE3-12345-CD,B04,,160.2,,MAW,PT60M,10YES-REE------0,ES
2020-01-01T05:00:00+00:00,ALDEA I G1,18WAL11-12345-AZ,B12,,61.7,,MAW,PT60M,10YES-REE------0,ES
2020-01-01T05:00:00+00:00,ALDEA I G2,18WAL12-12345-AP,B12,,62.5,,MAW,PT60M,10YES-REE------0,ES
2020-01-01T05:00:00+00:00,ALDEA I G3,18WAL13-12345-AF,B12,,61.3,,MAW,PT60M,10YES-REE------0,ES
2020-01-01T05:00:00+00:00,ALDEA I G4,18WAL14-12345-A5,B12,,61.5,,MAW,PT60M,10YES-REE------0,ES
2020-01-01T05:00:00+00:00,ALDEA I G5,18WAL15-12345-AW,B12,,61.5,,MAW,PT60M,10YES-REE------0,ES
2020-01-01T05:00:00+00:00,ALDEA I G6,18WAL16-12345-AM,B12,,61.4,,MAW,PT60M,10YES-REE------0,ES
2020-01-01T05:00:00+00:00,ALDEA IIG2,18WAL22-12345-AE,B12,,200.1,,MAW,PT60M,10YES-REE------0,ES
2020-01-01T05:00:00+00:00,ALMARAZ 1,18WALZ1-12345-BT,B14,,1006.8,,MAW,PT60M,10YES-REE------0,ES
2020-01-01T05:00:00+00:00,ALMARAZ 2,18WALZ2-12345-BJ,B14,,1005.1,,MAW,PT60M,10YES-REE------0,ES
2020-01-01T05:00:00+00:00,AMBITG2,18WAMBITG2-12-CT,B04,,220.5,,MAW,PT60M,10YES-REE------0,ES
2020-01-01T05:00:00+00:00,AMBITV,18WAMBITV-123-CK,B04,,116.3,,MAW,PT60M,10YES-REE------0,ES
2020-01-01T05:00:00+00:00,ASCO 1,18WASC1-12345-BD,B14,,1007.9,,MAW,PT60M,10YES-REE------0,ES
2020-01-01T05:00:00+00:00,ASCO 2,18WASC2-12345-B3,B14,,1002.4,,MAW,PT60M,10YES-REE------0,ES
2020-01-01T05:00:00+00:00,BAHITG2,18WBAHITG2-12-CK,B04,,249.5,,MAW,PT60M,10YES-REE------0,ES
2020-01-01T05:00:00+00:00,BAHITV,18WBAHITV-123-CB,B04,,124.6,,MAW,PT60M,10YES-REE------0,ES
2020-01-01T05:00:00+00:00,BESOS 3,18WBES3-12345-C7,B04,,226.3,,MAW,PT60M,10YES-REE------0,ES
2020-01-01T05:00:00+00:00,BESOS 4,18WBES4-12345-CY,B04,,339.3,,MAW,PT60M,10YES-REE------0,ES
2020-01-01T05:00:00+00:00,CARTAGENA1,18WCTGN1-1234-CP,B04,,391.3,,MAW,PT60M,10YES-REE------0,ES
2020-01-01T05:00:00+00:00,CARTAGENA3,18WCTGN3-1234-C7,B04,,396.4,,MAW,PT60M,10YES-REE------0,ES
2020-01-01T05:00:00+00:00,CASTEJON 1,18WCTJON1-123-CJ,B04,,321.1,,MAW,PT60M,10YES-REE------0,ES
2020-01-01T05:00:00+00:00,COFRENTES,18WCOF1-12345-B2,B14,,1056.8,,MAW,PT60M,10YES-REE------0,ES
2020-01-01T05:00:00+00:00,CTN4TG2,18WCTN4TG2-123-F,B04,,89.1,,MAW,PT60M,10YES-REE------0,ES
2020-01-01T05:00:00+00:00,CTN4TV,18WCTN4TV-1234-3,B04,,82.5,,MAW,PT60M,10YES-REE------0,ES
2020-01-01T05:00:00+00:00,MUELA 2B,18WMUE2B-12345-X,B10,,197.1,,MAW,PT60M,10YES-REE------0,ES
2020-01-01T05:00:00+00:00,MUELA 3B,18WMUE3B-12345-N,B10,,195.1,,MAW,PT60M,10YES-REE------0,ES
2020-01-01T05:00:00+00:00,MUELA 4B,18WMUE4B-12345-D,B10,,211.2,,MAW,PT60M,10YES-REE------0,ES
2020-01-01T05:00:00+00:00,P.NUEVO 3,18WPNN3-12345-DT,B05,,138.7,,MAW,PT60M,10YES-REE------0,ES
2020-01-01T05:00:00+00:00,PBCN1,18WPBCN1-1234-PG,B04,,291.5,,MAW,PT60M,10YES-REE------0,ES
2020-01-01T05:00:00+00:00,PGR5TG2,18WPGR5TG2-123-M,B04,,128.5,,MAW,PT60M,10YES-REE------0,ES
2020-01-01T05:00:00+00:00,PGR5TV,18WPGR5TV-1234-A,B04,,98.6,,MAW,PT60M,10YES-REE------0,ES
2020-01-01T05:00:00+00:00,RICOBA II1,18WRIC21-1234-AZ,B12,,137.6,,MAW,PT60M,10YES-REE------0,ES
2020-01-01T05:00:00+00:00,S.EST IIG1,18WEST21-12345-C,B12,,163.8,,MAW,PT60M,10YES-REE------0,ES
2020-01-01T05:00:00+00:00,S.ROQUE 1,18WSROQ1-1234-CJ,B04,,345.4,,MAW,PT60M,10YES-REE------0,ES
2020-01-01T05:00:00+00:00,SAGU2,18WSAGU2-1234-C3,B04,,353.7,,MAW,PT60M,10YES-REE------0,ES
2020-01-01T05:00:00+00:00,SALLENT 1B,18WSLT1B-12345-J,B10,,0.2,,MAW,PT60M,10YES-REE------0,ES
2020-01-01T05:00:00+00:00,SALLENT 2B,18WSLT2B-12345-9,B10,,99.3,,MAW,PT60M,10YES-REE------0,ES
2020-01-01T05:00:00+00:00,SALLENT 4B,18WSLT4B-12345-Q,B10,,100.5,,MAW,PT60M,10YES-REE------0,ES
2020-01-01T05:00:00+00:00,SAUCE II 1,18WSA21-12345-AX,B12,,119.4,,MAW,PT60M,10YES-REE------0,ES
2020-01-01T05:00:00+00:00,SAUCE II 2,18WSA22-12345-AN,B12,,119.4,,MAW,PT60M,10YES-REE------0,ES
2020-01-01T05:00:00+00:00,SBO3,18WSBO3-12345-CE,B04,,259.7,,MAW,PT60M,10YES-REE------0,ES
2020-01-01T05:00:00+00:00,SOTO 5,18WSRI5-12345--5,B04,,302.1,,MAW,PT60M,10YES-REE------0,ES
2020-01-01T05:00:00+00:00,TAJOENC 2B,18WTJE2B-12345-0,B10,,102.5,,MAW,PT60M,10YES-REE------0,ES
2020-01-01T05:00:00+00:00,TAJOENC 3B,18WTJE3B-12345-R,B10,,102.9,,MAW,PT60M,10YES-REE------0,ES
2020-01-01T05:00:00+00:00,TAJOENC 4B,18WTJE4B-12345-H,B10,,99.7,,MAW,PT60M,10YES-REE------0,ES
2020-01-01T05:00:00+00:00,TERUEL 2,18WTER2-12345-DE,B05,,251.1,,MAW,PT60M,10YES-REE------0,ES
2020-01-01T05:00:00+00:00,VANDELLOS,18WVAN2-12345-BA,B14,,1037.9,,MAW,PT60M,10YES-REE------0,ES
2020-01-01T05:00:00+00:00,VILLALC 21,18WVC21-12345-A7,B12,,104.7,,MAW,PT60M,10YES-REE------0,ES
2020-01-01T05:00:00+00:00,VLLRINO 1B,18WVRN1B-12345-B,B10,,137.5,,MAW,PT60M,10YES-REE------0,ES
2020-01-01T05:00:00+00:00,VLLRINO 2B,18WVRN2B-12345-1,B10,,136.7,,MAW,PT60M,10YES-REE------0,ES
2020-01-01T05:00:00+00:00,VLLRINO 3B,18WVRN3B-12345-S,B10,,137.4,,MAW,PT60M,10YES-REE------0,ES
2020-01-01T05:00:00+00:00,VLLRINO 4B,18WVRN4B-12345-I,B10,,138.0,,MAW,PT60M,10YES-REE------0,ES
2020-01-01T05:00:00+00:00,VLLRINO 6B,18WVRN6B-12345-Z,B10,,143.8,,MAW,PT60M,10YES-REE------0,ES
2020-01-01T06:00:00+00:00,ACECA 3,18WACE3-12345-CD,B04,,160.3,,MAW,PT60M,10YES-REE------0,ES
2020-01-01T06:00:00+00:00,ALDEA I G1,18WAL11-12345-AZ,B12,,53.8,,MAW,PT60M,10YES-REE------0,ES
2020-01-01T06:00:00+00:00,ALDEA I G2,18WAL12-12345-AP,B12,,59.1,,MAW,PT60M,10YES-REE------0,ES
2020-01-01T06:00:00+00:00,ALDEA I G3,18WAL13-12345-AF,B12,,58.1,,MAW,PT60M,10YES-REE------0,ES
2020-01-01T06:00:00+00:00,ALDEA I G4,18WAL14-12345-A5,B12,,58.5,,MAW,PT60M,10YES-REE------0,ES
2020-01-01T06:00:00+00:00,ALDEA I G5,18WAL15-12345-AW,B12,,58.1,,MAW,PT60M,10YES-REE------0,ES
2020-01-01T06:00:00+00:00,ALDEA I G6,18WAL16-12345-AM,B12,,58.5,,MAW,PT60M,10YES-REE------0,ES
2020-01-01T06:00:00+00:00,ALDEA IIG1,18WAL21-12345-AO,B12,,199.4,,MAW,PT60M,10YES-REE------0,ES
2020-01-01T06:00:00+00:00,ALDEA IIG2,18WAL22-12345-AE,B12,,200.0,,MAW,PT60M,10YES-REE------0,ES
2020-01-01T06:00:00+00:00,ALMARAZ 1,18WALZ1-12345-BT,B14,,1006.4,,MAW,PT60M,10YES-REE------0,ES
2020-01-01T06:00:00+00:00,ALMARAZ 2,18WALZ2-12345-BJ,B14,,1004.7,,MAW,PT60M,10YES-REE------0,ES
2020-01-01T06:00:00+00:00,AMBITG2,18WAMBITG2-12-CT,B04,,225.2,,MAW,PT60M,10YES-REE------0,ES
2020-01-01T06:00:00+00:00,AMBITV,18WAMBITV-123-CK,B04,,117.1,,MAW,PT60M,10YES-REE------0,ES
2020-01-01T06:00:00+00:00,ASCO 1,18WASC1-12345-BD,B14,,1008.0,,MAW,PT60M,10YES-REE------0,ES
2020-01-01T06:00:00+00:00,BAHITG2,18WBAHITG2-12-CK,B04,,243.3,,MAW,PT60M,10YES-REE------0,ES
2020-01-01T06:00:00+00:00,BAHITV,18WBAHITV-123-CB,B04,,124.3,,MAW,PT60M,10YES-REE------0,ES
2020-01-01T06:00:00+00:00,BELESAR 3,18WBEL3-12345-AE,B12,,96.5,,MAW,PT60M,10YES-REE------0,ES
2020-01-01T06:00:00+00:00,BESOS 3,18WBES3-12345-C7,B04,,259.2,,MAW,PT60M,10YES-REE------0,ES
2020-01-01T06:00:00+00:00,BESOS 4,18WBES4-12345-CY,B04,,278.0,,MAW,PT60M,10YES-REE------0,ES
2020-01-01T06:00:00+00:00,CARTAGENA1,18WCTGN1-1234-CP,B04,,353.4,,MAW,PT60M,10YES-REE------0,ES
2020-01-01T06:00:00+00:00,CARTAGENA3,18WCTGN3-1234-C7,B04,,356.7,,MAW,PT60M,10YES-REE------0,ES
2020-01-01T06:00:00+00:00,CASTEJON 1,18WCTJON1-123-CJ,B04,,345.4,,MAW,PT60M,10YES-REE------0,ES
2020-01-01T06:00:00+00:00,COFRENTES,18WCOF1-12345-B2,B14,,1057.2,,MAW,PT60M,10YES-REE------0,ES
2020-01-01T06:00:00+00:00,CTN4TG2,18WCTN4TG2-123-F,B04,,82.7,,MAW,PT60M,10YES-REE------0,ES
2020-01-01T06:00:00+00:00,CTN4TV,18WCTN4TV-1234-3,B04,,80.4,,MAW,PT60M,10YES-REE------0,ES
2020-01-01T06:00:00+00:00,MUELA 2B,18WMUE2B-12345-X,B10,,197.2,,MAW,PT60M,10YES-REE------0,ES
2020-01-01T06:00:00+00:00,MUELA 3B,18WMUE3B-12345-N,B10,,195.2,,MAW,PT60M,10YES-REE------0,ES
2020-01-01T06:00:00+00:00,MUELA 4B,18WMUE4B-12345-D,B10,,211.3,,MAW,PT60M,10YES-REE------0,ES
2020-01-01T06:00:00+00:00,P.NUEVO 3,18WPNN3-12345-DT,B05,,138.2,,MAW,PT60M,10YES-REE------0,ES
2020-01-01T06:00:00+00:00,PBCN1,18WPBCN1-1234-PG,B04,,279.3,,MAW,PT60M,10YES-REE------0,ES
2020-01-01T06:00:00+00:00,PGR5TG2,18WPGR5TG2-123-M,B04,,149.3,,MAW,PT60M,10YES-REE------0,ES
2020-01-01T06:00:00+00:00,PGR5TV,18WPGR5TV-1234-A,B04,,104.3,,MAW,PT60M,10YES-REE------0,ES
2020-01-01T06:00:00+00:00,RICOBA II1,18WRIC21-1234-AZ,B12,,136.7,,MAW,PT60M,10YES-REE------0,ES
2020-01-01T06:00:00+00:00,S.EST IIG1,18WEST21-12345-C,B12,,163.7,,MAW,PT60M,10YES-REE------0,ES
2020-01-01T06:00:00+00:00,S.ROQUE 1,18WSROQ1-1234-CJ,B04,,269.0,,MAW,PT60M,10YES-REE------0,ES
2020-01-01T06:00:00+00:00,SAGU2,18WSAGU2-1234-C3,B04,,302.8,,MAW,PT60M,10YES-REE------0,ES
2020-01-01T06:00:00+00:00,SALLENT 1B,18WSLT1B-12345-J,B10,,0.1,,MAW,PT60M,10YES-REE------0,ES
2020-01-01T06:00:00+00:00,SALLENT 2B,18WSLT2B-12345-9,B10,,98.9,,MAW,PT60M,10YES-REE------0,ES
2020-01-01T06:00:00+00:00,SALLENT 3B,18WSLT3B--1234-V,B10,,0.1,,MAW,PT60M,10YES-REE------0,ES
2020-01-01T06:00:00+00:00,SALLENT 4B,18WSLT4B-12345-Q,B10,,100.4,,MAW,PT60M,10YES-REE------0,ES
2020-01-01T06:00:00+00:00,SAUCE II 1,18WSA21-12345-AX,B12,,114.2,,MAW,PT60M,10YES-REE------0,ES
2020-01-01T06:00:00+00:00,SAUCE II 2,18WSA22-12345-AN,B12,,114.2,,MAW,PT60M,10YES-REE------0,ES
2020-01-01T06:00:00+00:00,SBO3,18WSBO3-12345-CE,B04,,248.4,,MAW,PT60M,10YES-REE------0,ES
2020-01-01T06:00:00+00:00,SOTO 5,18WSRI5-12345--5,B04,,274.2,,MAW,PT60M,10YES-REE------0,ES
2020-01-01T06:00:00+00:00,TAJOENC 2B,18WTJE2B-12345-0,B10,,101.8,,MAW,PT60M,10YES-REE------0,ES
2020-01-01T06:00:00+00:00,TAJOENC 3B,18WTJE3B-12345-R,B10,,102.2,,MAW,PT60M,10YES-REE------0,ES
2020-01-01T06:00:00+00:00,TAJOENC 4B,18WTJE4B-12345-H,B10,,99.6,,MAW,PT60M,10YES-REE------0,ES
2020-01-01T06:00:00+00:00,TERUEL 2,18WTER2-12345-DE,B05,,250.9,,MAW,PT60M,10YES-REE------0,ES
2020-01-01T06:00:00+00:00,TRILLO,18WTRL1-12345-BC,B14,,990.2,,MAW,PT60M,10YES-REE------0,ES
2020-01-01T06:00:00+00:00,VANDELLOS,18WVAN2-12345-BA,B14,,1038.3,,MAW,PT60M,10YES-REE------0,ES
2020-01-01T06:00:00+00:00,VILLALC 21,18WVC21-12345-A7,B12,,104.6,,MAW,PT60M,10YES-REE------0,ES
2020-01-01T06:00:00+00:00,VLLRINO 1B,18WVRN1B-12345-B,B10,,137.7,,MAW,PT60M,10YES-REE------0,ES
2020-01-01T06:00:00+00:00,VLLRINO 2B,18WVRN2B-12345-1,B10,,136.9,,MAW,PT60M,10YES-REE------0,ES
2020-01-01T06:00:00+00:00,VLLRINO 3B,18WVRN3B-12345-S,B10,,137.6,,MAW,PT60M,10YES-REE------0,ES
2020-01-01T06:00:00+00:00,VLLRINO 4B,18WVRN4B-12345-I,B10,,138.2,,MAW,PT60M,10YES-REE------0,ES
2020-01-01T06:00:00+00:00,VLLRINO 6B,18WVRN6B-12345-Z,B10,,143.9,,MAW,PT60M,10YES-REE------0,ES
2020-01-01T07:00:00+00:00,ALDEA I G1,18WAL11-12345-AZ,B12,,51.8,,MAW,PT60M,10YES-REE------0,ES
2020-01-01T07:00:00+00:00,ALDEA I G2,18WAL12-12345-AP,B12,,54.0,,MAW,PT60M,10YES-REE------0,ES
2020-01-01T07:00:00+00:00,ALDEA I G3,18WAL13-12345-AF,B12,,54.1,,MAW,PT60M,10YES-REE------0,ES
2020-01-01T07:00:00+00:00,ALDEA I G4,18WAL14-12345-A5,B12,,53.8,,MAW,PT60M,10YES-REE------0,ES
2020-01-01T07:00:00+00:00,ALDEA I G5,18WAL15-12345-AW,B12,,54.2,,MAW,PT60M,10YES-REE------0,ES
2020-01-01T07:00:00+00:00,ALDEA I G6,18WAL16-12345-AM,B12,,54.0,,MAW,PT60M,10YES-REE------0,ES
2020-01-01T07:00:00+00:00,ALDEA IIG1,18WAL21-12345-AO,B12,,188.2,,MAW,PT60M,10YES-REE------0,ES
2020-01-01T07:00:00+00:00,ALDEA IIG2,18WAL22-12345-AE,B12,,190.7,,MAW,PT60M,10YES-REE------0,ES
2020-01-01T07:00:00+00:00,ALMARAZ 2,18WALZ2-12345-BJ,B14,,1004.8,,MAW,PT60M,10YES-REE------0,ES
2020-01-01T07:00:00+00:00,AMBITG2,18WAMBITG2-12-CT,B04,,198.9,,MAW,PT60M,10YES-REE------0,ES
2020-01-01T07:00:00+00:00,AMBITV,18WAMBITV-123-CK,B04,,112.1,,MAW,PT60M,10YES-REE------0,ES
2020-01-01T07:00:00+00:00,ASCO 1,18WASC1-12345-BD,B14,,1007.6,,MAW,PT60M,10YES-REE------0,ES
2020-01-01T07:00:00+00:00,ASCO 2,18WASC2-12345-B3,B14,,1002.6,,MAW,PT60M,10YES-REE------0,ES
2020-01-01T07:00:00+00:00,BAHITG2,18WBAHITG2-12-CK,B04,,249.8,,MAW,PT60M,10YES-REE------0,ES
2020-01-01T07:00:00+00:00,BAHITV,18WBAHITV-123-CB,B04,,126.3,,MAW,PT60M,10YES-REE------0,ES
2020-01-01T07:00:00+00:00,BESOS 3,18WBES3-12345-C7,B04,,306.4,,MAW,PT60M,10YES-REE------0,ES
2020-01-01T07:00:00+00:00,BESOS 4,18WBES4-12345-CY,B04,,214.8,,MAW,PT60M,10YES-REE------0,ES
2020-01-01T07:00:00+00:00,CARTAGENA1,18WCTGN1-1234-CP,B04,,295.1,,MAW,PT60M,10YES-REE------0,ES
2020-01-01T07:00:00+00:00,CARTAGENA3,18WCTGN3-1234-C7,B04,,290.4,,MAW,PT60M,10YES-REE------0,ES
2020-01-01T07:00:00+00:00,CASTEJON 1,18WCTJON1-123-CJ,B04,,320.8,,MAW,PT60M,10YES-REE------0,ES
2020-01-01T07:00:00+00:00,COFRENTES,18WCOF1-12345-B2,B14,,1057.1,,MAW,PT60M,10YES-REE------0,ES
2020-01-01T07:00:00+00:00,CTN4TG2,18WCTN4TG2-123-F,B04,,81.9,,MAW,PT60M,10YES-REE------0,ES
2020-01-01T07:00:00+00:00,CTN4TV,18WCTN4TV-1234-3,B04,,80.1,,MAW,PT60M,10YES-REE------0,ES
2020-01-01T07:00:00+00:00,LA ISLA,18W000000000FUZA,B16,,0.6,,MAW,PT60M,10YES-REE------0,ES
2020-01-01T07:00:00+00:00,MUELA 2B,18WMUE2B-12345-X,B10,,196.9,,MAW,PT60M,10YES-REE------0,ES
2020-01-01T07:00:00+00:00,MUELA 3B,18WMUE3B-12345-N,B10,,194.7,,MAW,PT60M,10YES-REE------0,ES
2020-01-01T07:00:00+00:00,MUELA 4B,18WMUE4B-12345-D,B10,,211.1,,MAW,PT60M,10YES-REE------0,ES
2020-01-01T07:00:00+00:00,P.NUEVO 3,18WPNN3-12345-DT,B05,,137.7,,MAW,PT60M,10YES-REE------0,ES
2020-01-01T07:00:00+00:00,PBCN1,18WPBCN1-1234-PG,B04,,250.0,,MAW,PT60M,10YES-REE------0,ES
2020-01-01T07:00:00+00:00,PGR5TG2,18WPGR5TG2-123-M,B04,,164.4,,MAW,PT60M,10YES-REE------0,ES
2020-01-01T07:00:00+00:00,PGR5TV,18WPGR5TV-1234-A,B04,,110.4,,MAW,PT60M,10YES-REE------0,ES
2020-01-01T07:00:00+00:00,RICOBA II1,18WRIC21-1234-AZ,B12,,136.8,,MAW,PT60M,10YES-REE------0,ES
2020-01-01T07:00:00+00:00,RODRI,18W000000000AI2L,B16,,0.7,,MAW,PT60M,10YES-REE------0,ES
2020-01-01T07:00:00+00:00,S.EST IIG1,18WEST21-12345-C,B12,,163.5,,MAW,PT60M,10YES-REE------0,ES
2020-01-01T07:00:00+00:00,S.ROQUE 1,18WSROQ1-1234-CJ,B04,,176.3,,MAW,PT60M,10YES-REE------0,ES
2020-01-01T07:00:00+00:00,SAGU2,18WSAGU2-1234-C3,B04,,222.0,,MAW,PT60M,10YES-REE------0,ES
2020-01-01T07:00:00+00:00,SALLENT 2B,18WSLT2B-12345-9,B10,,0.1,,MAW,PT60M,10YES-REE------0,ES
2020-01-01T07:00:00+00:00,SALLENT 4B,18WSLT4B-12345-Q,B10,,7.0,,MAW,PT60M,10YES-REE------0,ES
2020-01-01T07:00:00+00:00,SAUCE II 1,18WSA21-12345-AX,B12,,123.3,,MAW,PT60M,10YES-REE------0,ES
2020-01-01T07:00:00+00:00,SAUCE II 2,18WSA22-12345-AN,B12,,123.3,,MAW,PT60M,10YES-REE------0,ES
2020-01-01T07:00:00+00:00,SBO3,18WSBO3-12345-CE,B04,,240.3,,MAW,PT60M,10YES-REE------0,ES
2020-01-01T07:00:00+00:00,SOTO 5,18WSRI5-12345--5,B04,,257.5,,MAW,PT60M,10YES-REE------0,ES
2020-01-01T07:00:00+00:00,TAJOENC 2B,18WTJE2B-12345-0,B10,,101.2,,MAW,PT60M,10YES-REE------0,ES
2020-01-01T07:00:00+00:00,TAJOENC 3B,18WTJE3B-12345-R,B10,,28.5,,MAW,PT60M,10YES-REE------0,ES
2020-01-01T07:00:00+00:00,TAJOENC 4B,18WTJE4B-12345-H,B10,,99.8,,MAW,PT60M,10YES-REE------0,ES
2020-01-01T07:00:00+00:00,TRILLO,18WTRL1-12345-BC,B14,,990.0,,MAW,PT60M,10YES-REE------0,ES
2020-01-01T07:00:00+00:00,UF MULA,18W000000000F3CQ,B16,,6.6,,MAW,PT60M,10YES-REE------0,ES
2020-01-01T07:00:00+00:00,VANDELLOS,18WVAN2-12345-BA,B14,,1038.0,,MAW,PT60M,10YES-REE------0,ES
2020-01-01T07:00:00+00:00,VLLRINO 2B,18WVRN2B-12345-1,B10,,137.0,,MAW,PT60M,10YES-REE------0,ES
2020-01-01T07:00:00+00:00,VLLRINO 3B,18WVRN3B-12345-S,B10,,137.5,,MAW,PT60M,10YES-REE------0,ES
2020-01-01T07:00:00+00:00,VLLRINO 4B,18WVRN4B-12345-I,B10,,138.1,,MAW,PT60M,10YES-REE------0,ES
2020-01-01T07:00:00+00:00,VLLRINO 6B,18WVRN6B-12345-Z,B10,,143.7,,MAW,PT60M,10YES-REE------0,ES
2020-01-01T08:00:00+00:00,ALDEA I G1,18WAL11-12345-AZ,B12,,46.9,,MAW,PT60M,10YES-REE------0,ES
2020-01-01T08:00:00+00:00,ALDEA I G2,18WAL12-12345-AP,B12,,47.7,,MAW,PT60M,10YES-REE------0,ES
2020-01-01T08:00:00+00:00,ALDEA I G3,18WAL13-12345-AF,B12,,46.6,,MAW,PT60M,10YES-REE------0,ES
2020-01-01T08:00:00+00:00,ALDEA I G4,18WAL14-12345-A5,B12,,46.3,,MAW,PT60M,10YES-REE------0,ES
2020-01-01T08:00:00+00:00,ALDEA I G5,18WAL15-12345-AW,B12,,46.6,,MAW,PT60M,10YES-REE------0,ES
2020-01-01T08:00:00+00:00,ALDEA I G6,18WAL16-12345-AM,B12,,46.7,,MAW,PT60M,10YES-REE------0,ES
2020-01-01T08:00:00+00:00,ALDEA IIG1,18WAL21-12345-AO,B12,,159.8,,MAW,PT60M,10YES-REE------0,ES
2020-01-01T08:00:00+00:00,ALDEA IIG2,18WAL22-12345-AE,B12,,160.1,,MAW,PT60M,10YES-REE------0,ES
2020-01-01T08:00:00+00:00,ALMARAZ 1,18WALZ1-12345-BT,B14,,1006.2,,MAW,PT60M,10YES-REE------0,ES
2020-01-01T08:00:00+00:00,AMBITG2,18WAMBITG2-12-CT,B04,,217.7,,MAW,PT60M,10YES-REE------0,ES
2020-01-01T08:00:00+00:00,AMBITV,18WAMBITV-123-CK,B04,,115.1,,MAW,PT60M,10YES-REE------0,ES
2020-01-01T08:00:00+00:00,ASCO 1,18WASC1-12345-BD,B14,,1008.0,,MAW,PT60M,10YES-REE------0,ES
2020-01-01T08:00:00+00:00,ASCO 2,18WASC2-12345-B3,B14,,1002.4,,MAW,PT60M,10YES-REE------0,ES
2020-01-01T08:00:00+00:00,BAHITG2,18WBAHITG2-12-CK,B04,,226.7,,MAW,PT60M,10YES-REE------0,ES
2020-01-01T08:00:00+00:00,BAHITV,18WBAHITV-123-CB,B04,,119.2,,MAW,PT60M,10YES-REE------0,ES
2020-01-01T08:00:00+00:00,BESOS 3,18WBES3-12345-C7,B04,,296.2,,MAW,PT60M,10YES-REE------0,ES
2020-01-01T08:00:00+00:00,BESOS 4,18WBES4-12345-CY,B04,,197.3,,MAW,PT60M,10YES-REE------0,ES
2020-01-01T08:00:00+00:00,CARTAGENA1,18WCTGN1-1234-CP,B04,,275.0,,MAW,PT60M,10YES-REE------0,ES
2020-01-01T08:00:00+00:00,CARTAGENA3,18WCTGN3-1234-C7,B04,,258.5,,MAW,PT60M,10YES-REE------0,ES
2020-01-01T08:00:00+00:00,CASTEJON 1,18WCTJON1-123-CJ,B04,,315.7,,MAW,PT60M,10YES-REE------0,ES
2020-01-01T08:00:00+00:00,COFRENTES,18WCOF1-12345-B2,B14,,1057.6,,MAW,PT60M,10YES-REE------0,ES
2020-01-01T08:00:00+00:00,CTN4TG2,18WCTN4TG2-123-F,B04,,81.8,,MAW,PT60M,10YES-REE------0,ES
2020-01-01T08:00:00+00:00,CTN4TV,18WCTN4TV-1234-3,B04,,79.9,,MAW,PT60M,10YES-REE------0,ES
2020-01-01T08:00:00+00:00,LA ISLA,18W000000000FUZA,B16,,28.1,,MAW,PT60M,10YES-REE------0,ES
2020-01-01T08:00:00+00:00,MUELA 2B,18WMUE2B-12345-X,B10,,196.8,,MAW,PT60M,10YES-REE------0,ES
2020-01-01T08:00:00+00:00,MUELA 3B,18WMUE3B-12345-N,B10,,194.6,,MAW,PT60M,10YES-REE------0,ES
2020-01-01T08:00:00+00:00,MUELA 4B,18WMUE4B-12345-D,B10,,210.9,,MAW,PT60M,10YES-REE------0,ES
2020-01-01T08:00:00+00:00,P.NUEVO 3,18WPNN3-12345-DT,B05,,137.9,,MAW,PT60M,10YES-REE------0,ES
2020-01-01T08:00:00+00:00,PBCN1,18WPBCN1-1234-PG,B04,,206.1,,MAW,PT60M,10YES-REE------0,ES
2020-01-01T08:00:00+00:00,PGR5TG2,18WPGR5TG2-123-M,B04,,192.6,,MAW,PT60M,10YES-REE------0,ES
2020-01-01T08:00:00+00:00,PGR5TV,18WPGR5TV-1234-A,B04,,120.1,,MAW,PT60M,10YES-REE------0,ES
2020-01-01T08:00:00+00:00,RICOBA II1,18WRIC21-1234-AZ,B12,,137.0,,MAW,PT60M,10YES-REE------0,ES
2020-01-01T08:00:00+00:00,RODRI,18W000000000AI2L,B16,,16.8,,MAW,PT60M,10YES-REE------0,ES
2020-01-01T08:00:00+00:00,S.EST IIG1,18WEST21-12345-C,B12,,163.4,,MAW,PT60M,10YES-REE------0,ES
2020-01-01T08:00:00+00:00,S.ROQUE 1,18WSROQ1-1234-CJ,B04,,146.2,,MAW,PT60M,10YES-REE------0,ES
2020-01-01T08:00:00+00:00,SAGU2,18WSAGU2-1234-C3,B04,,192.5,,MAW,PT60M,10YES-REE------0,ES
2020-01-01T08:00:00+00:00,SALLENT 1B,18WSLT1B-12345-J,B10,,0.0,,MAW,PT60M,10YES-REE------0,ES
2020-01-01T08:00:00+00:00,SALLENT 3B,18WSLT3B--1234-V,B10,,0.0,,MAW,PT60M,10YES-REE------0,ES
2020-01-01T08:00:00+00:00,SALLENT 4B,18WSLT4B-12345-Q,B10,,0.1,,MAW,PT60M,10YES-REE------0,ES
2020-01-01T08:00:00+00:00,SAUCE II 1,18WSA21-12345-AX,B12,,113.0,,MAW,PT60M,10YES-REE------0,ES
2020-01-01T08:00:00+00:00,SAUCE II 2,18WSA22-12345-AN,B12,,113.0,,MAW,PT60M,10YES-REE------0,ES
2020-01-01T08:00:00+00:00,SBO3,18WSBO3-12345-CE,B04,,193.0,,MAW,PT60M,10YES-REE------0,ES
2020-01-01T08:00:00+00:00,SOTO 5,18WSRI5-12345--5,B04,,238.3,,MAW,PT60M,10YES-REE------0,ES
2020-01-01T08:00:00+00:00,TAJOENC 2B,18WTJE2B-12345-0,B10,,74.3,,MAW,PT60M,10YES-REE------0,ES
2020-01-01T08:00:00+00:00,TAJOENC 3B,18WTJE3B-12345-R,B10,,0.1,,MAW,PT60M,10YES-REE------0,ES
2020-01-01T08:00:00+00:00,TAJOENC 4B,18WTJE4B-12345-H,B10,,31.4,,MAW,PT60M,10YES-REE------0,ES
2020-01-01T08:00:00+00:00,TERUEL 2,18WTER2-12345-DE,B05,,250.5,,MAW,PT60M,10YES-REE------0,ES
2020-01-01T08:00:00+00:00,TRILLO,18WTRL1-12345-BC,B14,,990.2,,MAW,PT60M,10YES-REE------0,ES
2020-01-01T08:00:00+00:00,UF MULA,18W000000000F3CQ,B16,,84.9,,MAW,PT60M,10YES-REE------0,ES
2020-01-01T08:00:00+00:00,VANDELLOS,18WVAN2-12345-BA,B14,,1038.6,,MAW,PT60M,10YES-REE------0,ES
2020-01-01T08:00:00+00:00,VILLALC 21,18WVC21-12345-A7,B12,,105.1,,MAW,PT60M,10YES-REE------0,ES
2020-01-01T08:00:00+00:00,VLLRINO 1B,18WVRN1B-12345-B,B10,,137.6,,MAW,PT60M,10YES-REE------0,ES
2020-01-01T08:00:00+00:00,VLLRINO 2B,18WVRN2B-12345-1,B10,,136.9,,MAW,PT60M,10YES-REE------0,ES
2020-01-01T08:00:00+00:00,VLLRINO 6B,18WVRN6B-12345-Z,B10,,143.9,,MAW,PT60M,10YES-REE------0,ES
2020-01-01T09:00:00+00:00,ACECA 3,18WACE3-12345-CD,B04,,164.5,,MAW,PT60M,10YES-REE------0,ES
2020-01-01T09:00:00+00:00,ALDEA I G1,18WAL11-12345-AZ,B12,,116.1,,MAW,PT60M,10YES-REE------0,ES
2020-01-01T09:00:00+00:00,ALDEA I G2,18WAL12-12345-AP,B12,,96.5,,MAW,PT60M,10YES-REE------0,ES
2020-01-01T09:00:00+00:00,ALDEA I G3,18WAL13-12345-AF,B12,,114.1,,MAW,PT60M,10YES-REE------0,ES
2020-01-01T09:00:00+00:00,ALDEA I G4,18WAL14-12345-A5,B12,,113.8,,MAW,PT60M,10YES-REE------0,ES
2020-01-01T09:00:00+00:00,ALDEA I G5,18WAL15-12345-AW,B12,,113.9,,MAW,PT60M,10YES-REE------0,ES
2020-01-01T09:00:00+00:00,ALDEA I G6,18WAL16-12345-AM,B12,,113.8,,MAW,PT60M,10YES-REE------0,ES
2020-01-01T09:00:00+00:00,ALDEA IIG1,18WAL21-12345-AO,B12,,188.1,,MAW,PT60M,10YES-REE------0,ES
2020-01-01T09:00:00+00:00,ALDEA IIG2,18WAL22-12345-AE,B12,,187.7,,MAW,PT60M,10YES-REE------0,ES
2020-01-01T09:00:00+00:00,ALMARAZ 2,18WALZ2-12345-BJ,B14,,1004.7,,MAW,PT60M,10YES-REE------0,ES
2020-01-01T09:00:00+00:00,AMBITG2,18WAMBITG2-12-CT,B04,,191.1,,MAW,PT60M,10YES-REE------0,ES
2020-01-01T09:00:00+00:00,AMBITV,18WAMBITV-123-CK,B04,,109.5,,MAW,PT60M,10YES-REE------0,ES
2020-01-01T09:00:00+00:00,ASCO 1,18WASC1-12345-BD,B14,,1007.7,,MAW,PT60M,10YES-REE------0,ES
2020-01-01T09:00:00+00:00,ASCO 2,18WASC2-12345-B3,B14,,1002.8,,MAW,PT60M,10YES-REE------0,ES
2020-01-01T09:00:00+00:00,BAHITG2,18WBAHITG2-12-CK,B04,,230.6,,MAW,PT60M,10YES-REE------0,ES
2020-01-01T09:00:00+00:00,BAHITV,18WBAHITV-123-CB,B04,,120.2,,MAW,PT60M,10YES-REE------0,ES
2020-01-01T09:00:00+00:00,BESOS 3,18WBES3-12345-C7,B04,,191.9,,MAW,PT60M,10YES-REE------0,ES
2020-01-01T09:00:00+00:00,BESOS 4,18WBES4-12345-CY,B04,,172.4,,MAW,PT60M,10YES-REE------0,ES
2020-01-01T09:00:00+00:00,CARTAGENA1,18WCTGN1-1234-CP,B04,,238.8,,MAW,PT60M,10YES-REE------0,ES
2020-01-01T09:00:00+00:00,CARTAGENA3,18WCTGN3-1234-C7,B04,,229.0,,MAW,PT60M,10YES-REE------0,ES
2020-01-01T09:00:00+00:00,CASTEJON 1,18WCTJON1-123-CJ,B04,,177.0,,MAW,PT60M,10YES-REE------0,ES
2020-01-01T09:00:00+00:00,CTN4TG2,18WCTN4TG2-123-F,B04,,84.3,,MAW,PT60M,10YES-REE------0,ES
2020-01-01T09:00:00+00:00,CTN4TV,18WCTN4TV-1234-3,B04,,81.0,,MAW,PT60M,10YES-REE------0,ES
2020-01-01T09:00:00+00:00,LA ISLA,18W000000000FUZA,B16,,85.2,,MAW,PT60M,10YES-REE------0,ES
2020-01-01T09:00:00+00:00,MUELA 2B,18WMUE2B-12345-X,B10,,196.4,,MAW,PT60M,10YES-REE------0,ES
2020-01-01T09:00:00+00:00,MUELA 3B,18WMUE3B-12345-N,B10,,194.2,,MAW,PT60M,10YES-REE------0,ES
2020-01-01T09:00:00+00:00,MUELA 4B,18WMUE4B-12345-D,B10,,210.7,,MAW,PT60M,10YES-REE------0,ES
2020-01-01T09:00:00+00:00,P.NUEVO 3,18WPNN3-12345-DT,B05,,138.1,,MAW,PT60M,10YES-REE------0,ES
2020-01-01T09:00:00+00:00,PBCN1,18WPBCN1-1234-PG,B04,,201.8,,MAW,PT60M,10YES-REE------0,ES
2020-01-01T09:00:00+00:00,PGR5TG2,18WPGR5TG2-123-M,B04,,191.6,,MAW,PT60M,10YES-REE------0,ES
2020-01-01T09:00:00+00:00,PGR5TV,18WPGR5TV-1234-A,B04,,119.4,,MAW,PT60M,10YES-REE------0,ES
2020-01-01T09:00:00+00:00,RICOBA II1,18WRIC21-1234-AZ,B12,,137.2,,MAW,PT60M,10YES-REE------0,ES
2020-01-01T09:00:00+00:00,RODRI,18W000000000AI2L,B16,,49.0,,MAW,PT60M,10YES-REE------0,ES
2020-01-01T09:00:00+00:00,S.EST IIG1,18WEST21-12345-C,B12,,163.3,,MAW,PT60M,10YES-REE------0,ES
2020-01-01T09:00:00+00:00,S.ROQUE 1,18WSROQ1-1234-CJ,B04,,133.1,,MAW,PT60M,10YES-REE------0,ES
2020-01-01T09:00:00+00:00,SAGU2,18WSAGU2-1234-C3,B04,,183.9,,MAW,PT60M,10YES-REE------0,ES
2020-01-01T09:00:00+00:00,SAUCE II 1,18WSA21-12345-AX,B12,,120.9,,MAW,PT60M,10YES-REE------0,ES
2020-01-01T09:00:00+00:00,SAUCE II 2,18WSA22-12345-AN,B12,,120.9,,MAW,PT60M,10YES-REE------0,ES
2020-01-01T09:00:00+00:00,SBO3,18WSBO3-12345-CE,B04,,187.6,,MAW,PT60M,10YES-REE------0,ES
2020-01-01T09:00:00+00:00,SOTO 5,18WSRI5-12345--5,B04,,236.1,,MAW,PT60M,10YES-REE------0,ES
2020-01-01T09:00:00+00:00,TAJOENC 2B,18WTJE2B-12345-0,B10,,0.1,,MAW,PT60M,10YES-REE------0,ES
2020-01-01T09:00:00+00:00,TAJOENC 4B,18WTJE4B-12345-H,B10,,0.1,,MAW,PT60M,10YES-REE------0,ES
2020-01-01T09:00:00+00:00,TERUEL 2,18WTER2-12345-DE,B05,,250.9,,MAW,PT60M,10YES-REE------0,ES
2020-01-01T09:00:00+00:00,TRILLO,18WTRL1-12345-BC,B14,,990.4,,MAW,PT60M,10YES-REE------0,ES
2020-01-01T09:00:00+00:00,UF MULA,18W000000000F3CQ,B16,,196.3,,MAW,PT60M,10YES-REE------0,ES
2020-01-01T09:00:00+00:00,VANDELLOS,18WVAN2-12345-BA,B14,,1038.3,,MAW,PT60M,10YES-REE------0,ES
2020-01-01T09:00:00+00:00,VILLALC 21,18WVC21-12345-A7,B12,,105.9,,MAW,PT60M,10YES-REE------0,ES
2020-01-01T09:00:00+00:00,VLLRINO 2B,18WVRN2B-12345-1,B10,,136.8,,MAW,PT60M,10YES-REE------0,ES
2020-01-01T09:00:00+00:00,VLLRINO 4B,18WVRN4B-12345-I,B10,,138.0,,MAW,PT60M,10YES-REE------0,ES
2020-01-01T09:00:00+00:00,VLLRINO 6B,18WVRN6B-12345-Z,B10,,143.8,,MAW,PT60M,10YES-REE------0,ES
2020-01-01T10:00:00+00:00,ACECA 3,18WACE3-12345-CD,B04,,167.8,,MAW,PT60M,10YES-REE------0,ES
2020-01-01T10:00:00+00:00,ALDEA I G1,18WAL11-12345-AZ,B12,,126.3,,MAW,PT60M,10YES-REE------0,ES
2020-01-01T10:00:00+00:00,ALDEA I G2,18WAL12-12345-AP,B12,,100.4,,MAW,PT60M,10YES-REE------0,ES
2020-01-01T10:00:00+00:00,ALDEA I G3,18WAL13-12345-AF,B12,,124.2,,MAW,PT60M,10YES-REE------0,ES
2020-01-01T10:00:00+00:00,ALDEA I G4,18WAL14-12345-A5,B12,,123.7,,MAW,PT60M,10YES-REE------0,ES
2020-01-01T10:00:00+00:00,ALDEA I G5,18WAL15-12345-AW,B12,,123.7,,MAW,PT60M,10YES-REE------0,ES
2020-01-01T10:00:00+00:00,ALDEA I G6,18WAL16-12345-AM,B12,,125.2,,MAW,PT60M,10YES-REE------0,ES
2020-01-01T10:00:00+00:00,ALDEA IIG1,18WAL21-12345-AO,B12,,195.1,,MAW,PT60M,10YES-REE------0,ES
2020-01-01T10:00:00+00:00,ALDEA IIG2,18WAL22-12345-AE,B12,,193.9,,MAW,PT60M,10YES-REE------0,ES
2020-01-01T10:00:00+00:00,ALMARAZ 1,18WALZ1-12345-BT,B14,,1006.5,,MAW,PT60M,10YES-REE------0,ES
2020-01-01T10:00:00+00:00,ALMARAZ 2,18WALZ2-12345-BJ,B14,,1004.6,,MAW,PT60M,10YES-REE------0,ES
2020-01-01T10:00:00+00:00,AMBITG2,18WAMBITG2-12-CT,B04,,253.6,,MAW,PT60M,10YES-REE------0,ES
2020-01-01T10:00:00+00:00,AMBITV,18WAMBITV-123-CK,B04,,126.3,,MAW,PT60M,10YES-REE------0,ES
2020-01-01T10:00:00+00:00,ASCO 1,18WASC1-12345-BD,B14,,1007.9,,MAW,PT60M,10YES-REE------0,ES
2020-01-01T10:00:00+00:00,ASCO 2,18WASC2-12345-B3,B14,,1002.3,,MAW,PT60M,10YES-REE------0,ES
2020-01-01T10:00:00+00:00,BAHITG2,18WBAHITG2-12-CK,B04,,231.2,,MAW,PT60M,10YES-REE------0,ES
2020-01-01T10:00:00+00:00,BELESAR 3,18WBEL3-12345-AE,B12,,96.4,,MAW,PT60M,10YES-REE------0,ES
2020-01-01T10:00:00+00:00,BESOS 3,18WBES3-12345-C7,B04,,168.6,,MAW,PT60M,10YES-REE------0,ES
2020-01-01T10:00:00+00:00,BESOS 4,18WBES4-12345-CY,B04,,70.6,,MAW,PT60M,10YES-REE------0,ES
2020-01-01T10:00:00+00:00,CARTAGENA1,18WCTGN1-1234-CP,B04,,313.6,,MAW,PT60M,10YES-REE------0,ES
2020-01-01T10:00:00+00:00,CARTAGENA3,18WCTGN3-1234-C7,B04,,300.9,,MAW,PT60M,10YES-REE------0,ES
2020-01-01T10:00:00+00:00,CASTEJON 1,18WCTJON1-123-CJ,B04,,204.5,,MAW,PT60M,10YES-REE------0,ES
2020-01-01T10:00:00+00:00,COFRENTES,18WCOF1-12345-B2,B14,,1057.1,,MAW,PT60M,10YES-REE------0,ES
2020-01-01T10:00:00+00:00,CTN4TG2,18WCTN4TG2-123-F,B04,,86.3,,MAW,PT60M,10YES-REE------0,ES
2020-01-01T10:00:00+00:00,CTN4TV,18WCTN4TV-1234-3,B04,,81.9,,MAW,PT60M,10YES-REE------0,ES
2020-01-01T10:00:00+00:00,LA ISLA,18W000000000FUZA,B16,,92.6,,MAW,PT60M,10YES-REE------0,ES
2020-01-01T10:00:00+00:00,MUELA 2B,18WMUE2B-12345-X,B10,,153.8,,MAW,PT60M,10YES-REE------0,ES
2020-01-01T10:00:00+00:00,MUELA 4B,18WMUE4B-12345-D,B10,,210.2,,MAW,PT60M,10YES-REE------0,ES
2020-01-01T10:00:00+00:00,MUELA 7B,18WMUE7B-12345-K,B10,,195.8,,MAW,PT60M,10YES-REE------0,ES
2020-01-01T10:00:00+00:00,PBCN1,18WPBCN1-1234-PG,B04,,260.6,,MAW,PT60M,10YES-REE------0,ES
2020-01-01T10:00:00+00:00,PGR5TG2,18WPGR5TG2-123-M,B04,,165.9,,MAW,PT60M,10YES-REE------0,ES
2020-01-01T10:00:00+00:00,PGR5TV,18WPGR5TV-1234-A,B04,,111.7,,MAW,PT60M,10YES-REE------0,ES
2020-01-01T10:00:00+00:00,RICOBA II1,18WRIC21-1234-AZ,B12,,137.7,,MAW,PT60M,10YES-REE------0,ES
2020-01-01T10:00:00+00:00,RODRI,18W000000000AI2L,B16,,92.4,,MAW,PT60M,10YES-REE------0,ES
2020-01-01T10:00:00+00:00,S.EST IIG1,18WEST21-12345-C,B12,,162.8,,MAW,PT60M,10YES-REE------0,ES
2020-01-01T10:00:00+00:00,S.ROQUE 1,18WSROQ1-1234-CJ,B04,,194.5,,MAW,PT60M,10YES-REE------0,ES
2020-01-01T10:00:00+00:00,SAGU2,18WSAGU2-1234-C3,B04,,239.5,,MAW,PT60M,10YES-REE------0,ES
2020-01-01T10:00:00+00:00,SAUCE II 1,18WSA21-12345-AX,B12,,121.9,,MAW,PT60M,10YES-REE------0,ES
2020-01-01T10:00:00+00:00,SAUCE II 2,18WSA22-12345-AN,B12,,121.9,,MAW,PT60M,10YES-REE------0,ES
2020-01-01T10:00:00+00:00,SBO3,18WSBO3-12345-CE,B04,,244.6,,MAW,PT60M,10YES-REE------0,ES
2020-01-01T10:00:00+00:00,SOTO 5,18WSRI5-12345--5,B04,,283.0,,MAW,PT60M,10YES-REE------0,ES
2020-01-01T10:00:00+00:00,TERUEL 2,18WTER2-12345-DE,B05,,250.6,,MAW,PT60M,10YES-REE------0,ES
2020-01-01T10:00:00+00:00,TRILLO,18WTRL1-12345-BC,B14,,990.3,,MAW,PT60M,10YES-REE------0,ES
2020-01-01T10:00:00+00:00,UF MULA,18W000000000F3CQ,B16,,280.7,,MAW,PT60M,10YES-REE------0,ES
2020-01-01T10:00:00+00:00,VANDELLOS,18WVAN2-12345-BA,B14,,1038.4,,MAW,PT60M,10YES-REE------0,ES
2020-01-01T10:00:00+00:00,VILLALC 21,18WVC21-12345-A7,B12,,106.8,,MAW,PT60M,10YES-REE------0,ES
2020-01-01T10:00:00+00:00,VLLRINO 1B,18WVRN1B-12345-B,B10,,137.4,,MAW,PT60M,10YES-REE------0,ES
2020-01-01T10:00:00+00:00,VLLRINO 2B,18WVRN2B-12345-1,B10,,136.7,,MAW,PT60M,10YES-REE------0,ES
2020-01-01T10:00:00+00:00,VLLRINO 3B,18WVRN3B-12345-S,B10,,137.4,,MAW,PT60M,10YES-REE------0,ES
2020-01-01T10:00:00+00:00,VLLRINO 4B,18WVRN4B-12345-I,B10,,137.9,,MAW,PT60M,10YES-REE------0,ES
2020-01-01T10:00:00+00:00,VLLRINO 6B,18WVRN6B-12345-Z,B10,,143.7,,MAW,PT60M,10YES-REE------0,ES
2020-01-01T11:00:00+00:00,ACECA 3,18WACE3-12345-CD,B04,,164.6,,MAW,PT60M,10YES-REE------0,ES
2020-01-01T11:00:00+00:00,ALDEA I G1,18WAL11-12345-AZ,B12,,126.0,,MAW,PT60M,10YES-REE------0,ES
2020-01-01T11:00:00+00:00,ALDEA I G2,18WAL12-12345-AP,B12,,100.2,,MAW,PT60M,10YES-REE------0,ES
2020-01-01T11:00:00+00:00,ALDEA I G3,18WAL13-12345-AF,B12,,123.8,,MAW,PT60M,10YES-REE------0,ES
2020-01-01T11:00:00+00:00,ALDEA I G4,18WAL14-12345-A5,B12,,124.0,,MAW,PT60M,10YES-REE------0,ES
2020-01-01T11:00:00+00:00,ALDEA I G5,18WAL15-12345-AW,B12,,123.5,,MAW,PT60M,10YES-REE------0,ES
2020-01-01T11:00:00+00:00,ALDEA I G6,18WAL16-12345-AM,B12,,124.7,,MAW,PT60M,10YES-REE------0,ES
2020-01-01T11:00:00+00:00,ALDEA IIG1,18WAL21-12345-AO,B12,,186.3,,MAW,PT60M,10YES-REE------0,ES
2020-01-01T11:00:00+00:00,ALDEA IIG2,18WAL22-12345-AE,B12,,188.9,,MAW,PT60M,10YES-REE------0,ES
2020-01-01T11:00:00+00:00,ALMARAZ 1,18WALZ1-12345-BT,B14,,1006.9,,MAW,PT60M,10YES-REE------0,ES
2020-01-01T11:00:00+00:00,ALMARAZ 2,18WALZ2-12345-BJ,B14,,1004.7,,MAW,PT60M,10YES-REE------0,ES
2020-01-01T11:00:00+00:00,AMBITG2,18WAMBITG2-12-CT,B04,,240.8,,MAW,PT60M,10YES-REE------0,ES
2020-01-01T11:00:00+00:00,AMBITV,18WAMBITV-123-CK,B04,,125.7,,MAW,PT60M,10YES-REE------0,ES
2020-01-01T11:00:00+00:00,ASCO 1,18WASC1-12345-BD,B14,,1007.7,,MAW,PT60M,10YES-REE------0,ES
2020-01-01T11:00:00+00:00,ASCO 2,18WASC2-12345-B3,B14,,1002.5,,MAW,PT60M,10YES-REE------0,ES
2020-01-01T11:00:00+00:00,BAHITG2,18WBAHITG2-12-CK,B04,,237.4,,MAW,PT60M,10YES-REE------0,ES
2020-01-01T11:00:00+00:00,BAHITV,18WBAHITV-123-CB,B04,,122.6,,MAW,PT60M,10YES-REE------0,ES
2020-01-01T11:00:00+00:00,BELESAR 2,18WBEL2-12345-AO,B12,,37.1,,MAW,PT60M,10YES-REE------0,ES
2020-01-01T11:00:00+00:00,BESOS 3,18WBES3-12345-C7,B04,,172.6,,MAW,PT60M,10YES-REE------0,ES
2020-01-01T11:00:00+00:00,BESOS 4,18WBES4-12345-CY,B04,,0.0,,MAW,PT60M,10YES-REE------0,ES
2020-01-01T11:00:00+00:00,CARTAGENA1,18WCTGN1-1234-CP,B04,,341.5,,MAW,PT60M,10YES-REE------0,ES
2020-01-01T11:00:00+00:00,CARTAGENA3,18WCTGN3-1234-C7,B04,,348.2,,MAW,PT60M,10YES-REE------0,ES
2020-01-01T11:00:00+00:00,CASTEJON 1,18WCTJON1-123-CJ,B04,,209.8,,MAW,PT60M,10YES-REE------0,ES
2020-01-01T11:00:00+00:00,COFRENTES,18WCOF1-12345-B2,B14,,1057.5,,MAW,PT60M,10YES-REE------0,ES
2020-01-01T11:00:00+00:00,CTN4TG2,18WCTN4TG2-123-F,B04,,83.9,,MAW,PT60M,10YES-REE------0,ES
2020-01-01T11:00:00+00:00,CTN4TV,18WCTN4TV-1234-3,B04,,80.9,,MAW,PT60M,10YES-REE------0,ES
2020-01-01T11:00:00+00:00,LA ISLA,18W000000000FUZA,B16,,85.1,,MAW,PT60M,10YES-REE------0,ES
2020-01-01T11:00:00+00:00,MUELA 2B,18WMUE2B-12345-X,B10,,0.0,,MAW,PT60M,10YES-REE------0,ES
2020-01-01T11:00:00+00:00,MUELA 4B,18WMUE4B-12345-D,B10,,28.4,,MAW,PT60M,10YES-REE------0,ES
2020-01-01T11:00:00+00:00,MUELA 7B,18WMUE7B-12345-K,B10,,208.2,,MAW,PT60M,10YES-REE------0,ES
2020-01-01T11:00:00+00:00,P.NUEVO 3,18WPNN3-12345-DT,B05,,138.6,,MAW,PT60M,10YES-REE------0,ES
2020-01-01T11:00:00+00:00,PBCN1,18WPBCN1-1234-PG,B04,,324.4,,MAW,PT60M,10YES-REE------0,ES
2020-01-01T11:00:00+00:00,PGR5TG2,18WPGR5TG2-123-M,B04,,187.0,,MAW,PT60M,10YES-REE------0,ES
2020-01-01T11:00:00+00:00,PGR5TV,18WPGR5TV-1234-A,B04,,118.7,,MAW,PT60M,10YES-REE------0,ES
2020-01-01T11:00:00+00:00,RICOBA II1,18WRIC21-1234-AZ,B12,,138.2,,MAW,PT60M,10YES-REE------0,ES
2020-01-01T11:00:00+00:00,RODRI,18W000000000AI2L,B16,,110.5,,MAW,PT60M,10YES-REE------0,ES
2020-01-01T11:00:00+00:00,S.EST IIG1,18WEST21-12345-C,B12,,162.7,,MAW,PT60M,10YES-REE------0,ES
2020-01-01T11:00:00+00:00,S.ROQUE 1,18WSROQ1-1234-CJ,B04,,248.9,,MAW,PT60M,10YES-REE------0,ES
2020-01-01T11:00:00+00:00,SAGU2,18WSAGU2-1234-C3,B04,,297.5,,MAW,PT60M,10YES-REE------0,ES
2020-01-01T11:00:00+00:00,SAUCE II 1,18WSA21-12345-AX,B12,,122.7,,MAW,PT60M,10YES-REE------0,ES
2020-01-01T11:00:00+00:00,SAUCE II 2,18WSA22-12345-AN,B12,,122.7,,MAW,PT60M,10YES-REE------0,ES
2020-01-01T11:00:00+00:00,SBO3,18WSBO3-12345-CE,B04,,305.6,,MAW,PT60M,10YES-REE------0,ES
2020-01-01T11:00:00+00:00,SOTO 5,18WSRI5-12345--5,B04,,288.4,,MAW,PT60M,10YES-REE------0,ES
2020-01-01T11:00:00+00:00,TERUEL 2,18WTER2-12345-DE,B05,,251.2,,MAW,PT60M,10YES-REE------0,ES
2020-01-01T11:00:00+00:00,UF MULA,18W000000000F3CQ,B16,,320.3,,MAW,PT60M,10YES-REE------0,ES
2020-01-01T11:00:00+00:00,VILLALC 21,18WVC21-12345-A7,B12,,107.5,,MAW,PT60M,10YES-REE------0,ES
2020-01-01T11:00:00+00:00,VLLRINO 1B,18WVRN1B-12345-B,B10,,137.3,,MAW,PT60M,10YES-REE------0,ES
2020-01-01T11:00:00+00:00,VLLRINO 2B,18WVRN2B-12345-1,B10,,136.6,,MAW,PT60M,10YES-REE------0,ES
2020-01-01T11:00:00+00:00,VLLRINO 3B,18WVRN3B-12345-S,B10,,137.2,,MAW,PT60M,10YES-REE------0,ES
2020-01-01T11:00:00+00:00,VLLRINO 4B,18WVRN4B-12345-I,B10,,137.8,,MAW,PT60M,10YES-REE------0,ES
2020-01-01T11:00:00+00:00,VLLRINO 6B,18WVRN6B-12345-Z,B10,,143.4,,MAW,PT60M,10YES-REE------0,ES
2020-01-01T12:00:00+00:00,ACECA 3,18WACE3-12345-CD,B04,,162.4,,MAW,PT60M,10YES-REE------0,ES
2020-01-01T12:00:00+00:00,ALDEA I G1,18WAL11-12345-AZ,B12,,110.5,,MAW,PT60M,10YES-REE------0,ES
2020-01-01T12:00:00+00:00,ALDEA I G2,18WAL12-12345-AP,B12,,97.9,,MAW,PT60M,10YES-REE------0,ES
2020-01-01T12:00:00+00:00,ALDEA I G3,18WAL13-12345-AF,B12,,111.4,,MAW,PT60M,10YES-REE------0,ES
2020-01-01T12:00:00+00:00,ALDEA I G4,18WAL14-12345-A5,B12,,111.9,,MAW,PT60M,10YES-REE------0,ES
2020-01-01T12:00:00+00:00,ALDEA I G5,18WAL15-12345-AW,B12,,111.2,,MAW,PT60M,10YES-REE------0,ES
2020-01-01T12:00:00+00:00,ALDEA I G6,18WAL16-12345-AM,B12,,116.2,,MAW,PT60M,10YES-REE------0,ES
2020-01-01T12:00:00+00:00,ALDEA IIG1,18WAL21-12345-AO,B12,,179.5,,MAW,PT60M,10YES-REE------0,ES
2020-01-01T12:00:00+00:00,ALDEA IIG2,18WAL22-12345-AE,B12,,179.9,,MAW,PT60M,10YES-REE------0,ES
2020-01-01T12:00:00+00:00,ALMARAZ 1,18WALZ1-12345-BT,B14,,1007.5,,MAW,PT60M,10YES-REE------0,ES
2020-01-01T12:00:00+00:00,ALMARAZ 2,18WALZ2-12345-BJ,B14,,1005.1,,MAW,PT60M,10YES-REE------0,ES
2020-01-01T12:00:00+00:00,AMBITG2,18WAMBITG2-12-CT,B04,,239.2,,MAW,PT60M,10YES-REE------0,ES
2020-01-01T12:00:00+00:00,AMBITV,18WAMBITV-123-CK,B04,,124.0,,MAW,PT60M,10YES-REE------0,ES
2020-01-01T12:00:00+00:00,ASCO 1,18WASC1-12345-BD,B14,,1007.8,,MAW,PT60M,10YES-REE------0,ES
2020-01-01T12:00:00+00:00,ASCO 2,18WASC2-12345-B3,B14,,1002.3,,MAW,PT60M,10YES-REE------0,ES
2020-01-01T12:00:00+00:00,BAHITG2,18WBAHITG2-12-CK,B04,,237.3,,MAW,PT60M,10YES-REE------0,ES
2020-01-01T12:00:00+00:00,BAHITV,18WBAHITV-123-CB,B04,,122.9,,MAW,PT60M,10YES-REE------0,ES
2020-01-01T12:00:00+00:00,BESOS 3,18WBES3-12345-C7,B04,,225.6,,MAW,PT60M,10YES-REE------0,ES
2020-01-01T12:00:00+00:00,CARTAGENA1,18WCTGN1-1234-CP,B04,,304.7,,MAW,PT60M,10YES-REE------0,ES
2020-01-01T12:00:00+00:00,CARTAGENA3,18WCTGN3-1234-C7,B04,,300.6,,MAW,PT60M,10YES-REE------0,ES
2020-01-01T12:00:00+00:00,CASTEJON 1,18WCTJON1-123-CJ,B04,,205.0,,MAW,PT60M,10YES-REE------0,ES
2020-01-01T12:00:00+00:00,COFRENTES,18WCOF1-12345-B2,B14,,1057.4,,MAW,PT60M,10YES-REE------0,ES
2020-01-01T12:00:00+00:00,CTN4TG2,18WCTN4TG2-123-F,B04,,81.6,,MAW,PT60M,10YES-REE------0,ES
2020-01-01T12:00:00+00:00,CTN4TV,18WCTN4TV-1234-3,B04,,80.2,,MAW,PT60M,10YES-REE------0,ES
2020-01-01T12:00:00+00:00,LA ISLA,18W000000000FUZA,B16,,82.5,,MAW,PT60M,10YES-REE------0,ES
2020-01-01T12:00:00+00:00,MUELA 4B,18WMUE4B-12345-D,B10,,0.0,,MAW,PT60M,10YES-REE------0,ES
2020-01-01T12:00:00+00:00,MUELA 7B,18WMUE7B-12345-K,B10,,170.5,,MAW,PT60M,10YES-REE------0,ES
2020-01-01T12:00:00+00:00,PBCN1,18WPBCN1-1234-PG,B04,,257.4,,MAW,PT60M,10YES-REE------0,ES
2020-01-01T12:00:00+00:00,PGR5TG2,18WPGR5TG2-123-M,B04,,158.4,,MAW,PT60M,10YES-REE------0,ES
2020-01-01T12:00:00+00:00,PGR5TV,18WPGR5TV-1234-A,B04,,108.0,,MAW,PT60M,10YES-REE------0,ES
2020-01-01T12:00:00+00:00,RICOBA II1,18WRIC21-1234-AZ,B12,,137.9,,MAW,PT60M,10YES-REE------0,ES
2020-01-01T12:00:00+00:00,RODRI,18W000000000AI2L,B16,,114.0,,MAW,PT60M,10YES-REE------0,ES
2020-01-01T12:00:00+00:00,S.EST IIG1,18WEST21-12345-C,B12,,162.4,,MAW,PT60M,10YES-REE------0,ES
2020-01-01T12:00:00+00:00,S.ROQUE 1,18WSROQ1-1234-CJ,B04,,195.2,,MAW,PT60M,10YES-REE------0,ES
2020-01-01T12:00:00+00:00,SAGU2,18WSAGU2-1234-C3,B04,,231.4,,MAW,PT60M,10YES-REE------0,ES
2020-01-01T12:00:00+00:00,SAUCE II 1,18WSA21-12345-AX,B12,,122.8,,MAW,PT60M,10YES-REE------0,ES
2020-01-01T12:00:00+00:00,SAUCE II 2,18WSA22-12345-AN,B12,,122.8,,MAW,PT60M,10YES-REE------0,ES
2020-01-01T12:00:00+00:00,SBO3,18WSBO3-12345-CE,B04,,243.5,,MAW,PT60M,10YES-REE------0,ES
2020-01-01T12:00:00+00:00,SOTO 5,18WSRI5-12345--5,B04,,283.0,,MAW,PT60M,10YES-REE------0,ES
2020-01-01T12:00:00+00:00,TERUEL 2,18WTER2-12345-DE,B05,,251.0,,MAW,PT60M,10YES-REE------0,ES
2020-01-01T12:00:00+00:00,TRILLO,18WTRL1-12345-BC,B14,,990.7,,MAW,PT60M,10YES-REE------0,ES
2020-01-01T12:00:00+00:00,UF MULA,18W000000000F3CQ,B16,,321.0,,MAW,PT60M,10YES-REE------0,ES
2020-01-01T12:00:00+00:00,VANDELLOS,18WVAN2-12345-BA,B14,,1038.6,,MAW,PT60M,10YES-REE------0,ES
2020-01-01T12:00:00+00:00,VLLRINO 2B,18WVRN2B-12345-1,B10,,136.5,,MAW,PT60M,10YES-REE------0,ES
2020-01-01T12:00:00+00:00,VLLRINO 6B,18WVRN6B-12345-Z,B10,,143.5,,MAW,PT60M,10YES-REE------0,ES
2020-01-01T13:00:00+00:00,ACECA 3,18WACE3-12345-CD,B04,,160.4,,MAW,PT60M,10YES-REE------0,ES
2020-01-01T13:00:00+00:00,ALDEA I G1,18WAL11-12345-AZ,B12,,112.1,,MAW,PT60M,10YES-REE------0,ES
2020-01-01T13:00:00+00:00,ALDEA I G2,18WAL12-12345-AP,B12,,100.5,,MAW,PT60M,10YES-REE------0,ES
2020-01-01T13:00:00+00:00,ALDEA I G3,18WAL13-12345-AF,B12,,111.0,,MAW,PT60M,10YES-REE------0,ES
2020-01-01T13:00:00+00:00,ALDEA I G4,18WAL14-12345-A5,B12,,111.7,,MAW,PT60M,10YES-REE------0,ES
2020-01-01T13:00:00+00:00,ALDEA I G5,18WAL15-12345-AW,B12,,111.1,,MAW,PT60M,10YES-REE------0,ES
2020-01-01T13:00:00+00:00,ALDEA I G6,18WAL16-12345-AM,B12,,110.6,,MAW,PT60M,10YES-REE------0,ES
2020-01-01T13:00:00+00:00,ALDEA IIG1,18WAL21-12345-AO,B12,,183.6,,MAW,PT60M,10YES-REE------0,ES
2020-01-01T13:00:00+00:00,ALDEA IIG2,18WAL22-12345-AE,B12,,183.2,,MAW,PT60M,10YES-REE------0,ES
2020-01-01T13:00:00+00:00,ALMARAZ 1,18WALZ1-12345-BT,B14,,1006.0,,MAW,PT60M,10YES-REE------0,ES
2020-01-01T13:00:00+00:00,ALMARAZ 2,18WALZ2-12345-BJ,B14,,1003.9,,MAW,PT60M,10YES-REE------0,ES
2020-01-01T13:00:00+00:00,AMBITG2,18WAMBITG2-12-CT,B04,,205.2,,MAW,PT60M,10YES-REE------0,ES
2020-01-01T13:00:00+00:00,AMBITV,18WAMBITV-123-CK,B04,,117.4,,MAW,PT60M,10YES-REE------0,ES
2020-01-01T13:00:00+00:00,ASCO 1,18WASC1-12345-BD,B14,,1007.4,,MAW,PT60M,10YES-REE------0,ES
2020-01-01T13:00:00+00:00,BAHITV,18WBAHITV-123-CB,B04,,123.0,,MAW,PT60M,10YES-REE------0,ES
2020-01-01T13:00:00+00:00,BESOS 3,18WBES3-12345-C7,B04,,235.9,,MAW,PT60M,10YES-REE------0,ES
2020-01-01T13:00:00+00:00,CARTAGENA1,18WCTGN1-1234-CP,B04,,301.5,,MAW,PT60M,10YES-REE------0,ES
2020-01-01T13:00:00+00:00,CARTAGENA3,18WCTGN3-1234-C7,B04,,287.2,,MAW,PT60M,10YES-REE------0,ES
2020-01-01T13:00:00+00:00,CASTEJON 1,18WCTJON1-123-CJ,B04,,179.4,,MAW,PT60M,10YES-REE------0,ES
2020-01-01T13:00:00+00:00,LA ISLA,18W000000000FUZA,B16,,87.5,,MAW,PT60M,10YES-REE------0,ES
2020-01-01T13:00:00+00:00,MUELA 3B,18WMUE3B-12345-N,B10,,20.9,,MAW,PT60M,10YES-REE------0,ES
2020-01-01T13:00:00+00:00,MUELA 7B,18WMUE7B-12345-K,B10,,0.0,,MAW,PT60M,10YES-REE------0,ES
2020-01-01T13:00:00+00:00,P.NUEVO 3,18WPNN3-12345-DT,B05,,138.9,,MAW,PT60M,10YES-REE------0,ES
2020-01-01T13:00:00+00:00,PBCN1,18WPBCN1-1234-PG,B04,,248.8,,MAW,PT60M,10YES-REE------0,ES
2020-01-01T13:00:00+00:00,PGR5TG2,18WPGR5TG2-123-M,B04,,194.2,,MAW,PT60M,10YES-REE------0,ES
2020-01-01T13:00:00+00:00,PGR5TV,18WPGR5TV-1234-A,B04,,120.9,,MAW,PT60M,10YES-REE------0,ES
2020-01-01T13:00:00+00:00,RODRI,18W000000000AI2L,B16,,105.6,,MAW,PT60M,10YES-REE------0,ES
2020-01-01T13:00:00+00:00,S.EST IIG1,18WEST21-12345-C,B12,,162.3,,MAW,PT60M,10YES-REE------0,ES
2020-01-01T13:00:00+00:00,S.ROQUE 1,18WSROQ1-1234-CJ,B04,,172.4,,MAW,PT60M,10YES-REE------0,ES
2020-01-01T13:00:00+00:00,SAGU2,18WSAGU2-1234-C3,B04,,220.4,,MAW,PT60M,10YES-REE------0,ES
2020-01-01T13:00:00+00:00,SBO3,18WSBO3-12345-CE,B04,,237.8,,MAW,PT60M,10YES-REE------0,ES
2020-01-01T13:00:00+00:00,SOTO 5,18WSRI5-12345--5,B04,,246.5,,MAW,PT60M,10YES-REE------0,ES
2020-01-01T13:00:00+00:00,TERUEL 2,18WTER2-12345-DE,B05,,250.8,,MAW,PT60M,10YES-REE------0,ES
2020-01-01T13:00:00+00:00,TRILLO,18WTRL1-12345-BC,B14,,990.2,,MAW,PT60M,10YES-REE------0,ES
2020-01-01T13:00:00+00:00,UF MULA,18W000000000F3CQ,B16,,284.9,,MAW,PT60M,10YES-REE------0,ES
2020-01-01T13:00:00+00:00,VANDELLOS,18WVAN2-12345-BA,B14,,1038.4,,MAW,PT60M,10YES-REE------0,ES
2020-01-01T13:00:00+00:00,VILLALC 21,18WVC21-12345-A7,B12,,105.5,,MAW,PT60M,10YES-REE------0,ES
2020-01-01T13:00:00+00:00,VLLRINO 1B,18WVRN1B-12345-B,B10,,129.0,,MAW,PT60M,10YES-REE------0,ES
2020-01-01T13:00:00+00:00,VLLRINO 6B,18WVRN6B-12345-Z,B10,,143.3,,MAW,PT60M,10YES-REE------0,ES
2020-01-01T14:00:00+00:00,ACECA 3,18WACE3-12345-CD,B04,,153.2,,MAW,PT60M,10YES-REE------0,ES
2020-01-01T14:00:00+00:00,ALDEA I G1,18WAL11-12345-AZ,B12,,109.5,,MAW,PT60M,10YES-REE------0,ES
2020-01-01T14:00:00+00:00,ALDEA I G2,18WAL12-12345-AP,B12,,100.7,,MAW,PT60M,10YES-REE------0,ES
2020-01-01T14:00:00+00:00,ALDEA I G3,18WAL13-12345-AF,B12,,108.9,,MAW,PT60M,10YES-REE------0,ES
2020-01-01T14:00:00+00:00,ALDEA I G4,18WAL14-12345-A5,B12,,109.6,,MAW,PT60M,10YES-REE------0,ES
2020-01-01T14:00:00+00:00,ALDEA I G5,18WAL15-12345-AW,B12,,109.1,,MAW,PT60M,10YES-REE------0,ES
2020-01-01T14:00:00+00:00,ALDEA I G6,18WAL16-12345-AM,B12,,109.0,,MAW,PT60M,10YES-REE------0,ES
2020-01-01T14:00:00+00:00,ALDEA IIG1,18WAL21-12345-AO,B12,,203.0,,MAW,PT60M,10YES-REE------0,ES
2020-01-01T14:00:00+00:00,ALDEA IIG2,18WAL22-12345-AE,B12,,197.8,,MAW,PT60M,10YES-REE------0,ES
2020-01-01T14:00:00+00:00,ALMARAZ 1,18WALZ1-12345-BT,B14,,1006.9,,MAW,PT60M,10YES-REE------0,ES
2020-01-01T14:00:00+00:00,ALMARAZ 2,18WALZ2-12345-BJ,B14,,1004.9,,MAW,PT60M,10YES-REE------0,ES
2020-01-01T14:00:00+00:00,AMBITG2,18WAMBITG2-12-CT,B04,,192.1,,MAW,PT60M,10YES-REE------0,ES
2020-01-01T14:00:00+00:00,AMBITV,18WAMBITV-123-CK,B04,,112.4,,MAW,PT60M,10YES-REE------0,ES
2020-01-01T14:00:00+00:00,ASCO 1,18WASC1-12345-BD,B14,,1007.9,,MAW,PT60M,10YES-REE------0,ES
2020-01-01T14:00:00+00:00,ASCO 2,18WASC2-12345-B3,B14,,1002.4,,MAW,PT60M,10YES-REE------0,ES
2020-01-01T14:00:00+00:00,BAHITG2,18WBAHITG2-12-CK,B04,,241.8,,MAW,PT60M,10YES-REE------0,ES
2020-01-01T14:00:00+00:00,BAHITV,18WBAHITV-123-CB,B04,,124.5,,MAW,PT60M,10YES-REE------0,ES
2020-01-01T14:00:00+00:00,BELESAR 1,18WBEL1-12345-AY,B12,,98.4,,MAW,PT60M,10YES-REE------0,ES
2020-01-01T14:00:00+00:00,BESOS 3,18WBES3-12345-C7,B04,,262.4,,MAW,PT60M,10YES-REE------0,ES
2020-01-01T14:00:00+00:00,CARTAGENA1,18WCTGN1-1234-CP,B04,,308.8,,MAW,PT60M,10YES-REE------0,ES
2020-01-01T14:00:00+00:00,CARTAGENA3,18WCTGN3-1234-C7,B04,,304.6,,MAW,PT60M,10YES-REE------0,ES
2020-01-01T14:00:00+00:00,CASTEJON 1,18WCTJON1-123-CJ,B04,,212.5,,MAW,PT60M,10YES-REE------0,ES
2020-01-01T14:00:00+00:00,COFRENTES,18WCOF1-12345-B2,B14,,1057.1,,MAW,PT60M,10YES-REE------0,ES
2020-01-01T14:00:00+00:00,CTN4TG2,18WCTN4TG2-123-F,B04,,81.5,,MAW,PT60M,10YES-REE------0,ES
2020-01-01T14:00:00+00:00,LA ISLA,18W000000000FUZA,B16,,94.1,,MAW,PT60M,10YES-REE------0,ES
2020-01-01T14:00:00+00:00,MUELA 3B,18WMUE3B-12345-N,B10,,0.0,,MAW,PT60M,10YES-REE------0,ES
2020-01-01T14:00:00+00:00,P.NUEVO 3,18WPNN3-12345-DT,B05,,143.1,,MAW,PT60M,10YES-REE------0,ES
2020-01-01T14:00:00+00:00,PBCN1,18WPBCN1-1234-PG,B04,,277.8,,MAW,PT60M,10YES-REE------0,ES
2020-01-01T14:00:00+00:00,PGR5TG2,18WPGR5TG2-123-M,B04,,196.9,,MAW,PT60M,10YES-REE------0,ES
2020-01-01T14:00:00+00:00,PGR5TV,18WPGR5TV-1234-A,B04,,121.8,,MAW,PT60M,10YES-REE------0,ES
2020-01-01T14:00:00+00:00,RICOBA II1,18WRIC21-1234-AZ,B12,,138.0,,MAW,PT60M,10YES-REE------0,ES
2020-01-01T14:00:00+00:00,RODRI,18W000000000AI2L,B16,,85.7,,MAW,PT60M,10YES-REE------0,ES
2020-01-01T14:00:00+00:00,S.EST IIG1,18WEST21-12345-C,B12,,162.1,,MAW,PT60M,10YES-REE------0,ES
2020-01-01T14:00:00+00:00,S.ROQUE 1,18WSROQ1-1234-CJ,B04,,200.9,,MAW,PT60M,10YES-REE------0,ES
2020-01-01T14:00:00+00:00,SAGU2,18WSAGU2-1234-C3,B04,,258.6,,MAW,PT60M,10YES-REE------0,ES
2020-01-01T14:00:00+00:00,SAUCE II 1,18WSA21-12345-AX,B12,,122.7,,MAW,PT60M,10YES-REE------0,ES
2020-01-01T14:00:00+00:00,SAUCE II 2,18WSA22-12345-AN,B12,,122.7,,MAW,PT60M,10YES-REE------0,ES
2020-01-01T14:00:00+00:00,SBO3,18WSBO3-12345-CE,B04,,264.2,,MAW,PT60M,10YES-REE------0,ES
2020-01-01T14:00:00+00:00,SOTO 5,18WSRI5-12345--5,B04,,224.6,,MAW,PT60M,10YES-REE------0,ES
2020-01-01T14:00:00+00:00,TERUEL 2,18WTER2-12345-DE,B05,,250.6,,MAW,PT60M,10YES-REE------0,ES
2020-01-01T14:00:00+00:00,TRILLO,18WTRL1-12345-BC,B14,,989.8,,MAW,PT60M,10YES-REE------0,ES
2020-01-01T14:00:00+00:00,UF MULA,18W000000000F3CQ,B16,,210.9,,MAW,PT60M,10YES-REE------0,ES
2020-01-01T14:00:00+00:00,VILLALC 21,18WVC21-12345-A7,B12,,104.4,,MAW,PT60M,10YES-REE------0,ES
2020-01-01T14:00:00+00:00,VLLRINO 1B,18WVRN1B-12345-B,B10,,0.0,,MAW,PT60M,10YES-REE------0,ES
2020-01-01T14:00:00+00:00,VLLRINO 2B,18WVRN2B-12345-1,B10,,138.2,,MAW,PT60M,10YES-REE------0,ES
2020-01-01T14:00:00+00:00,VLLRINO 3B,18WVRN3B-12345-S,B10,,139.1,,MAW,PT60M,10YES-REE------0,ES
2020-01-01T14:00:00+00:00,VLLRINO 4B,18WVRN4B-12345-I,B10,,124.9,,MAW,PT60M,10YES-REE------0,ES
2020-01-01T14:00:00+00:00,VLLRINO 6B,18WVRN6B-12345-Z,B10,,145.6,,MAW,PT60M,10YES-REE------0,ES
2020-01-01T15:00:00+00:00,ACECA 3,18WACE3-12345-CD,B04,,153.0,,MAW,PT60M,10YES-REE------0,ES
2020-01-01T15:00:00+00:00,ALDEA I G1,18WAL11-12345-AZ,B12,,111.9,,MAW,PT60M,10YES-REE------0,ES
2020-01-01T15:00:00+00:00,ALDEA I G2,18WAL12-12345-AP,B12,,100.8,,MAW,PT60M,10YES-REE------0,ES
2020-01-01T15:00:00+00:00,ALDEA I G3,18WAL13-12345-AF,B12,,110.8,,MAW,PT60M,10YES-REE------0,ES
2020-01-01T15:00:00+00:00,ALDEA I G4,18WAL14-12345-A5,B12,,111.2,,MAW,PT60M,10YES-REE------0,ES
2020-01-01T15:00:00+00:00,ALDEA I G5,18WAL15-12345-AW,B12,,111.6,,MAW,PT60M,10YES-REE------0,ES
2020-01-01T15:00:00+00:00,ALDEA I G6,18WAL16-12345-AM,B12,,111.1,,MAW,PT60M,10YES-REE------0,ES
2020-01-01T15:00:00+00:00,ALDEA IIG1,18WAL21-12345-AO,B12,,202.1,,MAW,PT60M,10YES-REE------0,ES
2020-01-01T15:00:00+00:00,ALDEA IIG2,18WAL22-12345-AE,B12,,197.1,,MAW,PT60M,10YES-REE------0,ES
2020-01-01T15:00:00+00:00,ALMARAZ 1,18WALZ1-12345-BT,B14,,1006.1,,MAW,PT60M,10YES-REE------0,ES
2020-01-01T15:00:00+00:00,ALMARAZ 2,18WALZ2-12345-BJ,B14,,1004.2,,MAW,PT60M,10YES-REE------0,ES
2020-01-01T15:00:00+00:00,AMBITG2,18WAMBITG2-12-CT,B04,,211.0,,MAW,PT60M,10YES-REE------0,ES
2020-01-01T15:00:00+00:00,AMBITV,18WAMBITV-123-CK,B04,,115.6,,MAW,PT60M,10YES-REE------0,ES
2020-01-01T15:00:00+00:00,ASCO 1,18WASC1-12345-BD,B14,,1007.7,,MAW,PT60M,10YES-REE------0,ES
2020-01-01T15:00:00+00:00,ASCO 2,18WASC2-12345-B3,B14,,1001.8,,MAW,PT60M,10YES-REE------0,ES
2020-01-01T15:00:00+00:00,BAHITG2,18WBAHITG2-12-CK,B04,,241.5,,MAW,PT60M,10YES-REE------0,ES
2020-01-01T15:00:00+00:00,BAHITV,18WBAHITV-123-CB,B04,,124.7,,MAW,PT60M,10YES-REE------0,ES
2020-01-01T15:00:00+00:00,BELESAR 3,18WBEL3-12345-AE,B12,,96.3,,MAW,PT60M,10YES-REE------0,ES
2020-01-01T15:00:00+00:00,BESOS 3,18WBES3-12345-C7,B04,,314.5,,MAW,PT60M,10YES-REE------0,ES
2020-01-01T15:00:00+00:00,CARTAGENA1,18WCTGN1-1234-CP,B04,,371.5,,MAW,PT60M,10YES-REE------0,ES
2020-01-01T15:00:00+00:00,CARTAGENA3,18WCTGN3-1234-C7,B04,,377.4,,MAW,PT60M,10YES-REE------0,ES
2020-01-01T15:00:00+00:00,CASTEJON 1,18WCTJON1-123-CJ,B04,,327.9,,MAW,PT60M,10YES-REE------0,ES
2020-01-01T15:00:00+00:00,COFRENTES,18WCOF1-12345-B2,B14,,1057.3,,MAW,PT60M,10YES-REE------0,ES
2020-01-01T15:00:00+00:00,CTN4TG2,18WCTN4TG2-123-F,B04,,77.6,,MAW,PT60M,10YES-REE------0,ES
2020-01-01T15:00:00+00:00,CTN4TV,18WCTN4TV-1234-3,B04,,78.8,,MAW,PT60M,10YES-REE------0,ES
2020-01-01T15:00:00+00:00,LA ISLA,18W000000000FUZA,B16,,79.6,,MAW,PT60M,10YES-REE------0,ES
2020-01-01T15:00:00+00:00,P.NUEVO 3,18WPNN3-12345-DT,B05,,171.8,,MAW,PT60M,10YES-REE------0,ES
2020-01-01T15:00:00+00:00,PBCN1,18WPBCN1-1234-PG,B04,,382.6,,MAW,PT60M,10YES-REE------0,ES
2020-01-01T15:00:00+00:00,PGR5TG2,18WPGR5TG2-123-M,B04,,107.3,,MAW,PT60M,10YES-REE------0,ES
2020-01-01T15:00:00+00:00,PGR5TV,18WPGR5TV-1234-A,B04,,91.2,,MAW,PT60M,10YES-REE------0,ES
2020-01-01T15:00:00+00:00,RODRI,18W000000000AI2L,B16,,44.9,,MAW,PT60M,10YES-REE------0,ES
2020-01-01T15:00:00+00:00,S.EST IIG1,18WEST21-12345-C,B12,,162.0,,MAW,PT60M,10YES-REE------0,ES
2020-01-01T15:00:00+00:00,S.ROQUE 1,18WSROQ1-1234-CJ,B04,,328.4,,MAW,PT60M,10YES-REE------0,ES
2020-01-01T15:00:00+00:00,SAGU2,18WSAGU2-1234-C3,B04,,364.6,,MAW,PT60M,10YES-REE------0,ES
2020-01-01T15:00:00+00:00,SAUCE II 1,18WSA21-12345-AX,B12,,122.9,,MAW,PT60M,10YES-REE------0,ES
2020-01-01T15:00:00+00:00,SAUCE II 2,18WSA22-12345-AN,B12,,122.9,,MAW,PT60M,10YES-REE------0,ES
2020-01-01T15:00:00+00:00,SBO3,18WSBO3-12345-CE,B04,,345.7,,MAW,PT60M,10YES-REE------0,ES
2020-01-01T15:00:00+00:00,SOTO 5,18WSRI5-12345--5,B04,,173.4,,MAW,PT60M,10YES-REE------0,ES
2020-01-01T15:00:00+00:00,SOUTELO 1,18WSOU1-12345-A1,B12,,11.1,,MAW,PT60M,10YES-REE------0,ES
2020-01-01T15:00:00+00:00,TERUEL 2,18WTER2-12345-DE,B05,,250.2,,MAW,PT60M,10YES-REE------0,ES
2020-01-01T15:00:00+00:00,TRILLO,18WTRL1-12345-BC,B14,,989.5,,MAW,PT60M,10YES-REE------0,ES
2020-01-01T15:00:00+00:00,UF MULA,18W000000000F3CQ,B16,,107.7,,MAW,PT60M,10YES-REE------0,ES
2020-01-01T15:00:00+00:00,VANDELLOS,18WVAN2-12345-BA,B14,,1037.4,,MAW,PT60M,10YES-REE------0,ES
2020-01-01T15:00:00+00:00,VILLALC 21,18WVC21-12345-A7,B12,,103.4,,MAW,PT60M,10YES-REE------0,ES
2020-01-01T15:00:00+00:00,VLLRINO 2B,18WVRN2B-12345-1,B10,,133.9,,MAW,PT60M,10YES-REE------0,ES
2020-01-01T15:00:00+00:00,VLLRINO 3B,18WVRN3B-12345-S,B10,,139.9,,MAW,PT60M,10YES-REE------0,ES
2020-01-01T15:00:00+00:00,VLLRINO 4B,18WVRN4B-12345-I,B10,,0.0,,MAW,PT60M,10YES-REE------0,ES
2020-01-01T15:00:00+00:00,VLLRINO 6B,18WVRN6B-12345-Z,B10,,145.7,,MAW,PT60M,10YES-REE------0,ES
2020-01-01T16:00:00+00:00,ACECA 3,18WACE3-12345-CD,B04,,150.1,,MAW,PT60M,10YES-REE------0,ES
2020-01-01T16:00:00+00:00,ALDEA I G1,18WAL11-12345-AZ,B12,,117.4,,MAW,PT60M,10YES-REE------0,ES
2020-01-01T16:00:00+00:00,ALDEA I G2,18WAL12-12345-AP,B12,,97.3,,MAW,PT60M,10YES-REE------0,ES
2020-01-01T16:00:00+00:00,ALDEA I G3,18WAL13-12345-AF,B12,,114.7,,MAW,PT60M,10YES-REE------0,ES
2020-01-01T16:00:00+00:00,ALDEA I G4,18WAL14-12345-A5,B12,,115.2,,MAW,PT60M,10YES-REE------0,ES
2020-01-01T16:00:00+00:00,ALDEA I G5,18WAL15-12345-AW,B12,,114.4,,MAW,PT60M,10YES-REE------0,ES
2020-01-01T16:00:00+00:00,ALDEA I G6,18WAL16-12345-AM,B12,,115.1,,MAW,PT60M,10YES-REE------0,ES
2020-01-01T16:00:00+00:00,ALDEA IIG1,18WAL21-12345-AO,B12,,201.4,,MAW,PT60M,10YES-REE------0,ES
2020-01-01T16:00:00+00:00,ALDEA IIG2,18WAL22-12345-AE,B12,,196.3,,MAW,PT60M,10YES-REE------0,ES
2020-01-01T16:00:00+00:00,ALMARAZ 1,18WALZ1-12345-BT,B14,,1006.6,,MAW,PT60M,10YES-REE------0,ES
2020-01-01T16:00:00+00:00,ALMARAZ 2,18WALZ2-12345-BJ,B14,,1004.5,,MAW,PT60M,10YES-REE------0,ES
2020-01-01T16:00:00+00:00,AMBITG2,18WAMBITG2-12-CT,B04,,217.8,,MAW,PT60M,10YES-REE------0,ES
2020-01-01T16:00:00+00:00,AMBITV,18WAMBITV-123-CK,B04,,119.3,,MAW,PT60M,10YES-REE------0,ES
2020-01-01T16:00:00+00:00,ARC3TG2,18WARC3TG2-12-CY,B04,,39.3,,MAW,PT60M,10YES-REE------0,ES
2020-01-01T16:00:00+00:00,ARC3TV,18WARC3TV-123-CP,B04,,9.4,,MAW,PT60M,10YES-REE------0,ES
2020-01-01T16:00:00+00:00,ASCO 1,18WASC1-12345-BD,B14,,1008.0,,MAW,PT60M,10YES-REE------0,ES
2020-01-01T16:00:00+00:00,ASCO 2,18WASC2-12345-B3,B14,,1001.9,,MAW,PT60M,10YES-REE------0,ES
2020-01-01T16:00:00+00:00,BAHITG2,18WBAHITG2-12-CK,B04,,233.4,,MAW,PT60M,10YES-REE------0,ES
2020-01-01T16:00:00+00:00,BAHITV,18WBAHITV-123-CB,B04,,121.7,,MAW,PT60M,10YES-REE------0,ES
2020-01-01T16:00:00+00:00,BELESAR 1,18WBEL1-12345-AY,B12,,98.3,,MAW,PT60M,10YES-REE------0,ES
2020-01-01T16:00:00+00:00,BELESAR 2,18WBEL2-12345-AO,B12,,37.2,,MAW,PT60M,10YES-REE------0,ES
2020-01-01T16:00:00+00:00,BELESAR 3,18WBEL3-12345-AE,B12,,96.2,,MAW,PT60M,10YES-REE------0,ES
2020-01-01T16:00:00+00:00,BESOS 3,18WBES3-12345-C7,B04,,341.4,,MAW,PT60M,10YES-REE------0,ES
2020-01-01T16:00:00+00:00,CARTAGENA1,18WCTGN1-1234-CP,B04,,362.3,,MAW,PT60M,10YES-REE------0,ES
2020-01-01T16:00:00+00:00,CARTAGENA3,18WCTGN3-1234-C7,B04,,369.8,,MAW,PT60M,10YES-REE------0,ES
2020-01-01T16:00:00+00:00,CASTEJON 1,18WCTJON1-123-CJ,B04,,360.9,,MAW,PT60M,10YES-REE------0,ES
2020-01-01T16:00:00+00:00,COFRENTES,18WCOF1-12345-B2,B14,,1056.8,,MAW,PT60M,10YES-REE------0,ES
2020-01-01T16:00:00+00:00,CTN4TG2,18WCTN4TG2-123-F,B04,,213.3,,MAW,PT60M,10YES-REE------0,ES
2020-01-01T16:00:00+00:00,CTN4TV,18WCTN4TV-1234-3,B04,,122.4,,MAW,PT60M,10YES-REE------0,ES
2020-01-01T16:00:00+00:00,LA ISLA,18W000000000FUZA,B16,,24.5,,MAW,PT60M,10YES-REE------0,ES
2020-01-01T16:00:00+00:00,MUELA 4G,18WMUE4-123456-6,B10,,48.5,,MAW,PT60M,10YES-REE------0,ES
2020-01-01T16:00:00+00:00,MUELA 6G,18WMUE6-123456-N,B10,,15.8,,MAW,PT60M,10YES-REE------0,ES
2020-01-01T16:00:00+00:00,MUELA 7G,18WMUE7-123456-D,B10,,4.8,,MAW,PT60M,10YES-REE------0,ES
2020-01-01T16:00:00+00:00,P.NUEVO 3,18WPNN3-12345-DT,B05,,180.4,,MAW,PT60M,10YES-REE------0,ES
2020-01-01T16:00:00+00:00,PBCN1,18WPBCN1-1234-PG,B04,,378.1,,MAW,PT60M,10YES-REE------0,ES
2020-01-01T16:00:00+00:00,PGR5TG2,18WPGR5TG2-123-M,B04,,182.2,,MAW,PT60M,10YES-REE------0,ES
2020-01-01T16:00:00+00:00,PGR5TV,18WPGR5TV-1234-A,B04,,113.7,,MAW,PT60M,10YES-REE------0,ES
2020-01-01T16:00:00+00:00,RICOBA II1,18WRIC21-1234-AZ,B12,,137.3,,MAW,PT60M,10YES-REE------0,ES
2020-01-01T16:00:00+00:00,RODRI,18W000000000AI2L,B16,,13.8,,MAW,PT60M,10YES-REE------0,ES
2020-01-01T16:00:00+00:00,S.EST IIG1,18WEST21-12345-C,B12,,161.9,,MAW,PT60M,10YES-REE------0,ES
2020-01-01T16:00:00+00:00,S.ROQUE 1,18WSROQ1-1234-CJ,B04,,336.5,,MAW,PT60M,10YES-REE------0,ES
2020-01-01T16:00:00+00:00,SAGU2,18WSAGU2-1234-C3,B04,,372.6,,MAW,PT60M,10YES-REE------0,ES
2020-01-01T16:00:00+00:00,SALLENT 1B,18WSLT1B-12345-J,B10,,0.1,,MAW,PT60M,10YES-REE------0,ES
2020-01-01T16:00:00+00:00,SALLENT 3B,18WSLT3B--1234-V,B10,,0.1,,MAW,PT60M,10YES-REE------0,ES
2020-01-01T16:00:00+00:00,SALLENT 4G,18WSLT4-12345-F8,B10,,12.1,,MAW,PT60M,10YES-REE------0,ES
2020-01-01T16:00:00+00:00,SAUCE II 1,18WSA21-12345-AX,B12,,122.8,,MAW,PT60M,10YES-REE------0,ES
2020-01-01T16:00:00+00:00,SAUCE II 2,18WSA22-12345-AN,B12,,122.8,,MAW,PT60M,10YES-REE------0,ES
2020-01-01T16:00:00+00:00,SBO3,18WSBO3-12345-CE,B04,,346.6,,MAW,PT60M,10YES-REE------0,ES
2020-01-01T16:00:00+00:00,SOTO 5,18WSRI5-12345--5,B04,,203.1,,MAW,PT60M,10YES-REE------0,ES
2020-01-01T16:00:00+00:00,SOUTELO 1,18WSOU1-12345-A1,B12,,96.4,,MAW,PT60M,10YES-REE------0,ES
2020-01-01T16:00:00+00:00,TERUEL 2,18WTER2-12345-DE,B05,,250.7,,MAW,PT60M,10YES-REE------0,ES
2020-01-01T16:00:00+00:00,UF MULA,18W000000000F3CQ,B16,,17.0,,MAW,PT60M,10YES-REE------0,ES
2020-01-01T16:00:00+00:00,VANDELLOS,18WVAN2-12345-BA,B14,,1037.9,,MAW,PT60M,10YES-REE------0,ES
2020-01-01T16:00:00+00:00,VILLALC 21,18WVC21-12345-A7,B12,,102.4,,MAW,PT60M,10YES-REE------0,ES
2020-01-01T16:00:00+00:00,VLLRINO 2B,18WVRN2B-12345-1,B10,,0.0,,MAW,PT60M,10YES-REE------0,ES
2020-01-01T16:00:00+00:00,VLLRINO 3B,18WVRN3B-12345-S,B10,,3.3,,MAW,PT60M,10YES-REE------0,ES
2020-01-01T16:00:00+00:00,VLLRINO 6B,18WVRN6B-12345-Z,B10,,0.0,,MAW,PT60M,10YES-REE------0,ES
2020-01-01T17:00:00+00:00,ACECA 3,18WACE3-12345-CD,B04,,0.0,,MAW,PT60M,10YES-REE------0,ES
2020-01-01T17:00:00+00:00,ALDEA I G1,18WAL11-12345-AZ,B12,,112.7,,MAW,PT60M,10YES-REE------0,ES
2020-01-01T17:00:00+00:00,ALDEA I G2,18WAL12-12345-AP,B12,,98.8,,MAW,PT60M,10YES-REE------0,ES
2020-01-01T17:00:00+00:00,ALDEA I G3,18WAL13-12345-AF,B12,,112.4,,MAW,PT60M,10YES-REE------0,ES
2020-01-01T17:00:00+00:00,ALDEA I G4,18WAL14-12345-A5,B12,,112.3,,MAW,PT60M,10YES-REE------0,ES
2020-01-01T17:00:00+00:00,ALDEA I G5,18WAL15-12345-AW,B12,,112.9,,MAW,PT60M,10YES-REE------0,ES
2020-01-01T17:00:00+00:00,ALDEA I G6,18WAL16-12345-AM,B12,,116.7,,MAW,PT60M,10YES-REE------0,ES
2020-01-01T17:00:00+00:00,ALDEA IIG1,18WAL21-12345-AO,B12,,200.9,,MAW,PT60M,10YES-REE------0,ES
2020-01-01T17:00:00+00:00,ALDEA IIG2,18WAL22-12345-AE,B12,,195.9,,MAW,PT60M,10YES-REE------0,ES
2020-01-01T17:00:00+00:00,ALMARAZ 1,18WALZ1-12345-BT,B14,,1006.0,,MAW,PT60M,10YES-REE------0,ES
2020-01-01T17:00:00+00:00,ALMARAZ 2,18WALZ2-12345-BJ,B14,,1004.1,,MAW,PT60M,10YES-REE------0,ES
2020-01-01T17:00:00+00:00,AMBITG2,18WAMBITG2-12-CT,B04,,202.6,,MAW,PT60M,10YES-REE------0,ES
2020-01-01T17:00:00+00:00,AMBITV,18WAMBITV-123-CK,B04,,114.7,,MAW,PT60M,10YES-REE------0,ES
2020-01-01T17:00:00+00:00,ARC3TG2,18WARC3TG2-12-CY,B04,,245.7,,MAW,PT60M,10YES-REE------0,ES
2020-01-01T17:00:00+00:00,ARC3TV,18WARC3TV-123-CP,B04,,123.5,,MAW,PT60M,10YES-REE------0,ES
2020-01-01T17:00:00+00:00,ASCO 1,18WASC1-12345-BD,B14,,1007.4,,MAW,PT60M,10YES-REE------0,ES
2020-01-01T17:00:00+00:00,BAHITG2,18WBAHITG2-12-CK,B04,,229.4,,MAW,PT60M,10YES-REE------0,ES
2020-01-01T17:00:00+00:00,BAHITV,18WBAHITV-123-CB,B04,,121.1,,MAW,PT60M,10YES-REE------0,ES
2020-01-01T17:00:00+00:00,BESOS 3,18WBES3-12345-C7,B04,,309.9,,MAW,PT60M,10YES-REE------0,ES
2020-01-01T17:00:00+00:00,CARTAGENA1,18WCTGN1-1234-CP,B04,,347.2,,MAW,PT60M,10YES-REE------0,ES
2020-01-01T17:00:00+00:00,CARTAGENA3,18WCTGN3-1234-C7,B04,,353.9,,MAW,PT60M,10YES-REE------0,ES
2020-01-01T17:00:00+00:00,CASTEJON 1,18WCTJON1-123-CJ,B04,,370.3,,MAW,PT60M,10YES-REE------0,ES
2020-01-01T17:00:00+00:00,COFRENTES,18WCOF1-12345-B2,B14,,1057.4,,MAW,PT60M,10YES-REE------0,ES
2020-01-01T17:00:00+00:00,CTN4TG2,18WCTN4TG2-123-F,B04,,265.7,,MAW,PT60M,10YES-REE------0,ES
2020-01-01T17:00:00+00:00,CTN4TV,18WCTN4TV-1234-3,B04,,141.8,,MAW,PT60M,10YES-REE------0,ES
2020-01-01T17:00:00+00:00,ESCCC1,18WESCCC1-123-C5,B04,,0.3,,MAW,PT60M,10YES-REE------0,ES
2020-01-01T17:00:00+00:00,LA ISLA,18W000000000FUZA,B16,,0.3,,MAW,PT60M,10YES-REE------0,ES
2020-01-01T17:00:00+00:00,MUELA 4G,18WMUE4-123456-6,B10,,101.5,,MAW,PT60M,10YES-REE------0,ES
2020-01-01T17:00:00+00:00,MUELA 6G,18WMUE6-123456-N,B10,,100.9,,MAW,PT60M,10YES-REE------0,ES
2020-01-01T17:00:00+00:00,MUELA 7G,18WMUE7-123456-D,B10,,101.5,,MAW,PT60M,10YES-REE------0,ES
2020-01-01T17:00:00+00:00,P.NUEVO 3,18WPNN3-12345-DT,B05,,181.0,,MAW,PT60M,10YES-REE------0,ES
2020-01-01T17:00:00+00:00,PBCN1,18WPBCN1-1234-PG,B04,,360.0,,MAW,PT60M,10YES-REE------0,ES
2020-01-01T17:00:00+00:00,PGR5TG2,18WPGR5TG2-123-M,B04,,158.7,,MAW,PT60M,10YES-REE------0,ES
2020-01-01T17:00:00+00:00,PGR5TV,18WPGR5TV-1234-A,B04,,107.8,,MAW,PT60M,10YES-REE------0,ES
2020-01-01T17:00:00+00:00,RODRI,18W000000000AI2L,B16,,0.3,,MAW,PT60M,10YES-REE------0,ES
2020-01-01T17:00:00+00:00,S.EST IIG1,18WEST21-12345-C,B12,,162.2,,MAW,PT60M,10YES-REE------0,ES
2020-01-01T17:00:00+00:00,S.ROQUE 1,18WSROQ1-1234-CJ,B04,,318.4,,MAW,PT60M,10YES-REE------0,ES
2020-01-01T17:00:00+00:00,SAGU2,18WSAGU2-1234-C3,B04,,365.2,,MAW,PT60M,10YES-REE------0,ES
2020-01-01T17:00:00+00:00,SALLENT 2B,18WSLT2B-12345-9,B10,,0.2,,MAW,PT60M,10YES-REE------0,ES
2020-01-01T17:00:00+00:00,SALLENT 4G,18WSLT4-12345-F8,B10,,89.4,,MAW,PT60M,10YES-REE------0,ES
2020-01-01T17:00:00+00:00,SAUCE II 1,18WSA21-12345-AX,B12,,122.9,,MAW,PT60M,10YES-REE------0,ES
2020-01-01T17:00:00+00:00,SAUCE II 2,18WSA22-12345-AN,B12,,122.9,,MAW,PT60M,10YES-REE------0,ES
2020-01-01T17:00:00+00:00,SBO3,18WSBO3-12345-CE,B04,,338.6,,MAW,PT60M,10YES-REE------0,ES
2020-01-01T17:00:00+00:00,SOTO 5,18WSRI5-12345--5,B04,,273.6,,MAW,PT60M,10YES-REE------0,ES
2020-01-01T17:00:00+00:00,SOUTELO 1,18WSOU1-12345-A1,B12,,103.4,,MAW,PT60M,10YES-REE------0,ES
2020-01-01T17:00:00+00:00,TAJOENC 3B,18WTJE3B-12345-R,B10,,0.0,,MAW,PT60M,10YES-REE------0,ES
2020-01-01T17:00:00+00:00,TERUEL 2,18WTER2-12345-DE,B05,,250.2,,MAW,PT60M,10YES-REE------0,ES
2020-01-01T17:00:00+00:00,TRILLO,18WTRL1-12345-BC,B14,,989.6,,MAW,PT60M,10YES-REE------0,ES
2020-01-01T17:00:00+00:00,UF MULA,18W000000000F3CQ,B16,,0.0,,MAW,PT60M,10YES-REE------0,ES
2020-01-01T17:00:00+00:00,VILLALC 21,18WVC21-12345-A7,B12,,101.7,,MAW,PT60M,10YES-REE------0,ES
2020-01-01T17:00:00+00:00,VLLRINO 3B,18WVRN3B-12345-S,B10,,0.0,,MAW,PT60M,10YES-REE------0,ES
2020-01-01T18:00:00+00:00,ALDEA I G1,18WAL11-12345-AZ,B12,,104.1,,MAW,PT60M,10YES-REE------0,ES
2020-01-01T18:00:00+00:00,ALDEA I G2,18WAL12-12345-AP,B12,,98.1,,MAW,PT60M,10YES-REE------0,ES
2020-01-01T18:00:00+00:00,ALDEA I G3,18WAL13-12345-AF,B12,,103.6,,MAW,PT60M,10YES-REE------0,ES
2020-01-01T18:00:00+00:00,ALDEA I G4,18WAL14-12345-A5,B12,,104.4,,MAW,PT60M,10YES-REE------0,ES
2020-01-01T18:00:00+00:00,ALDEA I G5,18WAL15-12345-AW,B12,,104.6,,MAW,PT60M,10YES-REE------0,ES
2020-01-01T18:00:00+00:00,ALDEA I G6,18WAL16-12345-AM,B12,,103.9,,MAW,PT60M,10YES-REE------0,ES
2020-01-01T18:00:00+00:00,ALDEA IIG1,18WAL21-12345-AO,B12,,200.7,,MAW,PT60M,10YES-REE------0,ES
2020-01-01T18:00:00+00:00,ALDEA IIG2,18WAL22-12345-AE,B12,,195.8,,MAW,PT60M,10YES-REE------0,ES
2020-01-01T18:00:00+00:00,ALMARAZ 1,18WALZ1-12345-BT,B14,,1005.6,,MAW,PT60M,10YES-REE------0,ES
2020-01-01T18:00:00+00:00,ALMARAZ 2,18WALZ2-12345-BJ,B14,,1003.7,,MAW,PT60M,10YES-REE------0,ES
2020-01-01T18:00:00+00:00,AMBITG2,18WAMBITG2-12-CT,B04,,237.2,,MAW,PT60M,10YES-REE------0,ES
2020-01-01T18:00:00+00:00,AMBITV,18WAMBITV-123-CK,B04,,123.0,,MAW,PT60M,10YES-REE------0,ES
2020-01-01T18:00:00+00:00,ARC3TG2,18WARC3TG2-12-CY,B04,,269.6,,MAW,PT60M,10YES-REE------0,ES
2020-01-01T18:00:00+00:00,ARC3TV,18WARC3TV-123-CP,B04,,136.7,,MAW,PT60M,10YES-REE------0,ES
2020-01-01T18:00:00+00:00,ASCO 1,18WASC1-12345-BD,B14,,1007.3,,MAW,PT60M,10YES-REE------0,ES
2020-01-01T18:00:00+00:00,ASCO 2,18WASC2-12345-B3,B14,,1002.1,,MAW,PT60M,10YES-REE------0,ES
2020-01-01T18:00:00+00:00,BAHITG2,18WBAHITG2-12-CK,B04,,242.0,,MAW,PT60M,10YES-REE------0,ES
2020-01-01T18:00:00+00:00,BAHITV,18WBAHITV-123-CB,B04,,124.5,,MAW,PT60M,10YES-REE------0,ES
2020-01-01T18:00:00+00:00,BELESAR 2,18WBEL2-12345-AO,B12,,37.3,,MAW,PT60M,10YES-REE------0,ES
2020-01-01T18:00:00+00:00,BELESAR 3,18WBEL3-12345-AE,B12,,96.1,,MAW,PT60M,10YES-REE------0,ES
2020-01-01T18:00:00+00:00,BESOS 3,18WBES3-12345-C7,B04,,296.3,,MAW,PT60M,10YES-REE------0,ES
2020-01-01T18:00:00+00:00,CARTAGENA1,18WCTGN1-1234-CP,B04,,400.1,,MAW,PT60M,10YES-REE------0,ES
2020-01-01T18:00:00+00:00,CARTAGENA3,18WCTGN3-1234-C7,B04,,407.5,,MAW,PT60M,10YES-REE------0,ES
2020-01-01T18:00:00+00:00,CASTEJON 1,18WCTJON1-123-CJ,B04,,387.3,,MAW,PT60M,10YES-REE------0,ES
2020-01-01T18:00:00+00:00,CEDILLO 1,18WCED1-12345-AZ,B12,,2.4,,MAW,PT60M,10YES-REE------0,ES
2020-01-01T18:00:00+00:00,COFRENTES,18WCOF1-12345-B2,B14,,1057.5,,MAW,PT60M,10YES-REE------0,ES
2020-01-01T18:00:00+00:00,CTN4TG2,18WCTN4TG2-123-F,B04,,265.9,,MAW,PT60M,10YES-REE------0,ES
2020-01-01T18:00:00+00:00,CTN4TV,18WCTN4TV-1234-3,B04,,141.5,,MAW,PT60M,10YES-REE------0,ES
2020-01-01T18:00:00+00:00,ESCCC1,18WESCCC1-123-C5,B04,,0.4,,MAW,PT60M,10YES-REE------0,ES
2020-01-01T18:00:00+00:00,LA ISLA,18W000000000FUZA,B16,,0.0,,MAW,PT60M,10YES-REE------0,ES
2020-01-01T18:00:00+00:00,MUELA 4G,18WMUE4-123456-6,B10,,167.8,,MAW,PT60M,10YES-REE------0,ES
2020-01-01T18:00:00+00:00,MUELA 6G,18WMUE6-123456-N,B10,,167.1,,MAW,PT60M,10YES-REE------0,ES
2020-01-01T18:00:00+00:00,MUELA 7G,18WMUE7-123456-D,B10,,167.9,,MAW,PT60M,10YES-REE------0,ES
2020-01-01T18:00:00+00:00,P.NUEVO 3,18WPNN3-12345-DT,B05,,180.9,,MAW,PT60M,10YES-REE------0,ES
2020-01-01T18:00:00+00:00,PBCN1,18WPBCN1-1234-PG,B04,,391.6,,MAW,PT60M,10YES-REE------0,ES
2020-01-01T18:00:00+00:00,PGR5TG2,18WPGR5TG2-123-M,B04,,233.5,,MAW,PT60M,10YES-REE------0,ES
2020-01-01T18:00:00+00:00,PGR5TV,18WPGR5TV-1234-A,B04,,133.1,,MAW,PT60M,10YES-REE------0,ES
2020-01-01T18:00:00+00:00,RODRI,18W000000000AI2L,B16,,0.0,,MAW,PT60M,10YES-REE------0,ES
2020-01-01T18:00:00+00:00,S.EST IIG1,18WEST21-12345-C,B12,,161.7,,MAW,PT60M,10YES-REE------0,ES
2020-01-01T18:00:00+00:00,S.ROQUE 1,18WSROQ1-1234-CJ,B04,,352.1,,MAW,PT60M,10YES-REE------0,ES
2020-01-01T18:00:00+00:00,SAGU2,18WSAGU2-1234-C3,B04,,396.7,,MAW,PT60M,10YES-REE------0,ES
2020-01-01T18:00:00+00:00,SALLENT 4G,18WSLT4-12345-F8,B10,,78.1,,MAW,PT60M,10YES-REE------0,ES
2020-01-01T18:00:00+00:00,SAUCE II 1,18WSA21-12345-AX,B12,,123.0,,MAW,PT60M,10YES-REE------0,ES
2020-01-01T18:00:00+00:00,SAUCE II 2,18WSA22-12345-AN,B12,,123.0,,MAW,PT60M,10YES-REE------0,ES
2020-01-01T18:00:00+00:00,SBO3,18WSBO3-12345-CE,B04,,370.2,,MAW,PT60M,10YES-REE------0,ES
2020-01-01T18:00:00+00:00,SOTO 5,18WSRI5-12345--5,B04,,314.0,,MAW,PT60M,10YES-REE------0,ES
2020-01-01T18:00:00+00:00,SOUTELO 1,18WSOU1-12345-A1,B12,,119.7,,MAW,PT60M,10YES-REE------0,ES
2020-01-01T18:00:00+00:00,TERUEL 2,18WTER2-12345-DE,B05,,249.8,,MAW,PT60M,10YES-REE------0,ES
2020-01-01T18:00:00+00:00,TRILLO,18WTRL1-12345-BC,B14,,989.4,,MAW,PT60M,10YES-REE------0,ES
2020-01-01T18:00:00+00:00,VANDELLOS,18WVAN2-12345-BA,B14,,1037.7,,MAW,PT60M,10YES-REE------0,ES
2020-01-01T18:00:00+00:00,VILLALC 21,18WVC21-12345-A7,B12,,101.8,,MAW,PT60M,10YES-REE------0,ES
2020-01-01T19:00:00+00:00,ALDEA I G1,18WAL11-12345-AZ,B12,,79.4,,MAW,PT60M,10YES-REE------0,ES
2020-01-01T19:00:00+00:00,ALDEA I G2,18WAL12-12345-AP,B12,,84.9,,MAW,PT60M,10YES-REE------0,ES
2020-01-01T19:00:00+00:00,ALDEA I G3,18WAL13-12345-AF,B12,,78.5,,MAW,PT60M,10YES-REE------0,ES
2020-01-01T19:00:00+00:00,ALDEA I G4,18WAL14-12345-A5,B12,,79.2,,MAW,PT60M,10YES-REE------0,ES
2020-01-01T19:00:00+00:00,ALDEA I G5,18WAL15-12345-AW,B12,,78.9,,MAW,PT60M,10YES-REE------0,ES
2020-01-01T19:00:00+00:00,ALDEA I G6,18WAL16-12345-AM,B12,,78.9,,MAW,PT60M,10YES-REE------0,ES
2020-01-01T19:00:00+00:00,ALDEA IIG1,18WAL21-12345-AO,B12,,201.2,,MAW,PT60M,10YES-REE------0,ES
2020-01-01T19:00:00+00:00,ALDEA IIG2,18WAL22-12345-AE,B12,,196.2,,MAW,PT60M,10YES-REE------0,ES
2020-01-01T19:00:00+00:00,ALMARAZ 1,18WALZ1-12345-BT,B14,,1006.6,,MAW,PT60M,10YES-REE------0,ES
2020-01-01T19:00:00+00:00,ALMARAZ 2,18WALZ2-12345-BJ,B14,,1004.6,,MAW,PT60M,10YES-REE------0,ES
2020-01-01T19:00:00+00:00,AMBITG2,18WAMBITG2-12-CT,B04,,206.8,,MAW,PT60M,10YES-REE------0,ES
2020-01-01T19:00:00+00:00,AMBITV,18WAMBITV-123-CK,B04,,114.8,,MAW,PT60M,10YES-REE------0,ES
2020-01-01T19:00:00+00:00,ARC3TG2,18WARC3TG2-12-CY,B04,,271.7,,MAW,PT60M,10YES-REE------0,ES
2020-01-01T19:00:00+00:00,ARC3TV,18WARC3TV-123-CP,B04,,137.7,,MAW,PT60M,10YES-REE------0,ES
2020-01-01T19:00:00+00:00,ASCO 1,18WASC1-12345-BD,B14,,1007.9,,MAW,PT60M,10YES-REE------0,ES
2020-01-01T19:00:00+00:00,ASCO 2,18WASC2-12345-B3,B14,,1001.7,,MAW,PT60M,10YES-REE------0,ES
2020-01-01T19:00:00+00:00,BAHITG2,18WBAHITG2-12-CK,B04,,247.2,,MAW,PT60M,10YES-REE------0,ES
2020-01-01T19:00:00+00:00,BAHITV,18WBAHITV-123-CB,B04,,126.4,,MAW,PT60M,10YES-REE------0,ES
2020-01-01T19:00:00+00:00,BESOS 3,18WBES3-12345-C7,B04,,302.2,,MAW,PT60M,10YES-REE------0,ES
2020-01-01T19:00:00+00:00,CARTAGENA1,18WCTGN1-1234-CP,B04,,386.2,,MAW,PT60M,10YES-REE------0,ES
2020-01-01T19:00:00+00:00,CARTAGENA3,18WCTGN3-1234-C7,B04,,378.0,,MAW,PT60M,10YES-REE------0,ES
2020-01-01T19:00:00+00:00,CASTEJON 1,18WCTJON1-123-CJ,B04,,375.3,,MAW,PT60M,10YES-REE------0,ES
2020-01-01T19:00:00+00:00,CEDILLO 1,18WCED1-12345-AZ,B12,,52.8,,MAW,PT60M,10YES-REE------0,ES
2020-01-01T19:00:00+00:00,COFRENTES,18WCOF1-12345-B2,B14,,1057.3,,MAW,PT60M,10YES-REE------0,ES
2020-01-01T19:00:00+00:00,CTN4TG2,18WCTN4TG2-123-F,B04,,264.3,,MAW,PT60M,10YES-REE------0,ES
2020-01-01T19:00:00+00:00,CTN4TV,18WCTN4TV-1234-3,B04,,141.4,,MAW,PT60M,10YES-REE------0,ES
2020-01-01T19:00:00+00:00,MUELA 4G,18WMUE4-123456-6,B10,,120.0,,MAW,PT60M,10YES-REE------0,ES
2020-01-01T19:00:00+00:00,MUELA 6G,18WMUE6-123456-N,B10,,119.8,,MAW,PT60M,10YES-REE------0,ES
2020-01-01T19:00:00+00:00,MUELA 7G,18WMUE7-123456-D,B10,,119.3,,MAW,PT60M,10YES-REE------0,ES
2020-01-01T19:00:00+00:00,P.NUEVO 3,18WPNN3-12345-DT,B05,,180.6,,MAW,PT60M,10YES-REE------0,ES
2020-01-01T19:00:00+00:00,PBCN1,18WPBCN1-1234-PG,B04,,378.8,,MAW,PT60M,10YES-REE------0,ES
2020-01-01T19:00:00+00:00,PGR5TG2,18WPGR5TG2-123-M,B04,,192.8,,MAW,PT60M,10YES-REE------0,ES
2020-01-01T19:00:00+00:00,PGR5TV,18WPGR5TV-1234-A,B04,,119.9,,MAW,PT60M,10YES-REE------0,ES
2020-01-01T19:00:00+00:00,RICOBA II1,18WRIC21-1234-AZ,B12,,137.0,,MAW,PT60M,10YES-REE------0,ES
2020-01-01T19:00:00+00:00,S.EST IIG1,18WEST21-12345-C,B12,,161.4,,MAW,PT60M,10YES-REE------0,ES
2020-01-01T19:00:00+00:00,S.ROQUE 1,18WSROQ1-1234-CJ,B04,,337.6,,MAW,PT60M,10YES-REE------0,ES
2020-01-01T19:00:00+00:00,SAGU2,18WSAGU2-1234-C3,B04,,385.2,,MAW,PT60M,10YES-REE------0,ES
2020-01-01T19:00:00+00:00,SALLENT 4G,18WSLT4-12345-F8,B10,,90.9,,MAW,PT60M,10YES-REE------0,ES
2020-01-01T19:00:00+00:00,SAUCE II 1,18WSA21-12345-AX,B12,,122.9,,MAW,PT60M,10YES-REE------0,ES
2020-01-01T19:00:00+00:00,SAUCE II 2,18WSA22-12345-AN,B12,,122.9,,MAW,PT60M,10YES-REE------0,ES
2020-01-01T19:00:00+00:00,SBO3,18WSBO3-12345-CE,B04,,355.4,,MAW,PT60M,10YES-REE------0,ES
2020-01-01T19:00:00+00:00,SOTO 5,18WSRI5-12345--5,B04,,262.7,,MAW,PT60M,10YES-REE------0,ES
2020-01-01T19:00:00+00:00,SOUTELO 1,18WSOU1-12345-A1,B12,,119.4,,MAW,PT60M,10YES-REE------0,ES
2020-01-01T19:00:00+00:00,TERUEL 2,18WTER2-12345-DE,B05,,250.2,,MAW,PT60M,10YES-REE------0,ES
2020-01-01T19:00:00+00:00,TRILLO,18WTRL1-12345-BC,B14,,989.7,,MAW,PT60M,10YES-REE------0,ES
2020-01-01T19:00:00+00:00,VANDELLOS,18WVAN2-12345-BA,B14,,1038.0,,MAW,PT60M,10YES-REE------0,ES
2020-01-01T19:00:00+00:00,VILLALC 21,18WVC21-12345-A7,B12,,101.9,,MAW,PT60M,10YES-REE------0,ES
2020-01-01T20:00:00+00:00,ALDEA I G1,18WAL11-12345-AZ,B12,,118.2,,MAW,PT60M,10YES-REE------0,ES
2020-01-01T20:00:00+00:00,ALDEA I G2,18WAL12-12345-AP,B12,,101.2,,MAW,PT60M,10YES-REE------0,ES
2020-01-01T20:00:00+00:00,ALDEA I G3,18WAL13-12345-AF,B12,,116.6,,MAW,PT60M,10YES-REE------0,ES
2020-01-01T20:00:00+00:00,ALDEA I G4,18WAL14-12345-A5,B12,,116.6,,MAW,PT60M,10YES-REE------0,ES
2020-01-01T20:00:00+00:00,ALDEA I G5,18WAL15-12345-AW,B12,,115.9,,MAW,PT60M,10YES-REE------0,ES
2020-01-01T20:00:00+00:00,ALDEA I G6,18WAL16-12345-AM,B12,,106.3,,MAW,PT60M,10YES-REE------0,ES
2020-01-01T20:00:00+00:00,ALDEA IIG1,18WAL21-12345-AO,B12,,200.6,,MAW,PT60M,10YES-REE------0,ES
2020-01-01T20:00:00+00:00,ALDEA IIG2,18WAL22-12345-AE,B12,,195.7,,MAW,PT60M,10YES-REE------0,ES
2020-01-01T20:00:00+00:00,ALMARAZ 1,18WALZ1-12345-BT,B14,,1005.9,,MAW,PT60M,10YES-REE------0,ES
2020-01-01T20:00:00+00:00,ALMARAZ 2,18WALZ2-12345-BJ,B14,,1003.6,,MAW,PT60M,10YES-REE------0,ES
2020-01-01T20:00:00+00:00,AMBITG2,18WAMBITG2-12-CT,B04,,199.4,,MAW,PT60M,10YES-REE------0,ES
2020-01-01T20:00:00+00:00,AMBITV,18WAMBITV-123-CK,B04,,110.9,,MAW,PT60M,10YES-REE------0,ES
2020-01-01T20:00:00+00:00,ARC3TG2,18WARC3TG2-12-CY,B04,,273.6,,MAW,PT60M,10YES-REE------0,ES
2020-01-01T20:00:00+00:00,ARC3TV,18WARC3TV-123-CP,B04,,138.4,,MAW,PT60M,10YES-REE------0,ES
2020-01-01T20:00:00+00:00,ASCO 1,18WASC1-12345-BD,B14,,1007.4,,MAW,PT60M,10YES-REE------0,ES
2020-01-01T20:00:00+00:00,ASCO 2,18WASC2-12345-B3,B14,,1002.2,,MAW,PT60M,10YES-REE------0,ES
2020-01-01T20:00:00+00:00,BAHITG2,18WBAHITG2-12-CK,B04,,239.0,,MAW,PT60M,10YES-REE------0,ES
2020-01-01T20:00:00+00:00,BAHITV,18WBAHITV-123-CB,B04,,123.5,,MAW,PT60M,10YES-REE------0,ES
2020-01-01T20:00:00+00:00,BELESAR 2,18WBEL2-12345-AO,B12,,37.1,,MAW,PT60M,10YES-REE------0,ES
2020-01-01T20:00:00+00:00,BELESAR 3,18WBEL3-12345-AE,B12,,96.2,,MAW,PT60M,10YES-REE------0,ES
2020-01-01T20:00:00+00:00,BESOS 3,18WBES3-12345-C7,B04,,345.7,,MAW,PT60M,10YES-REE------0,ES
2020-01-01T20:00:00+00:00,CARTAGENA1,18WCTGN1-1234-CP,B04,,388.9,,MAW,PT60M,10YES-REE------0,ES
2020-01-01T20:00:00+00:00,CARTAGENA3,18WCTGN3-1234-C7,B04,,396.3,,MAW,PT60M,10YES-REE------0,ES
2020-01-01T20:00:00+00:00,CASTEJON 1,18WCTJON1-123-CJ,B04,,371.1,,MAW,PT60M,10YES-REE------0,ES
2020-01-01T20:00:00+00:00,CEDILLO 1,18WCED1-12345-AZ,B12,,57.6,,MAW,PT60M,10YES-REE------0,ES
2020-01-01T20:00:00+00:00,COFRENTES,18WCOF1-12345-B2,B14,,1057.8,,MAW,PT60M,10YES-REE------0,ES
2020-01-01T20:00:00+00:00,CTN4TG2,18WCTN4TG2-123-F,B04,,221.4,,MAW,PT60M,10YES-REE------0,ES
2020-01-01T20:00:00+00:00,CTN4TV,18WCTN4TV-1234-3,B04,,128.8,,MAW,PT60M,10YES-REE------0,ES
2020-01-01T20:00:00+00:00,MUELA 4G,18WMUE4-123456-6,B10,,176.8,,MAW,PT60M,10YES-REE------0,ES
2020-01-01T20:00:00+00:00,MUELA 6G,18WMUE6-123456-N,B10,,176.5,,MAW,PT60M,10YES-REE------0,ES
2020-01-01T20:00:00+00:00,MUELA 7G,18WMUE7-123456-D,B10,,149.9,,MAW,PT60M,10YES-REE------0,ES
2020-01-01T20:00:00+00:00,P.NUEVO 3,18WPNN3-12345-DT,B05,,180.9,,MAW,PT60M,10YES-REE------0,ES
2020-01-01T20:00:00+00:00,PBCN1,18WPBCN1-1234-PG,B04,,397.2,,MAW,PT60M,10YES-REE------0,ES
2020-01-01T20:00:00+00:00,PGR5TG2,18WPGR5TG2-123-M,B04,,192.4,,MAW,PT60M,10YES-REE------0,ES
2020-01-01T20:00:00+00:00,PGR5TV,18WPGR5TV-1234-A,B04,,120.7,,MAW,PT60M,10YES-REE------0,ES
2020-01-01T20:00:00+00:00,RICOBA II1,18WRIC21-1234-AZ,B12,,137.4,,MAW,PT60M,10YES-REE------0,ES
2020-01-01T20:00:00+00:00,S.EST IIG1,18WEST21-12345-C,B12,,161.3,,MAW,PT60M,10YES-REE------0,ES
2020-01-01T20:00:00+00:00,S.ROQUE 1,18WSROQ1-1234-CJ,B04,,357.1,,MAW,PT60M,10YES-REE------0,ES
2020-01-01T20:00:00+00:00,SAGU2,18WSAGU2-1234-C3,B04,,390.4,,MAW,PT60M,10YES-REE------0,ES
2020-01-01T20:00:00+00:00,SALLENT 4G,18WSLT4-12345-F8,B10,,92.2,,MAW,PT60M,10YES-REE------0,ES
2020-01-01T20:00:00+00:00,SBO3,18WSBO3-12345-CE,B04,,363.1,,MAW,PT60M,10YES-REE------0,ES
2020-01-01T20:00:00+00:00,SOTO 5,18WSRI5-12345--5,B04,,244.4,,MAW,PT60M,10YES-REE------0,ES
2020-01-01T20:00:00+00:00,SOUTELO 1,18WSOU1-12345-A1,B12,,119.7,,MAW,PT60M,10YES-REE------0,ES
2020-01-01T20:00:00+00:00,TERUEL 2,18WTER2-12345-DE,B05,,247.9,,MAW,PT60M,10YES-REE------0,ES
2020-01-01T20:00:00+00:00,TRILLO,18WTRL1-12345-BC,B14,,989.5,,MAW,PT60M,10YES-REE------0,ES
2020-01-01T20:00:00+00:00,VILLALC 21,18WVC21-12345-A7,B12,,101.7,,MAW,PT60M,10YES-REE------0,ES
2020-01-01T21:00:00+00:00,ALDEA I G1,18WAL11-12345-AZ,B12,,108.9,,MAW,PT60M,10YES-REE------0,ES
2020-01-01T21:00:00+00:00,ALDEA I G2,18WAL12-12345-AP,B12,,97.7,,MAW,PT60M,10YES-REE------0,ES
2020-01-01T21:00:00+00:00,ALDEA I G3,18WAL13-12345-AF,B12,,108.1,,MAW,PT60M,10YES-REE------0,ES
2020-01-01T21:00:00+00:00,ALDEA I G4,18WAL14-12345-A5,B12,,108.2,,MAW,PT60M,10YES-REE------0,ES
2020-01-01T21:00:00+00:00,ALDEA I G5,18WAL15-12345-AW,B12,,108.5,,MAW,PT60M,10YES-REE------0,ES
2020-01-01T21:00:00+00:00,ALDEA I G6,18WAL16-12345-AM,B12,,103.9,,MAW,PT60M,10YES-REE------0,ES
2020-01-01T21:00:00+00:00,ALDEA IIG1,18WAL21-12345-AO,B12,,200.5,,MAW,PT60M,10YES-REE------0,ES
2020-01-01T21:00:00+00:00,ALDEA IIG2,18WAL22-12345-AE,B12,,195.5,,MAW,PT60M,10YES-REE------0,ES
2020-01-01T21:00:00+00:00,ALMARAZ 1,18WALZ1-12345-BT,B14,,1006.2,,MAW,PT60M,10YES-REE------0,ES
2020-01-01T21:00:00+00:00,ALMARAZ 2,18WALZ2-12345-BJ,B14,,1004.1,,MAW,PT60M,10YES-REE------0,ES
2020-01-01T21:00:00+00:00,AMBITG2,18WAMBITG2-12-CT,B04,,202.3,,MAW,PT60M,10YES-REE------0,ES
2020-01-01T21:00:00+00:00,AMBITV,18WAMBITV-123-CK,B04,,111.3,,MAW,PT60M,10YES-REE------0,ES
2020-01-01T21:00:00+00:00,ARC3TG2,18WARC3TG2-12-CY,B04,,273.4,,MAW,PT60M,10YES-REE------0,ES
2020-01-01T21:00:00+00:00,ARC3TV,18WARC3TV-123-CP,B04,,138.5,,MAW,PT60M,10YES-REE------0,ES
2020-01-01T21:00:00+00:00,ASCO 1,18WASC1-12345-BD,B14,,1007.7,,MAW,PT60M,10YES-REE------0,ES
2020-01-01T21:00:00+00:00,BAHITG2,18WBAHITG2-12-CK,B04,,255.4,,MAW,PT60M,10YES-REE------0,ES
2020-01-01T21:00:00+00:00,BAHITV,18WBAHITV-123-CB,B04,,128.7,,MAW,PT60M,10YES-REE------0,ES
2020-01-01T21:00:00+00:00,BELESAR 2,18WBEL2-12345-AO,B12,,36.3,,MAW,PT60M,10YES-REE------0,ES
2020-01-01T21:00:00+00:00,BESOS 3,18WBES3-12345-C7,B04,,298.6,,MAW,PT60M,10YES-REE------0,ES
2020-01-01T21:00:00+00:00,BESOS 4,18WBES4-12345-CY,B04,,54.2,,MAW,PT60M,10YES-REE------0,ES
2020-01-01T21:00:00+00:00,CARTAGENA1,18WCTGN1-1234-CP,B04,,363.8,,MAW,PT60M,10YES-REE------0,ES
2020-01-01T21:00:00+00:00,CARTAGENA3,18WCTGN3-1234-C7,B04,,371.0,,MAW,PT60M,10YES-REE------0,ES
2020-01-01T21:00:00+00:00,CASTEJON 1,18WCTJON1-123-CJ,B04,,319.2,,MAW,PT60M,10YES-REE------0,ES
2020-01-01T21:00:00+00:00,CEDILLO 1,18WCED1-12345-AZ,B12,,0.0,,MAW,PT60M,10YES-REE------0,ES
2020-01-01T21:00:00+00:00,COFRENTES,18WCOF1-12345-B2,B14,,1058.0,,MAW,PT60M,10YES-REE------0,ES
2020-01-01T21:00:00+00:00,CTN4TG2,18WCTN4TG2-123-F,B04,,260.2,,MAW,PT60M,10YES-REE------0,ES
2020-01-01T21:00:00+00:00,CTN4TV,18WCTN4TV-1234-3,B04,,139.6,,MAW,PT60M,10YES-REE------0,ES
2020-01-01T21:00:00+00:00,MUELA 4G,18WMUE4-123456-6,B10,,103.6,,MAW,PT60M,10YES-REE------0,ES
2020-01-01T21:00:00+00:00,MUELA 6G,18WMUE6-123456-N,B10,,60.7,,MAW,PT60M,10YES-REE------0,ES
2020-01-01T21:00:00+00:00,MUELA 7G,18WMUE7-123456-D,B10,,0.0,,MAW,PT60M,10YES-REE------0,ES
2020-01-01T21:00:00+00:00,PBCN1,18WPBCN1-1234-PG,B04,,382.9,,MAW,PT60M,10YES-REE------0,ES
2020-01-01T21:00:00+00:00,PGR5TG2,18WPGR5TG2-123-M,B04,,158.7,,MAW,PT60M,10YES-REE------0,ES
2020-01-01T21:00:00+00:00,PGR5TV,18WPGR5TV-1234-A,B04,,109.0,,MAW,PT60M,10YES-REE------0,ES
2020-01-01T21:00:00+00:00,RICOBA II1,18WRIC21-1234-AZ,B12,,137.3,,MAW,PT60M,10YES-REE------0,ES
2020-01-01T21:00:00+00:00,S.EST IIG1,18WEST21-12345-C,B12,,161.2,,MAW,PT60M,10YES-REE------0,ES
2020-01-01T21:00:00+00:00,S.ROQUE 1,18WSROQ1-1234-CJ,B04,,340.0,,MAW,PT60M,10YES-REE------0,ES
2020-01-01T21:00:00+00:00,SAGU2,18WSAGU2-1234-C3,B04,,382.8,,MAW,PT60M,10YES-REE------0,ES
2020-01-01T21:00:00+00:00,SALLENT 4G,18WSLT4-12345-F8,B10,,69.9,,MAW,PT60M,10YES-REE------0,ES
2020-01-01T21:00:00+00:00,SAUCE II 1,18WSA21-12345-AX,B12,,123.0,,MAW,PT60M,10YES-REE------0,ES
2020-01-01T21:00:00+00:00,SAUCE II 2,18WSA22-12345-AN,B12,,123.0,,MAW,PT60M,10YES-REE------0,ES
2020-01-01T21:00:00+00:00,SBO3,18WSBO3-12345-CE,B04,,355.3,,MAW,PT60M,10YES-REE------0,ES
2020-01-01T21:00:00+00:00,SOTO 5,18WSRI5-12345--5,B04,,367.1,,MAW,PT60M,10YES-REE------0,ES
2020-01-01T21:00:00+00:00,SOUTELO 1,18WSOU1-12345-A1,B12,,119.6,,MAW,PT60M,10YES-REE------0,ES
2020-01-01T21:00:00+00:00,TAJOENC 3B,18WTJE3B-12345-R,B10,,0.1,,MAW,PT60M,10YES-REE------0,ES
2020-01-01T21:00:00+00:00,TERUEL 2,18WTER2-12345-DE,B05,,250.5,,MAW,PT60M,10YES-REE------0,ES
2020-01-01T21:00:00+00:00,TRILLO,18WTRL1-12345-BC,B14,,989.2,,MAW,PT60M,10YES-REE------0,ES
2020-01-01T21:00:00+00:00,VANDELLOS,18WVAN2-12345-BA,B14,,1038.4,,MAW,PT60M,10YES-REE------0,ES
2020-01-01T21:00:00+00:00,VILLALC 21,18WVC21-12345-A7,B12,,101.8,,MAW,PT60M,10YES-REE------0,ES
2020-01-01T22:00:00+00:00,ACECA4,18WACE4-12345-C3,B04,,75.8,,MAW,PT60M,10YES-REE------0,ES
2020-01-01T22:00:00+00:00,ALDEA I G1,18WAL11-12345-AZ,B12,,77.6,,MAW,PT60M,10YES-REE------0,ES
2020-01-01T22:00:00+00:00,ALDEA I G2,18WAL12-12345-AP,B12,,79.5,,MAW,PT60M,10YES-REE------0,ES
2020-01-01T22:00:00+00:00,ALDEA I G3,18WAL13-12345-AF,B12,,77.4,,MAW,PT60M,10YES-REE------0,ES
2020-01-01T22:00:00+00:00,ALDEA I G4,18WAL14-12345-A5,B12,,77.6,,MAW,PT60M,10YES-REE------0,ES
2020-01-01T22:00:00+00:00,ALDEA I G5,18WAL15-12345-AW,B12,,77.4,,MAW,PT60M,10YES-REE------0,ES
2020-01-01T22:00:00+00:00,ALDEA I G6,18WAL16-12345-AM,B12,,78.3,,MAW,PT60M,10YES-REE------0,ES
2020-01-01T22:00:00+00:00,ALDEA IIG1,18WAL21-12345-AO,B12,,201.0,,MAW,PT60M,10YES-REE------0,ES
2020-01-01T22:00:00+00:00,ALDEA IIG2,18WAL22-12345-AE,B12,,196.1,,MAW,PT60M,10YES-REE------0,ES
2020-01-01T22:00:00+00:00,ALMARAZ 1,18WALZ1-12345-BT,B14,,1007.0,,MAW,PT60M,10YES-REE------0,ES
2020-01-01T22:00:00+00:00,ALMARAZ 2,18WALZ2-12345-BJ,B14,,1004.6,,MAW,PT60M,10YES-REE------0,ES
2020-01-01T22:00:00+00:00,AMBITG2,18WAMBITG2-12-CT,B04,,206.5,,MAW,PT60M,10YES-REE------0,ES
2020-01-01T22:00:00+00:00,AMBITV,18WAMBITV-123-CK,B04,,112.9,,MAW,PT60M,10YES-REE------0,ES
2020-01-01T22:00:00+00:00,ARC3TG2,18WARC3TG2-12-CY,B04,,268.1,,MAW,PT60M,10YES-REE------0,ES
2020-01-01T22:00:00+00:00,ARC3TV,18WARC3TV-123-CP,B04,,137.6,,MAW,PT60M,10YES-REE------0,ES
2020-01-01T22:00:00+00:00,ASCO 1,18WASC1-12345-BD,B14,,1007.8,,MAW,PT60M,10YES-REE------0,ES
2020-01-01T22:00:00+00:00,ASCO 2,18WASC2-12345-B3,B14,,1002.4,,MAW,PT60M,10YES-REE------0,ES
2020-01-01T22:00:00+00:00,BAHITG2,18WBAHITG2-12-CK,B04,,245.8,,MAW,PT60M,10YES-REE------0,ES
2020-01-01T22:00:00+00:00,BAHITV,18WBAHITV-123-CB,B04,,124.7,,MAW,PT60M,10YES-REE------0,ES
2020-01-01T22:00:00+00:00,BESOS 3,18WBES3-12345-C7,B04,,282.8,,MAW,PT60M,10YES-REE------0,ES
2020-01-01T22:00:00+00:00,BESOS 4,18WBES4-12345-CY,B04,,84.2,,MAW,PT60M,10YES-REE------0,ES
2020-01-01T22:00:00+00:00,CARTAGENA1,18WCTGN1-1234-CP,B04,,357.5,,MAW,PT60M,10YES-REE------0,ES
2020-01-01T22:00:00+00:00,CARTAGENA3,18WCTGN3-1234-C7,B04,,366.8,,MAW,PT60M,10YES-REE------0,ES
2020-01-01T22:00:00+00:00,CASTEJON 1,18WCTJON1-123-CJ,B04,,329.6,,MAW,PT60M,10YES-REE------0,ES
2020-01-01T22:00:00+00:00,COFRENTES,18WCOF1-12345-B2,B14,,1057.8,,MAW,PT60M,10YES-REE------0,ES
2020-01-01T22:00:00+00:00,CTN4TG2,18WCTN4TG2-123-F,B04,,254.9,,MAW,PT60M,10YES-REE------0,ES
2020-01-01T22:00:00+00:00,CTN4TV,18WCTN4TV-1234-3,B04,,139.2,,MAW,PT60M,10YES-REE------0,ES
2020-01-01T22:00:00+00:00,ESCCC1,18WESCCC1-123-C5,B04,,0.3,,MAW,PT60M,10YES-REE------0,ES
2020-01-01T22:00:00+00:00,MUELA 4G,18WMUE4-123456-6,B10,,0.0,,MAW,PT60M,10YES-REE------0,ES
2020-01-01T22:00:00+00:00,MUELA 6G,18WMUE6-123456-N,B10,,0.0,,MAW,PT60M,10YES-REE------0,ES
2020-01-01T22:00:00+00:00,P.NUEVO 3,18WPNN3-12345-DT,B05,,179.3,,MAW,PT60M,10YES-REE------0,ES
2020-01-01T22:00:00+00:00,PBCN1,18WPBCN1-1234-PG,B04,,357.4,,MAW,PT60M,10YES-REE------0,ES
2020-01-01T22:00:00+00:00,PGR5TG2,18WPGR5TG2-123-M,B04,,134.3,,MAW,PT60M,10YES-REE------0,ES
2020-01-01T22:00:00+00:00,PGR5TV,18WPGR5TV-1234-A,B04,,101.1,,MAW,PT60M,10YES-REE------0,ES
2020-01-01T22:00:00+00:00,RICOBA II1,18WRIC21-1234-AZ,B12,,136.7,,MAW,PT60M,10YES-REE------0,ES
2020-01-01T22:00:00+00:00,S.ROQUE 1,18WSROQ1-1234-CJ,B04,,336.5,,MAW,PT60M,10YES-REE------0,ES
2020-01-01T22:00:00+00:00,SAGU2,18WSAGU2-1234-C3,B04,,360.8,,MAW,PT60M,10YES-REE------0,ES
2020-01-01T22:00:00+00:00,SALLENT 1B,18WSLT1B-12345-J,B10,,0.0,,MAW,PT60M,10YES-REE------0,ES
2020-01-01T22:00:00+00:00,SALLENT 2B,18WSLT2B-12345-9,B10,,0.1,,MAW,PT60M,10YES-REE------0,ES
2020-01-01T22:00:00+00:00,SALLENT 3B,18WSLT3B--1234-V,B10,,0.0,,MAW,PT60M,10YES-REE------0,ES
2020-01-01T22:00:00+00:00,SALLENT 4G,18WSLT4-12345-F8,B10,,0.0,,MAW,PT60M,10YES-REE------0,ES
2020-01-01T22:00:00+00:00,SAUCE II 1,18WSA21-12345-AX,B12,,122.9,,MAW,PT60M,10YES-REE------0,ES
2020-01-01T22:00:00+00:00,SAUCE II 2,18WSA22-12345-AN,B12,,122.9,,MAW,PT60M,10YES-REE------0,ES
2020-01-01T22:00:00+00:00,SBO3,18WSBO3-12345-CE,B04,,325.6,,MAW,PT60M,10YES-REE------0,ES
2020-01-01T22:00:00+00:00,SOTO 5,18WSRI5-12345--5,B04,,378.4,,MAW,PT60M,10YES-REE------0,ES
2020-01-01T22:00:00+00:00,SOUTELO 1,18WSOU1-12345-A1,B12,,17.0,,MAW,PT60M,10YES-REE------0,ES
2020-01-01T22:00:00+00:00,TERUEL 2,18WTER2-12345-DE,B05,,249.9,,MAW,PT60M,10YES-REE------0,ES
2020-01-01T22:00:00+00:00,TRILLO,18WTRL1-12345-BC,B14,,989.5,,MAW,PT60M,10YES-REE------0,ES
2020-01-01T22:00:00+00:00,VANDELLOS,18WVAN2-12345-BA,B14,,1038.0,,MAW,PT60M,10YES-REE------0,ES
2020-01-01T22:00:00+00:00,VILLALC 21,18WVC21-12345-A7,B12,,101.5,,MAW,PT60M,10YES-REE------0,ES
2020-01-01T22:00:00+00:00,VLLRINO 2G,18WVRN2-12345-AU,B12,,0.4,,MAW,PT60M,10YES-REE------0,ES
2020-01-01T22:00:00+00:00,VLLRINO 3B,18WVRN3B-12345-S,B10,,49.6,,MAW,PT60M,10YES-REE------0,ES
2020-01-01T22:00:00+00:00,VLLRINO 6B,18WVRN6B-12345-Z,B10,,30.7,,MAW,PT60M,10YES-REE------0,ES
2020-01-01T22:00:00+00:00,VLLRINO 6G,18WVRN6-12345-AR,B12,,0.5,,MAW,PT60M,10YES-REE------0,ES
2020-01-01T23:00:00+00:00,ACECA4,18WACE4-12345-C3,B04,,233.3,,MAW,PT60M,10YES-REE------0,ES
2020-01-01T23:00:00+00:00,ALDEA I G1,18WAL11-12345-AZ,B12,,81.1,,MAW,PT60M,10YES-REE------0,ES
2020-01-01T23:00:00+00:00,ALDEA I G2,18WAL12-12345-AP,B12,,83.0,,MAW,PT60M,10YES-REE------0,ES
2020-01-01T23:00:00+00:00,ALDEA I G3,18WAL13-12345-AF,B12,,80.2,,MAW,PT60M,10YES-REE------0,ES
2020-01-01T23:00:00+00:00,ALDEA I G4,18WAL14-12345-A5,B12,,80.1,,MAW,PT60M,10YES-REE------0,ES
2020-01-01T23:00:00+00:00,ALDEA I G5,18WAL15-12345-AW,B12,,80.6,,MAW,PT60M,10YES-REE------0,ES
2020-01-01T23:00:00+00:00,ALDEA I G6,18WAL16-12345-AM,B12,,81.0,,MAW,PT60M,10YES-REE------0,ES
2020-01-01T23:00:00+00:00,ALDEA IIG1,18WAL21-12345-AO,B12,,12.5,,MAW,PT60M,10YES-REE------0,ES
2020-01-01T23:00:00+00:00,ALDEA IIG2,18WAL22-12345-AE,B12,,198.8,,MAW,PT60M,10YES-REE------0,ES
2020-01-01T23:00:00+00:00,ALMARAZ 1,18WALZ1-12345-BT,B14,,1006.0,,MAW,PT60M,10YES-REE------0,ES
2020-01-01T23:00:00+00:00,ALMARAZ 2,18WALZ2-12345-BJ,B14,,1003.9,,MAW,PT60M,10YES-REE------0,ES
2020-01-01T23:00:00+00:00,AMBITG2,18WAMBITG2-12-CT,B04,,207.4,,MAW,PT60M,10YES-REE------0,ES
2020-01-01T23:00:00+00:00,AMBITV,18WAMBITV-123-CK,B04,,112.8,,MAW,PT60M,10YES-REE------0,ES
2020-01-01T23:00:00+00:00,ARC3TG2,18WARC3TG2-12-CY,B04,,143.1,,MAW,PT60M,10YES-REE------0,ES
2020-01-01T23:00:00+00:00,ARC3TV,18WARC3TV-123-CP,B04,,99.6,,MAW,PT60M,10YES-REE------0,ES
2020-01-01T23:00:00+00:00,ASCO 1,18WASC1-12345-BD,B14,,1007.9,,MAW,PT60M,10YES-REE------0,ES
2020-01-01T23:00:00+00:00,ASCO 2,18WASC2-12345-B3,B14,,1002.2,,MAW,PT60M,10YES-REE------0,ES
2020-01-01T23:00:00+00:00,BAHITG2,18WBAHITG2-12-CK,B04,,243.6,,MAW,PT60M,10YES-REE------0,ES
2020-01-01T23:00:00+00:00,BAHITV,18WBAHITV-123-CB,B04,,123.6,,MAW,PT60M,10YES-REE------0,ES
2020-01-01T23:00:00+00:00,BELESAR 2,18WBEL2-12345-AO,B12,,36.5,,MAW,PT60M,10YES-REE------0,ES
2020-01-01T23:00:00+00:00,BELESAR 3,18WBEL3-12345-AE,B12,,96.1,,MAW,PT60M,10YES-REE------0,ES
2020-01-01T23:00:00+00:00,BESOS 3,18WBES3-12345-C7,B04,,227.3,,MAW,PT60M,10YES-REE------0,ES
2020-01-01T23:00:00+00:00,BESOS 4,18WBES4-12345-CY,B04,,59.1,,MAW,PT60M,10YES-REE------0,ES
2020-01-01T23:00:00+00:00,CARTAGENA1,18WCTGN1-1234-CP,B04,,362.6,,MAW,PT60M,10YES-REE------0,ES
2020-01-01T23:00:00+00:00,CARTAGENA3,18WCTGN3-1234-C7,B04,,367.0,,MAW,PT60M,10YES-REE------0,ES
2020-01-01T23:00:00+00:00,CASTEJON 1,18WCTJON1-123-CJ,B04,,268.0,,MAW,PT60M,10YES-REE------0,ES
2020-01-01T23:00:00+00:00,COFRENTES,18WCOF1-12345-B2,B14,,1057.6,,MAW,PT60M,10YES-REE------0,ES
2020-01-01T23:00:00+00:00,CTN4TG2,18WCTN4TG2-123-F,B04,,131.6,,MAW,PT60M,10YES-REE------0,ES
2020-01-01T23:00:00+00:00,CTN4TV,18WCTN4TV-1234-3,B04,,98.7,,MAW,PT60M,10YES-REE------0,ES
2020-01-01T23:00:00+00:00,ESCCC1,18WESCCC1-123-C5,B04,,0.2,,MAW,PT60M,10YES-REE------0,ES
2020-01-01T23:00:00+00:00,P.NUEVO 3,18WPNN3-12345-DT,B05,,166.2,,MAW,PT60M,10YES-REE------0,ES
2020-01-01T23:00:00+00:00,PBCN1,18WPBCN1-1234-PG,B04,,361.9,,MAW,PT60M,10YES-REE------0,ES
2020-01-01T23:00:00+00:00,PGR5TG2,18WPGR5TG2-123-M,B04,,102.0,,MAW,PT60M,10YES-REE------0,ES
2020-01-01T23:00:00+00:00,PGR5TV,18WPGR5TV-1234-A,B04,,89.4,,MAW,PT60M,10YES-REE------0,ES
2020-01-01T23:00:00+00:00,RICOBA II1,18WRIC21-1234-AZ,B12,,136.6,,MAW,PT60M,10YES-REE------0,ES
2020-01-01T23:00:00+00:00,S.EST IIG1,18WEST21-12345-C,B12,,161.5,,MAW,PT60M,10YES-REE------0,ES
2020-01-01T23:00:00+00:00,S.ROQUE 1,18WSROQ1-1234-CJ,B04,,227.5,,MAW,PT60M,10YES-REE------0,ES
2020-01-01T23:00:00+00:00,SAGU2,18WSAGU2-1234-C3,B04,,278.9,,MAW,PT60M,10YES-REE------0,ES
2020-01-01T23:00:00+00:00,SAUCE II 1,18WSA21-12345-AX,B12,,107.1,,MAW,PT60M,10YES-REE------0,ES
2020-01-01T23:00:00+00:00,SAUCE II 2,18WSA22-12345-AN,B12,,107.1,,MAW,PT60M,10YES-REE------0,ES
2020-01-01T23:00:00+00:00,SBO3,18WSBO3-12345-CE,B04,,270.1,,MAW,PT60M,10YES-REE------0,ES
2020-01-01T23:00:00+00:00,SOTO 5,18WSRI5-12345--5,B04,,318.9,,MAW,PT60M,10YES-REE------0,ES
2020-01-01T23:00:00+00:00,SOUTELO 1,18WSOU1-12345-A1,B12,,0.0,,MAW,PT60M,10YES-REE------0,ES
2020-01-01T23:00:00+00:00,TERUEL 2,18WTER2-12345-DE,B05,,250.4,,MAW,PT60M,10YES-REE------0,ES
2020-01-01T23:00:00+00:00,VANDELLOS,18WVAN2-12345-BA,B14,,1038.4,,MAW,PT60M,10YES-REE------0,ES
2020-01-01T23:00:00+00:00,VLLRINO 2G,18WVRN2-12345-AU,B12,,0.0,,MAW,PT60M,10YES-REE------0,ES
2020-01-01T23:00:00+00:00,VLLRINO 3B,18WVRN3B-12345-S,B10,,141.9,,MAW,PT60M,10YES-REE------0,ES
2020-01-01T23:00:00+00:00,VLLRINO 6B,18WVRN6B-12345-Z,B10,,148.7,,MAW,PT60M,10YES-REE------0,ES
2020-01-01T23:00:00+00:00,VLLRINO 6G,18WVRN6-12345-AR,B12,,0.0,,MAW,PT60M,10YES-REE------0,ES
2020-01-01T00:00:00+00:00,AIGLE 6,17W100P100P0051S,B12,,0.0,,MAW,PT60M,10YFR-RTE------C,FR
2020-01-01T00:00:00+00:00,AMFARD14,17W100P100P03477,B04,,70.0,,MAW,PT60M,10YFR-RTE------C,FR
2020-01-01T00:00:00+00:00,AMFARD15,17W100P100P03485,B04,,71.0,,MAW,PT60M,10YFR-RTE------C,FR
2020-01-01T00:00:00+00:00,ARRIGHI 1,17W100P100P0031Y,B06,,0.0,,MAW,PT60M,10YFR-RTE------C,FR
2020-01-01T00:00:00+00:00,ARRIGHI 2,17W100P100P0032W,B06,,0.0,,MAW,PT60M,10YFR-RTE------C,FR
2020-01-01T00:00:00+00:00,BATHIE 1,17W100P100P03566,B12,,41.0,,MAW,PT60M,10YFR-RTE------C,FR
2020-01-01T00:00:00+00:00,BATHIE 4,17W100P100P03590,B12,,0.0,,MAW,PT60M,10YFR-RTE------C,FR
2020-01-01T00:00:00+00:00,BATHIE 5,17W100P100P0360F,B12,,0.0,,MAW,PT60M,10YFR-RTE------C,FR
2020-01-01T00:00:00+00:00,BATHIE 6,17W100P100P0361D,B12,,0.0,,MAW,PT60M,10YFR-RTE------C,FR
2020-01-01T00:00:00+00:00,BELLEVILLE 1,17W100P100P0090I,B14,,1313.0,,MAW,PT60M,10YFR-RTE------C,FR
2020-01-01T00:00:00+00:00,BELLEVILLE 2,17W100P100P0091G,B14,,668.0,,MAW,PT60M,10YFR-RTE------C,FR
2020-01-01T00:00:00+00:00,BLAYAIS 1,17W100P100P0092E,B14,,914.0,,MAW,PT60M,10YFR-RTE------C,FR
2020-01-01T00:00:00+00:00,BLAYAIS 2,17W100P100P0093C,B14,,950.0,,MAW,PT60M,10YFR-RTE------C,FR
2020-01-01T00:00:00+00:00,BLAYAIS 3,17W100P100P0094A,B14,,946.0,,MAW,PT60M,10YFR-RTE------C,FR
2020-01-01T00:00:00+00:00,BLAYAIS 4,17W100P100P00958,B14,,31.0,,MAW,PT60M,10YFR-RTE------C,FR
2020-01-01T00:00:00+00:00,BLENOD 5,17W100P100P0173E,B04,,356.0,,MAW,PT60M,10YFR-RTE------C,FR
2020-01-01T00:00:00+00:00,BORT 1,17W100P100P0052Q,B12,,0.0,,MAW,PT60M,10YFR-RTE------C,FR
2020-01-01T00:00:00+00:00,BORT 2,17W100P100P0054M,B12,,0.0,,MAW,PT60M,10YFR-RTE------C,FR
2020-01-01T00:00:00+00:00,BOUCHAIN 7,17W100P100P01768,B04,,559.0,,MAW,PT60M,10YFR-RTE------C,FR
2020-01-01T00:00:00+00:00,BRENNILIS 1,17W100P100P02578,B06,,0.0,,MAW,PT60M,10YFR-RTE------C,FR
2020-01-01T00:00:00+00:00,BRENNILIS 2,17W100P100P02594,B06,,0.0,,MAW,PT60M,10YFR-RTE------C,FR
2020-01-01T00:00:00+00:00,BRENNILIS 3,17W100P100P0033U,B06,,0.0,,MAW,PT60M,10YFR-RTE------C,FR
2020-01-01T00:00:00+00:00,BROMMAT 7,17W100P100P0055K,B12,,187.0,,MAW,PT60M,10YFR-RTE------C,FR
2020-01-01T00:00:00+00:00,BUGEY 2,17W100P100P00966,B14,,903.0,,MAW,PT60M,10YFR-RTE------C,FR
2020-01-01T00:00:00+00:00,BUGEY 3,17W100P100P00974,B14,,908.0,,MAW,PT60M,10YFR-RTE------C,FR
2020-01-01T00:00:00+00:00,BUGEY 4,17W100P100P00982,B14,,909.0,,MAW,PT60M,10YFR-RTE------C,FR
2020-01-01T00:00:00+00:00,BUGEY 5,17W100P100P01004,B14,,898.0,,MAW,PT60M,10YFR-RTE------C,FR
2020-01-01T00:00:00+00:00,CATTENOM 1,17W100P100P01012,B14,,1282.0,,MAW,PT60M,10YFR-RTE------C,FR
2020-01-01T00:00:00+00:00,CATTENOM 2,17W100P100P0103Z,B14,,1262.0,,MAW,PT60M,10YFR-RTE------C,FR
2020-01-01T00:00:00+00:00,CATTENOM 3,17W100P100P0104X,B14,,1221.0,,MAW,PT60M,10YFR-RTE------C,FR
2020-01-01T00:00:00+00:00,CATTENOM 4,17W100P100P0105V,B14,,1262.0,,MAW,PT60M,10YFR-RTE------C,FR
2020-01-01T00:00:00+00:00,CHASTANG 2,17W100P100P0049F,B11,,63.0,,MAW,PT60M,10YFR-RTE------C,FR
2020-01-01T00:00:00+00:00,CHASTANG 3,17W100P100P0050U,B11,,0.0,,MAW,PT60M,10YFR-RTE------C,FR
2020-01-01T00:00:00+00:00,CHEYLAS 1,17W100P100P0056I,B10,,148.0,,MAW,PT60M,10YFR-RTE------C,FR
2020-01-01T00:00:00+00:00,CHEYLAS 2,17W100P100P0057G,B10,,147.0,,MAW,PT60M,10YFR-RTE------C,FR
2020-01-01T00:00:00+00:00,CHINON 1,17W100P100P0106T,B14,,902.0,,MAW,PT60M,10YFR-RTE------C,FR
2020-01-01T00:00:00+00:00,CHINON 2,17W100P100P0107R,B14,,24.0,,MAW,PT60M,10YFR-RTE------C,FR
2020-01-01T00:00:00+00:00,CHINON 3,17W100P100P0108P,B14,,0.0,,MAW,PT60M,10YFR-RTE------C,FR
2020-01-01T00:00:00+00:00,CHINON 4,17W100P100P0109N,B14,,901.0,,MAW,PT60M,10YFR-RTE------C,FR
2020-01-01T00:00:00+00:00,CHOOZ 1,17W100P100P01101,B14,,1456.0,,MAW,PT60M,10YFR-RTE------C,FR
2020-01-01T00:00:00+00:00,CHOOZ 2,17W100P100P0112Y,B14,,1440.0,,MAW,PT60M,10YFR-RTE------C,FR
2020-01-01T00:00:00+00:00,CIVAUX 1,17W100P100P0113W,B14,,1509.0,,MAW,PT60M,10YFR-RTE------C,FR
2020-01-01T00:00:00+00:00,CIVAUX 2,17W100P100P0114U,B14,,1512.0,,MAW,PT60M,10YFR-RTE------C,FR
2020-01-01T00:00:00+00:00,COCHE 5,17W100P100P20746,B10,,0.0,,MAW,PT60M,10YFR-RTE------C,FR
2020-01-01T00:00:00+00:00,COMBE D'AVRIEUX 1,17W100P100P00893,B12,,93.0,,MAW,PT60M,10YFR-RTE------C,FR
2020-01-01T00:00:00+00:00,COMBIGOLFE CCG,17W100P100P01679,B04,,18.0,,MAW,PT60M,10YFR-RTE------C,FR
2020-01-01T00:00:00+00:00,CORDEMAIS 4,17W100P100P0017S,B05,,0.0,,MAW,PT60M,10YFR-RTE------C,FR
2020-01-01T00:00:00+00:00,CORDEMAIS 5,17W100P100P0018Q,B05,,14.0,,MAW,PT60M,10YFR-RTE------C,FR
2020-01-01T00:00:00+00:00,CRUAS 1,17W100P100P0115S,B14,,14.0,,MAW,PT60M,10YFR-RTE------C,FR
2020-01-01T00:00:00+00:00,CRUAS 2,17W100P100P0116Q,B14,,858.0,,MAW,PT60M,10YFR-RTE------C,FR
2020-01-01T00:00:00+00:00,CRUAS 3,17W100P100P0118M,B14,,907.0,,MAW,PT60M,10YFR-RTE------C,FR
2020-01-01T00:00:00+00:00,CRUAS 4,17W100P100P0119K,B14,,884.0,,MAW,PT60M,10YFR-RTE------C,FR
2020-01-01T00:00:00+00:00,CYCOFOS PL1,17W100P100P03388,B04,,121.0,,MAW,PT60M,10YFR-RTE------C,FR
2020-01-01T00:00:00+00:00,CYCOFOS PL2,17W100P100P03396,B20,,1.0,,MAW,PT60M,10YFR-RTE------C,FR
2020-01-01T00:00:00+00:00,Croix-de-Metz,17W100P100P00123,B04,,415.0,,MAW,PT60M,10YFR-RTE------C,FR
2020-01-01T00:00:00+00:00,DAMPIERRE 1,17W100P100P0120Z,B14,,890.0,,MAW,PT60M,10YFR-RTE------C,FR
2020-01-01T00:00:00+00:00,DAMPIERRE 2,17W100P100P0121X,B14,,935.0,,MAW,PT60M,10YFR-RTE------C,FR
2020-01-01T00:00:00+00:00,DAMPIERRE 3,17W100P100P0122V,B14,,925.0,,MAW,PT60M,10YFR-RTE------C,FR
2020-01-01T00:00:00+00:00,DAMPIERRE 4,17W100P100P0123T,B14,,617.0,,MAW,PT60M,10YFR-RTE------C,FR
2020-01-01T00:00:00+00:00,DIRINON 1,17W100P100P0262F,B06,,0.0,,MAW,PT60M,10YFR-RTE------C,FR
2020-01-01T00:00:00+00:00,DIRINON 2,17W100P100P0264B,B06,,1.0,,MAW,PT60M,10YFR-RTE------C,FR
2020-01-01T00:00:00+00:00,DK6-TG1,17W100P100P0330O,B04,,9.0,,MAW,PT60M,10YFR-RTE------C,FR
2020-01-01T00:00:00+00:00,DK6-TG2,17W100P100P0332K,B04,,10.0,,MAW,PT60M,10YFR-RTE------C,FR
2020-01-01T00:00:00+00:00,DK6-TV1,17W100P100P0331M,B04,,105.0,,MAW,PT60M,10YFR-RTE------C,FR
2020-01-01T00:00:00+00:00,DK6-TV2,17W100P100P0333I,B04,,111.0,,MAW,PT60M,10YFR-RTE------C,FR
2020-01-01T00:00:00+00:00,EMILE HUCHET 6,17W100P100P0005Z,B05,,0.0,,MAW,PT60M,10YFR-RTE------C,FR
2020-01-01T00:00:00+00:00,EMILE HUCHET 7,17W100P100P00105,B04,,88.0,,MAW,PT60M,10YFR-RTE------C,FR
2020-01-01T00:00:00+00:00,EMILE HUCHET 8,17W100P100P00113,B04,,92.0,,MAW,PT60M,10YFR-RTE------C,FR
2020-01-01T00:00:00+00:00,FESSENHEIM 1,17W100P100P0124R,B14,,870.0,,MAW,PT60M,10YFR-RTE------C,FR
2020-01-01T00:00:00+00:00,FESSENHEIM 2,17W100P100P0125P,B14,,880.0,,MAW,PT60M,10YFR-RTE------C,FR
2020-01-01T00:00:00+00:00,FLAMANVILLE 1,17W100P100P0126N,B14,,24.0,,MAW,PT60M,10YFR-RTE------C,FR
2020-01-01T00:00:00+00:00,FLAMANVILLE 2,17W100P100P0127L,B14,,10.0,,MAW,PT60M,10YFR-RTE------C,FR
2020-01-01T00:00:00+00:00,FR-GA-MORANT1,17W100P100P00122,B04,,1.0,,MAW,PT60M,10YFR-RTE------C,FR
2020-01-01T00:00:00+00:00,GENNEVILLIERS 1,17W100P100P0037M,B04,,0.0,,MAW,PT60M,10YFR-RTE------C,FR
2020-01-01T00:00:00+00:00,GOLFECH 1,17W100P100P0128J,B14,,1216.0,,MAW,PT60M,10YFR-RTE------C,FR
2020-01-01T00:00:00+00:00,GOLFECH 2,17W100P100P0129H,B14,,1302.0,,MAW,PT60M,10YFR-RTE------C,FR
2020-01-01T00:00:00+00:00,GRAND MAISON 1,17W100P100P0059C,B10,,0.0,,MAW,PT60M,10YFR-RTE------C,FR
2020-01-01T00:00:00+00:00,GRAND MAISON 10,17W100P100P0058E,B10,,0.0,,MAW,PT60M,10YFR-RTE------C,FR
2020-01-01T00:00:00+00:00,GRAND MAISON 11,17W100P100P0060R,B10,,0.0,,MAW,PT60M,10YFR-RTE------C,FR
2020-01-01T00:00:00+00:00,GRAND MAISON 12,17W100P100P0062N,B10,,0.0,,MAW,PT60M,10YFR-RTE------C,FR
2020-01-01T00:00:00+00:00,GRAND MAISON 2,17W100P100P0061P,B10,,0.0,,MAW,PT60M,10YFR-RTE------C,FR
2020-01-01T00:00:00+00:00,GRAND MAISON 3,17W100P100P0063L,B10,,0.0,,MAW,PT60M,10YFR-RTE------C,FR
2020-01-01T00:00:00+00:00,GRAND MAISON 4,17W100P100P0064J,B10,,0.0,,MAW,PT60M,10YFR-RTE------C,FR
2020-01-01T00:00:00+00:00,GRAND MAISON 5,17W100P100P0065H,B10,,0.0,,MAW,PT60M,10YFR-RTE------C,FR
2020-01-01T00:00:00+00:00,GRAND MAISON 6,17W100P100P0066F,B10,,0.0,,MAW,PT60M,10YFR-RTE------C,FR
2020-01-01T00:00:00+00:00,GRAND MAISON 7,17W100P100P0067D,B10,,0.0,,MAW,PT60M,10YFR-RTE------C,FR
2020-01-01T00:00:00+00:00,GRAND MAISON 8,17W100P100P0068B,B10,,0.0,,MAW,PT60M,10YFR-RTE------C,FR
2020-01-01T00:00:00+00:00,GRAND MAISON 9,17W100P100P00699,B10,,0.0,,MAW,PT60M,10YFR-RTE------C,FR
2020-01-01T00:00:00+00:00,GRAVELINES 1,17W100P100P0130W,B14,,905.0,,MAW,PT60M,10YFR-RTE------C,FR
2020-01-01T00:00:00+00:00,GRAVELINES 2,17W100P100P0131U,B14,,907.0,,MAW,PT60M,10YFR-RTE------C,FR
2020-01-01T00:00:00+00:00,GRAVELINES 3,17W100P100P0132S,B14,,914.0,,MAW,PT60M,10YFR-RTE------C,FR
2020-01-01T00:00:00+00:00,GRAVELINES 4,17W100P100P0133Q,B14,,946.0,,MAW,PT60M,10YFR-RTE------C,FR
2020-01-01T00:00:00+00:00,GRAVELINES 5,17W100P100P0135M,B14,,6.0,,MAW,PT60M,10YFR-RTE------C,FR
2020-01-01T00:00:00+00:00,GRAVELINES 6,17W100P100P0136K,B14,,867.0,,MAW,PT60M,10YFR-RTE------C,FR
2020-01-01T00:00:00+00:00,HAVRE 4,17W100P100P0023X,B05,,6.0,,MAW,PT60M,10YFR-RTE------C,FR
2020-01-01T00:00:00+00:00,MARTIGUES PONTEAU 5,17W100P100P0174C,B04,,409.0,,MAW,PT60M,10YFR-RTE------C,FR
2020-01-01T00:00:00+00:00,MARTIGUES PONTEAU 6,17W100P100P0175A,B04,,410.0,,MAW,PT60M,10YFR-RTE------C,FR
2020-01-01T00:00:00+00:00,MONTEREAU 5,17W100P100P0040X,B06,,0.0,,MAW,PT60M,10YFR-RTE------C,FR
2020-01-01T00:00:00+00:00,MONTEREAU 6,17W100P100P0041V,B06,,0.0,,MAW,PT60M,10YFR-RTE------C,FR
2020-01-01T00:00:00+00:00,MONTEZIC 1,17W100P100P0071M,B10,,1.0,,MAW,PT60M,10YFR-RTE------C,FR
2020-01-01T00:00:00+00:00,MONTEZIC 2,17W100P100P0072K,B10,,0.0,,MAW,PT60M,10YFR-RTE------C,FR
2020-01-01T00:00:00+00:00,MONTEZIC 3,17W100P100P0073I,B10,,0.0,,MAW,PT60M,10YFR-RTE------C,FR
2020-01-01T00:00:00+00:00,MONTEZIC 4,17W100P100P0074G,B10,,0.0,,MAW,PT60M,10YFR-RTE------C,FR
2020-01-01T00:00:00+00:00,NOGENT 1,17W100P100P0137I,B14,,1218.0,,MAW,PT60M,10YFR-RTE------C,FR
2020-01-01T00:00:00+00:00,NOGENT 2,17W100P100P0138G,B14,,1226.0,,MAW,PT60M,10YFR-RTE------C,FR
2020-01-01T00:00:00+00:00,PALUEL 1,17W100P100P0139E,B14,,1286.0,,MAW,PT60M,10YFR-RTE------C,FR
2020-01-01T00:00:00+00:00,PALUEL 2,17W100P100P0140T,B14,,1.0,,MAW,PT60M,10YFR-RTE------C,FR
2020-01-01T00:00:00+00:00,PALUEL 3,17W100P100P0141R,B14,,1207.0,,MAW,PT60M,10YFR-RTE------C,FR
2020-01-01T00:00:00+00:00,PALUEL 4,17W100P100P0142P,B14,,1288.0,,MAW,PT60M,10YFR-RTE------C,FR
2020-01-01T00:00:00+00:00,PENLY 1,17W100P100P0143N,B14,,1310.0,,MAW,PT60M,10YFR-RTE------C,FR
2020-01-01T00:00:00+00:00,PENLY 2,17W100P100P0144L,B14,,37.0,,MAW,PT60M,10YFR-RTE------C,FR
2020-01-01T00:00:00+00:00,POUGET 4,17W100P100P0075E,B12,,0.0,,MAW,PT60M,10YFR-RTE------C,FR
2020-01-01T00:00:00+00:00,PROVENCE 4 BIOMASSE,17W100P100P03655,B01,,0.0,,MAW,PT60M,10YFR-RTE------C,FR
2020-01-01T00:00:00+00:00,PROVENCE 5,17W100P100P0009R,B05,,0.0,,MAW,PT60M,10YFR-RTE------C,FR
2020-01-01T00:00:00+00:00,Pont-sur-Sambre,17W100P100P00016,B04,,445.0,,MAW,PT60M,10YFR-RTE------C,FR
2020-01-01T00:00:00+00:00,REVIN 1,17W100P100P0076C,B10,,0.0,,MAW,PT60M,10YFR-RTE------C,FR
2020-01-01T00:00:00+00:00,REVIN 2,17W100P100P0077A,B10,,0.0,,MAW,PT60M,10YFR-RTE------C,FR
2020-01-01T00:00:00+00:00,REVIN 3,17W100P100P00788,B10,,0.0,,MAW,PT60M,10YFR-RTE------C,FR
2020-01-01T00:00:00+00:00,REVIN 4,17W100P100P00796,B10,,0.0,,MAW,PT60M,10YFR-RTE------C,FR
2020-01-01T00:00:00+00:00,SAINT-PIERRE,17W100P100P0166B,B11,,0.0,,MAW,PT60M,10YFR-RTE------C,FR
2020-01-01T00:00:00+00:00,SISTERON 1,17W100P100P0080L,B12,,98.0,,MAW,PT60M,10YFR-RTE------C,FR
2020-01-01T00:00:00+00:00,SISTERON 2,17W100P100P0081J,B12,,98.0,,MAW,PT60M,10YFR-RTE------C,FR
2020-01-01T00:00:00+00:00,SPEM CCG,17W100P100P0171I,B04,,0.0,,MAW,PT60M,10YFR-RTE------C,FR
2020-01-01T00:00:00+00:00,ST ALBAN 1,17W100P100P0145J,B14,,1317.0,,MAW,PT60M,10YFR-RTE------C,FR
2020-01-01T00:00:00+00:00,ST ALBAN 2,17W100P100P0146H,B14,,1259.0,,MAW,PT60M,10YFR-RTE------C,FR
2020-01-01T00:00:00+00:00,ST LAURENT 1,17W100P100P0147F,B14,,897.0,,MAW,PT60M,10YFR-RTE------C,FR
2020-01-01T00:00:00+00:00,ST LAURENT 2,17W100P100P0148D,B14,,28.0,,MAW,PT60M,10YFR-RTE------C,FR
2020-01-01T00:00:00+00:00,SUPER BISSORTE 1,17W100P100P0082H,B10,,0.0,,MAW,PT60M,10YFR-RTE------C,FR
2020-01-01T00:00:00+00:00,SUPER BISSORTE 2,17W100P100P0083F,B10,,0.0,,MAW,PT60M,10YFR-RTE------C,FR
2020-01-01T00:00:00+00:00,SUPER BISSORTE 3,17W100P100P0084D,B10,,0.0,,MAW,PT60M,10YFR-RTE------C,FR
2020-01-01T00:00:00+00:00,SUPER BISSORTE 4,17W100P100P0085B,B10,,0.0,,MAW,PT60M,10YFR-RTE------C,FR
2020-01-01T00:00:00+00:00,SUPER BISSORTE 5,17W100P100P00869,B10,,123.0,,MAW,PT60M,10YFR-RTE------C,FR
2020-01-01T00:00:00+00:00,TRICASTIN 1,17W100P100P0149B,B14,,28.0,,MAW,PT60M,10YFR-RTE------C,FR
2020-01-01T00:00:00+00:00,TRICASTIN 2,17W100P100P0150Q,B14,,933.0,,MAW,PT60M,10YFR-RTE------C,FR
2020-01-01T00:00:00+00:00,TRICASTIN 3,17W100P100P0152M,B14,,924.0,,MAW,PT60M,10YFR-RTE------C,FR
2020-01-01T00:00:00+00:00,TRICASTIN 4,17W100P100P0153K,B14,,942.0,,MAW,PT60M,10YFR-RTE------C,FR
2020-01-01T00:00:00+00:00,VAIRES 1,17W100P100P0046L,B06,,0.0,,MAW,PT60M,10YFR-RTE------C,FR
2020-01-01T00:00:00+00:00,VAIRES 2,17W100P100P0047J,B06,,0.0,,MAW,PT60M,10YFR-RTE------C,FR
2020-01-01T00:00:00+00:00,VAIRES 3,17W100P100P0048H,B06,,0.0,,MAW,PT60M,10YFR-RTE------C,FR
2020-01-01T00:00:00+00:00,VILLARODIN 1,17W100P100P00877,B12,,0.0,,MAW,PT60M,10YFR-RTE------C,FR
2020-01-01T00:00:00+00:00,VILLARODIN 2,17W100P100P00885,B12,,0.0,,MAW,PT60M,10YFR-RTE------C,FR
2020-01-01T01:00:00+00:00,AMFARD14,17W100P100P03477,B04,,71.0,,MAW,PT60M,10YFR-RTE------C,FR
2020-01-01T01:00:00+00:00,BELLEVILLE 2,17W100P100P0091G,B14,,673.0,,MAW,PT60M,10YFR-RTE------C,FR
2020-01-01T01:00:00+00:00,BLENOD 5,17W100P100P0173E,B04,,278.0,,MAW,PT60M,10YFR-RTE------C,FR
2020-01-01T01:00:00+00:00,BOUCHAIN 7,17W100P100P01768,B04,,558.0,,MAW,PT60M,10YFR-RTE------C,FR
2020-01-01T01:00:00+00:00,BROMMAT 7,17W100P100P0055K,B12,,198.0,,MAW,PT60M,10YFR-RTE------C,FR
2020-01-01T01:00:00+00:00,BUGEY 3,17W100P100P00974,B14,,909.0,,MAW,PT60M,10YFR-RTE------C,FR
2020-01-01T01:00:00+00:00,CATTENOM 2,17W100P100P0103Z,B14,,1263.0,,MAW,PT60M,10YFR-RTE------C,FR
2020-01-01T01:00:00+00:00,CATTENOM 3,17W100P100P0104X,B14,,1245.0,,MAW,PT60M,10YFR-RTE------C,FR
2020-01-01T01:00:00+00:00,CATTENOM 4,17W100P100P0105V,B14,,1234.0,,MAW,PT60M,10YFR-RTE------C,FR
2020-01-01T01:00:00+00:00,CHASTANG 2,17W100P100P0049F,B11,,65.0,,MAW,PT60M,10YFR-RTE------C,FR
2020-01-01T01:00:00+00:00,CHEYLAS 1,17W100P100P0056I,B10,,0.0,,MAW,PT60M,10YFR-RTE------C,FR
2020-01-01T01:00:00+00:00,CHEYLAS 2,17W100P100P0057G,B10,,0.0,,MAW,PT60M,10YFR-RTE------C,FR
2020-01-01T01:00:00+00:00,CHINON 4,17W100P100P0109N,B14,,900.0,,MAW,PT60M,10YFR-RTE------C,FR
2020-01-01T01:00:00+00:00,CHOOZ 2,17W100P100P0112Y,B14,,1452.0,,MAW,PT60M,10YFR-RTE------C,FR
2020-01-01T01:00:00+00:00,CIVAUX 1,17W100P100P0113W,B14,,1507.0,,MAW,PT60M,10YFR-RTE------C,FR
2020-01-01T01:00:00+00:00,COMBE D'AVRIEUX 1,17W100P100P00893,B12,,3.0,,MAW,PT60M,10YFR-RTE------C,FR
2020-01-01T01:00:00+00:00,COMBIGOLFE CCG,17W100P100P01679,B04,,0.0,,MAW,PT60M,10YFR-RTE------C,FR
2020-01-01T01:00:00+00:00,CRUAS 2,17W100P100P0116Q,B14,,875.0,,MAW,PT60M,10YFR-RTE------C,FR
2020-01-01T01:00:00+00:00,CRUAS 4,17W100P100P0119K,B14,,893.0,,MAW,PT60M,10YFR-RTE------C,FR
2020-01-01T01:00:00+00:00,CYCOFOS PL1,17W100P100P03388,B04,,3.0,,MAW,PT60M,10YFR-RTE------C,FR
2020-01-01T01:00:00+00:00,Croix-de-Metz,17W100P100P00123,B04,,92.0,,MAW,PT60M,10YFR-RTE------C,FR
2020-01-01T01:00:00+00:00,DAMPIERRE 2,17W100P100P0121X,B14,,936.0,,MAW,PT60M,10YFR-RTE------C,FR
2020-01-01T01:00:00+00:00,DAMPIERRE 4,17W100P100P0123T,B14,,613.0,,MAW,PT60M,10YFR-RTE------C,FR
2020-01-01T01:00:00+00:00,DK6-TG1,17W100P100P0330O,B04,,0.0,,MAW,PT60M,10YFR-RTE------C,FR
2020-01-01T01:00:00+00:00,DK6-TG2,17W100P100P0332K,B04,,1.0,,MAW,PT60M,10YFR-RTE------C,FR
2020-01-01T01:00:00+00:00,DK6-TV1,17W100P100P0331M,B04,,113.0,,MAW,PT60M,10YFR-RTE------C,FR
2020-01-01T01:00:00+00:00,DK6-TV2,17W100P100P0333I,B04,,117.0,,MAW,PT60M,10YFR-RTE------C,FR
2020-01-01T01:00:00+00:00,EMILE HUCHET 7,17W100P100P00105,B04,,0.0,,MAW,PT60M,10YFR-RTE------C,FR
2020-01-01T01:00:00+00:00,EMILE HUCHET 8,17W100P100P00113,B04,,0.0,,MAW,PT60M,10YFR-RTE------C,FR
2020-01-01T01:00:00+00:00,FESSENHEIM 1,17W100P100P0124R,B14,,869.0,,MAW,PT60M,10YFR-RTE------C,FR
2020-01-01T01:00:00+00:00,FLAMANVILLE 2,17W100P100P0127L,B14,,9.0,,MAW,PT60M,10YFR-RTE------C,FR
2020-01-01T01:00:00+00:00,GOLFECH 1,17W100P100P0128J,B14,,1241.0,,MAW,PT60M,10YFR-RTE------C,FR
2020-01-01T01:00:00+00:00,GOLFECH 2,17W100P100P0129H,B14,,1252.0,,MAW,PT60M,10YFR-RTE------C,FR
2020-01-01T01:00:00+00:00,GRAND MAISON 4,17W100P100P0064J,B10,,57.0,,MAW,PT60M,10YFR-RTE------C,FR
2020-01-01T01:00:00+00:00,GRAND MAISON 6,17W100P100P0066F,B10,,56.0,,MAW,PT60M,10YFR-RTE------C,FR
2020-01-01T01:00:00+00:00,GRAVELINES 1,17W100P100P0130W,B14,,906.0,,MAW,PT60M,10YFR-RTE------C,FR
2020-01-01T01:00:00+00:00,GRAVELINES 2,17W100P100P0131U,B14,,908.0,,MAW,PT60M,10YFR-RTE------C,FR
2020-01-01T01:00:00+00:00,GRAVELINES 4,17W100P100P0133Q,B14,,947.0,,MAW,PT60M,10YFR-RTE------C,FR
2020-01-01T01:00:00+00:00,GRAVELINES 6,17W100P100P0136K,B14,,875.0,,MAW,PT60M,10YFR-RTE------C,FR
2020-01-01T01:00:00+00:00,MARTIGUES PONTEAU 5,17W100P100P0174C,B04,,337.0,,MAW,PT60M,10YFR-RTE------C,FR
2020-01-01T01:00:00+00:00,MARTIGUES PONTEAU 6,17W100P100P0175A,B04,,319.0,,MAW,PT60M,10YFR-RTE------C,FR
2020-01-01T01:00:00+00:00,MONTEZIC 1,17W100P100P0071M,B10,,0.0,,MAW,PT60M,10YFR-RTE------C,FR
2020-01-01T01:00:00+00:00,MONTEZIC 4,17W100P100P0074G,B10,,38.0,,MAW,PT60M,10YFR-RTE------C,FR
2020-01-01T01:00:00+00:00,NOGENT 1,17W100P100P0137I,B14,,1260.0,,MAW,PT60M,10YFR-RTE------C,FR
2020-01-01T01:00:00+00:00,PALUEL 1,17W100P100P0139E,B14,,1287.0,,MAW,PT60M,10YFR-RTE------C,FR
2020-01-01T01:00:00+00:00,PALUEL 3,17W100P100P0141R,B14,,1233.0,,MAW,PT60M,10YFR-RTE------C,FR
2020-01-01T01:00:00+00:00,Pont-sur-Sambre,17W100P100P00016,B04,,97.0,,MAW,PT60M,10YFR-RTE------C,FR
2020-01-01T01:00:00+00:00,SISTERON 1,17W100P100P0080L,B12,,35.0,,MAW,PT60M,10YFR-RTE------C,FR
2020-01-01T01:00:00+00:00,SISTERON 2,17W100P100P0081J,B12,,77.0,,MAW,PT60M,10YFR-RTE------C,FR
2020-01-01T01:00:00+00:00,ST ALBAN 2,17W100P100P0146H,B14,,1269.0,,MAW,PT60M,10YFR-RTE------C,FR
2020-01-01T01:00:00+00:00,SUPER BISSORTE 5,17W100P100P00869,B10,,141.0,,MAW,PT60M,10YFR-RTE------C,FR
2020-01-01T02:00:00+00:00,AMFARD14,17W100P100P03477,B04,,70.0,,MAW,PT60M,10YFR-RTE------C,FR
2020-01-01T02:00:00+00:00,BELLEVILLE 2,17W100P100P0091G,B14,,675.0,,MAW,PT60M,10YFR-RTE------C,FR
2020-01-01T02:00:00+00:00,BLAYAIS 1,17W100P100P0092E,B14,,878.0,,MAW,PT60M,10YFR-RTE------C,FR
2020-01-01T02:00:00+00:00,BLAYAIS 3,17W100P100P0094A,B14,,908.0,,MAW,PT60M,10YFR-RTE------C,FR
2020-01-01T02:00:00+00:00,BLENOD 5,17W100P100P0173E,B04,,274.0,,MAW,PT60M,10YFR-RTE------C,FR
2020-01-01T02:00:00+00:00,BOUCHAIN 7,17W100P100P01768,B04,,47.0,,MAW,PT60M,10YFR-RTE------C,FR
2020-01-01T02:00:00+00:00,BROMMAT 7,17W100P100P0055K,B12,,203.0,,MAW,PT60M,10YFR-RTE------C,FR
2020-01-01T02:00:00+00:00,BUGEY 3,17W100P100P00974,B14,,908.0,,MAW,PT60M,10YFR-RTE------C,FR
2020-01-01T02:00:00+00:00,BUGEY 4,17W100P100P00982,B14,,910.0,,MAW,PT60M,10YFR-RTE------C,FR
2020-01-01T02:00:00+00:00,CATTENOM 1,17W100P100P01012,B14,,1283.0,,MAW,PT60M,10YFR-RTE------C,FR
2020-01-01T02:00:00+00:00,CATTENOM 3,17W100P100P0104X,B14,,1253.0,,MAW,PT60M,10YFR-RTE------C,FR
2020-01-01T02:00:00+00:00,CATTENOM 4,17W100P100P0105V,B14,,1243.0,,MAW,PT60M,10YFR-RTE------C,FR
2020-01-01T02:00:00+00:00,CHASTANG 2,17W100P100P0049F,B11,,66.0,,MAW,PT60M,10YFR-RTE------C,FR
2020-01-01T02:00:00+00:00,CHINON 1,17W100P100P0106T,B14,,903.0,,MAW,PT60M,10YFR-RTE------C,FR
2020-01-01T02:00:00+00:00,CHOOZ 2,17W100P100P0112Y,B14,,1453.0,,MAW,PT60M,10YFR-RTE------C,FR
2020-01-01T02:00:00+00:00,CIVAUX 2,17W100P100P0114U,B14,,1511.0,,MAW,PT60M,10YFR-RTE------C,FR
2020-01-01T02:00:00+00:00,COCHE 5,17W100P100P20746,B10,,1.0,,MAW,PT60M,10YFR-RTE------C,FR
2020-01-01T02:00:00+00:00,COMBE D'AVRIEUX 1,17W100P100P00893,B12,,0.0,,MAW,PT60M,10YFR-RTE------C,FR
2020-01-01T02:00:00+00:00,CRUAS 2,17W100P100P0116Q,B14,,880.0,,MAW,PT60M,10YFR-RTE------C,FR
2020-01-01T02:00:00+00:00,CRUAS 3,17W100P100P0118M,B14,,908.0,,MAW,PT60M,10YFR-RTE------C,FR
2020-01-01T02:00:00+00:00,CRUAS 4,17W100P100P0119K,B14,,900.0,,MAW,PT60M,10YFR-RTE------C,FR
2020-01-01T02:00:00+00:00,CYCOFOS PL1,17W100P100P03388,B04,,1.0,,MAW,PT60M,10YFR-RTE------C,FR
2020-01-01T02:00:00+00:00,Croix-de-Metz,17W100P100P00123,B04,,0.0,,MAW,PT60M,10YFR-RTE------C,FR
2020-01-01T02:00:00+00:00,DAMPIERRE 2,17W100P100P0121X,B14,,935.0,,MAW,PT60M,10YFR-RTE------C,FR
2020-01-01T02:00:00+00:00,DAMPIERRE 4,17W100P100P0123T,B14,,612.0,,MAW,PT60M,10YFR-RTE------C,FR
2020-01-01T02:00:00+00:00,DIRINON 1,17W100P100P0262F,B06,,1.0,,MAW,PT60M,10YFR-RTE------C,FR
2020-01-01T02:00:00+00:00,DIRINON 2,17W100P100P0264B,B06,,1.0,,MAW,PT60M,10YFR-RTE------C,FR
2020-01-01T02:00:00+00:00,DK6-TV1,17W100P100P0331M,B04,,109.0,,MAW,PT60M,10YFR-RTE------C,FR
2020-01-01T02:00:00+00:00,DK6-TV2,17W100P100P0333I,B04,,114.0,,MAW,PT60M,10YFR-RTE------C,FR
2020-01-01T02:00:00+00:00,FESSENHEIM 1,17W100P100P0124R,B14,,870.0,,MAW,PT60M,10YFR-RTE------C,FR
2020-01-01T02:00:00+00:00,FLAMANVILLE 1,17W100P100P0126N,B14,,25.0,,MAW,PT60M,10YFR-RTE------C,FR
2020-01-01T02:00:00+00:00,GOLFECH 1,17W100P100P0128J,B14,,1250.0,,MAW,PT60M,10YFR-RTE------C,FR
2020-01-01T02:00:00+00:00,GOLFECH 2,17W100P100P0129H,B14,,1256.0,,MAW,PT60M,10YFR-RTE------C,FR
2020-01-01T02:00:00+00:00,GRAND MAISON 1,17W100P100P0059C,B10,,58.0,,MAW,PT60M,10YFR-RTE------C,FR
2020-01-01T02:00:00+00:00,GRAND MAISON 4,17W100P100P0064J,B10,,162.0,,MAW,PT60M,10YFR-RTE------C,FR
2020-01-01T02:00:00+00:00,GRAND MAISON 6,17W100P100P0066F,B10,,162.0,,MAW,PT60M,10YFR-RTE------C,FR
2020-01-01T02:00:00+00:00,GRAND MAISON 7,17W100P100P0067D,B10,,60.0,,MAW,PT60M,10YFR-RTE------C,FR
2020-01-01T02:00:00+00:00,GRAVELINES 3,17W100P100P0132S,B14,,915.0,,MAW,PT60M,10YFR-RTE------C,FR
2020-01-01T02:00:00+00:00,GRAVELINES 6,17W100P100P0136K,B14,,887.0,,MAW,PT60M,10YFR-RTE------C,FR
2020-01-01T02:00:00+00:00,MARTIGUES PONTEAU 5,17W100P100P0174C,B04,,1.0,,MAW,PT60M,10YFR-RTE------C,FR
2020-01-01T02:00:00+00:00,MARTIGUES PONTEAU 6,17W100P100P0175A,B04,,3.0,,MAW,PT60M,10YFR-RTE------C,FR
2020-01-01T02:00:00+00:00,MONTEZIC 1,17W100P100P0071M,B10,,126.0,,MAW,PT60M,10YFR-RTE------C,FR
2020-01-01T02:00:00+00:00,MONTEZIC 4,17W100P100P0074G,B10,,208.0,,MAW,PT60M,10YFR-RTE------C,FR
2020-01-01T02:00:00+00:00,NOGENT 1,17W100P100P0137I,B14,,1283.0,,MAW,PT60M,10YFR-RTE------C,FR
2020-01-01T02:00:00+00:00,NOGENT 2,17W100P100P0138G,B14,,1227.0,,MAW,PT60M,10YFR-RTE------C,FR
2020-01-01T02:00:00+00:00,PALUEL 3,17W100P100P0141R,B14,,1241.0,,MAW,PT60M,10YFR-RTE------C,FR
2020-01-01T02:00:00+00:00,PALUEL 4,17W100P100P0142P,B14,,1287.0,,MAW,PT60M,10YFR-RTE------C,FR
2020-01-01T02:00:00+00:00,Pont-sur-Sambre,17W100P100P00016,B04,,4.0,,MAW,PT60M,10YFR-RTE------C,FR
2020-01-01T02:00:00+00:00,SISTERON 1,17W100P100P0080L,B12,,0.0,,MAW,PT60M,10YFR-RTE------C,FR
2020-01-01T02:00:00+00:00,SISTERON 2,17W100P100P0081J,B12,,75.0,,MAW,PT60M,10YFR-RTE------C,FR
2020-01-01T02:00:00+00:00,ST ALBAN 2,17W100P100P0146H,B14,,1271.0,,MAW,PT60M,10YFR-RTE------C,FR
2020-01-01T02:00:00+00:00,SUPER BISSORTE 5,17W100P100P00869,B10,,123.0,,MAW,PT60M,10YFR-RTE------C,FR
2020-01-01T03:00:00+00:00,BELLEVILLE 2,17W100P100P0091G,B14,,678.0,,MAW,PT60M,10YFR-RTE------C,FR
2020-01-01T03:00:00+00:00,BLAYAIS 1,17W100P100P0092E,B14,,833.0,,MAW,PT60M,10YFR-RTE------C,FR
2020-01-01T03:00:00+00:00,BLAYAIS 3,17W100P100P0094A,B14,,889.0,,MAW,PT60M,10YFR-RTE------C,FR
2020-01-01T03:00:00+00:00,BLENOD 5,17W100P100P0173E,B04,,264.0,,MAW,PT60M,10YFR-RTE------C,FR
2020-01-01T03:00:00+00:00,BOUCHAIN 7,17W100P100P01768,B04,,6.0,,MAW,PT60M,10YFR-RTE------C,FR
2020-01-01T03:00:00+00:00,BROMMAT 7,17W100P100P0055K,B12,,5.0,,MAW,PT60M,10YFR-RTE------C,FR
2020-01-01T03:00:00+00:00,BUGEY 5,17W100P100P01004,B14,,899.0,,MAW,PT60M,10YFR-RTE------C,FR
2020-01-01T03:00:00+00:00,CATTENOM 1,17W100P100P01012,B14,,1284.0,,MAW,PT60M,10YFR-RTE------C,FR
2020-01-01T03:00:00+00:00,CATTENOM 3,17W100P100P0104X,B14,,1237.0,,MAW,PT60M,10YFR-RTE------C,FR
2020-01-01T03:00:00+00:00,CATTENOM 4,17W100P100P0105V,B14,,1216.0,,MAW,PT60M,10YFR-RTE------C,FR
2020-01-01T03:00:00+00:00,CHASTANG 2,17W100P100P0049F,B11,,64.0,,MAW,PT60M,10YFR-RTE------C,FR
2020-01-01T03:00:00+00:00,CHINON 1,17W100P100P0106T,B14,,902.0,,MAW,PT60M,10YFR-RTE------C,FR
2020-01-01T03:00:00+00:00,CHINON 4,17W100P100P0109N,B14,,899.0,,MAW,PT60M,10YFR-RTE------C,FR
2020-01-01T03:00:00+00:00,CHOOZ 1,17W100P100P01101,B14,,1454.0,,MAW,PT60M,10YFR-RTE------C,FR
2020-01-01T03:00:00+00:00,CHOOZ 2,17W100P100P0112Y,B14,,1442.0,,MAW,PT60M,10YFR-RTE------C,FR
2020-01-01T03:00:00+00:00,CIVAUX 1,17W100P100P0113W,B14,,1506.0,,MAW,PT60M,10YFR-RTE------C,FR
2020-01-01T03:00:00+00:00,CIVAUX 2,17W100P100P0114U,B14,,1512.0,,MAW,PT60M,10YFR-RTE------C,FR
2020-01-01T03:00:00+00:00,COCHE 5,17W100P100P20746,B10,,0.0,,MAW,PT60M,10YFR-RTE------C,FR
2020-01-01T03:00:00+00:00,CRUAS 1,17W100P100P0115S,B14,,15.0,,MAW,PT60M,10YFR-RTE------C,FR
2020-01-01T03:00:00+00:00,CRUAS 2,17W100P100P0116Q,B14,,864.0,,MAW,PT60M,10YFR-RTE------C,FR
2020-01-01T03:00:00+00:00,CRUAS 4,17W100P100P0119K,B14,,886.0,,MAW,PT60M,10YFR-RTE------C,FR
2020-01-01T03:00:00+00:00,CYCOFOS PL1,17W100P100P03388,B04,,0.0,,MAW,PT60M,10YFR-RTE------C,FR
2020-01-01T03:00:00+00:00,DAMPIERRE 2,17W100P100P0121X,B14,,885.0,,MAW,PT60M,10YFR-RTE------C,FR
2020-01-01T03:00:00+00:00,DAMPIERRE 3,17W100P100P0122V,B14,,926.0,,MAW,PT60M,10YFR-RTE------C,FR
2020-01-01T03:00:00+00:00,DK6-TV1,17W100P100P0331M,B04,,113.0,,MAW,PT60M,10YFR-RTE------C,FR
2020-01-01T03:00:00+00:00,DK6-TV2,17W100P100P0333I,B04,,118.0,,MAW,PT60M,10YFR-RTE------C,FR
2020-01-01T03:00:00+00:00,GOLFECH 1,17W100P100P0128J,B14,,1223.0,,MAW,PT60M,10YFR-RTE------C,FR
2020-01-01T03:00:00+00:00,GOLFECH 2,17W100P100P0129H,B14,,1236.0,,MAW,PT60M,10YFR-RTE------C,FR
2020-01-01T03:00:00+00:00,GRAND MAISON 1,17W100P100P0059C,B10,,161.0,,MAW,PT60M,10YFR-RTE------C,FR
2020-01-01T03:00:00+00:00,GRAND MAISON 2,17W100P100P0061P,B10,,135.0,,MAW,PT60M,10YFR-RTE------C,FR
2020-01-01T03:00:00+00:00,GRAND MAISON 3,17W100P100P0063L,B10,,136.0,,MAW,PT60M,10YFR-RTE------C,FR
2020-01-01T03:00:00+00:00,GRAND MAISON 4,17W100P100P0064J,B10,,161.0,,MAW,PT60M,10YFR-RTE------C,FR
2020-01-01T03:00:00+00:00,GRAND MAISON 5,17W100P100P0065H,B10,,138.0,,MAW,PT60M,10YFR-RTE------C,FR
2020-01-01T03:00:00+00:00,GRAND MAISON 6,17W100P100P0066F,B10,,161.0,,MAW,PT60M,10YFR-RTE------C,FR
2020-01-01T03:00:00+00:00,GRAND MAISON 7,17W100P100P0067D,B10,,162.0,,MAW,PT60M,10YFR-RTE------C,FR
2020-01-01T03:00:00+00:00,GRAND MAISON 8,17W100P100P0068B,B10,,135.0,,MAW,PT60M,10YFR-RTE------C,FR
2020-01-01T03:00:00+00:00,GRAVELINES 6,17W100P100P0136K,B14,,872.0,,MAW,PT60M,10YFR-RTE------C,FR
2020-01-01T03:00:00+00:00,MARTIGUES PONTEAU 5,17W100P100P0174C,B04,,2.0,,MAW,PT60M,10YFR-RTE------C,FR
2020-01-01T03:00:00+00:00,MARTIGUES PONTEAU 6,17W100P100P0175A,B04,,2.0,,MAW,PT60M,10YFR-RTE------C,FR
2020-01-01T03:00:00+00:00,MONTEZIC 1,17W100P100P0071M,B10,,213.0,,MAW,PT60M,10YFR-RTE------C,FR
2020-01-01T03:00:00+00:00,MONTEZIC 2,17W100P100P0072K,B10,,83.0,,MAW,PT60M,10YFR-RTE------C,FR
2020-01-01T03:00:00+00:00,MONTEZIC 3,17W100P100P0073I,B10,,174.0,,MAW,PT60M,10YFR-RTE------C,FR
2020-01-01T03:00:00+00:00,MONTEZIC 4,17W100P100P0074G,B10,,207.0,,MAW,PT60M,10YFR-RTE------C,FR
2020-01-01T03:00:00+00:00,NOGENT 1,17W100P100P0137I,B14,,1270.0,,MAW,PT60M,10YFR-RTE------C,FR
2020-01-01T03:00:00+00:00,PALUEL 1,17W100P100P0139E,B14,,1288.0,,MAW,PT60M,10YFR-RTE------C,FR
2020-01-01T03:00:00+00:00,PALUEL 3,17W100P100P0141R,B14,,1214.0,,MAW,PT60M,10YFR-RTE------C,FR
2020-01-01T03:00:00+00:00,Pont-sur-Sambre,17W100P100P00016,B04,,2.0,,MAW,PT60M,10YFR-RTE------C,FR
2020-01-01T03:00:00+00:00,REVIN 3,17W100P100P00788,B10,,144.0,,MAW,PT60M,10YFR-RTE------C,FR
2020-01-01T03:00:00+00:00,REVIN 4,17W100P100P00796,B10,,150.0,,MAW,PT60M,10YFR-RTE------C,FR
2020-01-01T03:00:00+00:00,SISTERON 2,17W100P100P0081J,B12,,79.0,,MAW,PT60M,10YFR-RTE------C,FR
2020-01-01T03:00:00+00:00,ST ALBAN 2,17W100P100P0146H,B14,,1263.0,,MAW,PT60M,10YFR-RTE------C,FR
2020-01-01T03:00:00+00:00,SUPER BISSORTE 1,17W100P100P0082H,B10,,37.0,,MAW,PT60M,10YFR-RTE------C,FR
2020-01-01T03:00:00+00:00,SUPER BISSORTE 2,17W100P100P0083F,B10,,6.0,,MAW,PT60M,10YFR-RTE------C,FR
2020-01-01T03:00:00+00:00,SUPER BISSORTE 3,17W100P100P0084D,B10,,36.0,,MAW,PT60M,10YFR-RTE------C,FR
2020-01-01T03:00:00+00:00,SUPER BISSORTE 4,17W100P100P0085B,B10,,4.0,,MAW,PT60M,10YFR-RTE------C,FR
2020-01-01T03:00:00+00:00,SUPER BISSORTE 5,17W100P100P00869,B10,,0.0,,MAW,PT60M,10YFR-RTE------C,FR
2020-01-01T04:00:00+00:00,AMFARD15,17W100P100P03485,B04,,70.0,,MAW,PT60M,10YFR-RTE------C,FR
2020-01-01T04:00:00+00:00,BELLEVILLE 2,17W100P100P0091G,B14,,673.0,,MAW,PT60M,10YFR-RTE------C,FR
2020-01-01T04:00:00+00:00,BLAYAIS 1,17W100P100P0092E,B14,,829.0,,MAW,PT60M,10YFR-RTE------C,FR
2020-01-01T04:00:00+00:00,BLAYAIS 3,17W100P100P0094A,B14,,906.0,,MAW,PT60M,10YFR-RTE------C,FR
2020-01-01T04:00:00+00:00,BLENOD 5,17W100P100P0173E,B04,,274.0,,MAW,PT60M,10YFR-RTE------C,FR
2020-01-01T04:00:00+00:00,BOUCHAIN 7,17W100P100P01768,B04,,5.0,,MAW,PT60M,10YFR-RTE------C,FR
2020-01-01T04:00:00+00:00,BROMMAT 7,17W100P100P0055K,B12,,1.0,,MAW,PT60M,10YFR-RTE------C,FR
2020-01-01T04:00:00+00:00,CATTENOM 1,17W100P100P01012,B14,,1287.0,,MAW,PT60M,10YFR-RTE------C,FR
2020-01-01T04:00:00+00:00,CATTENOM 3,17W100P100P0104X,B14,,1262.0,,MAW,PT60M,10YFR-RTE------C,FR
2020-01-01T04:00:00+00:00,CATTENOM 4,17W100P100P0105V,B14,,1244.0,,MAW,PT60M,10YFR-RTE------C,FR
2020-01-01T04:00:00+00:00,CHASTANG 2,17W100P100P0049F,B11,,66.0,,MAW,PT60M,10YFR-RTE------C,FR
2020-01-01T04:00:00+00:00,CHEYLAS 1,17W100P100P0056I,B10,,200.0,,MAW,PT60M,10YFR-RTE------C,FR
2020-01-01T04:00:00+00:00,CHINON 4,17W100P100P0109N,B14,,900.0,,MAW,PT60M,10YFR-RTE------C,FR
2020-01-01T04:00:00+00:00,CHOOZ 1,17W100P100P01101,B14,,1455.0,,MAW,PT60M,10YFR-RTE------C,FR
2020-01-01T04:00:00+00:00,CHOOZ 2,17W100P100P0112Y,B14,,1449.0,,MAW,PT60M,10YFR-RTE------C,FR
2020-01-01T04:00:00+00:00,CIVAUX 2,17W100P100P0114U,B14,,1511.0,,MAW,PT60M,10YFR-RTE------C,FR
2020-01-01T04:00:00+00:00,CRUAS 2,17W100P100P0116Q,B14,,881.0,,MAW,PT60M,10YFR-RTE------C,FR
2020-01-01T04:00:00+00:00,CRUAS 4,17W100P100P0119K,B14,,899.0,,MAW,PT60M,10YFR-RTE------C,FR
2020-01-01T04:00:00+00:00,DAMPIERRE 1,17W100P100P0120Z,B14,,889.0,,MAW,PT60M,10YFR-RTE------C,FR
2020-01-01T04:00:00+00:00,DAMPIERRE 2,17W100P100P0121X,B14,,856.0,,MAW,PT60M,10YFR-RTE------C,FR
2020-01-01T04:00:00+00:00,DAMPIERRE 3,17W100P100P0122V,B14,,925.0,,MAW,PT60M,10YFR-RTE------C,FR
2020-01-01T04:00:00+00:00,DAMPIERRE 4,17W100P100P0123T,B14,,609.0,,MAW,PT60M,10YFR-RTE------C,FR
2020-01-01T04:00:00+00:00,GOLFECH 1,17W100P100P0128J,B14,,1249.0,,MAW,PT60M,10YFR-RTE------C,FR
2020-01-01T04:00:00+00:00,GOLFECH 2,17W100P100P0129H,B14,,1254.0,,MAW,PT60M,10YFR-RTE------C,FR
2020-01-01T04:00:00+00:00,GRAND MAISON 2,17W100P100P0061P,B10,,160.0,,MAW,PT60M,10YFR-RTE------C,FR
2020-01-01T04:00:00+00:00,GRAND MAISON 3,17W100P100P0063L,B10,,161.0,,MAW,PT60M,10YFR-RTE------C,FR
2020-01-01T04:00:00+00:00,GRAND MAISON 5,17W100P100P0065H,B10,,162.0,,MAW,PT60M,10YFR-RTE------C,FR
2020-01-01T04:00:00+00:00,GRAND MAISON 8,17W100P100P0068B,B10,,160.0,,MAW,PT60M,10YFR-RTE------C,FR
2020-01-01T04:00:00+00:00,GRAVELINES 6,17W100P100P0136K,B14,,889.0,,MAW,PT60M,10YFR-RTE------C,FR
2020-01-01T04:00:00+00:00,MONTEZIC 2,17W100P100P0072K,B10,,212.0,,MAW,PT60M,10YFR-RTE------C,FR
2020-01-01T04:00:00+00:00,MONTEZIC 3,17W100P100P0073I,B10,,209.0,,MAW,PT60M,10YFR-RTE------C,FR
2020-01-01T04:00:00+00:00,MONTEZIC 4,17W100P100P0074G,B10,,206.0,,MAW,PT60M,10YFR-RTE------C,FR
2020-01-01T04:00:00+00:00,NOGENT 1,17W100P100P0137I,B14,,1268.0,,MAW,PT60M,10YFR-RTE------C,FR
2020-01-01T04:00:00+00:00,NOGENT 2,17W100P100P0138G,B14,,1228.0,,MAW,PT60M,10YFR-RTE------C,FR
2020-01-01T04:00:00+00:00,PALUEL 3,17W100P100P0141R,B14,,1240.0,,MAW,PT60M,10YFR-RTE------C,FR
2020-01-01T04:00:00+00:00,REVIN 2,17W100P100P0077A,B10,,145.0,,MAW,PT60M,10YFR-RTE------C,FR
2020-01-01T04:00:00+00:00,REVIN 3,17W100P100P00788,B10,,172.0,,MAW,PT60M,10YFR-RTE------C,FR
2020-01-01T04:00:00+00:00,REVIN 4,17W100P100P00796,B10,,180.0,,MAW,PT60M,10YFR-RTE------C,FR
2020-01-01T04:00:00+00:00,SISTERON 2,17W100P100P0081J,B12,,88.0,,MAW,PT60M,10YFR-RTE------C,FR
2020-01-01T04:00:00+00:00,ST ALBAN 2,17W100P100P0146H,B14,,1271.0,,MAW,PT60M,10YFR-RTE------C,FR
2020-01-01T04:00:00+00:00,SUPER BISSORTE 1,17W100P100P0082H,B10,,165.0,,MAW,PT60M,10YFR-RTE------C,FR
2020-01-01T04:00:00+00:00,SUPER BISSORTE 2,17W100P100P0083F,B10,,0.0,,MAW,PT60M,10YFR-RTE------C,FR
2020-01-01T04:00:00+00:00,SUPER BISSORTE 3,17W100P100P0084D,B10,,164.0,,MAW,PT60M,10YFR-RTE------C,FR
2020-01-01T04:00:00+00:00,SUPER BISSORTE 4,17W100P100P0085B,B10,,0.0,,MAW,PT60M,10YFR-RTE------C,FR
2020-01-01T05:00:00+00:00,AMFARD15,17W100P100P03485,B04,,71.0,,MAW,PT60M,10YFR-RTE------C,FR
2020-01-01T05:00:00+00:00,BELLEVILLE 1,17W100P100P0090I,B14,,1312.0,,MAW,PT60M,10YFR-RTE------C,FR
2020-01-01T05:00:00+00:00,BELLEVILLE 2,17W100P100P0091G,B14,,678.0,,MAW,PT60M,10YFR-RTE------C,FR
2020-01-01T05:00:00+00:00,BLAYAIS 1,17W100P100P0092E,B14,,834.0,,MAW,PT60M,10YFR-RTE------C,FR
2020-01-01T05:00:00+00:00,BLAYAIS 3,17W100P100P0094A,B14,,914.0,,MAW,PT60M,10YFR-RTE------C,FR
2020-01-01T05:00:00+00:00,BLENOD 5,17W100P100P0173E,B04,,278.0,,MAW,PT60M,10YFR-RTE------C,FR
2020-01-01T05:00:00+00:00,BOUCHAIN 7,17W100P100P01768,B04,,4.0,,MAW,PT60M,10YFR-RTE------C,FR
2020-01-01T05:00:00+00:00,CATTENOM 1,17W100P100P01012,B14,,1290.0,,MAW,PT60M,10YFR-RTE------C,FR
2020-01-01T05:00:00+00:00,CATTENOM 2,17W100P100P0103Z,B14,,1264.0,,MAW,PT60M,10YFR-RTE------C,FR
2020-01-01T05:00:00+00:00,CATTENOM 3,17W100P100P0104X,B14,,1273.0,,MAW,PT60M,10YFR-RTE------C,FR
2020-01-01T05:00:00+00:00,CATTENOM 4,17W100P100P0105V,B14,,1263.0,,MAW,PT60M,10YFR-RTE------C,FR
2020-01-01T05:00:00+00:00,CHASTANG 2,17W100P100P0049F,B11,,34.0,,MAW,PT60M,10YFR-RTE------C,FR
2020-01-01T05:00:00+00:00,CHEYLAS 1,17W100P100P0056I,B10,,232.0,,MAW,PT60M,10YFR-RTE------C,FR
2020-01-01T05:00:00+00:00,CHINON 4,17W100P100P0109N,B14,,899.0,,MAW,PT60M,10YFR-RTE------C,FR
2020-01-01T05:00:00+00:00,CHOOZ 1,17W100P100P01101,B14,,1456.0,,MAW,PT60M,10YFR-RTE------C,FR
2020-01-01T05:00:00+00:00,CHOOZ 2,17W100P100P0112Y,B14,,1458.0,,MAW,PT60M,10YFR-RTE------C,FR
2020-01-01T05:00:00+00:00,CIVAUX 1,17W100P100P0113W,B14,,1507.0,,MAW,PT60M,10YFR-RTE------C,FR
2020-01-01T05:00:00+00:00,CRUAS 1,17W100P100P0115S,B14,,14.0,,MAW,PT60M,10YFR-RTE------C,FR
2020-01-01T05:00:00+00:00,CRUAS 2,17W100P100P0116Q,B14,,890.0,,MAW,PT60M,10YFR-RTE------C,FR
2020-01-01T05:00:00+00:00,CRUAS 4,17W100P100P0119K,B14,,904.0,,MAW,PT60M,10YFR-RTE------C,FR
2020-01-01T05:00:00+00:00,CYCOFOS PL1,17W100P100P03388,B04,,1.0,,MAW,PT60M,10YFR-RTE------C,FR
2020-01-01T05:00:00+00:00,DAMPIERRE 2,17W100P100P0121X,B14,,861.0,,MAW,PT60M,10YFR-RTE------C,FR
2020-01-01T05:00:00+00:00,DAMPIERRE 4,17W100P100P0123T,B14,,610.0,,MAW,PT60M,10YFR-RTE------C,FR
2020-01-01T05:00:00+00:00,DK6-TV1,17W100P100P0331M,B04,,114.0,,MAW,PT60M,10YFR-RTE------C,FR
2020-01-01T05:00:00+00:00,FLAMANVILLE 2,17W100P100P0127L,B14,,10.0,,MAW,PT60M,10YFR-RTE------C,FR
2020-01-01T05:00:00+00:00,GOLFECH 1,17W100P100P0128J,B14,,1260.0,,MAW,PT60M,10YFR-RTE------C,FR
2020-01-01T05:00:00+00:00,GOLFECH 2,17W100P100P0129H,B14,,1261.0,,MAW,PT60M,10YFR-RTE------C,FR
2020-01-01T05:00:00+00:00,GRAVELINES 1,17W100P100P0130W,B14,,905.0,,MAW,PT60M,10YFR-RTE------C,FR
2020-01-01T05:00:00+00:00,GRAVELINES 6,17W100P100P0136K,B14,,897.0,,MAW,PT60M,10YFR-RTE------C,FR
2020-01-01T05:00:00+00:00,MONTEZIC 2,17W100P100P0072K,B10,,44.0,,MAW,PT60M,10YFR-RTE------C,FR
2020-01-01T05:00:00+00:00,MONTEZIC 3,17W100P100P0073I,B10,,45.0,,MAW,PT60M,10YFR-RTE------C,FR
2020-01-01T05:00:00+00:00,NOGENT 1,17W100P100P0137I,B14,,1253.0,,MAW,PT60M,10YFR-RTE------C,FR
2020-01-01T05:00:00+00:00,NOGENT 2,17W100P100P0138G,B14,,1227.0,,MAW,PT60M,10YFR-RTE------C,FR
2020-01-01T05:00:00+00:00,PALUEL 3,17W100P100P0141R,B14,,1252.0,,MAW,PT60M,10YFR-RTE------C,FR
2020-01-01T05:00:00+00:00,Pont-sur-Sambre,17W100P100P00016,B04,,3.0,,MAW,PT60M,10YFR-RTE------C,FR
2020-01-01T05:00:00+00:00,REVIN 2,17W100P100P0077A,B10,,171.0,,MAW,PT60M,10YFR-RTE------C,FR
2020-01-01T05:00:00+00:00,REVIN 3,17W100P100P00788,B10,,171.0,,MAW,PT60M,10YFR-RTE------C,FR
2020-01-01T05:00:00+00:00,REVIN 4,17W100P100P00796,B10,,179.0,,MAW,PT60M,10YFR-RTE------C,FR
2020-01-01T05:00:00+00:00,SISTERON 2,17W100P100P0081J,B12,,83.0,,MAW,PT60M,10YFR-RTE------C,FR
2020-01-01T05:00:00+00:00,ST ALBAN 2,17W100P100P0146H,B14,,1279.0,,MAW,PT60M,10YFR-RTE------C,FR
2020-01-01T06:00:00+00:00,BELLEVILLE 2,17W100P100P0091G,B14,,672.0,,MAW,PT60M,10YFR-RTE------C,FR
2020-01-01T06:00:00+00:00,BLAYAIS 1,17W100P100P0092E,B14,,828.0,,MAW,PT60M,10YFR-RTE------C,FR
2020-01-01T06:00:00+00:00,BLAYAIS 3,17W100P100P0094A,B14,,895.0,,MAW,PT60M,10YFR-RTE------C,FR
2020-01-01T06:00:00+00:00,BLENOD 5,17W100P100P0173E,B04,,268.0,,MAW,PT60M,10YFR-RTE------C,FR
2020-01-01T06:00:00+00:00,BROMMAT 7,17W100P100P0055K,B12,,180.0,,MAW,PT60M,10YFR-RTE------C,FR
2020-01-01T06:00:00+00:00,CATTENOM 2,17W100P100P0103Z,B14,,1266.0,,MAW,PT60M,10YFR-RTE------C,FR
2020-01-01T06:00:00+00:00,CATTENOM 3,17W100P100P0104X,B14,,1249.0,,MAW,PT60M,10YFR-RTE------C,FR
2020-01-01T06:00:00+00:00,CATTENOM 4,17W100P100P0105V,B14,,1238.0,,MAW,PT60M,10YFR-RTE------C,FR
2020-01-01T06:00:00+00:00,CHASTANG 2,17W100P100P0049F,B11,,32.0,,MAW,PT60M,10YFR-RTE------C,FR
2020-01-01T06:00:00+00:00,CHEYLAS 1,17W100P100P0056I,B10,,231.0,,MAW,PT60M,10YFR-RTE------C,FR
2020-01-01T06:00:00+00:00,CHOOZ 1,17W100P100P01101,B14,,1455.0,,MAW,PT60M,10YFR-RTE------C,FR
2020-01-01T06:00:00+00:00,CHOOZ 2,17W100P100P0112Y,B14,,1443.0,,MAW,PT60M,10YFR-RTE------C,FR
2020-01-01T06:00:00+00:00,CIVAUX 1,17W100P100P0113W,B14,,1505.0,,MAW,PT60M,10YFR-RTE------C,FR
2020-01-01T06:00:00+00:00,CORDEMAIS 4,17W100P100P0017S,B05,,2.0,,MAW,PT60M,10YFR-RTE------C,FR
2020-01-01T06:00:00+00:00,CRUAS 2,17W100P100P0116Q,B14,,871.0,,MAW,PT60M,10YFR-RTE------C,FR
2020-01-01T06:00:00+00:00,CRUAS 4,17W100P100P0119K,B14,,894.0,,MAW,PT60M,10YFR-RTE------C,FR
2020-01-01T06:00:00+00:00,DAMPIERRE 1,17W100P100P0120Z,B14,,883.0,,MAW,PT60M,10YFR-RTE------C,FR
2020-01-01T06:00:00+00:00,DAMPIERRE 2,17W100P100P0121X,B14,,854.0,,MAW,PT60M,10YFR-RTE------C,FR
2020-01-01T06:00:00+00:00,DAMPIERRE 3,17W100P100P0122V,B14,,924.0,,MAW,PT60M,10YFR-RTE------C,FR
2020-01-01T06:00:00+00:00,DAMPIERRE 4,17W100P100P0123T,B14,,608.0,,MAW,PT60M,10YFR-RTE------C,FR
2020-01-01T06:00:00+00:00,DK6-TV1,17W100P100P0331M,B04,,112.0,,MAW,PT60M,10YFR-RTE------C,FR
2020-01-01T06:00:00+00:00,DK6-TV2,17W100P100P0333I,B04,,114.0,,MAW,PT60M,10YFR-RTE------C,FR
2020-01-01T06:00:00+00:00,FESSENHEIM 2,17W100P100P0125P,B14,,881.0,,MAW,PT60M,10YFR-RTE------C,FR
2020-01-01T06:00:00+00:00,FLAMANVILLE 1,17W100P100P0126N,B14,,24.0,,MAW,PT60M,10YFR-RTE------C,FR
2020-01-01T06:00:00+00:00,FLAMANVILLE 2,17W100P100P0127L,B14,,9.0,,MAW,PT60M,10YFR-RTE------C,FR
2020-01-01T06:00:00+00:00,GOLFECH 1,17W100P100P0128J,B14,,1234.0,,MAW,PT60M,10YFR-RTE------C,FR
2020-01-01T06:00:00+00:00,GOLFECH 2,17W100P100P0129H,B14,,1240.0,,MAW,PT60M,10YFR-RTE------C,FR
2020-01-01T06:00:00+00:00,GRAVELINES 2,17W100P100P0131U,B14,,907.0,,MAW,PT60M,10YFR-RTE------C,FR
2020-01-01T06:00:00+00:00,GRAVELINES 3,17W100P100P0132S,B14,,914.0,,MAW,PT60M,10YFR-RTE------C,FR
2020-01-01T06:00:00+00:00,GRAVELINES 4,17W100P100P0133Q,B14,,946.0,,MAW,PT60M,10YFR-RTE------C,FR
2020-01-01T06:00:00+00:00,GRAVELINES 6,17W100P100P0136K,B14,,879.0,,MAW,PT60M,10YFR-RTE------C,FR
2020-01-01T06:00:00+00:00,MONTEZIC 2,17W100P100P0072K,B10,,138.0,,MAW,PT60M,10YFR-RTE------C,FR
2020-01-01T06:00:00+00:00,MONTEZIC 3,17W100P100P0073I,B10,,172.0,,MAW,PT60M,10YFR-RTE------C,FR
2020-01-01T06:00:00+00:00,NOGENT 1,17W100P100P0137I,B14,,1244.0,,MAW,PT60M,10YFR-RTE------C,FR
2020-01-01T06:00:00+00:00,PALUEL 1,17W100P100P0139E,B14,,1287.0,,MAW,PT60M,10YFR-RTE------C,FR
2020-01-01T06:00:00+00:00,PALUEL 3,17W100P100P0141R,B14,,1225.0,,MAW,PT60M,10YFR-RTE------C,FR
2020-01-01T06:00:00+00:00,PENLY 1,17W100P100P0143N,B14,,1309.0,,MAW,PT60M,10YFR-RTE------C,FR
2020-01-01T06:00:00+00:00,Pont-sur-Sambre,17W100P100P00016,B04,,2.0,,MAW,PT60M,10YFR-RTE------C,FR
2020-01-01T06:00:00+00:00,REVIN 2,17W100P100P0077A,B10,,170.0,,MAW,PT60M,10YFR-RTE------C,FR
2020-01-01T06:00:00+00:00,REVIN 3,17W100P100P00788,B10,,170.0,,MAW,PT60M,10YFR-RTE------C,FR
2020-01-01T06:00:00+00:00,REVIN 4,17W100P100P00796,B10,,178.0,,MAW,PT60M,10YFR-RTE------C,FR
2020-01-01T06:00:00+00:00,SISTERON 2,17W100P100P0081J,B12,,79.0,,MAW,PT60M,10YFR-RTE------C,FR
2020-01-01T06:00:00+00:00,ST ALBAN 2,17W100P100P0146H,B14,,1264.0,,MAW,PT60M,10YFR-RTE------C,FR
2020-01-01T06:00:00+00:00,ST LAURENT 1,17W100P100P0147F,B14,,900.0,,MAW,PT60M,10YFR-RTE------C,FR
2020-01-01T07:00:00+00:00,BELLEVILLE 2,17W100P100P0091G,B14,,675.0,,MAW,PT60M,10YFR-RTE------C,FR
2020-01-01T07:00:00+00:00,BLAYAIS 3,17W100P100P0094A,B14,,862.0,,MAW,PT60M,10YFR-RTE------C,FR
2020-01-01T07:00:00+00:00,BLENOD 5,17W100P100P0173E,B04,,250.0,,MAW,PT60M,10YFR-RTE------C,FR
2020-01-01T07:00:00+00:00,BOUCHAIN 7,17W100P100P01768,B04,,76.0,,MAW,PT60M,10YFR-RTE------C,FR
2020-01-01T07:00:00+00:00,BROMMAT 7,17W100P100P0055K,B12,,177.0,,MAW,PT60M,10YFR-RTE------C,FR
2020-01-01T07:00:00+00:00,BUGEY 3,17W100P100P00974,B14,,890.0,,MAW,PT60M,10YFR-RTE------C,FR
2020-01-01T07:00:00+00:00,CATTENOM 2,17W100P100P0103Z,B14,,1269.0,,MAW,PT60M,10YFR-RTE------C,FR
2020-01-01T07:00:00+00:00,CATTENOM 3,17W100P100P0104X,B14,,1200.0,,MAW,PT60M,10YFR-RTE------C,FR
2020-01-01T07:00:00+00:00,CATTENOM 4,17W100P100P0105V,B14,,1187.0,,MAW,PT60M,10YFR-RTE------C,FR
2020-01-01T07:00:00+00:00,CHASTANG 2,17W100P100P0049F,B11,,62.0,,MAW,PT60M,10YFR-RTE------C,FR
2020-01-01T07:00:00+00:00,CHINON 1,17W100P100P0106T,B14,,901.0,,MAW,PT60M,10YFR-RTE------C,FR
2020-01-01T07:00:00+00:00,CHINON 4,17W100P100P0109N,B14,,898.0,,MAW,PT60M,10YFR-RTE------C,FR
2020-01-01T07:00:00+00:00,CHOOZ 1,17W100P100P01101,B14,,1453.0,,MAW,PT60M,10YFR-RTE------C,FR
2020-01-01T07:00:00+00:00,CHOOZ 2,17W100P100P0112Y,B14,,1425.0,,MAW,PT60M,10YFR-RTE------C,FR
2020-01-01T07:00:00+00:00,CIVAUX 2,17W100P100P0114U,B14,,1510.0,,MAW,PT60M,10YFR-RTE------C,FR
2020-01-01T07:00:00+00:00,CORDEMAIS 4,17W100P100P0017S,B05,,3.0,,MAW,PT60M,10YFR-RTE------C,FR
2020-01-01T07:00:00+00:00,CRUAS 2,17W100P100P0116Q,B14,,836.0,,MAW,PT60M,10YFR-RTE------C,FR
2020-01-01T07:00:00+00:00,CRUAS 4,17W100P100P0119K,B14,,862.0,,MAW,PT60M,10YFR-RTE------C,FR
2020-01-01T07:00:00+00:00,DAMPIERRE 1,17W100P100P0120Z,B14,,880.0,,MAW,PT60M,10YFR-RTE------C,FR
2020-01-01T07:00:00+00:00,DAMPIERRE 2,17W100P100P0121X,B14,,856.0,,MAW,PT60M,10YFR-RTE------C,FR
2020-01-01T07:00:00+00:00,DAMPIERRE 3,17W100P100P0122V,B14,,923.0,,MAW,PT60M,10YFR-RTE------C,FR
2020-01-01T07:00:00+00:00,DK6-TV1,17W100P100P0331M,B04,,111.0,,MAW,PT60M,10YFR-RTE------C,FR
2020-01-01T07:00:00+00:00,DK6-TV2,17W100P100P0333I,B04,,117.0,,MAW,PT60M,10YFR-RTE------C,FR
2020-01-01T07:00:00+00:00,FESSENHEIM 1,17W100P100P0124R,B14,,869.0,,MAW,PT60M,10YFR-RTE------C,FR
2020-01-01T07:00:00+00:00,GOLFECH 1,17W100P100P0128J,B14,,1184.0,,MAW,PT60M,10YFR-RTE------C,FR
2020-01-01T07:00:00+00:00,GOLFECH 2,17W100P100P0129H,B14,,1205.0,,MAW,PT60M,10YFR-RTE------C,FR
2020-01-01T07:00:00+00:00,GRAND MAISON 6,17W100P100P0066F,B10,,160.0,,MAW,PT60M,10YFR-RTE------C,FR
2020-01-01T07:00:00+00:00,GRAVELINES 2,17W100P100P0131U,B14,,906.0,,MAW,PT60M,10YFR-RTE------C,FR
2020-01-01T07:00:00+00:00,GRAVELINES 6,17W100P100P0136K,B14,,844.0,,MAW,PT60M,10YFR-RTE------C,FR
2020-01-01T07:00:00+00:00,MONTEZIC 1,17W100P100P0071M,B10,,212.0,,MAW,PT60M,10YFR-RTE------C,FR
2020-01-01T07:00:00+00:00,MONTEZIC 2,17W100P100P0072K,B10,,212.0,,MAW,PT60M,10YFR-RTE------C,FR
2020-01-01T07:00:00+00:00,MONTEZIC 3,17W100P100P0073I,B10,,209.0,,MAW,PT60M,10YFR-RTE------C,FR
2020-01-01T07:00:00+00:00,NOGENT 1,17W100P100P0137I,B14,,1245.0,,MAW,PT60M,10YFR-RTE------C,FR
2020-01-01T07:00:00+00:00,NOGENT 2,17W100P100P0138G,B14,,1226.0,,MAW,PT60M,10YFR-RTE------C,FR
2020-01-01T07:00:00+00:00,PALUEL 1,17W100P100P0139E,B14,,1286.0,,MAW,PT60M,10YFR-RTE------C,FR
2020-01-01T07:00:00+00:00,PALUEL 3,17W100P100P0141R,B14,,1175.0,,MAW,PT60M,10YFR-RTE------C,FR
2020-01-01T07:00:00+00:00,PALUEL 4,17W100P100P0142P,B14,,1286.0,,MAW,PT60M,10YFR-RTE------C,FR
2020-01-01T07:00:00+00:00,REVIN 2,17W100P100P0077A,B10,,169.0,,MAW,PT60M,10YFR-RTE------C,FR
2020-01-01T07:00:00+00:00,REVIN 3,17W100P100P00788,B10,,169.0,,MAW,PT60M,10YFR-RTE------C,FR
2020-01-01T07:00:00+00:00,REVIN 4,17W100P100P00796,B10,,176.0,,MAW,PT60M,10YFR-RTE------C,FR
2020-01-01T07:00:00+00:00,SISTERON 2,17W100P100P0081J,B12,,82.0,,MAW,PT60M,10YFR-RTE------C,FR
2020-01-01T07:00:00+00:00,ST ALBAN 2,17W100P100P0146H,B14,,1243.0,,MAW,PT60M,10YFR-RTE------C,FR
2020-01-01T07:00:00+00:00,ST LAURENT 1,17W100P100P0147F,B14,,903.0,,MAW,PT60M,10YFR-RTE------C,FR
2020-01-01T07:00:00+00:00,TRICASTIN 3,17W100P100P0152M,B14,,925.0,,MAW,PT60M,10YFR-RTE------C,FR
2020-01-01T08:00:00+00:00,AMFARD14,17W100P100P03477,B04,,71.0,,MAW,PT60M,10YFR-RTE------C,FR
2020-01-01T08:00:00+00:00,BELLEVILLE 2,17W100P100P0091G,B14,,673.0,,MAW,PT60M,10YFR-RTE------C,FR
2020-01-01T08:00:00+00:00,BLAYAIS 1,17W100P100P0092E,B14,,829.0,,MAW,PT60M,10YFR-RTE------C,FR
2020-01-01T08:00:00+00:00,BLAYAIS 3,17W100P100P0094A,B14,,853.0,,MAW,PT60M,10YFR-RTE------C,FR
2020-01-01T08:00:00+00:00,BLENOD 5,17W100P100P0173E,B04,,245.0,,MAW,PT60M,10YFR-RTE------C,FR
2020-01-01T08:00:00+00:00,BOUCHAIN 7,17W100P100P01768,B04,,363.0,,MAW,PT60M,10YFR-RTE------C,FR
2020-01-01T08:00:00+00:00,BROMMAT 7,17W100P100P0055K,B12,,9.0,,MAW,PT60M,10YFR-RTE------C,FR
2020-01-01T08:00:00+00:00,BUGEY 3,17W100P100P00974,B14,,896.0,,MAW,PT60M,10YFR-RTE------C,FR
2020-01-01T08:00:00+00:00,BUGEY 5,17W100P100P01004,B14,,900.0,,MAW,PT60M,10YFR-RTE------C,FR
2020-01-01T08:00:00+00:00,CATTENOM 2,17W100P100P0103Z,B14,,1271.0,,MAW,PT60M,10YFR-RTE------C,FR
2020-01-01T08:00:00+00:00,CATTENOM 3,17W100P100P0104X,B14,,1177.0,,MAW,PT60M,10YFR-RTE------C,FR
2020-01-01T08:00:00+00:00,CATTENOM 4,17W100P100P0105V,B14,,1173.0,,MAW,PT60M,10YFR-RTE------C,FR
2020-01-01T08:00:00+00:00,CHASTANG 2,17W100P100P0049F,B11,,60.0,,MAW,PT60M,10YFR-RTE------C,FR
2020-01-01T08:00:00+00:00,CHOOZ 1,17W100P100P01101,B14,,1450.0,,MAW,PT60M,10YFR-RTE------C,FR
2020-01-01T08:00:00+00:00,CHOOZ 2,17W100P100P0112Y,B14,,1424.0,,MAW,PT60M,10YFR-RTE------C,FR
2020-01-01T08:00:00+00:00,CORDEMAIS 4,17W100P100P0017S,B05,,2.0,,MAW,PT60M,10YFR-RTE------C,FR
2020-01-01T08:00:00+00:00,CRUAS 2,17W100P100P0116Q,B14,,827.0,,MAW,PT60M,10YFR-RTE------C,FR
2020-01-01T08:00:00+00:00,CRUAS 4,17W100P100P0119K,B14,,853.0,,MAW,PT60M,10YFR-RTE------C,FR
2020-01-01T08:00:00+00:00,DAMPIERRE 2,17W100P100P0121X,B14,,903.0,,MAW,PT60M,10YFR-RTE------C,FR
2020-01-01T08:00:00+00:00,DK6-TV1,17W100P100P0331M,B04,,115.0,,MAW,PT60M,10YFR-RTE------C,FR
2020-01-01T08:00:00+00:00,DK6-TV2,17W100P100P0333I,B04,,118.0,,MAW,PT60M,10YFR-RTE------C,FR
2020-01-01T08:00:00+00:00,FESSENHEIM 1,17W100P100P0124R,B14,,870.0,,MAW,PT60M,10YFR-RTE------C,FR
2020-01-01T08:00:00+00:00,GOLFECH 1,17W100P100P0128J,B14,,1170.0,,MAW,PT60M,10YFR-RTE------C,FR
2020-01-01T08:00:00+00:00,GOLFECH 2,17W100P100P0129H,B14,,1196.0,,MAW,PT60M,10YFR-RTE------C,FR
2020-01-01T08:00:00+00:00,GRAND MAISON 1,17W100P100P0059C,B10,,160.0,,MAW,PT60M,10YFR-RTE------C,FR
2020-01-01T08:00:00+00:00,GRAND MAISON 7,17W100P100P0067D,B10,,161.0,,MAW,PT60M,10YFR-RTE------C,FR
2020-01-01T08:00:00+00:00,GRAVELINES 1,17W100P100P0130W,B14,,904.0,,MAW,PT60M,10YFR-RTE------C,FR
2020-01-01T08:00:00+00:00,GRAVELINES 4,17W100P100P0133Q,B14,,945.0,,MAW,PT60M,10YFR-RTE------C,FR
2020-01-01T08:00:00+00:00,GRAVELINES 6,17W100P100P0136K,B14,,835.0,,MAW,PT60M,10YFR-RTE------C,FR
2020-01-01T08:00:00+00:00,MONTEZIC 3,17W100P100P0073I,B10,,208.0,,MAW,PT60M,10YFR-RTE------C,FR
2020-01-01T08:00:00+00:00,MONTEZIC 4,17W100P100P0074G,B10,,205.0,,MAW,PT60M,10YFR-RTE------C,FR
2020-01-01T08:00:00+00:00,NOGENT 1,17W100P100P0137I,B14,,1247.0,,MAW,PT60M,10YFR-RTE------C,FR
2020-01-01T08:00:00+00:00,PALUEL 1,17W100P100P0139E,B14,,1285.0,,MAW,PT60M,10YFR-RTE------C,FR
2020-01-01T08:00:00+00:00,PALUEL 2,17W100P100P0140T,B14,,2.0,,MAW,PT60M,10YFR-RTE------C,FR
2020-01-01T08:00:00+00:00,PALUEL 3,17W100P100P0141R,B14,,1162.0,,MAW,PT60M,10YFR-RTE------C,FR
2020-01-01T08:00:00+00:00,PENLY 2,17W100P100P0144L,B14,,38.0,,MAW,PT60M,10YFR-RTE------C,FR
2020-01-01T08:00:00+00:00,REVIN 2,17W100P100P0077A,B10,,168.0,,MAW,PT60M,10YFR-RTE------C,FR
2020-01-01T08:00:00+00:00,REVIN 3,17W100P100P00788,B10,,167.0,,MAW,PT60M,10YFR-RTE------C,FR
2020-01-01T08:00:00+00:00,REVIN 4,17W100P100P00796,B10,,175.0,,MAW,PT60M,10YFR-RTE------C,FR
2020-01-01T08:00:00+00:00,SISTERON 2,17W100P100P0081J,B12,,83.0,,MAW,PT60M,10YFR-RTE------C,FR
2020-01-01T08:00:00+00:00,ST ALBAN 2,17W100P100P0146H,B14,,1238.0,,MAW,PT60M,10YFR-RTE------C,FR
2020-01-01T08:00:00+00:00,ST LAURENT 1,17W100P100P0147F,B14,,902.0,,MAW,PT60M,10YFR-RTE------C,FR
2020-01-01T08:00:00+00:00,SUPER BISSORTE 3,17W100P100P0084D,B10,,159.0,,MAW,PT60M,10YFR-RTE------C,FR
2020-01-01T08:00:00+00:00,TRICASTIN 3,17W100P100P0152M,B14,,926.0,,MAW,PT60M,10YFR-RTE------C,FR
2020-01-01T09:00:00+00:00,BELLEVILLE 2,17W100P100P0091G,B14,,671.0,,MAW,PT60M,10YFR-RTE------C,FR
2020-01-01T09:00:00+00:00,BLAYAIS 1,17W100P100P0092E,B14,,831.0,,MAW,PT60M,10YFR-RTE------C,FR
2020-01-01T09:00:00+00:00,BLAYAIS 3,17W100P100P0094A,B14,,858.0,,MAW,PT60M,10YFR-RTE------C,FR
2020-01-01T09:00:00+00:00,BLENOD 5,17W100P100P0173E,B04,,248.0,,MAW,PT60M,10YFR-RTE------C,FR
2020-01-01T09:00:00+00:00,BOUCHAIN 7,17W100P100P01768,B04,,472.0,,MAW,PT60M,10YFR-RTE------C,FR
2020-01-01T09:00:00+00:00,BROMMAT 7,17W100P100P0055K,B12,,157.0,,MAW,PT60M,10YFR-RTE------C,FR
2020-01-01T09:00:00+00:00,BUGEY 3,17W100P100P00974,B14,,911.0,,MAW,PT60M,10YFR-RTE------C,FR
2020-01-01T09:00:00+00:00,CATTENOM 3,17W100P100P0104X,B14,,1184.0,,MAW,PT60M,10YFR-RTE------C,FR
2020-01-01T09:00:00+00:00,CATTENOM 4,17W100P100P0105V,B14,,1180.0,,MAW,PT60M,10YFR-RTE------C,FR
2020-01-01T09:00:00+00:00,CHASTANG 2,17W100P100P0049F,B11,,61.0,,MAW,PT60M,10YFR-RTE------C,FR
2020-01-01T09:00:00+00:00,CHEYLAS 1,17W100P100P0056I,B10,,230.0,,MAW,PT60M,10YFR-RTE------C,FR
2020-01-01T09:00:00+00:00,CHOOZ 2,17W100P100P0112Y,B14,,1428.0,,MAW,PT60M,10YFR-RTE------C,FR
2020-01-01T09:00:00+00:00,CIVAUX 1,17W100P100P0113W,B14,,1504.0,,MAW,PT60M,10YFR-RTE------C,FR
2020-01-01T09:00:00+00:00,CORDEMAIS 4,17W100P100P0017S,B05,,0.0,,MAW,PT60M,10YFR-RTE------C,FR
2020-01-01T09:00:00+00:00,CRUAS 2,17W100P100P0116Q,B14,,832.0,,MAW,PT60M,10YFR-RTE------C,FR
2020-01-01T09:00:00+00:00,CRUAS 4,17W100P100P0119K,B14,,857.0,,MAW,PT60M,10YFR-RTE------C,FR
2020-01-01T09:00:00+00:00,DAMPIERRE 1,17W100P100P0120Z,B14,,883.0,,MAW,PT60M,10YFR-RTE------C,FR
2020-01-01T09:00:00+00:00,DAMPIERRE 2,17W100P100P0121X,B14,,908.0,,MAW,PT60M,10YFR-RTE------C,FR
2020-01-01T09:00:00+00:00,DAMPIERRE 3,17W100P100P0122V,B14,,922.0,,MAW,PT60M,10YFR-RTE------C,FR
2020-01-01T09:00:00+00:00,DIRINON 1,17W100P100P0262F,B06,,1.0,,MAW,PT60M,10YFR-RTE------C,FR
2020-01-01T09:00:00+00:00,DIRINON 2,17W100P100P0264B,B06,,1.0,,MAW,PT60M,10YFR-RTE------C,FR
2020-01-01T09:00:00+00:00,DK6-TV1,17W100P100P0331M,B04,,113.0,,MAW,PT60M,10YFR-RTE------C,FR
2020-01-01T09:00:00+00:00,DK6-TV2,17W100P100P0333I,B04,,114.0,,MAW,PT60M,10YFR-RTE------C,FR
2020-01-01T09:00:00+00:00,FESSENHEIM 1,17W100P100P0124R,B14,,690.0,,MAW,PT60M,10YFR-RTE------C,FR
2020-01-01T09:00:00+00:00,FESSENHEIM 2,17W100P100P0125P,B14,,880.0,,MAW,PT60M,10YFR-RTE------C,FR
2020-01-01T09:00:00+00:00,GOLFECH 1,17W100P100P0128J,B14,,1178.0,,MAW,PT60M,10YFR-RTE------C,FR
2020-01-01T09:00:00+00:00,GOLFECH 2,17W100P100P0129H,B14,,1202.0,,MAW,PT60M,10YFR-RTE------C,FR
2020-01-01T09:00:00+00:00,GRAVELINES 3,17W100P100P0132S,B14,,913.0,,MAW,PT60M,10YFR-RTE------C,FR
2020-01-01T09:00:00+00:00,GRAVELINES 6,17W100P100P0136K,B14,,840.0,,MAW,PT60M,10YFR-RTE------C,FR
2020-01-01T09:00:00+00:00,NOGENT 1,17W100P100P0137I,B14,,1249.0,,MAW,PT60M,10YFR-RTE------C,FR
2020-01-01T09:00:00+00:00,PALUEL 1,17W100P100P0139E,B14,,1286.0,,MAW,PT60M,10YFR-RTE------C,FR
2020-01-01T09:00:00+00:00,PALUEL 3,17W100P100P0141R,B14,,1170.0,,MAW,PT60M,10YFR-RTE------C,FR
2020-01-01T09:00:00+00:00,PALUEL 4,17W100P100P0142P,B14,,1287.0,,MAW,PT60M,10YFR-RTE------C,FR
2020-01-01T09:00:00+00:00,REVIN 2,17W100P100P0077A,B10,,166.0,,MAW,PT60M,10YFR-RTE------C,FR
2020-01-01T09:00:00+00:00,REVIN 3,17W100P100P00788,B10,,165.0,,MAW,PT60M,10YFR-RTE------C,FR
2020-01-01T09:00:00+00:00,REVIN 4,17W100P100P00796,B10,,173.0,,MAW,PT60M,10YFR-RTE------C,FR
2020-01-01T09:00:00+00:00,SISTERON 2,17W100P100P0081J,B12,,81.0,,MAW,PT60M,10YFR-RTE------C,FR
2020-01-01T09:00:00+00:00,ST ALBAN 2,17W100P100P0146H,B14,,1243.0,,MAW,PT60M,10YFR-RTE------C,FR
2020-01-01T09:00:00+00:00,ST LAURENT 1,17W100P100P0147F,B14,,901.0,,MAW,PT60M,10YFR-RTE------C,FR
2020-01-01T09:00:00+00:00,SUPER BISSORTE 1,17W100P100P0082H,B10,,166.0,,MAW,PT60M,10YFR-RTE------C,FR
2020-01-01T09:00:00+00:00,SUPER BISSORTE 3,17W100P100P0084D,B10,,0.0,,MAW,PT60M,10YFR-RTE------C,FR
2020-01-01T10:00:00+00:00,AMFARD14,17W100P100P03477,B04,,70.0,,MAW,PT60M,10YFR-RTE------C,FR
2020-01-01T10:00:00+00:00,AMFARD15,17W100P100P03485,B04,,70.0,,MAW,PT60M,10YFR-RTE------C,FR
2020-01-01T10:00:00+00:00,BELLEVILLE 2,17W100P100P0091G,B14,,665.0,,MAW,PT60M,10YFR-RTE------C,FR
2020-01-01T10:00:00+00:00,BLAYAIS 1,17W100P100P0092E,B14,,834.0,,MAW,PT60M,10YFR-RTE------C,FR
2020-01-01T10:00:00+00:00,BLAYAIS 3,17W100P100P0094A,B14,,869.0,,MAW,PT60M,10YFR-RTE------C,FR
2020-01-01T10:00:00+00:00,BLENOD 5,17W100P100P0173E,B04,,342.0,,MAW,PT60M,10YFR-RTE------C,FR
2020-01-01T10:00:00+00:00,BOUCHAIN 7,17W100P100P01768,B04,,482.0,,MAW,PT60M,10YFR-RTE------C,FR
2020-01-01T10:00:00+00:00,BROMMAT 7,17W100P100P0055K,B12,,177.0,,MAW,PT60M,10YFR-RTE------C,FR
2020-01-01T10:00:00+00:00,BUGEY 3,17W100P100P00974,B14,,912.0,,MAW,PT60M,10YFR-RTE------C,FR
2020-01-01T10:00:00+00:00,BUGEY 4,17W100P100P00982,B14,,909.0,,MAW,PT60M,10YFR-RTE------C,FR
2020-01-01T10:00:00+00:00,CATTENOM 3,17W100P100P0104X,B14,,1201.0,,MAW,PT60M,10YFR-RTE------C,FR
2020-01-01T10:00:00+00:00,CATTENOM 4,17W100P100P0105V,B14,,1198.0,,MAW,PT60M,10YFR-RTE------C,FR
2020-01-01T10:00:00+00:00,CHASTANG 2,17W100P100P0049F,B11,,62.0,,MAW,PT60M,10YFR-RTE------C,FR
2020-01-01T10:00:00+00:00,CHEYLAS 1,17W100P100P0056I,B10,,1.0,,MAW,PT60M,10YFR-RTE------C,FR
2020-01-01T10:00:00+00:00,CHINON 1,17W100P100P0106T,B14,,900.0,,MAW,PT60M,10YFR-RTE------C,FR
2020-01-01T10:00:00+00:00,CHOOZ 2,17W100P100P0112Y,B14,,1437.0,,MAW,PT60M,10YFR-RTE------C,FR
2020-01-01T10:00:00+00:00,CIVAUX 1,17W100P100P0113W,B14,,1503.0,,MAW,PT60M,10YFR-RTE------C,FR
2020-01-01T10:00:00+00:00,CIVAUX 2,17W100P100P0114U,B14,,1509.0,,MAW,PT60M,10YFR-RTE------C,FR
2020-01-01T10:00:00+00:00,CRUAS 2,17W100P100P0116Q,B14,,844.0,,MAW,PT60M,10YFR-RTE------C,FR
2020-01-01T10:00:00+00:00,CRUAS 4,17W100P100P0119K,B14,,869.0,,MAW,PT60M,10YFR-RTE------C,FR
2020-01-01T10:00:00+00:00,DAMPIERRE 1,17W100P100P0120Z,B14,,884.0,,MAW,PT60M,10YFR-RTE------C,FR
2020-01-01T10:00:00+00:00,DAMPIERRE 2,17W100P100P0121X,B14,,911.0,,MAW,PT60M,10YFR-RTE------C,FR
2020-01-01T10:00:00+00:00,DAMPIERRE 4,17W100P100P0123T,B14,,607.0,,MAW,PT60M,10YFR-RTE------C,FR
2020-01-01T10:00:00+00:00,DK6-TV1,17W100P100P0331M,B04,,115.0,,MAW,PT60M,10YFR-RTE------C,FR
2020-01-01T10:00:00+00:00,DK6-TV2,17W100P100P0333I,B04,,119.0,,MAW,PT60M,10YFR-RTE------C,FR
2020-01-01T10:00:00+00:00,FESSENHEIM 1,17W100P100P0124R,B14,,582.0,,MAW,PT60M,10YFR-RTE------C,FR
2020-01-01T10:00:00+00:00,FESSENHEIM 2,17W100P100P0125P,B14,,879.0,,MAW,PT60M,10YFR-RTE------C,FR
2020-01-01T10:00:00+00:00,GOLFECH 1,17W100P100P0128J,B14,,1194.0,,MAW,PT60M,10YFR-RTE------C,FR
2020-01-01T10:00:00+00:00,GOLFECH 2,17W100P100P0129H,B14,,1214.0,,MAW,PT60M,10YFR-RTE------C,FR
2020-01-01T10:00:00+00:00,GRAND MAISON 3,17W100P100P0063L,B10,,160.0,,MAW,PT60M,10YFR-RTE------C,FR
2020-01-01T10:00:00+00:00,GRAVELINES 6,17W100P100P0136K,B14,,853.0,,MAW,PT60M,10YFR-RTE------C,FR
2020-01-01T10:00:00+00:00,MONTEZIC 2,17W100P100P0072K,B10,,211.0,,MAW,PT60M,10YFR-RTE------C,FR
2020-01-01T10:00:00+00:00,NOGENT 1,17W100P100P0137I,B14,,1253.0,,MAW,PT60M,10YFR-RTE------C,FR
2020-01-01T10:00:00+00:00,PALUEL 1,17W100P100P0139E,B14,,1287.0,,MAW,PT60M,10YFR-RTE------C,FR
2020-01-01T10:00:00+00:00,PALUEL 3,17W100P100P0141R,B14,,1187.0,,MAW,PT60M,10YFR-RTE------C,FR
2020-01-01T10:00:00+00:00,PALUEL 4,17W100P100P0142P,B14,,1288.0,,MAW,PT60M,10YFR-RTE------C,FR
2020-01-01T10:00:00+00:00,REVIN 2,17W100P100P0077A,B10,,1.0,,MAW,PT60M,10YFR-RTE------C,FR
2020-01-01T10:00:00+00:00,REVIN 3,17W100P100P00788,B10,,83.0,,MAW,PT60M,10YFR-RTE------C,FR
2020-01-01T10:00:00+00:00,REVIN 4,17W100P100P00796,B10,,87.0,,MAW,PT60M,10YFR-RTE------C,FR
2020-01-01T10:00:00+00:00,SISTERON 2,17W100P100P0081J,B12,,82.0,,MAW,PT60M,10YFR-RTE------C,FR
2020-01-01T10:00:00+00:00,ST ALBAN 2,17W100P100P0146H,B14,,1252.0,,MAW,PT60M,10YFR-RTE------C,FR
2020-01-01T10:00:00+00:00,TRICASTIN 3,17W100P100P0152M,B14,,925.0,,MAW,PT60M,10YFR-RTE------C,FR
2020-01-01T11:00:00+00:00,AIGLE 6,17W100P100P0051S,B12,,37.0,,MAW,PT60M,10YFR-RTE------C,FR
2020-01-01T11:00:00+00:00,AMFARD15,17W100P100P03485,B04,,71.0,,MAW,PT60M,10YFR-RTE------C,FR
2020-01-01T11:00:00+00:00,BATHIE 1,17W100P100P03566,B12,,42.0,,MAW,PT60M,10YFR-RTE------C,FR
2020-01-01T11:00:00+00:00,BELLEVILLE 2,17W100P100P0091G,B14,,668.0,,MAW,PT60M,10YFR-RTE------C,FR
2020-01-01T11:00:00+00:00,BLAYAIS 1,17W100P100P0092E,B14,,839.0,,MAW,PT60M,10YFR-RTE------C,FR
2020-01-01T11:00:00+00:00,BLAYAIS 2,17W100P100P0093C,B14,,951.0,,MAW,PT60M,10YFR-RTE------C,FR
2020-01-01T11:00:00+00:00,BLAYAIS 3,17W100P100P0094A,B14,,903.0,,MAW,PT60M,10YFR-RTE------C,FR
2020-01-01T11:00:00+00:00,BLENOD 5,17W100P100P0173E,B04,,366.0,,MAW,PT60M,10YFR-RTE------C,FR
2020-01-01T11:00:00+00:00,BORT 1,17W100P100P0052Q,B12,,29.0,,MAW,PT60M,10YFR-RTE------C,FR
2020-01-01T11:00:00+00:00,BORT 2,17W100P100P0054M,B12,,29.0,,MAW,PT60M,10YFR-RTE------C,FR
2020-01-01T11:00:00+00:00,BOUCHAIN 7,17W100P100P01768,B04,,518.0,,MAW,PT60M,10YFR-RTE------C,FR
2020-01-01T11:00:00+00:00,BROMMAT 7,17W100P100P0055K,B12,,198.0,,MAW,PT60M,10YFR-RTE------C,FR
2020-01-01T11:00:00+00:00,BUGEY 2,17W100P100P00966,B14,,904.0,,MAW,PT60M,10YFR-RTE------C,FR
2020-01-01T11:00:00+00:00,BUGEY 3,17W100P100P00974,B14,,913.0,,MAW,PT60M,10YFR-RTE------C,FR
2020-01-01T11:00:00+00:00,BUGEY 4,17W100P100P00982,B14,,910.0,,MAW,PT60M,10YFR-RTE------C,FR
2020-01-01T11:00:00+00:00,CATTENOM 3,17W100P100P0104X,B14,,1251.0,,MAW,PT60M,10YFR-RTE------C,FR
2020-01-01T11:00:00+00:00,CATTENOM 4,17W100P100P0105V,B14,,1249.0,,MAW,PT60M,10YFR-RTE------C,FR
2020-01-01T11:00:00+00:00,CHASTANG 2,17W100P100P0049F,B11,,65.0,,MAW,PT60M,10YFR-RTE------C,FR
2020-01-01T11:00:00+00:00,CHEYLAS 1,17W100P100P0056I,B10,,0.0,,MAW,PT60M,10YFR-RTE------C,FR
2020-01-01T11:00:00+00:00,CHINON 1,17W100P100P0106T,B14,,899.0,,MAW,PT60M,10YFR-RTE------C,FR
2020-01-01T11:00:00+00:00,CHOOZ 1,17W100P100P01101,B14,,1449.0,,MAW,PT60M,10YFR-RTE------C,FR
2020-01-01T11:00:00+00:00,CHOOZ 2,17W100P100P0112Y,B14,,1462.0,,MAW,PT60M,10YFR-RTE------C,FR
2020-01-01T11:00:00+00:00,CIVAUX 1,17W100P100P0113W,B14,,1502.0,,MAW,PT60M,10YFR-RTE------C,FR
2020-01-01T11:00:00+00:00,CORDEMAIS 5,17W100P100P0018Q,B05,,13.0,,MAW,PT60M,10YFR-RTE------C,FR
2020-01-01T11:00:00+00:00,CRUAS 2,17W100P100P0116Q,B14,,881.0,,MAW,PT60M,10YFR-RTE------C,FR
2020-01-01T11:00:00+00:00,CRUAS 3,17W100P100P0118M,B14,,907.0,,MAW,PT60M,10YFR-RTE------C,FR
2020-01-01T11:00:00+00:00,CRUAS 4,17W100P100P0119K,B14,,902.0,,MAW,PT60M,10YFR-RTE------C,FR
2020-01-01T11:00:00+00:00,DAMPIERRE 2,17W100P100P0121X,B14,,916.0,,MAW,PT60M,10YFR-RTE------C,FR
2020-01-01T11:00:00+00:00,DAMPIERRE 3,17W100P100P0122V,B14,,921.0,,MAW,PT60M,10YFR-RTE------C,FR
2020-01-01T11:00:00+00:00,DAMPIERRE 4,17W100P100P0123T,B14,,603.0,,MAW,PT60M,10YFR-RTE------C,FR
2020-01-01T11:00:00+00:00,DK6-TV2,17W100P100P0333I,B04,,118.0,,MAW,PT60M,10YFR-RTE------C,FR
2020-01-01T11:00:00+00:00,FESSENHEIM 1,17W100P100P0124R,B14,,591.0,,MAW,PT60M,10YFR-RTE------C,FR
2020-01-01T11:00:00+00:00,FLAMANVILLE 2,17W100P100P0127L,B14,,10.0,,MAW,PT60M,10YFR-RTE------C,FR
2020-01-01T11:00:00+00:00,GOLFECH 1,17W100P100P0128J,B14,,1246.0,,MAW,PT60M,10YFR-RTE------C,FR
2020-01-01T11:00:00+00:00,GOLFECH 2,17W100P100P0129H,B14,,1251.0,,MAW,PT60M,10YFR-RTE------C,FR
2020-01-01T11:00:00+00:00,GRAND MAISON 1,17W100P100P0059C,B10,,0.0,,MAW,PT60M,10YFR-RTE------C,FR
2020-01-01T11:00:00+00:00,GRAND MAISON 2,17W100P100P0061P,B10,,161.0,,MAW,PT60M,10YFR-RTE------C,FR
2020-01-01T11:00:00+00:00,GRAND MAISON 3,17W100P100P0063L,B10,,161.0,,MAW,PT60M,10YFR-RTE------C,FR
2020-01-01T11:00:00+00:00,GRAVELINES 6,17W100P100P0136K,B14,,889.0,,MAW,PT60M,10YFR-RTE------C,FR
2020-01-01T11:00:00+00:00,MONTEZIC 1,17W100P100P0071M,B10,,213.0,,MAW,PT60M,10YFR-RTE------C,FR
2020-01-01T11:00:00+00:00,MONTEZIC 2,17W100P100P0072K,B10,,38.0,,MAW,PT60M,10YFR-RTE------C,FR
2020-01-01T11:00:00+00:00,MONTEZIC 3,17W100P100P0073I,B10,,39.0,,MAW,PT60M,10YFR-RTE------C,FR
2020-01-01T11:00:00+00:00,MONTEZIC 4,17W100P100P0074G,B10,,40.0,,MAW,PT60M,10YFR-RTE------C,FR
2020-01-01T11:00:00+00:00,NOGENT 1,17W100P100P0137I,B14,,1265.0,,MAW,PT60M,10YFR-RTE------C,FR
2020-01-01T11:00:00+00:00,PALUEL 3,17W100P100P0141R,B14,,1238.0,,MAW,PT60M,10YFR-RTE------C,FR
2020-01-01T11:00:00+00:00,PENLY 2,17W100P100P0144L,B14,,37.0,,MAW,PT60M,10YFR-RTE------C,FR
2020-01-01T11:00:00+00:00,REVIN 2,17W100P100P0077A,B10,,0.0,,MAW,PT60M,10YFR-RTE------C,FR
2020-01-01T11:00:00+00:00,REVIN 3,17W100P100P00788,B10,,0.0,,MAW,PT60M,10YFR-RTE------C,FR
2020-01-01T11:00:00+00:00,REVIN 4,17W100P100P00796,B10,,0.0,,MAW,PT60M,10YFR-RTE------C,FR
2020-01-01T11:00:00+00:00,ST ALBAN 2,17W100P100P0146H,B14,,1274.0,,MAW,PT60M,10YFR-RTE------C,FR
2020-01-01T11:00:00+00:00,ST LAURENT 1,17W100P100P0147F,B14,,900.0,,MAW,PT60M,10YFR-RTE------C,FR
2020-01-01T12:00:00+00:00,AIGLE 6,17W100P100P0051S,B12,,76.0,,MAW,PT60M,10YFR-RTE------C,FR
2020-01-01T12:00:00+00:00,BATHIE 1,17W100P100P03566,B12,,41.0,,MAW,PT60M,10YFR-RTE------C,FR
2020-01-01T12:00:00+00:00,BATHIE 6,17W100P100P0361D,B12,,1.0,,MAW,PT60M,10YFR-RTE------C,FR
2020-01-01T12:00:00+00:00,BELLEVILLE 2,17W100P100P0091G,B14,,720.0,,MAW,PT60M,10YFR-RTE------C,FR
2020-01-01T12:00:00+00:00,BLAYAIS 1,17W100P100P0092E,B14,,837.0,,MAW,PT60M,10YFR-RTE------C,FR
2020-01-01T12:00:00+00:00,BLAYAIS 3,17W100P100P0094A,B14,,900.0,,MAW,PT60M,10YFR-RTE------C,FR
2020-01-01T12:00:00+00:00,BLENOD 5,17W100P100P0173E,B04,,364.0,,MAW,PT60M,10YFR-RTE------C,FR
2020-01-01T12:00:00+00:00,BORT 1,17W100P100P0052Q,B12,,52.0,,MAW,PT60M,10YFR-RTE------C,FR
2020-01-01T12:00:00+00:00,BORT 2,17W100P100P0054M,B12,,54.0,,MAW,PT60M,10YFR-RTE------C,FR
2020-01-01T12:00:00+00:00,BOUCHAIN 7,17W100P100P01768,B04,,515.0,,MAW,PT60M,10YFR-RTE------C,FR
2020-01-01T12:00:00+00:00,BROMMAT 7,17W100P100P0055K,B12,,196.0,,MAW,PT60M,10YFR-RTE------C,FR
2020-01-01T12:00:00+00:00,BUGEY 4,17W100P100P00982,B14,,909.0,,MAW,PT60M,10YFR-RTE------C,FR
2020-01-01T12:00:00+00:00,CATTENOM 3,17W100P100P0104X,B14,,1245.0,,MAW,PT60M,10YFR-RTE------C,FR
2020-01-01T12:00:00+00:00,CATTENOM 4,17W100P100P0105V,B14,,1243.0,,MAW,PT60M,10YFR-RTE------C,FR
2020-01-01T12:00:00+00:00,CHASTANG 2,17W100P100P0049F,B11,,34.0,,MAW,PT60M,10YFR-RTE------C,FR
2020-01-01T12:00:00+00:00,CHOOZ 2,17W100P100P0112Y,B14,,1458.0,,MAW,PT60M,10YFR-RTE------C,FR
2020-01-01T12:00:00+00:00,CIVAUX 1,17W100P100P0113W,B14,,1500.0,,MAW,PT60M,10YFR-RTE------C,FR
2020-01-01T12:00:00+00:00,CIVAUX 2,17W100P100P0114U,B14,,1508.0,,MAW,PT60M,10YFR-RTE------C,FR
2020-01-01T12:00:00+00:00,COMBIGOLFE CCG,17W100P100P01679,B04,,1.0,,MAW,PT60M,10YFR-RTE------C,FR
2020-01-01T12:00:00+00:00,CORDEMAIS 5,17W100P100P0018Q,B05,,14.0,,MAW,PT60M,10YFR-RTE------C,FR
2020-01-01T12:00:00+00:00,CRUAS 2,17W100P100P0116Q,B14,,898.0,,MAW,PT60M,10YFR-RTE------C,FR
2020-01-01T12:00:00+00:00,CRUAS 3,17W100P100P0118M,B14,,906.0,,MAW,PT60M,10YFR-RTE------C,FR
2020-01-01T12:00:00+00:00,CRUAS 4,17W100P100P0119K,B14,,898.0,,MAW,PT60M,10YFR-RTE------C,FR
2020-01-01T12:00:00+00:00,DAMPIERRE 1,17W100P100P0120Z,B14,,882.0,,MAW,PT60M,10YFR-RTE------C,FR
2020-01-01T12:00:00+00:00,DAMPIERRE 2,17W100P100P0121X,B14,,914.0,,MAW,PT60M,10YFR-RTE------C,FR
2020-01-01T12:00:00+00:00,DAMPIERRE 4,17W100P100P0123T,B14,,602.0,,MAW,PT60M,10YFR-RTE------C,FR
2020-01-01T12:00:00+00:00,FLAMANVILLE 2,17W100P100P0127L,B14,,9.0,,MAW,PT60M,10YFR-RTE------C,FR
2020-01-01T12:00:00+00:00,GOLFECH 1,17W100P100P0128J,B14,,1236.0,,MAW,PT60M,10YFR-RTE------C,FR
2020-01-01T12:00:00+00:00,GOLFECH 2,17W100P100P0129H,B14,,1246.0,,MAW,PT60M,10YFR-RTE------C,FR
2020-01-01T12:00:00+00:00,GRAVELINES 1,17W100P100P0130W,B14,,905.0,,MAW,PT60M,10YFR-RTE------C,FR
2020-01-01T12:00:00+00:00,GRAVELINES 3,17W100P100P0132S,B14,,914.0,,MAW,PT60M,10YFR-RTE------C,FR
2020-01-01T12:00:00+00:00,GRAVELINES 6,17W100P100P0136K,B14,,885.0,,MAW,PT60M,10YFR-RTE------C,FR
2020-01-01T12:00:00+00:00,MARTIGUES PONTEAU 5,17W100P100P0174C,B04,,1.0,,MAW,PT60M,10YFR-RTE------C,FR
2020-01-01T12:00:00+00:00,MONTEZIC 1,17W100P100P0071M,B10,,214.0,,MAW,PT60M,10YFR-RTE------C,FR
2020-01-01T12:00:00+00:00,MONTEZIC 2,17W100P100P0072K,B10,,0.0,,MAW,PT60M,10YFR-RTE------C,FR
2020-01-01T12:00:00+00:00,MONTEZIC 3,17W100P100P0073I,B10,,0.0,,MAW,PT60M,10YFR-RTE------C,FR
2020-01-01T12:00:00+00:00,MONTEZIC 4,17W100P100P0074G,B10,,0.0,,MAW,PT60M,10YFR-RTE------C,FR
2020-01-01T12:00:00+00:00,NOGENT 1,17W100P100P0137I,B14,,1281.0,,MAW,PT60M,10YFR-RTE------C,FR
2020-01-01T12:00:00+00:00,NOGENT 2,17W100P100P0138G,B14,,1225.0,,MAW,PT60M,10YFR-RTE------C,FR
2020-01-01T12:00:00+00:00,PALUEL 1,17W100P100P0139E,B14,,1286.0,,MAW,PT60M,10YFR-RTE------C,FR
2020-01-01T12:00:00+00:00,PALUEL 3,17W100P100P0141R,B14,,1232.0,,MAW,PT60M,10YFR-RTE------C,FR
2020-01-01T12:00:00+00:00,REVIN 4,17W100P100P00796,B10,,50.0,,MAW,PT60M,10YFR-RTE------C,FR
2020-01-01T12:00:00+00:00,SISTERON 2,17W100P100P0081J,B12,,81.0,,MAW,PT60M,10YFR-RTE------C,FR
2020-01-01T12:00:00+00:00,ST ALBAN 2,17W100P100P0146H,B14,,1271.0,,MAW,PT60M,10YFR-RTE------C,FR
2020-01-01T12:00:00+00:00,ST LAURENT 1,17W100P100P0147F,B14,,898.0,,MAW,PT60M,10YFR-RTE------C,FR
2020-01-01T12:00:00+00:00,SUPER BISSORTE 1,17W100P100P0082H,B10,,162.0,,MAW,PT60M,10YFR-RTE------C,FR
2020-01-01T13:00:00+00:00,AIGLE 6,17W100P100P0051S,B12,,0.0,,MAW,PT60M,10YFR-RTE------C,FR
2020-01-01T13:00:00+00:00,BATHIE 1,17W100P100P03566,B12,,42.0,,MAW,PT60M,10YFR-RTE------C,FR
2020-01-01T13:00:00+00:00,BATHIE 6,17W100P100P0361D,B12,,71.0,,MAW,PT60M,10YFR-RTE------C,FR
2020-01-01T13:00:00+00:00,BELLEVILLE 2,17W100P100P0091G,B14,,854.0,,MAW,PT60M,10YFR-RTE------C,FR
2020-01-01T13:00:00+00:00,BLAYAIS 1,17W100P100P0092E,B14,,836.0,,MAW,PT60M,10YFR-RTE------C,FR
2020-01-01T13:00:00+00:00,BLAYAIS 3,17W100P100P0094A,B14,,890.0,,MAW,PT60M,10YFR-RTE------C,FR
2020-01-01T13:00:00+00:00,BLENOD 5,17W100P100P0173E,B04,,229.0,,MAW,PT60M,10YFR-RTE------C,FR
2020-01-01T13:00:00+00:00,BORT 1,17W100P100P0052Q,B12,,0.0,,MAW,PT60M,10YFR-RTE------C,FR
2020-01-01T13:00:00+00:00,BORT 2,17W100P100P0054M,B12,,0.0,,MAW,PT60M,10YFR-RTE------C,FR
2020-01-01T13:00:00+00:00,BOUCHAIN 7,17W100P100P01768,B04,,559.0,,MAW,PT60M,10YFR-RTE------C,FR
2020-01-01T13:00:00+00:00,BROMMAT 7,17W100P100P0055K,B12,,191.0,,MAW,PT60M,10YFR-RTE------C,FR
2020-01-01T13:00:00+00:00,BUGEY 2,17W100P100P00966,B14,,903.0,,MAW,PT60M,10YFR-RTE------C,FR
2020-01-01T13:00:00+00:00,BUGEY 3,17W100P100P00974,B14,,901.0,,MAW,PT60M,10YFR-RTE------C,FR
2020-01-01T13:00:00+00:00,CATTENOM 3,17W100P100P0104X,B14,,1230.0,,MAW,PT60M,10YFR-RTE------C,FR
2020-01-01T13:00:00+00:00,CATTENOM 4,17W100P100P0105V,B14,,1223.0,,MAW,PT60M,10YFR-RTE------C,FR
2020-01-01T13:00:00+00:00,CHASTANG 2,17W100P100P0049F,B11,,0.0,,MAW,PT60M,10YFR-RTE------C,FR
2020-01-01T13:00:00+00:00,CHOOZ 2,17W100P100P0112Y,B14,,1451.0,,MAW,PT60M,10YFR-RTE------C,FR
2020-01-01T13:00:00+00:00,CIVAUX 1,17W100P100P0113W,B14,,1499.0,,MAW,PT60M,10YFR-RTE------C,FR
2020-01-01T13:00:00+00:00,CIVAUX 2,17W100P100P0114U,B14,,1507.0,,MAW,PT60M,10YFR-RTE------C,FR
2020-01-01T13:00:00+00:00,COMBIGOLFE CCG,17W100P100P01679,B04,,94.0,,MAW,PT60M,10YFR-RTE------C,FR
2020-01-01T13:00:00+00:00,CORDEMAIS 5,17W100P100P0018Q,B05,,13.0,,MAW,PT60M,10YFR-RTE------C,FR
2020-01-01T13:00:00+00:00,CRUAS 2,17W100P100P0116Q,B14,,859.0,,MAW,PT60M,10YFR-RTE------C,FR
2020-01-01T13:00:00+00:00,CRUAS 4,17W100P100P0119K,B14,,891.0,,MAW,PT60M,10YFR-RTE------C,FR
2020-01-01T13:00:00+00:00,DAMPIERRE 1,17W100P100P0120Z,B14,,880.0,,MAW,PT60M,10YFR-RTE------C,FR
2020-01-01T13:00:00+00:00,DAMPIERRE 2,17W100P100P0121X,B14,,885.0,,MAW,PT60M,10YFR-RTE------C,FR
2020-01-01T13:00:00+00:00,DAMPIERRE 3,17W100P100P0122V,B14,,920.0,,MAW,PT60M,10YFR-RTE------C,FR
2020-01-01T13:00:00+00:00,DAMPIERRE 4,17W100P100P0123T,B14,,597.0,,MAW,PT60M,10YFR-RTE------C,FR
2020-01-01T13:00:00+00:00,EMILE HUCHET 7,17W100P100P00105,B04,,41.0,,MAW,PT60M,10YFR-RTE------C,FR
2020-01-01T13:00:00+00:00,EMILE HUCHET 8,17W100P100P00113,B04,,105.0,,MAW,PT60M,10YFR-RTE------C,FR
2020-01-01T13:00:00+00:00,GOLFECH 1,17W100P100P0128J,B14,,1222.0,,MAW,PT60M,10YFR-RTE------C,FR
2020-01-01T13:00:00+00:00,GOLFECH 2,17W100P100P0129H,B14,,1235.0,,MAW,PT60M,10YFR-RTE------C,FR
2020-01-01T13:00:00+00:00,GRAND MAISON 2,17W100P100P0061P,B10,,162.0,,MAW,PT60M,10YFR-RTE------C,FR
2020-01-01T13:00:00+00:00,GRAND MAISON 3,17W100P100P0063L,B10,,2.0,,MAW,PT60M,10YFR-RTE------C,FR
2020-01-01T13:00:00+00:00,GRAND MAISON 6,17W100P100P0066F,B10,,161.0,,MAW,PT60M,10YFR-RTE------C,FR
2020-01-01T13:00:00+00:00,GRAND MAISON 7,17W100P100P0067D,B10,,0.0,,MAW,PT60M,10YFR-RTE------C,FR
2020-01-01T13:00:00+00:00,GRAND MAISON 8,17W100P100P0068B,B10,,161.0,,MAW,PT60M,10YFR-RTE------C,FR
2020-01-01T13:00:00+00:00,GRAVELINES 1,17W100P100P0130W,B14,,906.0,,MAW,PT60M,10YFR-RTE------C,FR
2020-01-01T13:00:00+00:00,GRAVELINES 2,17W100P100P0131U,B14,,907.0,,MAW,PT60M,10YFR-RTE------C,FR
2020-01-01T13:00:00+00:00,GRAVELINES 4,17W100P100P0133Q,B14,,946.0,,MAW,PT60M,10YFR-RTE------C,FR
2020-01-01T13:00:00+00:00,GRAVELINES 6,17W100P100P0136K,B14,,875.0,,MAW,PT60M,10YFR-RTE------C,FR
2020-01-01T13:00:00+00:00,MARTIGUES PONTEAU 6,17W100P100P0175A,B04,,4.0,,MAW,PT60M,10YFR-RTE------C,FR
2020-01-01T13:00:00+00:00,MONTEZIC 1,17W100P100P0071M,B10,,213.0,,MAW,PT60M,10YFR-RTE------C,FR
2020-01-01T13:00:00+00:00,NOGENT 1,17W100P100P0137I,B14,,1272.0,,MAW,PT60M,10YFR-RTE------C,FR
2020-01-01T13:00:00+00:00,PALUEL 1,17W100P100P0139E,B14,,1287.0,,MAW,PT60M,10YFR-RTE------C,FR
2020-01-01T13:00:00+00:00,PALUEL 2,17W100P100P0140T,B14,,1.0,,MAW,PT60M,10YFR-RTE------C,FR
2020-01-01T13:00:00+00:00,PALUEL 3,17W100P100P0141R,B14,,1216.0,,MAW,PT60M,10YFR-RTE------C,FR
2020-01-01T13:00:00+00:00,PENLY 1,17W100P100P0143N,B14,,1310.0,,MAW,PT60M,10YFR-RTE------C,FR
2020-01-01T13:00:00+00:00,Pont-sur-Sambre,17W100P100P00016,B04,,3.0,,MAW,PT60M,10YFR-RTE------C,FR
2020-01-01T13:00:00+00:00,REVIN 4,17W100P100P00796,B10,,87.0,,MAW,PT60M,10YFR-RTE------C,FR
2020-01-01T13:00:00+00:00,SISTERON 2,17W100P100P0081J,B12,,82.0,,MAW,PT60M,10YFR-RTE------C,FR
2020-01-01T13:00:00+00:00,ST ALBAN 2,17W100P100P0146H,B14,,1265.0,,MAW,PT60M,10YFR-RTE------C,FR
2020-01-01T13:00:00+00:00,ST LAURENT 1,17W100P100P0147F,B14,,897.0,,MAW,PT60M,10YFR-RTE------C,FR
2020-01-01T13:00:00+00:00,SUPER BISSORTE 1,17W100P100P0082H,B10,,0.0,,MAW,PT60M,10YFR-RTE------C,FR
2020-01-01T14:00:00+00:00,AIGLE 6,17W100P100P0051S,B12,,22.0,,MAW,PT60M,10YFR-RTE------C,FR
2020-01-01T14:00:00+00:00,AMFARD14,17W100P100P03477,B04,,71.0,,MAW,PT60M,10YFR-RTE------C,FR
2020-01-01T14:00:00+00:00,BATHIE 1,17W100P100P03566,B12,,41.0,,MAW,PT60M,10YFR-RTE------C,FR
2020-01-01T14:00:00+00:00,BATHIE 6,17W100P100P0361D,B12,,75.0,,MAW,PT60M,10YFR-RTE------C,FR
2020-01-01T14:00:00+00:00,BELLEVILLE 2,17W100P100P0091G,B14,,956.0,,MAW,PT60M,10YFR-RTE------C,FR
2020-01-01T14:00:00+00:00,BLAYAIS 1,17W100P100P0092E,B14,,860.0,,MAW,PT60M,10YFR-RTE------C,FR
2020-01-01T14:00:00+00:00,BLAYAIS 3,17W100P100P0094A,B14,,897.0,,MAW,PT60M,10YFR-RTE------C,FR
2020-01-01T14:00:00+00:00,BLENOD 5,17W100P100P0173E,B04,,388.0,,MAW,PT60M,10YFR-RTE------C,FR
2020-01-01T14:00:00+00:00,BORT 1,17W100P100P0052Q,B12,,18.0,,MAW,PT60M,10YFR-RTE------C,FR
2020-01-01T14:00:00+00:00,BORT 2,17W100P100P0054M,B12,,18.0,,MAW,PT60M,10YFR-RTE------C,FR
2020-01-01T14:00:00+00:00,BOUCHAIN 7,17W100P100P01768,B04,,569.0,,MAW,PT60M,10YFR-RTE------C,FR
2020-01-01T14:00:00+00:00,BROMMAT 7,17W100P100P0055K,B12,,194.0,,MAW,PT60M,10YFR-RTE------C,FR
2020-01-01T14:00:00+00:00,BUGEY 3,17W100P100P00974,B14,,892.0,,MAW,PT60M,10YFR-RTE------C,FR
2020-01-01T14:00:00+00:00,CATTENOM 3,17W100P100P0104X,B14,,1239.0,,MAW,PT60M,10YFR-RTE------C,FR
2020-01-01T14:00:00+00:00,CATTENOM 4,17W100P100P0105V,B14,,1196.0,,MAW,PT60M,10YFR-RTE------C,FR
2020-01-01T14:00:00+00:00,CHASTANG 2,17W100P100P0049F,B11,,32.0,,MAW,PT60M,10YFR-RTE------C,FR
2020-01-01T14:00:00+00:00,CHINON 1,17W100P100P0106T,B14,,898.0,,MAW,PT60M,10YFR-RTE------C,FR
2020-01-01T14:00:00+00:00,CHOOZ 1,17W100P100P01101,B14,,1446.0,,MAW,PT60M,10YFR-RTE------C,FR
2020-01-01T14:00:00+00:00,CHOOZ 2,17W100P100P0112Y,B14,,1454.0,,MAW,PT60M,10YFR-RTE------C,FR
2020-01-01T14:00:00+00:00,CIVAUX 1,17W100P100P0113W,B14,,1498.0,,MAW,PT60M,10YFR-RTE------C,FR
2020-01-01T14:00:00+00:00,CIVAUX 2,17W100P100P0114U,B14,,1506.0,,MAW,PT60M,10YFR-RTE------C,FR
2020-01-01T14:00:00+00:00,COMBIGOLFE CCG,17W100P100P01679,B04,,222.0,,MAW,PT60M,10YFR-RTE------C,FR
2020-01-01T14:00:00+00:00,CORDEMAIS 5,17W100P100P0018Q,B05,,14.0,,MAW,PT60M,10YFR-RTE------C,FR
2020-01-01T14:00:00+00:00,CRUAS 2,17W100P100P0116Q,B14,,868.0,,MAW,PT60M,10YFR-RTE------C,FR
2020-01-01T14:00:00+00:00,CRUAS 4,17W100P100P0119K,B14,,896.0,,MAW,PT60M,10YFR-RTE------C,FR
2020-01-01T14:00:00+00:00,CYCOFOS PL1,17W100P100P03388,B04,,2.0,,MAW,PT60M,10YFR-RTE------C,FR
2020-01-01T14:00:00+00:00,DAMPIERRE 1,17W100P100P0120Z,B14,,882.0,,MAW,PT60M,10YFR-RTE------C,FR
2020-01-01T14:00:00+00:00,DAMPIERRE 2,17W100P100P0121X,B14,,901.0,,MAW,PT60M,10YFR-RTE------C,FR
2020-01-01T14:00:00+00:00,DAMPIERRE 3,17W100P100P0122V,B14,,918.0,,MAW,PT60M,10YFR-RTE------C,FR
2020-01-01T14:00:00+00:00,DAMPIERRE 4,17W100P100P0123T,B14,,593.0,,MAW,PT60M,10YFR-RTE------C,FR
2020-01-01T14:00:00+00:00,DK6-TV1,17W100P100P0331M,B04,,64.0,,MAW,PT60M,10YFR-RTE------C,FR
2020-01-01T14:00:00+00:00,DK6-TV2,17W100P100P0333I,B04,,68.0,,MAW,PT60M,10YFR-RTE------C,FR
2020-01-01T14:00:00+00:00,EMILE HUCHET 7,17W100P100P00105,B04,,164.0,,MAW,PT60M,10YFR-RTE------C,FR
2020-01-01T14:00:00+00:00,EMILE HUCHET 8,17W100P100P00113,B04,,262.0,,MAW,PT60M,10YFR-RTE------C,FR
2020-01-01T14:00:00+00:00,FESSENHEIM 1,17W100P100P0124R,B14,,589.0,,MAW,PT60M,10YFR-RTE------C,FR
2020-01-01T14:00:00+00:00,FLAMANVILLE 2,17W100P100P0127L,B14,,10.0,,MAW,PT60M,10YFR-RTE------C,FR
2020-01-01T14:00:00+00:00,GOLFECH 1,17W100P100P0128J,B14,,1231.0,,MAW,PT60M,10YFR-RTE------C,FR
2020-01-01T14:00:00+00:00,GOLFECH 2,17W100P100P0129H,B14,,1243.0,,MAW,PT60M,10YFR-RTE------C,FR
2020-01-01T14:00:00+00:00,GRAND MAISON 2,17W100P100P0061P,B10,,3.0,,MAW,PT60M,10YFR-RTE------C,FR
2020-01-01T14:00:00+00:00,GRAND MAISON 3,17W100P100P0063L,B10,,0.0,,MAW,PT60M,10YFR-RTE------C,FR
2020-01-01T14:00:00+00:00,GRAND MAISON 4,17W100P100P0064J,B10,,81.0,,MAW,PT60M,10YFR-RTE------C,FR
2020-01-01T14:00:00+00:00,GRAND MAISON 5,17W100P100P0065H,B10,,2.0,,MAW,PT60M,10YFR-RTE------C,FR
2020-01-01T14:00:00+00:00,GRAND MAISON 6,17W100P100P0066F,B10,,0.0,,MAW,PT60M,10YFR-RTE------C,FR
2020-01-01T14:00:00+00:00,GRAND MAISON 8,17W100P100P0068B,B10,,124.0,,MAW,PT60M,10YFR-RTE------C,FR
2020-01-01T14:00:00+00:00,GRAVELINES 2,17W100P100P0131U,B14,,908.0,,MAW,PT60M,10YFR-RTE------C,FR
2020-01-01T14:00:00+00:00,GRAVELINES 3,17W100P100P0132S,B14,,915.0,,MAW,PT60M,10YFR-RTE------C,FR
2020-01-01T14:00:00+00:00,GRAVELINES 4,17W100P100P0133Q,B14,,947.0,,MAW,PT60M,10YFR-RTE------C,FR
2020-01-01T14:00:00+00:00,GRAVELINES 6,17W100P100P0136K,B14,,882.0,,MAW,PT60M,10YFR-RTE------C,FR
2020-01-01T14:00:00+00:00,MARTIGUES PONTEAU 5,17W100P100P0174C,B04,,2.0,,MAW,PT60M,10YFR-RTE------C,FR
2020-01-01T14:00:00+00:00,MARTIGUES PONTEAU 6,17W100P100P0175A,B04,,54.0,,MAW,PT60M,10YFR-RTE------C,FR
2020-01-01T14:00:00+00:00,MONTEZIC 1,17W100P100P0071M,B10,,26.0,,MAW,PT60M,10YFR-RTE------C,FR
2020-01-01T14:00:00+00:00,NOGENT 1,17W100P100P0137I,B14,,1278.0,,MAW,PT60M,10YFR-RTE------C,FR
2020-01-01T14:00:00+00:00,NOGENT 2,17W100P100P0138G,B14,,1224.0,,MAW,PT60M,10YFR-RTE------C,FR
2020-01-01T14:00:00+00:00,PALUEL 1,17W100P100P0139E,B14,,1288.0,,MAW,PT60M,10YFR-RTE------C,FR
2020-01-01T14:00:00+00:00,PALUEL 3,17W100P100P0141R,B14,,1226.0,,MAW,PT60M,10YFR-RTE------C,FR
2020-01-01T14:00:00+00:00,PALUEL 4,17W100P100P0142P,B14,,1287.0,,MAW,PT60M,10YFR-RTE------C,FR
2020-01-01T14:00:00+00:00,POUGET 4,17W100P100P0075E,B12,,39.0,,MAW,PT60M,10YFR-RTE------C,FR
2020-01-01T14:00:00+00:00,Pont-sur-Sambre,17W100P100P00016,B04,,5.0,,MAW,PT60M,10YFR-RTE------C,FR
2020-01-01T14:00:00+00:00,REVIN 4,17W100P100P00796,B10,,0.0,,MAW,PT60M,10YFR-RTE------C,FR
2020-01-01T14:00:00+00:00,SISTERON 2,17W100P100P0081J,B12,,84.0,,MAW,PT60M,10YFR-RTE------C,FR
2020-01-01T14:00:00+00:00,SPEM CCG,17W100P100P0171I,B04,,4.0,,MAW,PT60M,10YFR-RTE------C,FR
2020-01-01T14:00:00+00:00,ST ALBAN 2,17W100P100P0146H,B14,,1270.0,,MAW,PT60M,10YFR-RTE------C,FR
2020-01-01T14:00:00+00:00,ST LAURENT 1,17W100P100P0147F,B14,,896.0,,MAW,PT60M,10YFR-RTE------C,FR
2020-01-01T14:00:00+00:00,SUPER BISSORTE 5,17W100P100P00869,B10,,1.0,,MAW,PT60M,10YFR-RTE------C,FR
2020-01-01T14:00:00+00:00,TRICASTIN 4,17W100P100P0153K,B14,,941.0,,MAW,PT60M,10YFR-RTE------C,FR
2020-01-01T15:00:00+00:00,AIGLE 6,17W100P100P0051S,B12,,72.0,,MAW,PT60M,10YFR-RTE------C,FR
2020-01-01T15:00:00+00:00,AMFARD14,17W100P100P03477,B04,,70.0,,MAW,PT60M,10YFR-RTE------C,FR
2020-01-01T15:00:00+00:00,BATHIE 6,17W100P100P0361D,B12,,36.0,,MAW,PT60M,10YFR-RTE------C,FR
2020-01-01T15:00:00+00:00,BELLEVILLE 1,17W100P100P0090I,B14,,1310.0,,MAW,PT60M,10YFR-RTE------C,FR
2020-01-01T15:00:00+00:00,BELLEVILLE 2,17W100P100P0091G,B14,,983.0,,MAW,PT60M,10YFR-RTE------C,FR
2020-01-01T15:00:00+00:00,BLAYAIS 1,17W100P100P0092E,B14,,900.0,,MAW,PT60M,10YFR-RTE------C,FR
2020-01-01T15:00:00+00:00,BLAYAIS 3,17W100P100P0094A,B14,,918.0,,MAW,PT60M,10YFR-RTE------C,FR
2020-01-01T15:00:00+00:00,BLENOD 5,17W100P100P0173E,B04,,412.0,,MAW,PT60M,10YFR-RTE------C,FR
2020-01-01T15:00:00+00:00,BORT 1,17W100P100P0052Q,B12,,84.0,,MAW,PT60M,10YFR-RTE------C,FR
2020-01-01T15:00:00+00:00,BORT 2,17W100P100P0054M,B12,,86.0,,MAW,PT60M,10YFR-RTE------C,FR
2020-01-01T15:00:00+00:00,BOUCHAIN 7,17W100P100P01768,B04,,533.0,,MAW,PT60M,10YFR-RTE------C,FR
2020-01-01T15:00:00+00:00,BROMMAT 7,17W100P100P0055K,B12,,189.0,,MAW,PT60M,10YFR-RTE------C,FR
2020-01-01T15:00:00+00:00,BUGEY 2,17W100P100P00966,B14,,904.0,,MAW,PT60M,10YFR-RTE------C,FR
2020-01-01T15:00:00+00:00,BUGEY 3,17W100P100P00974,B14,,895.0,,MAW,PT60M,10YFR-RTE------C,FR
2020-01-01T15:00:00+00:00,CATTENOM 3,17W100P100P0104X,B14,,1261.0,,MAW,PT60M,10YFR-RTE------C,FR
2020-01-01T15:00:00+00:00,CHASTANG 2,17W100P100P0049F,B11,,64.0,,MAW,PT60M,10YFR-RTE------C,FR
2020-01-01T15:00:00+00:00,CHOOZ 1,17W100P100P01101,B14,,1444.0,,MAW,PT60M,10YFR-RTE------C,FR
2020-01-01T15:00:00+00:00,CHOOZ 2,17W100P100P0112Y,B14,,1474.0,,MAW,PT60M,10YFR-RTE------C,FR
2020-01-01T15:00:00+00:00,CIVAUX 2,17W100P100P0114U,B14,,1505.0,,MAW,PT60M,10YFR-RTE------C,FR
2020-01-01T15:00:00+00:00,COCHE 5,17W100P100P20746,B10,,63.0,,MAW,PT60M,10YFR-RTE------C,FR
2020-01-01T15:00:00+00:00,COMBE D'AVRIEUX 1,17W100P100P00893,B12,,89.0,,MAW,PT60M,10YFR-RTE------C,FR
2020-01-01T15:00:00+00:00,COMBIGOLFE CCG,17W100P100P01679,B04,,349.0,,MAW,PT60M,10YFR-RTE------C,FR
2020-01-01T15:00:00+00:00,CRUAS 2,17W100P100P0116Q,B14,,881.0,,MAW,PT60M,10YFR-RTE------C,FR
2020-01-01T15:00:00+00:00,CRUAS 4,17W100P100P0119K,B14,,902.0,,MAW,PT60M,10YFR-RTE------C,FR
2020-01-01T15:00:00+00:00,CYCOFOS PL1,17W100P100P03388,B04,,1.0,,MAW,PT60M,10YFR-RTE------C,FR
2020-01-01T15:00:00+00:00,DAMPIERRE 1,17W100P100P0120Z,B14,,884.0,,MAW,PT60M,10YFR-RTE------C,FR
2020-01-01T15:00:00+00:00,DAMPIERRE 2,17W100P100P0121X,B14,,927.0,,MAW,PT60M,10YFR-RTE------C,FR
2020-01-01T15:00:00+00:00,DAMPIERRE 4,17W100P100P0123T,B14,,589.0,,MAW,PT60M,10YFR-RTE------C,FR
2020-01-01T15:00:00+00:00,DK6-TV1,17W100P100P0331M,B04,,0.0,,MAW,PT60M,10YFR-RTE------C,FR
2020-01-01T15:00:00+00:00,DK6-TV2,17W100P100P0333I,B04,,0.0,,MAW,PT60M,10YFR-RTE------C,FR
2020-01-01T15:00:00+00:00,EMILE HUCHET 7,17W100P100P00105,B04,,373.0,,MAW,PT60M,10YFR-RTE------C,FR
2020-01-01T15:00:00+00:00,EMILE HUCHET 8,17W100P100P00113,B04,,405.0,,MAW,PT60M,10YFR-RTE------C,FR
2020-01-01T15:00:00+00:00,FESSENHEIM 1,17W100P100P0124R,B14,,586.0,,MAW,PT60M,10YFR-RTE------C,FR
2020-01-01T15:00:00+00:00,FLAMANVILLE 2,17W100P100P0127L,B14,,9.0,,MAW,PT60M,10YFR-RTE------C,FR
2020-01-01T15:00:00+00:00,GOLFECH 1,17W100P100P0128J,B14,,1256.0,,MAW,PT60M,10YFR-RTE------C,FR
2020-01-01T15:00:00+00:00,GOLFECH 2,17W100P100P0129H,B14,,1264.0,,MAW,PT60M,10YFR-RTE------C,FR
2020-01-01T15:00:00+00:00,GRAND MAISON 10,17W100P100P0058E,B10,,57.0,,MAW,PT60M,10YFR-RTE------C,FR
2020-01-01T15:00:00+00:00,GRAND MAISON 11,17W100P100P0060R,B10,,53.0,,MAW,PT60M,10YFR-RTE------C,FR
2020-01-01T15:00:00+00:00,GRAND MAISON 12,17W100P100P0062N,B10,,53.0,,MAW,PT60M,10YFR-RTE------C,FR
2020-01-01T15:00:00+00:00,GRAND MAISON 2,17W100P100P0061P,B10,,0.0,,MAW,PT60M,10YFR-RTE------C,FR
2020-01-01T15:00:00+00:00,GRAND MAISON 4,17W100P100P0064J,B10,,0.0,,MAW,PT60M,10YFR-RTE------C,FR
2020-01-01T15:00:00+00:00,GRAND MAISON 5,17W100P100P0065H,B10,,0.0,,MAW,PT60M,10YFR-RTE------C,FR
2020-01-01T15:00:00+00:00,GRAND MAISON 8,17W100P100P0068B,B10,,0.0,,MAW,PT60M,10YFR-RTE------C,FR
2020-01-01T15:00:00+00:00,GRAND MAISON 9,17W100P100P00699,B10,,53.0,,MAW,PT60M,10YFR-RTE------C,FR
2020-01-01T15:00:00+00:00,GRAVELINES 2,17W100P100P0131U,B14,,907.0,,MAW,PT60M,10YFR-RTE------C,FR
2020-01-01T15:00:00+00:00,GRAVELINES 6,17W100P100P0136K,B14,,923.0,,MAW,PT60M,10YFR-RTE------C,FR
2020-01-01T15:00:00+00:00,MARTIGUES PONTEAU 5,17W100P100P0174C,B04,,16.0,,MAW,PT60M,10YFR-RTE------C,FR
2020-01-01T15:00:00+00:00,MARTIGUES PONTEAU 6,17W100P100P0175A,B04,,220.0,,MAW,PT60M,10YFR-RTE------C,FR
2020-01-01T15:00:00+00:00,MONTEZIC 1,17W100P100P0071M,B10,,0.0,,MAW,PT60M,10YFR-RTE------C,FR
2020-01-01T15:00:00+00:00,NOGENT 1,17W100P100P0137I,B14,,1288.0,,MAW,PT60M,10YFR-RTE------C,FR
2020-01-01T15:00:00+00:00,PALUEL 3,17W100P100P0141R,B14,,1249.0,,MAW,PT60M,10YFR-RTE------C,FR
2020-01-01T15:00:00+00:00,PALUEL 4,17W100P100P0142P,B14,,1286.0,,MAW,PT60M,10YFR-RTE------C,FR
2020-01-01T15:00:00+00:00,POUGET 4,17W100P100P0075E,B12,,223.0,,MAW,PT60M,10YFR-RTE------C,FR
2020-01-01T15:00:00+00:00,Pont-sur-Sambre,17W100P100P00016,B04,,145.0,,MAW,PT60M,10YFR-RTE------C,FR
2020-01-01T15:00:00+00:00,SISTERON 1,17W100P100P0080L,B12,,33.0,,MAW,PT60M,10YFR-RTE------C,FR
2020-01-01T15:00:00+00:00,SISTERON 2,17W100P100P0081J,B12,,80.0,,MAW,PT60M,10YFR-RTE------C,FR
2020-01-01T15:00:00+00:00,SPEM CCG,17W100P100P0171I,B04,,253.0,,MAW,PT60M,10YFR-RTE------C,FR
2020-01-01T15:00:00+00:00,ST ALBAN 2,17W100P100P0146H,B14,,1284.0,,MAW,PT60M,10YFR-RTE------C,FR
2020-01-01T15:00:00+00:00,ST LAURENT 1,17W100P100P0147F,B14,,895.0,,MAW,PT60M,10YFR-RTE------C,FR
2020-01-01T15:00:00+00:00,SUPER BISSORTE 5,17W100P100P00869,B10,,121.0,,MAW,PT60M,10YFR-RTE------C,FR
2020-01-01T16:00:00+00:00,AIGLE 6,17W100P100P0051S,B12,,0.0,,MAW,PT60M,10YFR-RTE------C,FR
2020-01-01T16:00:00+00:00,BATHIE 1,17W100P100P03566,B12,,40.0,,MAW,PT60M,10YFR-RTE------C,FR
2020-01-01T16:00:00+00:00,BATHIE 6,17W100P100P0361D,B12,,0.0,,MAW,PT60M,10YFR-RTE------C,FR
2020-01-01T16:00:00+00:00,BELLEVILLE 2,17W100P100P0091G,B14,,1014.0,,MAW,PT60M,10YFR-RTE------C,FR
2020-01-01T16:00:00+00:00,BLAYAIS 1,17W100P100P0092E,B14,,887.0,,MAW,PT60M,10YFR-RTE------C,FR
2020-01-01T16:00:00+00:00,BLAYAIS 3,17W100P100P0094A,B14,,946.0,,MAW,PT60M,10YFR-RTE------C,FR
2020-01-01T16:00:00+00:00,BLENOD 5,17W100P100P0173E,B04,,369.0,,MAW,PT60M,10YFR-RTE------C,FR
2020-01-01T16:00:00+00:00,BORT 1,17W100P100P0052Q,B12,,73.0,,MAW,PT60M,10YFR-RTE------C,FR
2020-01-01T16:00:00+00:00,BORT 2,17W100P100P0054M,B12,,75.0,,MAW,PT60M,10YFR-RTE------C,FR
2020-01-01T16:00:00+00:00,BOUCHAIN 7,17W100P100P01768,B04,,487.0,,MAW,PT60M,10YFR-RTE------C,FR
2020-01-01T16:00:00+00:00,BROMMAT 7,17W100P100P0055K,B12,,165.0,,MAW,PT60M,10YFR-RTE------C,FR
2020-01-01T16:00:00+00:00,BUGEY 3,17W100P100P00974,B14,,910.0,,MAW,PT60M,10YFR-RTE------C,FR
2020-01-01T16:00:00+00:00,BUGEY 4,17W100P100P00982,B14,,910.0,,MAW,PT60M,10YFR-RTE------C,FR
2020-01-01T16:00:00+00:00,CATTENOM 3,17W100P100P0104X,B14,,1304.0,,MAW,PT60M,10YFR-RTE------C,FR
2020-01-01T16:00:00+00:00,CATTENOM 4,17W100P100P0105V,B14,,1267.0,,MAW,PT60M,10YFR-RTE------C,FR
2020-01-01T16:00:00+00:00,CHASTANG 2,17W100P100P0049F,B11,,60.0,,MAW,PT60M,10YFR-RTE------C,FR
2020-01-01T16:00:00+00:00,CHEYLAS 2,17W100P100P0057G,B10,,81.0,,MAW,PT60M,10YFR-RTE------C,FR
2020-01-01T16:00:00+00:00,CHINON 1,17W100P100P0106T,B14,,897.0,,MAW,PT60M,10YFR-RTE------C,FR
2020-01-01T16:00:00+00:00,CHOOZ 1,17W100P100P01101,B14,,1445.0,,MAW,PT60M,10YFR-RTE------C,FR
2020-01-01T16:00:00+00:00,CHOOZ 2,17W100P100P0112Y,B14,,1511.0,,MAW,PT60M,10YFR-RTE------C,FR
2020-01-01T16:00:00+00:00,CIVAUX 2,17W100P100P0114U,B14,,1506.0,,MAW,PT60M,10YFR-RTE------C,FR
2020-01-01T16:00:00+00:00,COCHE 5,17W100P100P20746,B10,,120.0,,MAW,PT60M,10YFR-RTE------C,FR
2020-01-01T16:00:00+00:00,COMBE D'AVRIEUX 1,17W100P100P00893,B12,,77.0,,MAW,PT60M,10YFR-RTE------C,FR
2020-01-01T16:00:00+00:00,COMBIGOLFE CCG,17W100P100P01679,B04,,415.0,,MAW,PT60M,10YFR-RTE------C,FR
2020-01-01T16:00:00+00:00,CRUAS 2,17W100P100P0116Q,B14,,906.0,,MAW,PT60M,10YFR-RTE------C,FR
2020-01-01T16:00:00+00:00,CRUAS 4,17W100P100P0119K,B14,,924.0,,MAW,PT60M,10YFR-RTE------C,FR
2020-01-01T16:00:00+00:00,CYCOFOS PL1,17W100P100P03388,B04,,4.0,,MAW,PT60M,10YFR-RTE------C,FR
2020-01-01T16:00:00+00:00,Croix-de-Metz,17W100P100P00123,B04,,88.0,,MAW,PT60M,10YFR-RTE------C,FR
2020-01-01T16:00:00+00:00,DAMPIERRE 1,17W100P100P0120Z,B14,,883.0,,MAW,PT60M,10YFR-RTE------C,FR
2020-01-01T16:00:00+00:00,DAMPIERRE 2,17W100P100P0121X,B14,,926.0,,MAW,PT60M,10YFR-RTE------C,FR
2020-01-01T16:00:00+00:00,DAMPIERRE 4,17W100P100P0123T,B14,,588.0,,MAW,PT60M,10YFR-RTE------C,FR
2020-01-01T16:00:00+00:00,EMILE HUCHET 7,17W100P100P00105,B04,,387.0,,MAW,PT60M,10YFR-RTE------C,FR
2020-01-01T16:00:00+00:00,EMILE HUCHET 8,17W100P100P00113,B04,,395.0,,MAW,PT60M,10YFR-RTE------C,FR
2020-01-01T16:00:00+00:00,FESSENHEIM 1,17W100P100P0124R,B14,,585.0,,MAW,PT60M,10YFR-RTE------C,FR
2020-01-01T16:00:00+00:00,FLAMANVILLE 1,17W100P100P0126N,B14,,25.0,,MAW,PT60M,10YFR-RTE------C,FR
2020-01-01T16:00:00+00:00,GOLFECH 1,17W100P100P0128J,B14,,1298.0,,MAW,PT60M,10YFR-RTE------C,FR
2020-01-01T16:00:00+00:00,GOLFECH 2,17W100P100P0129H,B14,,1304.0,,MAW,PT60M,10YFR-RTE------C,FR
2020-01-01T16:00:00+00:00,GRAND MAISON 10,17W100P100P0058E,B10,,80.0,,MAW,PT60M,10YFR-RTE------C,FR
2020-01-01T16:00:00+00:00,GRAND MAISON 11,17W100P100P0060R,B10,,75.0,,MAW,PT60M,10YFR-RTE------C,FR
2020-01-01T16:00:00+00:00,GRAND MAISON 12,17W100P100P0062N,B10,,75.0,,MAW,PT60M,10YFR-RTE------C,FR
2020-01-01T16:00:00+00:00,GRAND MAISON 9,17W100P100P00699,B10,,75.0,,MAW,PT60M,10YFR-RTE------C,FR
2020-01-01T16:00:00+00:00,GRAVELINES 6,17W100P100P0136K,B14,,932.0,,MAW,PT60M,10YFR-RTE------C,FR
2020-01-01T16:00:00+00:00,MARTIGUES PONTEAU 5,17W100P100P0174C,B04,,144.0,,MAW,PT60M,10YFR-RTE------C,FR
2020-01-01T16:00:00+00:00,MARTIGUES PONTEAU 6,17W100P100P0175A,B04,,433.0,,MAW,PT60M,10YFR-RTE------C,FR
2020-01-01T16:00:00+00:00,NOGENT 1,17W100P100P0137I,B14,,1310.0,,MAW,PT60M,10YFR-RTE------C,FR
2020-01-01T16:00:00+00:00,NOGENT 2,17W100P100P0138G,B14,,1223.0,,MAW,PT60M,10YFR-RTE------C,FR
2020-01-01T16:00:00+00:00,PALUEL 3,17W100P100P0141R,B14,,1282.0,,MAW,PT60M,10YFR-RTE------C,FR
2020-01-01T16:00:00+00:00,PALUEL 4,17W100P100P0142P,B14,,1287.0,,MAW,PT60M,10YFR-RTE------C,FR
2020-01-01T16:00:00+00:00,POUGET 4,17W100P100P0075E,B12,,189.0,,MAW,PT60M,10YFR-RTE------C,FR
2020-01-01T16:00:00+00:00,Pont-sur-Sambre,17W100P100P00016,B04,,436.0,,MAW,PT60M,10YFR-RTE------C,FR
2020-01-01T16:00:00+00:00,REVIN 2,17W100P100P0077A,B10,,69.0,,MAW,PT60M,10YFR-RTE------C,FR
2020-01-01T16:00:00+00:00,REVIN 3,17W100P100P00788,B10,,138.0,,MAW,PT60M,10YFR-RTE------C,FR
2020-01-01T16:00:00+00:00,SAINT-PIERRE,17W100P100P0166B,B11,,4.0,,MAW,PT60M,10YFR-RTE------C,FR
2020-01-01T16:00:00+00:00,SISTERON 1,17W100P100P0080L,B12,,71.0,,MAW,PT60M,10YFR-RTE------C,FR
2020-01-01T16:00:00+00:00,SISTERON 2,17W100P100P0081J,B12,,71.0,,MAW,PT60M,10YFR-RTE------C,FR
2020-01-01T16:00:00+00:00,SPEM CCG,17W100P100P0171I,B04,,440.0,,MAW,PT60M,10YFR-RTE------C,FR
2020-01-01T16:00:00+00:00,ST ALBAN 1,17W100P100P0145J,B14,,1318.0,,MAW,PT60M,10YFR-RTE------C,FR
2020-01-01T16:00:00+00:00,ST ALBAN 2,17W100P100P0146H,B14,,1304.0,,MAW,PT60M,10YFR-RTE------C,FR
2020-01-01T16:00:00+00:00,ST LAURENT 1,17W100P100P0147F,B14,,894.0,,MAW,PT60M,10YFR-RTE------C,FR
2020-01-01T16:00:00+00:00,SUPER BISSORTE 5,17W100P100P00869,B10,,77.0,,MAW,PT60M,10YFR-RTE------C,FR
2020-01-01T16:00:00+00:00,TRICASTIN 4,17W100P100P0153K,B14,,942.0,,MAW,PT60M,10YFR-RTE------C,FR
2020-01-01T17:00:00+00:00,BATHIE 1,17W100P100P03566,B12,,41.0,,MAW,PT60M,10YFR-RTE------C,FR
2020-01-01T17:00:00+00:00,BELLEVILLE 1,17W100P100P0090I,B14,,1306.0,,MAW,PT60M,10YFR-RTE------C,FR
2020-01-01T17:00:00+00:00,BELLEVILLE 2,17W100P100P0091G,B14,,1041.0,,MAW,PT60M,10YFR-RTE------C,FR
2020-01-01T17:00:00+00:00,BLAYAIS 1,17W100P100P0092E,B14,,833.0,,MAW,PT60M,10YFR-RTE------C,FR
2020-01-01T17:00:00+00:00,BLENOD 5,17W100P100P0173E,B04,,370.0,,MAW,PT60M,10YFR-RTE------C,FR
2020-01-01T17:00:00+00:00,BORT 1,17W100P100P0052Q,B12,,78.0,,MAW,PT60M,10YFR-RTE------C,FR
2020-01-01T17:00:00+00:00,BORT 2,17W100P100P0054M,B12,,79.0,,MAW,PT60M,10YFR-RTE------C,FR
2020-01-01T17:00:00+00:00,BOUCHAIN 7,17W100P100P01768,B04,,536.0,,MAW,PT60M,10YFR-RTE------C,FR
2020-01-01T17:00:00+00:00,BROMMAT 7,17W100P100P0055K,B12,,176.0,,MAW,PT60M,10YFR-RTE------C,FR
2020-01-01T17:00:00+00:00,BUGEY 3,17W100P100P00974,B14,,914.0,,MAW,PT60M,10YFR-RTE------C,FR
2020-01-01T17:00:00+00:00,BUGEY 4,17W100P100P00982,B14,,909.0,,MAW,PT60M,10YFR-RTE------C,FR
2020-01-01T17:00:00+00:00,CATTENOM 3,17W100P100P0104X,B14,,1305.0,,MAW,PT60M,10YFR-RTE------C,FR
2020-01-01T17:00:00+00:00,CATTENOM 4,17W100P100P0105V,B14,,1295.0,,MAW,PT60M,10YFR-RTE------C,FR
2020-01-01T17:00:00+00:00,CHASTANG 2,17W100P100P0049F,B11,,62.0,,MAW,PT60M,10YFR-RTE------C,FR
2020-01-01T17:00:00+00:00,CHEYLAS 1,17W100P100P0056I,B10,,80.0,,MAW,PT60M,10YFR-RTE------C,FR
2020-01-01T17:00:00+00:00,CHEYLAS 2,17W100P100P0057G,B10,,180.0,,MAW,PT60M,10YFR-RTE------C,FR
2020-01-01T17:00:00+00:00,CHINON 1,17W100P100P0106T,B14,,898.0,,MAW,PT60M,10YFR-RTE------C,FR
2020-01-01T17:00:00+00:00,CIVAUX 1,17W100P100P0113W,B14,,1499.0,,MAW,PT60M,10YFR-RTE------C,FR
2020-01-01T17:00:00+00:00,COCHE 5,17W100P100P20746,B10,,144.0,,MAW,PT60M,10YFR-RTE------C,FR
2020-01-01T17:00:00+00:00,COMBE D'AVRIEUX 1,17W100P100P00893,B12,,85.0,,MAW,PT60M,10YFR-RTE------C,FR
2020-01-01T17:00:00+00:00,COMBIGOLFE CCG,17W100P100P01679,B04,,423.0,,MAW,PT60M,10YFR-RTE------C,FR
2020-01-01T17:00:00+00:00,CRUAS 2,17W100P100P0116Q,B14,,909.0,,MAW,PT60M,10YFR-RTE------C,FR
2020-01-01T17:00:00+00:00,CRUAS 4,17W100P100P0119K,B14,,922.0,,MAW,PT60M,10YFR-RTE------C,FR
2020-01-01T17:00:00+00:00,CYCOFOS PL1,17W100P100P03388,B04,,153.0,,MAW,PT60M,10YFR-RTE------C,FR
2020-01-01T17:00:00+00:00,Croix-de-Metz,17W100P100P00123,B04,,364.0,,MAW,PT60M,10YFR-RTE------C,FR
2020-01-01T17:00:00+00:00,DAMPIERRE 1,17W100P100P0120Z,B14,,884.0,,MAW,PT60M,10YFR-RTE------C,FR
2020-01-01T17:00:00+00:00,DAMPIERRE 3,17W100P100P0122V,B14,,919.0,,MAW,PT60M,10YFR-RTE------C,FR
2020-01-01T17:00:00+00:00,DAMPIERRE 4,17W100P100P0123T,B14,,586.0,,MAW,PT60M,10YFR-RTE------C,FR
2020-01-01T17:00:00+00:00,DK6-TV2,17W100P100P0333I,B04,,14.0,,MAW,PT60M,10YFR-RTE------C,FR
2020-01-01T17:00:00+00:00,EMILE HUCHET 7,17W100P100P00105,B04,,378.0,,MAW,PT60M,10YFR-RTE------C,FR
2020-01-01T17:00:00+00:00,EMILE HUCHET 8,17W100P100P00113,B04,,377.0,,MAW,PT60M,10YFR-RTE------C,FR
2020-01-01T17:00:00+00:00,GOLFECH 1,17W100P100P0128J,B14,,1299.0,,MAW,PT60M,10YFR-RTE------C,FR
2020-01-01T17:00:00+00:00,GOLFECH 2,17W100P100P0129H,B14,,1305.0,,MAW,PT60M,10YFR-RTE------C,FR
2020-01-01T17:00:00+00:00,GRAND MAISON 10,17W100P100P0058E,B10,,98.0,,MAW,PT60M,10YFR-RTE------C,FR
2020-01-01T17:00:00+00:00,GRAND MAISON 11,17W100P100P0060R,B10,,92.0,,MAW,PT60M,10YFR-RTE------C,FR
2020-01-01T17:00:00+00:00,GRAND MAISON 12,17W100P100P0062N,B10,,92.0,,MAW,PT60M,10YFR-RTE------C,FR
2020-01-01T17:00:00+00:00,GRAND MAISON 9,17W100P100P00699,B10,,92.0,,MAW,PT60M,10YFR-RTE------C,FR
2020-01-01T17:00:00+00:00,MARTIGUES PONTEAU 5,17W100P100P0174C,B04,,387.0,,MAW,PT60M,10YFR-RTE------C,FR
2020-01-01T17:00:00+00:00,MARTIGUES PONTEAU 6,17W100P100P0175A,B04,,459.0,,MAW,PT60M,10YFR-RTE------C,FR
2020-01-01T17:00:00+00:00,PALUEL 1,17W100P100P0139E,B14,,1286.0,,MAW,PT60M,10YFR-RTE------C,FR
2020-01-01T17:00:00+00:00,POUGET 4,17W100P100P0075E,B12,,203.0,,MAW,PT60M,10YFR-RTE------C,FR
2020-01-01T17:00:00+00:00,Pont-sur-Sambre,17W100P100P00016,B04,,443.0,,MAW,PT60M,10YFR-RTE------C,FR
2020-01-01T17:00:00+00:00,REVIN 2,17W100P100P0077A,B10,,153.0,,MAW,PT60M,10YFR-RTE------C,FR
2020-01-01T17:00:00+00:00,REVIN 3,17W100P100P00788,B10,,153.0,,MAW,PT60M,10YFR-RTE------C,FR
2020-01-01T17:00:00+00:00,SAINT-PIERRE,17W100P100P0166B,B11,,106.0,,MAW,PT60M,10YFR-RTE------C,FR
2020-01-01T17:00:00+00:00,SISTERON 1,17W100P100P0080L,B12,,70.0,,MAW,PT60M,10YFR-RTE------C,FR
2020-01-01T17:00:00+00:00,SISTERON 2,17W100P100P0081J,B12,,70.0,,MAW,PT60M,10YFR-RTE------C,FR
2020-01-01T17:00:00+00:00,SPEM CCG,17W100P100P0171I,B04,,442.0,,MAW,PT60M,10YFR-RTE------C,FR
2020-01-01T17:00:00+00:00,ST ALBAN 1,17W100P100P0145J,B14,,1317.0,,MAW,PT60M,10YFR-RTE------C,FR
2020-01-01T17:00:00+00:00,ST ALBAN 2,17W100P100P0146H,B14,,1305.0,,MAW,PT60M,10YFR-RTE------C,FR
2020-01-01T17:00:00+00:00,ST LAURENT 1,17W100P100P0147F,B14,,893.0,,MAW,PT60M,10YFR-RTE------C,FR
2020-01-01T17:00:00+00:00,ST LAURENT 2,17W100P100P0148D,B14,,13.0,,MAW,PT60M,10YFR-RTE------C,FR
2020-01-01T17:00:00+00:00,SUPER BISSORTE 5,17W100P100P00869,B10,,96.0,,MAW,PT60M,10YFR-RTE------C,FR
2020-01-01T18:00:00+00:00,AMFARD15,17W100P100P03485,B04,,70.0,,MAW,PT60M,10YFR-RTE------C,FR
2020-01-01T18:00:00+00:00,BATHIE 1,17W100P100P03566,B12,,61.0,,MAW,PT60M,10YFR-RTE------C,FR
2020-01-01T18:00:00+00:00,BELLEVILLE 1,17W100P100P0090I,B14,,1305.0,,MAW,PT60M,10YFR-RTE------C,FR
2020-01-01T18:00:00+00:00,BELLEVILLE 2,17W100P100P0091G,B14,,1068.0,,MAW,PT60M,10YFR-RTE------C,FR
2020-01-01T18:00:00+00:00,BLAYAIS 1,17W100P100P0092E,B14,,834.0,,MAW,PT60M,10YFR-RTE------C,FR
2020-01-01T18:00:00+00:00,BLAYAIS 2,17W100P100P0093C,B14,,950.0,,MAW,PT60M,10YFR-RTE------C,FR
2020-01-01T18:00:00+00:00,BLAYAIS 3,17W100P100P0094A,B14,,950.0,,MAW,PT60M,10YFR-RTE------C,FR
2020-01-01T18:00:00+00:00,BLENOD 5,17W100P100P0173E,B04,,393.0,,MAW,PT60M,10YFR-RTE------C,FR
2020-01-01T18:00:00+00:00,BORT 1,17W100P100P0052Q,B12,,73.0,,MAW,PT60M,10YFR-RTE------C,FR
2020-01-01T18:00:00+00:00,BORT 2,17W100P100P0054M,B12,,75.0,,MAW,PT60M,10YFR-RTE------C,FR
2020-01-01T18:00:00+00:00,BOUCHAIN 7,17W100P100P01768,B04,,518.0,,MAW,PT60M,10YFR-RTE------C,FR
2020-01-01T18:00:00+00:00,BROMMAT 7,17W100P100P0055K,B12,,166.0,,MAW,PT60M,10YFR-RTE------C,FR
2020-01-01T18:00:00+00:00,BUGEY 3,17W100P100P00974,B14,,915.0,,MAW,PT60M,10YFR-RTE------C,FR
2020-01-01T18:00:00+00:00,CATTENOM 4,17W100P100P0105V,B14,,1290.0,,MAW,PT60M,10YFR-RTE------C,FR
2020-01-01T18:00:00+00:00,CHASTANG 2,17W100P100P0049F,B11,,60.0,,MAW,PT60M,10YFR-RTE------C,FR
2020-01-01T18:00:00+00:00,CHEYLAS 1,17W100P100P0056I,B10,,168.0,,MAW,PT60M,10YFR-RTE------C,FR
2020-01-01T18:00:00+00:00,CHEYLAS 2,17W100P100P0057G,B10,,168.0,,MAW,PT60M,10YFR-RTE------C,FR
2020-01-01T18:00:00+00:00,CHOOZ 1,17W100P100P01101,B14,,1443.0,,MAW,PT60M,10YFR-RTE------C,FR
2020-01-01T18:00:00+00:00,CIVAUX 1,17W100P100P0113W,B14,,1500.0,,MAW,PT60M,10YFR-RTE------C,FR
2020-01-01T18:00:00+00:00,COCHE 5,17W100P100P20746,B10,,120.0,,MAW,PT60M,10YFR-RTE------C,FR
2020-01-01T18:00:00+00:00,COMBE D'AVRIEUX 1,17W100P100P00893,B12,,77.0,,MAW,PT60M,10YFR-RTE------C,FR
2020-01-01T18:00:00+00:00,COMBIGOLFE CCG,17W100P100P01679,B04,,414.0,,MAW,PT60M,10YFR-RTE------C,FR
2020-01-01T18:00:00+00:00,CRUAS 2,17W100P100P0116Q,B14,,907.0,,MAW,PT60M,10YFR-RTE------C,FR
2020-01-01T18:00:00+00:00,CRUAS 3,17W100P100P0118M,B14,,908.0,,MAW,PT60M,10YFR-RTE------C,FR
2020-01-01T18:00:00+00:00,CRUAS 4,17W100P100P0119K,B14,,918.0,,MAW,PT60M,10YFR-RTE------C,FR
2020-01-01T18:00:00+00:00,CYCOFOS PL1,17W100P100P03388,B04,,372.0,,MAW,PT60M,10YFR-RTE------C,FR
2020-01-01T18:00:00+00:00,Croix-de-Metz,17W100P100P00123,B04,,410.0,,MAW,PT60M,10YFR-RTE------C,FR
2020-01-01T18:00:00+00:00,DAMPIERRE 2,17W100P100P0121X,B14,,927.0,,MAW,PT60M,10YFR-RTE------C,FR
2020-01-01T18:00:00+00:00,DAMPIERRE 4,17W100P100P0123T,B14,,583.0,,MAW,PT60M,10YFR-RTE------C,FR
2020-01-01T18:00:00+00:00,DK6-TV1,17W100P100P0331M,B04,,12.0,,MAW,PT60M,10YFR-RTE------C,FR
2020-01-01T18:00:00+00:00,DK6-TV2,17W100P100P0333I,B04,,101.0,,MAW,PT60M,10YFR-RTE------C,FR
2020-01-01T18:00:00+00:00,EMILE HUCHET 7,17W100P100P00105,B04,,372.0,,MAW,PT60M,10YFR-RTE------C,FR
2020-01-01T18:00:00+00:00,EMILE HUCHET 8,17W100P100P00113,B04,,372.0,,MAW,PT60M,10YFR-RTE------C,FR
2020-01-01T18:00:00+00:00,FESSENHEIM 2,17W100P100P0125P,B14,,877.0,,MAW,PT60M,10YFR-RTE------C,FR
2020-01-01T18:00:00+00:00,FLAMANVILLE 1,17W100P100P0126N,B14,,24.0,,MAW,PT60M,10YFR-RTE------C,FR
2020-01-01T18:00:00+00:00,GRAND MAISON 10,17W100P100P0058E,B10,,82.0,,MAW,PT60M,10YFR-RTE------C,FR
2020-01-01T18:00:00+00:00,GRAND MAISON 11,17W100P100P0060R,B10,,77.0,,MAW,PT60M,10YFR-RTE------C,FR
2020-01-01T18:00:00+00:00,GRAND MAISON 12,17W100P100P0062N,B10,,77.0,,MAW,PT60M,10YFR-RTE------C,FR
2020-01-01T18:00:00+00:00,GRAND MAISON 9,17W100P100P00699,B10,,29.0,,MAW,PT60M,10YFR-RTE------C,FR
2020-01-01T18:00:00+00:00,GRAVELINES 3,17W100P100P0132S,B14,,914.0,,MAW,PT60M,10YFR-RTE------C,FR
2020-01-01T18:00:00+00:00,GRAVELINES 4,17W100P100P0133Q,B14,,946.0,,MAW,PT60M,10YFR-RTE------C,FR
2020-01-01T18:00:00+00:00,MARTIGUES PONTEAU 5,17W100P100P0174C,B04,,444.0,,MAW,PT60M,10YFR-RTE------C,FR
2020-01-01T18:00:00+00:00,MARTIGUES PONTEAU 6,17W100P100P0175A,B04,,455.0,,MAW,PT60M,10YFR-RTE------C,FR
2020-01-01T18:00:00+00:00,NOGENT 1,17W100P100P0137I,B14,,1271.0,,MAW,PT60M,10YFR-RTE------C,FR
2020-01-01T18:00:00+00:00,NOGENT 2,17W100P100P0138G,B14,,1224.0,,MAW,PT60M,10YFR-RTE------C,FR
2020-01-01T18:00:00+00:00,PALUEL 1,17W100P100P0139E,B14,,1285.0,,MAW,PT60M,10YFR-RTE------C,FR
2020-01-01T18:00:00+00:00,PALUEL 3,17W100P100P0141R,B14,,1281.0,,MAW,PT60M,10YFR-RTE------C,FR
2020-01-01T18:00:00+00:00,PENLY 2,17W100P100P0144L,B14,,38.0,,MAW,PT60M,10YFR-RTE------C,FR
2020-01-01T18:00:00+00:00,POUGET 4,17W100P100P0075E,B12,,189.0,,MAW,PT60M,10YFR-RTE------C,FR
2020-01-01T18:00:00+00:00,Pont-sur-Sambre,17W100P100P00016,B04,,444.0,,MAW,PT60M,10YFR-RTE------C,FR
2020-01-01T18:00:00+00:00,REVIN 2,17W100P100P0077A,B10,,145.0,,MAW,PT60M,10YFR-RTE------C,FR
2020-01-01T18:00:00+00:00,REVIN 3,17W100P100P00788,B10,,145.0,,MAW,PT60M,10YFR-RTE------C,FR
2020-01-01T18:00:00+00:00,SAINT-PIERRE,17W100P100P0166B,B11,,110.0,,MAW,PT60M,10YFR-RTE------C,FR
2020-01-01T18:00:00+00:00,SISTERON 1,17W100P100P0080L,B12,,69.0,,MAW,PT60M,10YFR-RTE------C,FR
2020-01-01T18:00:00+00:00,SPEM CCG,17W100P100P0171I,B04,,423.0,,MAW,PT60M,10YFR-RTE------C,FR
2020-01-01T18:00:00+00:00,ST ALBAN 2,17W100P100P0146H,B14,,1308.0,,MAW,PT60M,10YFR-RTE------C,FR
2020-01-01T18:00:00+00:00,ST LAURENT 2,17W100P100P0148D,B14,,88.0,,MAW,PT60M,10YFR-RTE------C,FR
2020-01-01T18:00:00+00:00,SUPER BISSORTE 5,17W100P100P00869,B10,,78.0,,MAW,PT60M,10YFR-RTE------C,FR
2020-01-01T19:00:00+00:00,AMFARD15,17W100P100P03485,B04,,71.0,,MAW,PT60M,10YFR-RTE------C,FR
2020-01-01T19:00:00+00:00,BATHIE 1,17W100P100P03566,B12,,45.0,,MAW,PT60M,10YFR-RTE------C,FR
2020-01-01T19:00:00+00:00,BELLEVILLE 1,17W100P100P0090I,B14,,1304.0,,MAW,PT60M,10YFR-RTE------C,FR
2020-01-01T19:00:00+00:00,BELLEVILLE 2,17W100P100P0091G,B14,,1095.0,,MAW,PT60M,10YFR-RTE------C,FR
2020-01-01T19:00:00+00:00,BLAYAIS 1,17W100P100P0092E,B14,,869.0,,MAW,PT60M,10YFR-RTE------C,FR
2020-01-01T19:00:00+00:00,BLENOD 5,17W100P100P0173E,B04,,359.0,,MAW,PT60M,10YFR-RTE------C,FR
2020-01-01T19:00:00+00:00,BORT 1,17W100P100P0052Q,B12,,18.0,,MAW,PT60M,10YFR-RTE------C,FR
2020-01-01T19:00:00+00:00,BORT 2,17W100P100P0054M,B12,,19.0,,MAW,PT60M,10YFR-RTE------C,FR
2020-01-01T19:00:00+00:00,BOUCHAIN 7,17W100P100P01768,B04,,500.0,,MAW,PT60M,10YFR-RTE------C,FR
2020-01-01T19:00:00+00:00,BROMMAT 7,17W100P100P0055K,B12,,154.0,,MAW,PT60M,10YFR-RTE------C,FR
2020-01-01T19:00:00+00:00,CATTENOM 3,17W100P100P0104X,B14,,1238.0,,MAW,PT60M,10YFR-RTE------C,FR
2020-01-01T19:00:00+00:00,CATTENOM 4,17W100P100P0105V,B14,,1148.0,,MAW,PT60M,10YFR-RTE------C,FR
2020-01-01T19:00:00+00:00,CHASTANG 2,17W100P100P0049F,B11,,58.0,,MAW,PT60M,10YFR-RTE------C,FR
2020-01-01T19:00:00+00:00,CHEYLAS 1,17W100P100P0056I,B10,,157.0,,MAW,PT60M,10YFR-RTE------C,FR
2020-01-01T19:00:00+00:00,CHEYLAS 2,17W100P100P0057G,B10,,157.0,,MAW,PT60M,10YFR-RTE------C,FR
2020-01-01T19:00:00+00:00,CHOOZ 1,17W100P100P01101,B14,,1444.0,,MAW,PT60M,10YFR-RTE------C,FR
2020-01-01T19:00:00+00:00,CHOOZ 2,17W100P100P0112Y,B14,,1450.0,,MAW,PT60M,10YFR-RTE------C,FR
2020-01-01T19:00:00+00:00,CIVAUX 2,17W100P100P0114U,B14,,1507.0,,MAW,PT60M,10YFR-RTE------C,FR
2020-01-01T19:00:00+00:00,COCHE 5,17W100P100P20746,B10,,96.0,,MAW,PT60M,10YFR-RTE------C,FR
2020-01-01T19:00:00+00:00,COMBE D'AVRIEUX 1,17W100P100P00893,B12,,38.0,,MAW,PT60M,10YFR-RTE------C,FR
2020-01-01T19:00:00+00:00,COMBIGOLFE CCG,17W100P100P01679,B04,,396.0,,MAW,PT60M,10YFR-RTE------C,FR
2020-01-01T19:00:00+00:00,CRUAS 2,17W100P100P0116Q,B14,,909.0,,MAW,PT60M,10YFR-RTE------C,FR
2020-01-01T19:00:00+00:00,CYCOFOS PL1,17W100P100P03388,B04,,382.0,,MAW,PT60M,10YFR-RTE------C,FR
2020-01-01T19:00:00+00:00,Croix-de-Metz,17W100P100P00123,B04,,409.0,,MAW,PT60M,10YFR-RTE------C,FR
2020-01-01T19:00:00+00:00,DAMPIERRE 4,17W100P100P0123T,B14,,580.0,,MAW,PT60M,10YFR-RTE------C,FR
2020-01-01T19:00:00+00:00,DK6-TV1,17W100P100P0331M,B04,,96.0,,MAW,PT60M,10YFR-RTE------C,FR
2020-01-01T19:00:00+00:00,DK6-TV2,17W100P100P0333I,B04,,116.0,,MAW,PT60M,10YFR-RTE------C,FR
2020-01-01T19:00:00+00:00,EMILE HUCHET 7,17W100P100P00105,B04,,342.0,,MAW,PT60M,10YFR-RTE------C,FR
2020-01-01T19:00:00+00:00,EMILE HUCHET 8,17W100P100P00113,B04,,342.0,,MAW,PT60M,10YFR-RTE------C,FR
2020-01-01T19:00:00+00:00,FESSENHEIM 2,17W100P100P0125P,B14,,875.0,,MAW,PT60M,10YFR-RTE------C,FR
2020-01-01T19:00:00+00:00,GOLFECH 1,17W100P100P0128J,B14,,1161.0,,MAW,PT60M,10YFR-RTE------C,FR
2020-01-01T19:00:00+00:00,GOLFECH 2,17W100P100P0129H,B14,,1203.0,,MAW,PT60M,10YFR-RTE------C,FR
2020-01-01T19:00:00+00:00,GRAND MAISON 10,17W100P100P0058E,B10,,65.0,,MAW,PT60M,10YFR-RTE------C,FR
2020-01-01T19:00:00+00:00,GRAND MAISON 11,17W100P100P0060R,B10,,61.0,,MAW,PT60M,10YFR-RTE------C,FR
2020-01-01T19:00:00+00:00,GRAND MAISON 12,17W100P100P0062N,B10,,61.0,,MAW,PT60M,10YFR-RTE------C,FR
2020-01-01T19:00:00+00:00,GRAND MAISON 9,17W100P100P00699,B10,,0.0,,MAW,PT60M,10YFR-RTE------C,FR
2020-01-01T19:00:00+00:00,GRAVELINES 1,17W100P100P0130W,B14,,905.0,,MAW,PT60M,10YFR-RTE------C,FR
2020-01-01T19:00:00+00:00,GRAVELINES 2,17W100P100P0131U,B14,,906.0,,MAW,PT60M,10YFR-RTE------C,FR
2020-01-01T19:00:00+00:00,GRAVELINES 6,17W100P100P0136K,B14,,931.0,,MAW,PT60M,10YFR-RTE------C,FR
2020-01-01T19:00:00+00:00,MARTIGUES PONTEAU 5,17W100P100P0174C,B04,,472.0,,MAW,PT60M,10YFR-RTE------C,FR
2020-01-01T19:00:00+00:00,MARTIGUES PONTEAU 6,17W100P100P0175A,B04,,461.0,,MAW,PT60M,10YFR-RTE------C,FR
2020-01-01T19:00:00+00:00,NOGENT 1,17W100P100P0137I,B14,,1282.0,,MAW,PT60M,10YFR-RTE------C,FR
2020-01-01T19:00:00+00:00,PALUEL 1,17W100P100P0139E,B14,,1288.0,,MAW,PT60M,10YFR-RTE------C,FR
2020-01-01T19:00:00+00:00,POUGET 4,17W100P100P0075E,B12,,89.0,,MAW,PT60M,10YFR-RTE------C,FR
2020-01-01T19:00:00+00:00,REVIN 2,17W100P100P0077A,B10,,137.0,,MAW,PT60M,10YFR-RTE------C,FR
2020-01-01T19:00:00+00:00,REVIN 3,17W100P100P00788,B10,,137.0,,MAW,PT60M,10YFR-RTE------C,FR
2020-01-01T19:00:00+00:00,SAINT-PIERRE,17W100P100P0166B,B11,,108.0,,MAW,PT60M,10YFR-RTE------C,FR
2020-01-01T19:00:00+00:00,SPEM CCG,17W100P100P0171I,B04,,396.0,,MAW,PT60M,10YFR-RTE------C,FR
2020-01-01T19:00:00+00:00,ST ALBAN 2,17W100P100P0146H,B14,,1301.0,,MAW,PT60M,10YFR-RTE------C,FR
2020-01-01T19:00:00+00:00,ST LAURENT 2,17W100P100P0148D,B14,,212.0,,MAW,PT60M,10YFR-RTE------C,FR
2020-01-01T19:00:00+00:00,SUPER BISSORTE 5,17W100P100P00869,B10,,59.0,,MAW,PT60M,10YFR-RTE------C,FR
2020-01-01T20:00:00+00:00,BATHIE 1,17W100P100P03566,B12,,44.0,,MAW,PT60M,10YFR-RTE------C,FR
2020-01-01T20:00:00+00:00,BELLEVILLE 1,17W100P100P0090I,B14,,1301.0,,MAW,PT60M,10YFR-RTE------C,FR
2020-01-01T20:00:00+00:00,BELLEVILLE 2,17W100P100P0091G,B14,,1126.0,,MAW,PT60M,10YFR-RTE------C,FR
2020-01-01T20:00:00+00:00,BLAYAIS 1,17W100P100P0092E,B14,,904.0,,MAW,PT60M,10YFR-RTE------C,FR
2020-01-01T20:00:00+00:00,BLAYAIS 2,17W100P100P0093C,B14,,951.0,,MAW,PT60M,10YFR-RTE------C,FR
2020-01-01T20:00:00+00:00,BLAYAIS 4,17W100P100P00958,B14,,32.0,,MAW,PT60M,10YFR-RTE------C,FR
2020-01-01T20:00:00+00:00,BLENOD 5,17W100P100P0173E,B04,,321.0,,MAW,PT60M,10YFR-RTE------C,FR
2020-01-01T20:00:00+00:00,BORT 1,17W100P100P0052Q,B12,,0.0,,MAW,PT60M,10YFR-RTE------C,FR
2020-01-01T20:00:00+00:00,BORT 2,17W100P100P0054M,B12,,0.0,,MAW,PT60M,10YFR-RTE------C,FR
2020-01-01T20:00:00+00:00,BOUCHAIN 7,17W100P100P01768,B04,,538.0,,MAW,PT60M,10YFR-RTE------C,FR
2020-01-01T20:00:00+00:00,BROMMAT 7,17W100P100P0055K,B12,,191.0,,MAW,PT60M,10YFR-RTE------C,FR
2020-01-01T20:00:00+00:00,CATTENOM 3,17W100P100P0104X,B14,,1243.0,,MAW,PT60M,10YFR-RTE------C,FR
2020-01-01T20:00:00+00:00,CATTENOM 4,17W100P100P0105V,B14,,1232.0,,MAW,PT60M,10YFR-RTE------C,FR
2020-01-01T20:00:00+00:00,CHASTANG 2,17W100P100P0049F,B11,,64.0,,MAW,PT60M,10YFR-RTE------C,FR
2020-01-01T20:00:00+00:00,CHEYLAS 1,17W100P100P0056I,B10,,43.0,,MAW,PT60M,10YFR-RTE------C,FR
2020-01-01T20:00:00+00:00,CHEYLAS 2,17W100P100P0057G,B10,,197.0,,MAW,PT60M,10YFR-RTE------C,FR
2020-01-01T20:00:00+00:00,CHOOZ 2,17W100P100P0112Y,B14,,1455.0,,MAW,PT60M,10YFR-RTE------C,FR
2020-01-01T20:00:00+00:00,CIVAUX 1,17W100P100P0113W,B14,,1502.0,,MAW,PT60M,10YFR-RTE------C,FR
2020-01-01T20:00:00+00:00,CIVAUX 2,17W100P100P0114U,B14,,1506.0,,MAW,PT60M,10YFR-RTE------C,FR
2020-01-01T20:00:00+00:00,COCHE 5,17W100P100P20746,B10,,185.0,,MAW,PT60M,10YFR-RTE------C,FR
2020-01-01T20:00:00+00:00,COMBE D'AVRIEUX 1,17W100P100P00893,B12,,0.0,,MAW,PT60M,10YFR-RTE------C,FR
2020-01-01T20:00:00+00:00,COMBIGOLFE CCG,17W100P100P01679,B04,,421.0,,MAW,PT60M,10YFR-RTE------C,FR
2020-01-01T20:00:00+00:00,CRUAS 2,17W100P100P0116Q,B14,,906.0,,MAW,PT60M,10YFR-RTE------C,FR
2020-01-01T20:00:00+00:00,CYCOFOS PL1,17W100P100P03388,B04,,314.0,,MAW,PT60M,10YFR-RTE------C,FR
2020-01-01T20:00:00+00:00,Croix-de-Metz,17W100P100P00123,B04,,415.0,,MAW,PT60M,10YFR-RTE------C,FR
2020-01-01T20:00:00+00:00,DAMPIERRE 2,17W100P100P0121X,B14,,928.0,,MAW,PT60M,10YFR-RTE------C,FR
2020-01-01T20:00:00+00:00,DAMPIERRE 4,17W100P100P0123T,B14,,578.0,,MAW,PT60M,10YFR-RTE------C,FR
2020-01-01T20:00:00+00:00,DIRINON 1,17W100P100P0262F,B06,,0.0,,MAW,PT60M,10YFR-RTE------C,FR
2020-01-01T20:00:00+00:00,DK6-TV1,17W100P100P0331M,B04,,105.0,,MAW,PT60M,10YFR-RTE------C,FR
2020-01-01T20:00:00+00:00,DK6-TV2,17W100P100P0333I,B04,,117.0,,MAW,PT60M,10YFR-RTE------C,FR
2020-01-01T20:00:00+00:00,EMILE HUCHET 7,17W100P100P00105,B04,,242.0,,MAW,PT60M,10YFR-RTE------C,FR
2020-01-01T20:00:00+00:00,EMILE HUCHET 8,17W100P100P00113,B04,,243.0,,MAW,PT60M,10YFR-RTE------C,FR
2020-01-01T20:00:00+00:00,GOLFECH 1,17W100P100P0128J,B14,,1232.0,,MAW,PT60M,10YFR-RTE------C,FR
2020-01-01T20:00:00+00:00,GOLFECH 2,17W100P100P0129H,B14,,1248.0,,MAW,PT60M,10YFR-RTE------C,FR
2020-01-01T20:00:00+00:00,GRAND MAISON 10,17W100P100P0058E,B10,,126.0,,MAW,PT60M,10YFR-RTE------C,FR
2020-01-01T20:00:00+00:00,GRAND MAISON 11,17W100P100P0060R,B10,,26.0,,MAW,PT60M,10YFR-RTE------C,FR
2020-01-01T20:00:00+00:00,GRAND MAISON 12,17W100P100P0062N,B10,,25.0,,MAW,PT60M,10YFR-RTE------C,FR
2020-01-01T20:00:00+00:00,GRAVELINES 4,17W100P100P0133Q,B14,,945.0,,MAW,PT60M,10YFR-RTE------C,FR
2020-01-01T20:00:00+00:00,MARTIGUES PONTEAU 6,17W100P100P0175A,B04,,462.0,,MAW,PT60M,10YFR-RTE------C,FR
2020-01-01T20:00:00+00:00,NOGENT 1,17W100P100P0137I,B14,,1272.0,,MAW,PT60M,10YFR-RTE------C,FR
2020-01-01T20:00:00+00:00,NOGENT 2,17W100P100P0138G,B14,,1223.0,,MAW,PT60M,10YFR-RTE------C,FR
2020-01-01T20:00:00+00:00,PALUEL 3,17W100P100P0141R,B14,,1280.0,,MAW,PT60M,10YFR-RTE------C,FR
2020-01-01T20:00:00+00:00,POUGET 4,17W100P100P0075E,B12,,0.0,,MAW,PT60M,10YFR-RTE------C,FR
2020-01-01T20:00:00+00:00,REVIN 2,17W100P100P0077A,B10,,87.0,,MAW,PT60M,10YFR-RTE------C,FR
2020-01-01T20:00:00+00:00,REVIN 3,17W100P100P00788,B10,,166.0,,MAW,PT60M,10YFR-RTE------C,FR
2020-01-01T20:00:00+00:00,SAINT-PIERRE,17W100P100P0166B,B11,,30.0,,MAW,PT60M,10YFR-RTE------C,FR
2020-01-01T20:00:00+00:00,SISTERON 1,17W100P100P0080L,B12,,70.0,,MAW,PT60M,10YFR-RTE------C,FR
2020-01-01T20:00:00+00:00,SPEM CCG,17W100P100P0171I,B04,,421.0,,MAW,PT60M,10YFR-RTE------C,FR
2020-01-01T20:00:00+00:00,ST ALBAN 2,17W100P100P0146H,B14,,1269.0,,MAW,PT60M,10YFR-RTE------C,FR
2020-01-01T20:00:00+00:00,ST LAURENT 2,17W100P100P0148D,B14,,312.0,,MAW,PT60M,10YFR-RTE------C,FR
2020-01-01T20:00:00+00:00,SUPER BISSORTE 5,17W100P100P00869,B10,,126.0,,MAW,PT60M,10YFR-RTE------C,FR
2020-01-01T21:00:00+00:00,AIGLE 6,17W100P100P0051S,B12,,90.0,,MAW,PT60M,10YFR-RTE------C,FR
2020-01-01T21:00:00+00:00,BATHIE 1,17W100P100P03566,B12,,42.0,,MAW,PT60M,10YFR-RTE------C,FR
2020-01-01T21:00:00+00:00,BATHIE 6,17W100P100P0361D,B12,,30.0,,MAW,PT60M,10YFR-RTE------C,FR
2020-01-01T21:00:00+00:00,BELLEVILLE 1,17W100P100P0090I,B14,,1300.0,,MAW,PT60M,10YFR-RTE------C,FR
2020-01-01T21:00:00+00:00,BELLEVILLE 2,17W100P100P0091G,B14,,1164.0,,MAW,PT60M,10YFR-RTE------C,FR
2020-01-01T21:00:00+00:00,BLAYAIS 2,17W100P100P0093C,B14,,950.0,,MAW,PT60M,10YFR-RTE------C,FR
2020-01-01T21:00:00+00:00,BLENOD 5,17W100P100P0173E,B04,,314.0,,MAW,PT60M,10YFR-RTE------C,FR
2020-01-01T21:00:00+00:00,BOUCHAIN 7,17W100P100P01768,B04,,507.0,,MAW,PT60M,10YFR-RTE------C,FR
2020-01-01T21:00:00+00:00,BROMMAT 7,17W100P100P0055K,B12,,175.0,,MAW,PT60M,10YFR-RTE------C,FR
2020-01-01T21:00:00+00:00,CATTENOM 2,17W100P100P0103Z,B14,,1270.0,,MAW,PT60M,10YFR-RTE------C,FR
2020-01-01T21:00:00+00:00,CATTENOM 3,17W100P100P0104X,B14,,1205.0,,MAW,PT60M,10YFR-RTE------C,FR
2020-01-01T21:00:00+00:00,CATTENOM 4,17W100P100P0105V,B14,,1192.0,,MAW,PT60M,10YFR-RTE------C,FR
2020-01-01T21:00:00+00:00,CHASTANG 2,17W100P100P0049F,B11,,62.0,,MAW,PT60M,10YFR-RTE------C,FR
2020-01-01T21:00:00+00:00,CHEYLAS 1,17W100P100P0056I,B10,,0.0,,MAW,PT60M,10YFR-RTE------C,FR
2020-01-01T21:00:00+00:00,CHEYLAS 2,17W100P100P0057G,B10,,179.0,,MAW,PT60M,10YFR-RTE------C,FR
2020-01-01T21:00:00+00:00,CHOOZ 2,17W100P100P0112Y,B14,,1451.0,,MAW,PT60M,10YFR-RTE------C,FR
2020-01-01T21:00:00+00:00,CIVAUX 1,17W100P100P0113W,B14,,1504.0,,MAW,PT60M,10YFR-RTE------C,FR
2020-01-01T21:00:00+00:00,CIVAUX 2,17W100P100P0114U,B14,,1508.0,,MAW,PT60M,10YFR-RTE------C,FR
2020-01-01T21:00:00+00:00,COCHE 5,17W100P100P20746,B10,,145.0,,MAW,PT60M,10YFR-RTE------C,FR
2020-01-01T21:00:00+00:00,COMBIGOLFE CCG,17W100P100P01679,B04,,411.0,,MAW,PT60M,10YFR-RTE------C,FR
2020-01-01T21:00:00+00:00,CRUAS 2,17W100P100P0116Q,B14,,905.0,,MAW,PT60M,10YFR-RTE------C,FR
2020-01-01T21:00:00+00:00,CRUAS 4,17W100P100P0119K,B14,,919.0,,MAW,PT60M,10YFR-RTE------C,FR
2020-01-01T21:00:00+00:00,CYCOFOS PL1,17W100P100P03388,B04,,209.0,,MAW,PT60M,10YFR-RTE------C,FR
2020-01-01T21:00:00+00:00,Croix-de-Metz,17W100P100P00123,B04,,411.0,,MAW,PT60M,10YFR-RTE------C,FR
2020-01-01T21:00:00+00:00,DAMPIERRE 1,17W100P100P0120Z,B14,,885.0,,MAW,PT60M,10YFR-RTE------C,FR
2020-01-01T21:00:00+00:00,DAMPIERRE 2,17W100P100P0121X,B14,,929.0,,MAW,PT60M,10YFR-RTE------C,FR
2020-01-01T21:00:00+00:00,DAMPIERRE 4,17W100P100P0123T,B14,,575.0,,MAW,PT60M,10YFR-RTE------C,FR
2020-01-01T21:00:00+00:00,DK6-TV1,17W100P100P0331M,B04,,104.0,,MAW,PT60M,10YFR-RTE------C,FR
2020-01-01T21:00:00+00:00,DK6-TV2,17W100P100P0333I,B04,,114.0,,MAW,PT60M,10YFR-RTE------C,FR
2020-01-01T21:00:00+00:00,EMILE HUCHET 7,17W100P100P00105,B04,,232.0,,MAW,PT60M,10YFR-RTE------C,FR
2020-01-01T21:00:00+00:00,EMILE HUCHET 8,17W100P100P00113,B04,,232.0,,MAW,PT60M,10YFR-RTE------C,FR
2020-01-01T21:00:00+00:00,FESSENHEIM 1,17W100P100P0124R,B14,,586.0,,MAW,PT60M,10YFR-RTE------C,FR
2020-01-01T21:00:00+00:00,FLAMANVILLE 2,17W100P100P0127L,B14,,10.0,,MAW,PT60M,10YFR-RTE------C,FR
2020-01-01T21:00:00+00:00,GOLFECH 1,17W100P100P0128J,B14,,1193.0,,MAW,PT60M,10YFR-RTE------C,FR
2020-01-01T21:00:00+00:00,GOLFECH 2,17W100P100P0129H,B14,,1212.0,,MAW,PT60M,10YFR-RTE------C,FR
2020-01-01T21:00:00+00:00,GRAND MAISON 10,17W100P100P0058E,B10,,99.0,,MAW,PT60M,10YFR-RTE------C,FR
2020-01-01T21:00:00+00:00,GRAND MAISON 11,17W100P100P0060R,B10,,43.0,,MAW,PT60M,10YFR-RTE------C,FR
2020-01-01T21:00:00+00:00,GRAND MAISON 12,17W100P100P0062N,B10,,43.0,,MAW,PT60M,10YFR-RTE------C,FR
2020-01-01T21:00:00+00:00,GRAND MAISON 9,17W100P100P00699,B10,,43.0,,MAW,PT60M,10YFR-RTE------C,FR
2020-01-01T21:00:00+00:00,GRAVELINES 1,17W100P100P0130W,B14,,904.0,,MAW,PT60M,10YFR-RTE------C,FR
2020-01-01T21:00:00+00:00,GRAVELINES 3,17W100P100P0132S,B14,,913.0,,MAW,PT60M,10YFR-RTE------C,FR
2020-01-01T21:00:00+00:00,GRAVELINES 6,17W100P100P0136K,B14,,930.0,,MAW,PT60M,10YFR-RTE------C,FR
2020-01-01T21:00:00+00:00,MARTIGUES PONTEAU 5,17W100P100P0174C,B04,,451.0,,MAW,PT60M,10YFR-RTE------C,FR
2020-01-01T21:00:00+00:00,MARTIGUES PONTEAU 6,17W100P100P0175A,B04,,446.0,,MAW,PT60M,10YFR-RTE------C,FR
2020-01-01T21:00:00+00:00,MONTEZIC 1,17W100P100P0071M,B10,,84.0,,MAW,PT60M,10YFR-RTE------C,FR
2020-01-01T21:00:00+00:00,MONTEZIC 4,17W100P100P0074G,B10,,85.0,,MAW,PT60M,10YFR-RTE------C,FR
2020-01-01T21:00:00+00:00,NOGENT 1,17W100P100P0137I,B14,,1248.0,,MAW,PT60M,10YFR-RTE------C,FR
2020-01-01T21:00:00+00:00,NOGENT 2,17W100P100P0138G,B14,,1224.0,,MAW,PT60M,10YFR-RTE------C,FR
2020-01-01T21:00:00+00:00,PALUEL 3,17W100P100P0141R,B14,,1254.0,,MAW,PT60M,10YFR-RTE------C,FR
2020-01-01T21:00:00+00:00,PENLY 1,17W100P100P0143N,B14,,1309.0,,MAW,PT60M,10YFR-RTE------C,FR
2020-01-01T21:00:00+00:00,REVIN 2,17W100P100P0077A,B10,,0.0,,MAW,PT60M,10YFR-RTE------C,FR
2020-01-01T21:00:00+00:00,REVIN 3,17W100P100P00788,B10,,153.0,,MAW,PT60M,10YFR-RTE------C,FR
2020-01-01T21:00:00+00:00,SAINT-PIERRE,17W100P100P0166B,B11,,0.0,,MAW,PT60M,10YFR-RTE------C,FR
2020-01-01T21:00:00+00:00,SISTERON 1,17W100P100P0080L,B12,,64.0,,MAW,PT60M,10YFR-RTE------C,FR
2020-01-01T21:00:00+00:00,SISTERON 2,17W100P100P0081J,B12,,64.0,,MAW,PT60M,10YFR-RTE------C,FR
2020-01-01T21:00:00+00:00,SPEM CCG,17W100P100P0171I,B04,,411.0,,MAW,PT60M,10YFR-RTE------C,FR
2020-01-01T21:00:00+00:00,ST ALBAN 2,17W100P100P0146H,B14,,1253.0,,MAW,PT60M,10YFR-RTE------C,FR
2020-01-01T21:00:00+00:00,ST LAURENT 2,17W100P100P0148D,B14,,330.0,,MAW,PT60M,10YFR-RTE------C,FR
2020-01-01T21:00:00+00:00,SUPER BISSORTE 5,17W100P100P00869,B10,,96.0,,MAW,PT60M,10YFR-RTE------C,FR
2020-01-01T21:00:00+00:00,TRICASTIN 4,17W100P100P0153K,B14,,943.0,,MAW,PT60M,10YFR-RTE------C,FR
2020-01-01T22:00:00+00:00,AIGLE 6,17W100P100P0051S,B12,,1.0,,MAW,PT60M,10YFR-RTE------C,FR
2020-01-01T22:00:00+00:00,AMFARD14,17W100P100P03477,B04,,71.0,,MAW,PT60M,10YFR-RTE------C,FR
2020-01-01T22:00:00+00:00,BATHIE 1,17W100P100P03566,B12,,38.0,,MAW,PT60M,10YFR-RTE------C,FR
2020-01-01T22:00:00+00:00,BATHIE 6,17W100P100P0361D,B12,,44.0,,MAW,PT60M,10YFR-RTE------C,FR
2020-01-01T22:00:00+00:00,BELLEVILLE 1,17W100P100P0090I,B14,,1299.0,,MAW,PT60M,10YFR-RTE------C,FR
2020-01-01T22:00:00+00:00,BELLEVILLE 2,17W100P100P0091G,B14,,1194.0,,MAW,PT60M,10YFR-RTE------C,FR
2020-01-01T22:00:00+00:00,BLAYAIS 1,17W100P100P0092E,B14,,905.0,,MAW,PT60M,10YFR-RTE------C,FR
2020-01-01T22:00:00+00:00,BLAYAIS 3,17W100P100P0094A,B14,,858.0,,MAW,PT60M,10YFR-RTE------C,FR
2020-01-01T22:00:00+00:00,BLENOD 5,17W100P100P0173E,B04,,391.0,,MAW,PT60M,10YFR-RTE------C,FR
2020-01-01T22:00:00+00:00,BOUCHAIN 7,17W100P100P01768,B04,,513.0,,MAW,PT60M,10YFR-RTE------C,FR
2020-01-01T22:00:00+00:00,BROMMAT 7,17W100P100P0055K,B12,,161.0,,MAW,PT60M,10YFR-RTE------C,FR
2020-01-01T22:00:00+00:00,BUGEY 2,17W100P100P00966,B14,,903.0,,MAW,PT60M,10YFR-RTE------C,FR
2020-01-01T22:00:00+00:00,CATTENOM 1,17W100P100P01012,B14,,1291.0,,MAW,PT60M,10YFR-RTE------C,FR
2020-01-01T22:00:00+00:00,CATTENOM 2,17W100P100P0103Z,B14,,1263.0,,MAW,PT60M,10YFR-RTE------C,FR
2020-01-01T22:00:00+00:00,CATTENOM 3,17W100P100P0104X,B14,,1170.0,,MAW,PT60M,10YFR-RTE------C,FR
2020-01-01T22:00:00+00:00,CATTENOM 4,17W100P100P0105V,B14,,1157.0,,MAW,PT60M,10YFR-RTE------C,FR
2020-01-01T22:00:00+00:00,CHASTANG 2,17W100P100P0049F,B11,,60.0,,MAW,PT60M,10YFR-RTE------C,FR
2020-01-01T22:00:00+00:00,CHEYLAS 2,17W100P100P0057G,B10,,21.0,,MAW,PT60M,10YFR-RTE------C,FR
2020-01-01T22:00:00+00:00,CHOOZ 1,17W100P100P01101,B14,,1445.0,,MAW,PT60M,10YFR-RTE------C,FR
2020-01-01T22:00:00+00:00,CHOOZ 2,17W100P100P0112Y,B14,,1436.0,,MAW,PT60M,10YFR-RTE------C,FR
2020-01-01T22:00:00+00:00,CIVAUX 1,17W100P100P0113W,B14,,1503.0,,MAW,PT60M,10YFR-RTE------C,FR
2020-01-01T22:00:00+00:00,CIVAUX 2,17W100P100P0114U,B14,,1507.0,,MAW,PT60M,10YFR-RTE------C,FR
2020-01-01T22:00:00+00:00,COCHE 5,17W100P100P20746,B10,,1.0,,MAW,PT60M,10YFR-RTE------C,FR
2020-01-01T22:00:00+00:00,COMBIGOLFE CCG,17W100P100P01679,B04,,400.0,,MAW,PT60M,10YFR-RTE------C,FR
2020-01-01T22:00:00+00:00,CRUAS 1,17W100P100P0115S,B14,,15.0,,MAW,PT60M,10YFR-RTE------C,FR
2020-01-01T22:00:00+00:00,CRUAS 2,17W100P100P0116Q,B14,,906.0,,MAW,PT60M,10YFR-RTE------C,FR
2020-01-01T22:00:00+00:00,CYCOFOS PL1,17W100P100P03388,B04,,202.0,,MAW,PT60M,10YFR-RTE------C,FR
2020-01-01T22:00:00+00:00,Croix-de-Metz,17W100P100P00123,B04,,408.0,,MAW,PT60M,10YFR-RTE------C,FR
2020-01-01T22:00:00+00:00,DAMPIERRE 2,17W100P100P0121X,B14,,928.0,,MAW,PT60M,10YFR-RTE------C,FR
2020-01-01T22:00:00+00:00,DAMPIERRE 4,17W100P100P0123T,B14,,572.0,,MAW,PT60M,10YFR-RTE------C,FR
2020-01-01T22:00:00+00:00,DIRINON 1,17W100P100P0262F,B06,,1.0,,MAW,PT60M,10YFR-RTE------C,FR
2020-01-01T22:00:00+00:00,DK6-TV1,17W100P100P0331M,B04,,116.0,,MAW,PT60M,10YFR-RTE------C,FR
2020-01-01T22:00:00+00:00,DK6-TV2,17W100P100P0333I,B04,,117.0,,MAW,PT60M,10YFR-RTE------C,FR
2020-01-01T22:00:00+00:00,EMILE HUCHET 7,17W100P100P00105,B04,,222.0,,MAW,PT60M,10YFR-RTE------C,FR
2020-01-01T22:00:00+00:00,EMILE HUCHET 8,17W100P100P00113,B04,,222.0,,MAW,PT60M,10YFR-RTE------C,FR
2020-01-01T22:00:00+00:00,FLAMANVILLE 2,17W100P100P0127L,B14,,9.0,,MAW,PT60M,10YFR-RTE------C,FR
2020-01-01T22:00:00+00:00,GOLFECH 1,17W100P100P0128J,B14,,1188.0,,MAW,PT60M,10YFR-RTE------C,FR
2020-01-01T22:00:00+00:00,GOLFECH 2,17W100P100P0129H,B14,,1180.0,,MAW,PT60M,10YFR-RTE------C,FR
2020-01-01T22:00:00+00:00,GRAND MAISON 10,17W100P100P0058E,B10,,14.0,,MAW,PT60M,10YFR-RTE------C,FR
2020-01-01T22:00:00+00:00,GRAND MAISON 11,17W100P100P0060R,B10,,13.0,,MAW,PT60M,10YFR-RTE------C,FR
2020-01-01T22:00:00+00:00,GRAND MAISON 12,17W100P100P0062N,B10,,13.0,,MAW,PT60M,10YFR-RTE------C,FR
2020-01-01T22:00:00+00:00,GRAND MAISON 4,17W100P100P0064J,B10,,51.0,,MAW,PT60M,10YFR-RTE------C,FR
2020-01-01T22:00:00+00:00,GRAND MAISON 9,17W100P100P00699,B10,,14.0,,MAW,PT60M,10YFR-RTE------C,FR
2020-01-01T22:00:00+00:00,MARTIGUES PONTEAU 5,17W100P100P0174C,B04,,103.0,,MAW,PT60M,10YFR-RTE------C,FR
2020-01-01T22:00:00+00:00,MARTIGUES PONTEAU 6,17W100P100P0175A,B04,,121.0,,MAW,PT60M,10YFR-RTE------C,FR
2020-01-01T22:00:00+00:00,MONTEZIC 1,17W100P100P0071M,B10,,26.0,,MAW,PT60M,10YFR-RTE------C,FR
2020-01-01T22:00:00+00:00,MONTEZIC 4,17W100P100P0074G,B10,,26.0,,MAW,PT60M,10YFR-RTE------C,FR
2020-01-01T22:00:00+00:00,NOGENT 1,17W100P100P0137I,B14,,1225.0,,MAW,PT60M,10YFR-RTE------C,FR
2020-01-01T22:00:00+00:00,NOGENT 2,17W100P100P0138G,B14,,1226.0,,MAW,PT60M,10YFR-RTE------C,FR
2020-01-01T22:00:00+00:00,PALUEL 3,17W100P100P0141R,B14,,1182.0,,MAW,PT60M,10YFR-RTE------C,FR
2020-01-01T22:00:00+00:00,Pont-sur-Sambre,17W100P100P00016,B04,,443.0,,MAW,PT60M,10YFR-RTE------C,FR
2020-01-01T22:00:00+00:00,REVIN 3,17W100P100P00788,B10,,19.0,,MAW,PT60M,10YFR-RTE------C,FR
2020-01-01T22:00:00+00:00,SISTERON 1,17W100P100P0080L,B12,,57.0,,MAW,PT60M,10YFR-RTE------C,FR
2020-01-01T22:00:00+00:00,SISTERON 2,17W100P100P0081J,B12,,57.0,,MAW,PT60M,10YFR-RTE------C,FR
2020-01-01T22:00:00+00:00,SPEM CCG,17W100P100P0171I,B04,,401.0,,MAW,PT60M,10YFR-RTE------C,FR
2020-01-01T22:00:00+00:00,ST ALBAN 2,17W100P100P0146H,B14,,1235.0,,MAW,PT60M,10YFR-RTE------C,FR
2020-01-01T22:00:00+00:00,ST LAURENT 2,17W100P100P0148D,B14,,338.0,,MAW,PT60M,10YFR-RTE------C,FR
2020-01-01T22:00:00+00:00,SUPER BISSORTE 5,17W100P100P00869,B10,,1.0,,MAW,PT60M,10YFR-RTE------C,FR
2020-01-01T23:00:00+00:00,AIGLE 6,17W100P100P0051S,B12,,0.0,,MAW,PT60M,10YFR-RTE------C,FR
2020-01-01T23:00:00+00:00,BATHIE 1,17W100P100P03566,B12,,33.0,,MAW,PT60M,10YFR-RTE------C,FR
2020-01-01T23:00:00+00:00,BATHIE 6,17W100P100P0361D,B12,,15.0,,MAW,PT60M,10YFR-RTE------C,FR
2020-01-01T23:00:00+00:00,BELLEVILLE 2,17W100P100P0091G,B14,,1214.0,,MAW,PT60M,10YFR-RTE------C,FR
2020-01-01T23:00:00+00:00,BLAYAIS 1,17W100P100P0092E,B14,,862.0,,MAW,PT60M,10YFR-RTE------C,FR
2020-01-01T23:00:00+00:00,BLENOD 5,17W100P100P0173E,B04,,336.0,,MAW,PT60M,10YFR-RTE------C,FR
2020-01-01T23:00:00+00:00,BOUCHAIN 7,17W100P100P01768,B04,,464.0,,MAW,PT60M,10YFR-RTE------C,FR
2020-01-01T23:00:00+00:00,BROMMAT 7,17W100P100P0055K,B12,,89.0,,MAW,PT60M,10YFR-RTE------C,FR
2020-01-01T23:00:00+00:00,BUGEY 3,17W100P100P00974,B14,,902.0,,MAW,PT60M,10YFR-RTE------C,FR
2020-01-01T23:00:00+00:00,CATTENOM 1,17W100P100P01012,B14,,1290.0,,MAW,PT60M,10YFR-RTE------C,FR
2020-01-01T23:00:00+00:00,CATTENOM 3,17W100P100P0104X,B14,,1191.0,,MAW,PT60M,10YFR-RTE------C,FR
2020-01-01T23:00:00+00:00,CATTENOM 4,17W100P100P0105V,B14,,1177.0,,MAW,PT60M,10YFR-RTE------C,FR
2020-01-01T23:00:00+00:00,CHASTANG 2,17W100P100P0049F,B11,,1.0,,MAW,PT60M,10YFR-RTE------C,FR
2020-01-01T23:00:00+00:00,CHEYLAS 2,17W100P100P0057G,B10,,0.0,,MAW,PT60M,10YFR-RTE------C,FR
2020-01-01T23:00:00+00:00,CHOOZ 1,17W100P100P01101,B14,,1446.0,,MAW,PT60M,10YFR-RTE------C,FR
2020-01-01T23:00:00+00:00,CHOOZ 2,17W100P100P0112Y,B14,,1440.0,,MAW,PT60M,10YFR-RTE------C,FR
2020-01-01T23:00:00+00:00,CIVAUX 1,17W100P100P0113W,B14,,1505.0,,MAW,PT60M,10YFR-RTE------C,FR
2020-01-01T23:00:00+00:00,CIVAUX 2,17W100P100P0114U,B14,,1506.0,,MAW,PT60M,10YFR-RTE------C,FR
2020-01-01T23:00:00+00:00,COCHE 5,17W100P100P20746,B10,,0.0,,MAW,PT60M,10YFR-RTE------C,FR
2020-01-01T23:00:00+00:00,COMBIGOLFE CCG,17W100P100P01679,B04,,325.0,,MAW,PT60M,10YFR-RTE------C,FR
2020-01-01T23:00:00+00:00,CRUAS 1,17W100P100P0115S,B14,,14.0,,MAW,PT60M,10YFR-RTE------C,FR
2020-01-01T23:00:00+00:00,CRUAS 3,17W100P100P0118M,B14,,907.0,,MAW,PT60M,10YFR-RTE------C,FR
2020-01-01T23:00:00+00:00,CYCOFOS PL1,17W100P100P03388,B04,,206.0,,MAW,PT60M,10YFR-RTE------C,FR
2020-01-01T23:00:00+00:00,Croix-de-Metz,17W100P100P00123,B04,,406.0,,MAW,PT60M,10YFR-RTE------C,FR
2020-01-01T23:00:00+00:00,DAMPIERRE 2,17W100P100P0121X,B14,,852.0,,MAW,PT60M,10YFR-RTE------C,FR
2020-01-01T23:00:00+00:00,DAMPIERRE 3,17W100P100P0122V,B14,,918.0,,MAW,PT60M,10YFR-RTE------C,FR
2020-01-01T23:00:00+00:00,DAMPIERRE 4,17W100P100P0123T,B14,,568.0,,MAW,PT60M,10YFR-RTE------C,FR
2020-01-01T23:00:00+00:00,DIRINON 1,17W100P100P0262F,B06,,0.0,,MAW,PT60M,10YFR-RTE------C,FR
2020-01-01T23:00:00+00:00,DK6-TV2,17W100P100P0333I,B04,,116.0,,MAW,PT60M,10YFR-RTE------C,FR
2020-01-01T23:00:00+00:00,EMILE HUCHET 7,17W100P100P00105,B04,,228.0,,MAW,PT60M,10YFR-RTE------C,FR
2020-01-01T23:00:00+00:00,EMILE HUCHET 8,17W100P100P00113,B04,,228.0,,MAW,PT60M,10YFR-RTE------C,FR
2020-01-01T23:00:00+00:00,FESSENHEIM 1,17W100P100P0124R,B14,,585.0,,MAW,PT60M,10YFR-RTE------C,FR
2020-01-01T23:00:00+00:00,FESSENHEIM 2,17W100P100P0125P,B14,,876.0,,MAW,PT60M,10YFR-RTE------C,FR
2020-01-01T23:00:00+00:00,FLAMANVILLE 2,17W100P100P0127L,B14,,10.0,,MAW,PT60M,10YFR-RTE------C,FR
2020-01-01T23:00:00+00:00,FR-GA-MORANT1,17W100P100P00122,B04,,0.0,,MAW,PT60M,10YFR-RTE------C,FR
2020-01-01T23:00:00+00:00,GOLFECH 2,17W100P100P0129H,B14,,1194.0,,MAW,PT60M,10YFR-RTE------C,FR
2020-01-01T23:00:00+00:00,GRAND MAISON 1,17W100P100P0059C,B10,,104.0,,MAW,PT60M,10YFR-RTE------C,FR
2020-01-01T23:00:00+00:00,GRAND MAISON 10,17W100P100P0058E,B10,,0.0,,MAW,PT60M,10YFR-RTE------C,FR
2020-01-01T23:00:00+00:00,GRAND MAISON 11,17W100P100P0060R,B10,,0.0,,MAW,PT60M,10YFR-RTE------C,FR
2020-01-01T23:00:00+00:00,GRAND MAISON 12,17W100P100P0062N,B10,,0.0,,MAW,PT60M,10YFR-RTE------C,FR
2020-01-01T23:00:00+00:00,GRAND MAISON 3,17W100P100P0063L,B10,,107.0,,MAW,PT60M,10YFR-RTE------C,FR
2020-01-01T23:00:00+00:00,GRAND MAISON 4,17W100P100P0064J,B10,,162.0,,MAW,PT60M,10YFR-RTE------C,FR
2020-01-01T23:00:00+00:00,GRAND MAISON 5,17W100P100P0065H,B10,,22.0,,MAW,PT60M,10YFR-RTE------C,FR
2020-01-01T23:00:00+00:00,GRAND MAISON 6,17W100P100P0066F,B10,,106.0,,MAW,PT60M,10YFR-RTE------C,FR
2020-01-01T23:00:00+00:00,GRAND MAISON 7,17W100P100P0067D,B10,,107.0,,MAW,PT60M,10YFR-RTE------C,FR
2020-01-01T23:00:00+00:00,GRAND MAISON 9,17W100P100P00699,B10,,0.0,,MAW,PT60M,10YFR-RTE------C,FR
2020-01-01T23:00:00+00:00,GRAVELINES 1,17W100P100P0130W,B14,,905.0,,MAW,PT60M,10YFR-RTE------C,FR
2020-01-01T23:00:00+00:00,MARTIGUES PONTEAU 5,17W100P100P0174C,B04,,2.0,,MAW,PT60M,10YFR-RTE------C,FR
2020-01-01T23:00:00+00:00,MARTIGUES PONTEAU 6,17W100P100P0175A,B04,,2.0,,MAW,PT60M,10YFR-RTE------C,FR
2020-01-01T23:00:00+00:00,MONTEZIC 1,17W100P100P0071M,B10,,137.0,,MAW,PT60M,10YFR-RTE------C,FR
2020-01-01T23:00:00+00:00,MONTEZIC 3,17W100P100P0073I,B10,,72.0,,MAW,PT60M,10YFR-RTE------C,FR
2020-01-01T23:00:00+00:00,MONTEZIC 4,17W100P100P0074G,B10,,83.0,,MAW,PT60M,10YFR-RTE------C,FR
2020-01-01T23:00:00+00:00,NOGENT 1,17W100P100P0137I,B14,,1269.0,,MAW,PT60M,10YFR-RTE------C,FR
2020-01-01T23:00:00+00:00,NOGENT 2,17W100P100P0138G,B14,,1225.0,,MAW,PT60M,10YFR-RTE------C,FR
2020-01-01T23:00:00+00:00,PALUEL 1,17W100P100P0139E,B14,,1289.0,,MAW,PT60M,10YFR-RTE------C,FR
2020-01-01T23:00:00+00:00,PALUEL 3,17W100P100P0141R,B14,,1177.0,,MAW,PT60M,10YFR-RTE------C,FR
2020-01-01T23:00:00+00:00,PENLY 1,17W100P100P0143N,B14,,1308.0,,MAW,PT60M,10YFR-RTE------C,FR
2020-01-01T23:00:00+00:00,PENLY 2,17W100P100P0144L,B14,,37.0,,MAW,PT60M,10YFR-RTE------C,FR
2020-01-01T23:00:00+00:00,Pont-sur-Sambre,17W100P100P00016,B04,,444.0,,MAW,PT60M,10YFR-RTE------C,FR
2020-01-01T23:00:00+00:00,REVIN 3,17W100P100P00788,B10,,0.0,,MAW,PT60M,10YFR-RTE------C,FR
2020-01-01T23:00:00+00:00,SISTERON 1,17W100P100P0080L,B12,,2.0,,MAW,PT60M,10YFR-RTE------C,FR
2020-01-01T23:00:00+00:00,SISTERON 2,17W100P100P0081J,B12,,95.0,,MAW,PT60M,10YFR-RTE------C,FR
2020-01-01T23:00:00+00:00,SPEM CCG,17W100P100P0171I,B04,,304.0,,MAW,PT60M,10YFR-RTE------C,FR
2020-01-01T23:00:00+00:00,ST ALBAN 2,17W100P100P0146H,B14,,1243.0,,MAW,PT60M,10YFR-RTE------C,FR
2020-01-01T23:00:00+00:00,ST LAURENT 1,17W100P100P0147F,B14,,894.0,,MAW,PT60M,10YFR-RTE------C,FR
2020-01-01T23:00:00+00:00,ST LAURENT 2,17W100P100P0148D,B14,,341.0,,MAW,PT60M,10YFR-RTE------C,FR
2020-01-01T23:00:00+00:00,SUPER BISSORTE 5,17W100P100P00869,B10,,0.0,,MAW,PT60M,10YFR-RTE------C,FR
2020-01-01T23:00:00+00:00,TRICASTIN 3,17W100P100P0152M,B14,,926.0,,MAW,PT60M,10YFR-RTE------C,FR
2020-01-01T00:00:00+00:00,AGRAS,29WGU-YISAGRA--N,B11,,0.0,,MAW,PT60M,10YGR-HTSO-----Y,GR
2020-01-01T00:00:00+00:00,AG_DIMITRIOS1,29WGU-AGDIMI-I-8,B02,,0.0,,MAW,PT60M,10YGR-HTSO-----Y,GR
2020-01-01T00:00:00+00:00,AG_DIMITRIOS2,29WGU-AGDIMI-II7,B02,,0.0,,MAW,PT60M,10YGR-HTSO-----Y,GR
2020-01-01T00:00:00+00:00,AG_DIMITRIOS3,29WGU-AGDIMIIII5,B02,,152.0,,MAW,PT60M,10YGR-HTSO-----Y,GR
2020-01-01T00:00:00+00:00,AG_DIMITRIOS4,29WGU-AGDIMI-IVI,B02,,152.0,,MAW,PT60M,10YGR-HTSO-----Y,GR
2020-01-01T00:00:00+00:00,AG_DIMITRIOS5,29WGU-AGDIMI-V-6,B02,,191.0,,MAW,PT60M,10YGR-HTSO-----Y,GR
2020-01-01T00:00:00+00:00,ALIVERI5,29WGU-ALIVERI-5Q,B04,,232.0,,MAW,PT60M,10YGR-HTSO-----Y,GR
2020-01-01T00:00:00+00:00,ALOUMINIO,29WGU-ALOUMINIOF,B04,,136.0,,MAW,PT60M,10YGR-HTSO-----Y,GR
2020-01-01T00:00:00+00:00,AMYNDEO1,29WGU-AMYNT-I--7,B02,,145.0,,MAW,PT60M,10YGR-HTSO-----Y,GR
2020-01-01T00:00:00+00:00,AMYNDEO2,29WGU-AMYNT-II-O,B02,,0.0,,MAW,PT60M,10YGR-HTSO-----Y,GR
2020-01-01T00:00:00+00:00,ASOMATA,29WGU-ASOMATON-J,B12,,0.0,,MAW,PT60M,10YGR-HTSO-----Y,GR
2020-01-01T00:00:00+00:00,EDESSAIOS,29WGU-YISEDESS-U,B11,,0.0,,MAW,PT60M,10YGR-HTSO-----Y,GR
2020-01-01T00:00:00+00:00,ELPEDISON_THESS,29WGU-ENERGEITH4,B04,,231.0,,MAW,PT60M,10YGR-HTSO-----Y,GR
2020-01-01T00:00:00+00:00,ELPEDISON_THISVI,29WGU-ELPEDISTHK,B04,,0.0,,MAW,PT60M,10YGR-HTSO-----Y,GR
2020-01-01T00:00:00+00:00,HERON1,29WGU-HERON1---C,B04,,0.0,,MAW,PT60M,10YGR-HTSO-----Y,GR
2020-01-01T00:00:00+00:00,HERON2,29WGU-HERON2---7,B04,,0.0,,MAW,PT60M,10YGR-HTSO-----Y,GR
2020-01-01T00:00:00+00:00,HERON3,29WGU-HERON3---2,B04,,0.0,,MAW,PT60M,10YGR-HTSO-----Y,GR
2020-01-01T00:00:00+00:00,HERON_CC,29WGU-HERON-CC-5,B04,,360.0,,MAW,PT60M,10YGR-HTSO-----Y,GR
2020-01-01T00:00:00+00:00,ILARIONAS,29WGU-ILARIONAS4,B12,,124.0,,MAW,PT60M,10YGR-HTSO-----Y,GR
2020-01-01T00:00:00+00:00,KARDIA1,29WGU-KARDIAI--4,B02,,0.0,,MAW,PT60M,10YGR-HTSO-----Y,GR
2020-01-01T00:00:00+00:00,KARDIA2,29WGU-KARDIAII-L,B02,,0.0,,MAW,PT60M,10YGR-HTSO-----Y,GR
2020-01-01T00:00:00+00:00,KARDIA3,29WGU-KARDIAIIIK,B02,,147.0,,MAW,PT60M,10YGR-HTSO-----Y,GR
2020-01-01T00:00:00+00:00,KARDIA4,29WGU-KARDIAIV-J,B02,,148.0,,MAW,PT60M,10YGR-HTSO-----Y,GR
2020-01-01T00:00:00+00:00,KASTRAKI,29WGU-KASTRAKI-O,B12,,0.0,,MAW,PT60M,10YGR-HTSO-----Y,GR
2020-01-01T00:00:00+00:00,KOMOTINI,29WGU-KOMOTIN-IA,B04,,0.0,,MAW,PT60M,10YGR-HTSO-----Y,GR
2020-01-01T00:00:00+00:00,KORINTHOS_POWER,29WGU-KORITHPWR3,B04,,0.0,,MAW,PT60M,10YGR-HTSO-----Y,GR
2020-01-01T00:00:00+00:00,KREMASTA,29WGU-KREMASTONG,B12,,43.0,,MAW,PT60M,10YGR-HTSO-----Y,GR
2020-01-01T00:00:00+00:00,LADONAS,29WGU-YISLADONAD,B12,,56.0,,MAW,PT60M,10YGR-HTSO-----Y,GR
2020-01-01T00:00:00+00:00,LAVRIO4,29WGU-LAVRIO-IV8,B04,,282.0,,MAW,PT60M,10YGR-HTSO-----Y,GR
2020-01-01T00:00:00+00:00,LAVRIO5,29WGU-LAVRIO-V-X,B04,,0.0,,MAW,PT60M,10YGR-HTSO-----Y,GR
2020-01-01T00:00:00+00:00,MEGALOPOLI3,29WGU-MEGALIII-G,B02,,175.0,,MAW,PT60M,10YGR-HTSO-----Y,GR
2020-01-01T00:00:00+00:00,MEGALOPOLI4,29WGU-MEGAL-IV-Z,B02,,0.0,,MAW,PT60M,10YGR-HTSO-----Y,GR
2020-01-01T00:00:00+00:00,MEGALOPOLI_V,29WGU-MEGAL-V--5,B04,,0.0,,MAW,PT60M,10YGR-HTSO-----Y,GR
2020-01-01T00:00:00+00:00,MELITI,29WGU-MELITII--3,B02,,0.0,,MAW,PT60M,10YGR-HTSO-----Y,GR
2020-01-01T00:00:00+00:00,PLASTIRAS,29WGU-PLASTIRASN,B12,,0.0,,MAW,PT60M,10YGR-HTSO-----Y,GR
2020-01-01T00:00:00+00:00,PLATANOVRYSI,29WGU-YISPLATAN1,B12,,0.0,,MAW,PT60M,10YGR-HTSO-----Y,GR
2020-01-01T00:00:00+00:00,POLYFYTO,29WGU-POLYFYTO-Q,B12,,0.0,,MAW,PT60M,10YGR-HTSO-----Y,GR
2020-01-01T00:00:00+00:00,POURNARI1,29WGU-YISPOURN17,B12,,212.0,,MAW,PT60M,10YGR-HTSO-----Y,GR
2020-01-01T00:00:00+00:00,POURNARI2,29WGU-YISPOURN25,B12,,24.0,,MAW,PT60M,10YGR-HTSO-----Y,GR
2020-01-01T00:00:00+00:00,PROTERGIA_CC,29WGU-PROTERGCC2,B04,,211.0,,MAW,PT60M,10YGR-HTSO-----Y,GR
2020-01-01T00:00:00+00:00,P_AOOU,29WGU-YISPAOOU-5,B12,,41.0,,MAW,PT60M,10YGR-HTSO-----Y,GR
2020-01-01T00:00:00+00:00,SFIKIA,29WGU-YISSFIKIAE,B10,,0.0,,MAW,PT60M,10YGR-HTSO-----Y,GR
2020-01-01T00:00:00+00:00,STRATOS1,29WGU-YISSTRAT1L,B12,,0.0,,MAW,PT60M,10YGR-HTSO-----Y,GR
2020-01-01T00:00:00+00:00,THESAVROS1,29WGU-THESAVRO1B,B10,,0.0,,MAW,PT60M,10YGR-HTSO-----Y,GR
2020-01-01T00:00:00+00:00,THESAVROS2,29WGU-THESAVRO29,B10,,0.0,,MAW,PT60M,10YGR-HTSO-----Y,GR
2020-01-01T00:00:00+00:00,THESAVROS3,29WGU-THESAVRO37,B10,,0.0,,MAW,PT60M,10YGR-HTSO-----Y,GR
2020-01-01T01:00:00+00:00,AG_DIMITRIOS3,29WGU-AGDIMIIII5,B02,,153.0,,MAW,PT60M,10YGR-HTSO-----Y,GR
2020-01-01T01:00:00+00:00,AG_DIMITRIOS4,29WGU-AGDIMI-IVI,B02,,151.0,,MAW,PT60M,10YGR-HTSO-----Y,GR
2020-01-01T01:00:00+00:00,AG_DIMITRIOS5,29WGU-AGDIMI-V-6,B02,,192.0,,MAW,PT60M,10YGR-HTSO-----Y,GR
2020-01-01T01:00:00+00:00,ALIVERI5,29WGU-ALIVERI-5Q,B04,,190.0,,MAW,PT60M,10YGR-HTSO-----Y,GR
2020-01-01T01:00:00+00:00,ALOUMINIO,29WGU-ALOUMINIOF,B04,,135.0,,MAW,PT60M,10YGR-HTSO-----Y,GR
2020-01-01T01:00:00+00:00,AMYNDEO1,29WGU-AMYNT-I--7,B02,,144.0,,MAW,PT60M,10YGR-HTSO-----Y,GR
2020-01-01T01:00:00+00:00,ELPEDISON_THESS,29WGU-ENERGEITH4,B04,,223.0,,MAW,PT60M,10YGR-HTSO-----Y,GR
2020-01-01T01:00:00+00:00,HERON_CC,29WGU-HERON-CC-5,B04,,334.0,,MAW,PT60M,10YGR-HTSO-----Y,GR
2020-01-01T01:00:00+00:00,ILARIONAS,29WGU-ILARIONAS4,B12,,114.0,,MAW,PT60M,10YGR-HTSO-----Y,GR
2020-01-01T01:00:00+00:00,KARDIA3,29WGU-KARDIAIIIK,B02,,148.0,,MAW,PT60M,10YGR-HTSO-----Y,GR
2020-01-01T01:00:00+00:00,KREMASTA,29WGU-KREMASTONG,B12,,2.0,,MAW,PT60M,10YGR-HTSO-----Y,GR
2020-01-01T01:00:00+00:00,LAVRIO4,29WGU-LAVRIO-IV8,B04,,188.0,,MAW,PT60M,10YGR-HTSO-----Y,GR
2020-01-01T01:00:00+00:00,POURNARI1,29WGU-YISPOURN17,B12,,146.0,,MAW,PT60M,10YGR-HTSO-----Y,GR
2020-01-01T01:00:00+00:00,PROTERGIA_CC,29WGU-PROTERGCC2,B04,,185.0,,MAW,PT60M,10YGR-HTSO-----Y,GR
2020-01-01T01:00:00+00:00,P_AOOU,29WGU-YISPAOOU-5,B12,,39.0,,MAW,PT60M,10YGR-HTSO-----Y,GR
2020-01-01T02:00:00+00:00,AG_DIMITRIOS3,29WGU-AGDIMIIII5,B02,,152.0,,MAW,PT60M,10YGR-HTSO-----Y,GR
2020-01-01T02:00:00+00:00,AG_DIMITRIOS4,29WGU-AGDIMI-IVI,B02,,152.0,,MAW,PT60M,10YGR-HTSO-----Y,GR
2020-01-01T02:00:00+00:00,AG_DIMITRIOS5,29WGU-AGDIMI-V-6,B02,,193.0,,MAW,PT60M,10YGR-HTSO-----Y,GR
2020-01-01T02:00:00+00:00,ALIVERI5,29WGU-ALIVERI-5Q,B04,,188.0,,MAW,PT60M,10YGR-HTSO-----Y,GR
2020-01-01T02:00:00+00:00,ALOUMINIO,29WGU-ALOUMINIOF,B04,,136.0,,MAW,PT60M,10YGR-HTSO-----Y,GR
2020-01-01T02:00:00+00:00,AMYNDEO1,29WGU-AMYNT-I--7,B02,,148.0,,MAW,PT60M,10YGR-HTSO-----Y,GR
2020-01-01T02:00:00+00:00,ELPEDISON_THESS,29WGU-ENERGEITH4,B04,,222.0,,MAW,PT60M,10YGR-HTSO-----Y,GR
2020-01-01T02:00:00+00:00,HERON_CC,29WGU-HERON-CC-5,B04,,274.0,,MAW,PT60M,10YGR-HTSO-----Y,GR
2020-01-01T02:00:00+00:00,ILARIONAS,29WGU-ILARIONAS4,B12,,93.0,,MAW,PT60M,10YGR-HTSO-----Y,GR
2020-01-01T02:00:00+00:00,KARDIA3,29WGU-KARDIAIIIK,B02,,146.0,,MAW,PT60M,10YGR-HTSO-----Y,GR
2020-01-01T02:00:00+00:00,KARDIA4,29WGU-KARDIAIV-J,B02,,149.0,,MAW,PT60M,10YGR-HTSO-----Y,GR
2020-01-01T02:00:00+00:00,KREMASTA,29WGU-KREMASTONG,B12,,0.0,,MAW,PT60M,10YGR-HTSO-----Y,GR
2020-01-01T02:00:00+00:00,LAVRIO4,29WGU-LAVRIO-IV8,B04,,121.0,,MAW,PT60M,10YGR-HTSO-----Y,GR
2020-01-01T02:00:00+00:00,MEGALOPOLI3,29WGU-MEGALIII-G,B02,,170.0,,MAW,PT60M,10YGR-HTSO-----Y,GR
2020-01-01T02:00:00+00:00,POURNARI1,29WGU-YISPOURN17,B12,,61.0,,MAW,PT60M,10YGR-HTSO-----Y,GR
2020-01-01T02:00:00+00:00,PROTERGIA_CC,29WGU-PROTERGCC2,B04,,163.0,,MAW,PT60M,10YGR-HTSO-----Y,GR
2020-01-01T02:00:00+00:00,P_AOOU,29WGU-YISPAOOU-5,B12,,28.0,,MAW,PT60M,10YGR-HTSO-----Y,GR
2020-01-01T03:00:00+00:00,AG_DIMITRIOS5,29WGU-AGDIMI-V-6,B02,,192.0,,MAW,PT60M,10YGR-HTSO-----Y,GR
2020-01-01T03:00:00+00:00,ALOUMINIO,29WGU-ALOUMINIOF,B04,,135.0,,MAW,PT60M,10YGR-HTSO-----Y,GR
2020-01-01T03:00:00+00:00,HERON_CC,29WGU-HERON-CC-5,B04,,192.0,,MAW,PT60M,10YGR-HTSO-----Y,GR
2020-01-01T03:00:00+00:00,ILARIONAS,29WGU-ILARIONAS4,B12,,88.0,,MAW,PT60M,10YGR-HTSO-----Y,GR
2020-01-01T03:00:00+00:00,KARDIA3,29WGU-KARDIAIIIK,B02,,147.0,,MAW,PT60M,10YGR-HTSO-----Y,GR
2020-01-01T03:00:00+00:00,KARDIA4,29WGU-KARDIAIV-J,B02,,148.0,,MAW,PT60M,10YGR-HTSO-----Y,GR
2020-01-01T03:00:00+00:00,LAVRIO4,29WGU-LAVRIO-IV8,B04,,111.0,,MAW,PT60M,10YGR-HTSO-----Y,GR
2020-01-01T03:00:00+00:00,POURNARI1,29WGU-YISPOURN17,B12,,3.0,,MAW,PT60M,10YGR-HTSO-----Y,GR
2020-01-01T03:00:00+00:00,POURNARI2,29WGU-YISPOURN25,B12,,29.0,,MAW,PT60M,10YGR-HTSO-----Y,GR
2020-01-01T03:00:00+00:00,P_AOOU,29WGU-YISPAOOU-5,B12,,27.0,,MAW,PT60M,10YGR-HTSO-----Y,GR
2020-01-01T04:00:00+00:00,AG_DIMITRIOS4,29WGU-AGDIMI-IVI,B02,,150.0,,MAW,PT60M,10YGR-HTSO-----Y,GR
2020-01-01T04:00:00+00:00,AMYNDEO1,29WGU-AMYNT-I--7,B02,,149.0,,MAW,PT60M,10YGR-HTSO-----Y,GR
2020-01-01T04:00:00+00:00,ELPEDISON_THESS,29WGU-ENERGEITH4,B04,,221.0,,MAW,PT60M,10YGR-HTSO-----Y,GR
2020-01-01T04:00:00+00:00,HERON_CC,29WGU-HERON-CC-5,B04,,191.0,,MAW,PT60M,10YGR-HTSO-----Y,GR
2020-01-01T04:00:00+00:00,ILARIONAS,29WGU-ILARIONAS4,B12,,87.0,,MAW,PT60M,10YGR-HTSO-----Y,GR
2020-01-01T04:00:00+00:00,KARDIA3,29WGU-KARDIAIIIK,B02,,148.0,,MAW,PT60M,10YGR-HTSO-----Y,GR
2020-01-01T04:00:00+00:00,LADONAS,29WGU-YISLADONAD,B12,,31.0,,MAW,PT60M,10YGR-HTSO-----Y,GR
2020-01-01T04:00:00+00:00,PLATANOVRYSI,29WGU-YISPLATAN1,B12,,26.0,,MAW,PT60M,10YGR-HTSO-----Y,GR
2020-01-01T04:00:00+00:00,POURNARI1,29WGU-YISPOURN17,B12,,0.0,,MAW,PT60M,10YGR-HTSO-----Y,GR
2020-01-01T04:00:00+00:00,P_AOOU,29WGU-YISPAOOU-5,B12,,26.0,,MAW,PT60M,10YGR-HTSO-----Y,GR
2020-01-01T05:00:00+00:00,ALOUMINIO,29WGU-ALOUMINIOF,B04,,136.0,,MAW,PT60M,10YGR-HTSO-----Y,GR
2020-01-01T05:00:00+00:00,HERON_CC,29WGU-HERON-CC-5,B04,,192.0,,MAW,PT60M,10YGR-HTSO-----Y,GR
2020-01-01T05:00:00+00:00,ILARIONAS,29WGU-ILARIONAS4,B12,,27.0,,MAW,PT60M,10YGR-HTSO-----Y,GR
2020-01-01T05:00:00+00:00,KARDIA4,29WGU-KARDIAIV-J,B02,,149.0,,MAW,PT60M,10YGR-HTSO-----Y,GR
2020-01-01T05:00:00+00:00,LADONAS,29WGU-YISLADONAD,B12,,54.0,,MAW,PT60M,10YGR-HTSO-----Y,GR
2020-01-01T05:00:00+00:00,MEGALOPOLI3,29WGU-MEGALIII-G,B02,,177.0,,MAW,PT60M,10YGR-HTSO-----Y,GR
2020-01-01T05:00:00+00:00,POURNARI2,29WGU-YISPOURN25,B12,,9.0,,MAW,PT60M,10YGR-HTSO-----Y,GR
2020-01-01T06:00:00+00:00,AGRAS,29WGU-YISAGRA--N,B11,,4.0,,MAW,PT60M,10YGR-HTSO-----Y,GR
2020-01-01T06:00:00+00:00,AG_DIMITRIOS3,29WGU-AGDIMIIII5,B02,,151.0,,MAW,PT60M,10YGR-HTSO-----Y,GR
2020-01-01T06:00:00+00:00,AG_DIMITRIOS5,29WGU-AGDIMI-V-6,B02,,184.0,,MAW,PT60M,10YGR-HTSO-----Y,GR
2020-01-01T06:00:00+00:00,AMYNDEO1,29WGU-AMYNT-I--7,B02,,151.0,,MAW,PT60M,10YGR-HTSO-----Y,GR
2020-01-01T06:00:00+00:00,HERON_CC,29WGU-HERON-CC-5,B04,,191.0,,MAW,PT60M,10YGR-HTSO-----Y,GR
2020-01-01T06:00:00+00:00,ILARIONAS,29WGU-ILARIONAS4,B12,,0.0,,MAW,PT60M,10YGR-HTSO-----Y,GR
2020-01-01T06:00:00+00:00,KARDIA3,29WGU-KARDIAIIIK,B02,,147.0,,MAW,PT60M,10YGR-HTSO-----Y,GR
2020-01-01T06:00:00+00:00,KARDIA4,29WGU-KARDIAIV-J,B02,,148.0,,MAW,PT60M,10YGR-HTSO-----Y,GR
2020-01-01T06:00:00+00:00,LADONAS,29WGU-YISLADONAD,B12,,56.0,,MAW,PT60M,10YGR-HTSO-----Y,GR
2020-01-01T06:00:00+00:00,MEGALOPOLI3,29WGU-MEGALIII-G,B02,,178.0,,MAW,PT60M,10YGR-HTSO-----Y,GR
2020-01-01T06:00:00+00:00,PLASTIRAS,29WGU-PLASTIRASN,B12,,38.0,,MAW,PT60M,10YGR-HTSO-----Y,GR
2020-01-01T06:00:00+00:00,POURNARI2,29WGU-YISPOURN25,B12,,0.0,,MAW,PT60M,10YGR-HTSO-----Y,GR
2020-01-01T07:00:00+00:00,AGRAS,29WGU-YISAGRA--N,B11,,19.0,,MAW,PT60M,10YGR-HTSO-----Y,GR
2020-01-01T07:00:00+00:00,AG_DIMITRIOS3,29WGU-AGDIMIIII5,B02,,150.0,,MAW,PT60M,10YGR-HTSO-----Y,GR
2020-01-01T07:00:00+00:00,AG_DIMITRIOS5,29WGU-AGDIMI-V-6,B02,,183.0,,MAW,PT60M,10YGR-HTSO-----Y,GR
2020-01-01T07:00:00+00:00,ALIVERI5,29WGU-ALIVERI-5Q,B04,,212.0,,MAW,PT60M,10YGR-HTSO-----Y,GR
2020-01-01T07:00:00+00:00,ALOUMINIO,29WGU-ALOUMINIOF,B04,,135.0,,MAW,PT60M,10YGR-HTSO-----Y,GR
2020-01-01T07:00:00+00:00,HERON_CC,29WGU-HERON-CC-5,B04,,195.0,,MAW,PT60M,10YGR-HTSO-----Y,GR
2020-01-01T07:00:00+00:00,LAVRIO4,29WGU-LAVRIO-IV8,B04,,115.0,,MAW,PT60M,10YGR-HTSO-----Y,GR
2020-01-01T07:00:00+00:00,MEGALOPOLI3,29WGU-MEGALIII-G,B02,,179.0,,MAW,PT60M,10YGR-HTSO-----Y,GR
2020-01-01T07:00:00+00:00,PLATANOVRYSI,29WGU-YISPLATAN1,B12,,0.0,,MAW,PT60M,10YGR-HTSO-----Y,GR
2020-01-01T07:00:00+00:00,PROTERGIA_CC,29WGU-PROTERGCC2,B04,,168.0,,MAW,PT60M,10YGR-HTSO-----Y,GR
2020-01-01T07:00:00+00:00,P_AOOU,29WGU-YISPAOOU-5,B12,,27.0,,MAW,PT60M,10YGR-HTSO-----Y,GR
2020-01-01T08:00:00+00:00,AG_DIMITRIOS3,29WGU-AGDIMIIII5,B02,,149.0,,MAW,PT60M,10YGR-HTSO-----Y,GR
2020-01-01T08:00:00+00:00,AG_DIMITRIOS4,29WGU-AGDIMI-IVI,B02,,151.0,,MAW,PT60M,10YGR-HTSO-----Y,GR
2020-01-01T08:00:00+00:00,ALIVERI5,29WGU-ALIVERI-5Q,B04,,241.0,,MAW,PT60M,10YGR-HTSO-----Y,GR
2020-01-01T08:00:00+00:00,ALOUMINIO,29WGU-ALOUMINIOF,B04,,136.0,,MAW,PT60M,10YGR-HTSO-----Y,GR
2020-01-01T08:00:00+00:00,HERON_CC,29WGU-HERON-CC-5,B04,,263.0,,MAW,PT60M,10YGR-HTSO-----Y,GR
2020-01-01T08:00:00+00:00,KARDIA3,29WGU-KARDIAIIIK,B02,,148.0,,MAW,PT60M,10YGR-HTSO-----Y,GR
2020-01-01T08:00:00+00:00,KARDIA4,29WGU-KARDIAIV-J,B02,,149.0,,MAW,PT60M,10YGR-HTSO-----Y,GR
2020-01-01T08:00:00+00:00,KASTRAKI,29WGU-KASTRAKI-O,B12,,13.0,,MAW,PT60M,10YGR-HTSO-----Y,GR
2020-01-01T08:00:00+00:00,LAVRIO4,29WGU-LAVRIO-IV8,B04,,141.0,,MAW,PT60M,10YGR-HTSO-----Y,GR
2020-01-01T08:00:00+00:00,PROTERGIA_CC,29WGU-PROTERGCC2,B04,,214.0,,MAW,PT60M,10YGR-HTSO-----Y,GR
2020-01-01T08:00:00+00:00,P_AOOU,29WGU-YISPAOOU-5,B12,,31.0,,MAW,PT60M,10YGR-HTSO-----Y,GR
2020-01-01T09:00:00+00:00,AGRAS,29WGU-YISAGRA--N,B11,,18.0,,MAW,PT60M,10YGR-HTSO-----Y,GR
2020-01-01T09:00:00+00:00,AG_DIMITRIOS4,29WGU-AGDIMI-IVI,B02,,150.0,,MAW,PT60M,10YGR-HTSO-----Y,GR
2020-01-01T09:00:00+00:00,AG_DIMITRIOS5,29WGU-AGDIMI-V-6,B02,,181.0,,MAW,PT60M,10YGR-HTSO-----Y,GR
2020-01-01T09:00:00+00:00,ALIVERI5,29WGU-ALIVERI-5Q,B04,,225.0,,MAW,PT60M,10YGR-HTSO-----Y,GR
2020-01-01T09:00:00+00:00,ALOUMINIO,29WGU-ALOUMINIOF,B04,,134.0,,MAW,PT60M,10YGR-HTSO-----Y,GR
2020-01-01T09:00:00+00:00,ELPEDISON_THESS,29WGU-ENERGEITH4,B04,,222.0,,MAW,PT60M,10YGR-HTSO-----Y,GR
2020-01-01T09:00:00+00:00,HERON_CC,29WGU-HERON-CC-5,B04,,349.0,,MAW,PT60M,10YGR-HTSO-----Y,GR
2020-01-01T09:00:00+00:00,KARDIA3,29WGU-KARDIAIIIK,B02,,147.0,,MAW,PT60M,10YGR-HTSO-----Y,GR
2020-01-01T09:00:00+00:00,KARDIA4,29WGU-KARDIAIV-J,B02,,148.0,,MAW,PT60M,10YGR-HTSO-----Y,GR
2020-01-01T09:00:00+00:00,KASTRAKI,29WGU-KASTRAKI-O,B12,,43.0,,MAW,PT60M,10YGR-HTSO-----Y,GR
2020-01-01T09:00:00+00:00,LAVRIO4,29WGU-LAVRIO-IV8,B04,,128.0,,MAW,PT60M,10YGR-HTSO-----Y,GR
2020-01-01T09:00:00+00:00,MEGALOPOLI3,29WGU-MEGALIII-G,B02,,211.0,,MAW,PT60M,10YGR-HTSO-----Y,GR
2020-01-01T09:00:00+00:00,PLASTIRAS,29WGU-PLASTIRASN,B12,,37.0,,MAW,PT60M,10YGR-HTSO-----Y,GR
2020-01-01T09:00:00+00:00,PROTERGIA_CC,29WGU-PROTERGCC2,B04,,395.0,,MAW,PT60M,10YGR-HTSO-----Y,GR
2020-01-01T09:00:00+00:00,P_AOOU,29WGU-YISPAOOU-5,B12,,18.0,,MAW,PT60M,10YGR-HTSO-----Y,GR
2020-01-01T09:00:00+00:00,STRATOS1,29WGU-YISSTRAT1L,B12,,15.0,,MAW,PT60M,10YGR-HTSO-----Y,GR
2020-01-01T10:00:00+00:00,AGRAS,29WGU-YISAGRA--N,B11,,13.0,,MAW,PT60M,10YGR-HTSO-----Y,GR
2020-01-01T10:00:00+00:00,AG_DIMITRIOS4,29WGU-AGDIMI-IVI,B02,,151.0,,MAW,PT60M,10YGR-HTSO-----Y,GR
2020-01-01T10:00:00+00:00,AG_DIMITRIOS5,29WGU-AGDIMI-V-6,B02,,183.0,,MAW,PT60M,10YGR-HTSO-----Y,GR
2020-01-01T10:00:00+00:00,ALIVERI5,29WGU-ALIVERI-5Q,B04,,194.0,,MAW,PT60M,10YGR-HTSO-----Y,GR
2020-01-01T10:00:00+00:00,ALOUMINIO,29WGU-ALOUMINIOF,B04,,135.0,,MAW,PT60M,10YGR-HTSO-----Y,GR
2020-01-01T10:00:00+00:00,ELPEDISON_THESS,29WGU-ENERGEITH4,B04,,221.0,,MAW,PT60M,10YGR-HTSO-----Y,GR
2020-01-01T10:00:00+00:00,HERON_CC,29WGU-HERON-CC-5,B04,,335.0,,MAW,PT60M,10YGR-HTSO-----Y,GR
2020-01-01T10:00:00+00:00,KASTRAKI,29WGU-KASTRAKI-O,B12,,63.0,,MAW,PT60M,10YGR-HTSO-----Y,GR
2020-01-01T10:00:00+00:00,LAVRIO4,29WGU-LAVRIO-IV8,B04,,114.0,,MAW,PT60M,10YGR-HTSO-----Y,GR
2020-01-01T10:00:00+00:00,LAVRIO5,29WGU-LAVRIO-V-X,B04,,2.0,,MAW,PT60M,10YGR-HTSO-----Y,GR
2020-01-01T10:00:00+00:00,MEGALOPOLI3,29WGU-MEGALIII-G,B02,,208.0,,MAW,PT60M,10YGR-HTSO-----Y,GR
2020-01-01T10:00:00+00:00,PLASTIRAS,29WGU-PLASTIRASN,B12,,0.0,,MAW,PT60M,10YGR-HTSO-----Y,GR
2020-01-01T10:00:00+00:00,PROTERGIA_CC,29WGU-PROTERGCC2,B04,,408.0,,MAW,PT60M,10YGR-HTSO-----Y,GR
2020-01-01T10:00:00+00:00,P_AOOU,29WGU-YISPAOOU-5,B12,,0.0,,MAW,PT60M,10YGR-HTSO-----Y,GR
2020-01-01T10:00:00+00:00,STRATOS1,29WGU-YISSTRAT1L,B12,,54.0,,MAW,PT60M,10YGR-HTSO-----Y,GR
2020-01-01T11:00:00+00:00,AGRAS,29WGU-YISAGRA--N,B11,,0.0,,MAW,PT60M,10YGR-HTSO-----Y,GR
2020-01-01T11:00:00+00:00,AG_DIMITRIOS4,29WGU-AGDIMI-IVI,B02,,149.0,,MAW,PT60M,10YGR-HTSO-----Y,GR
2020-01-01T11:00:00+00:00,AG_DIMITRIOS5,29WGU-AGDIMI-V-6,B02,,181.0,,MAW,PT60M,10YGR-HTSO-----Y,GR
2020-01-01T11:00:00+00:00,ALIVERI5,29WGU-ALIVERI-5Q,B04,,188.0,,MAW,PT60M,10YGR-HTSO-----Y,GR
2020-01-01T11:00:00+00:00,ALOUMINIO,29WGU-ALOUMINIOF,B04,,134.0,,MAW,PT60M,10YGR-HTSO-----Y,GR
2020-01-01T11:00:00+00:00,AMYNDEO1,29WGU-AMYNT-I--7,B02,,150.0,,MAW,PT60M,10YGR-HTSO-----Y,GR
2020-01-01T11:00:00+00:00,ELPEDISON_THESS,29WGU-ENERGEITH4,B04,,233.0,,MAW,PT60M,10YGR-HTSO-----Y,GR
2020-01-01T11:00:00+00:00,HERON_CC,29WGU-HERON-CC-5,B04,,239.0,,MAW,PT60M,10YGR-HTSO-----Y,GR
2020-01-01T11:00:00+00:00,KASTRAKI,29WGU-KASTRAKI-O,B12,,32.0,,MAW,PT60M,10YGR-HTSO-----Y,GR
2020-01-01T11:00:00+00:00,LADONAS,29WGU-YISLADONAD,B12,,50.0,,MAW,PT60M,10YGR-HTSO-----Y,GR
2020-01-01T11:00:00+00:00,LAVRIO4,29WGU-LAVRIO-IV8,B04,,112.0,,MAW,PT60M,10YGR-HTSO-----Y,GR
2020-01-01T11:00:00+00:00,MEGALOPOLI3,29WGU-MEGALIII-G,B02,,180.0,,MAW,PT60M,10YGR-HTSO-----Y,GR
2020-01-01T11:00:00+00:00,PLATANOVRYSI,29WGU-YISPLATAN1,B12,,25.0,,MAW,PT60M,10YGR-HTSO-----Y,GR
2020-01-01T11:00:00+00:00,PROTERGIA_CC,29WGU-PROTERGCC2,B04,,259.0,,MAW,PT60M,10YGR-HTSO-----Y,GR
2020-01-01T11:00:00+00:00,STRATOS1,29WGU-YISSTRAT1L,B12,,35.0,,MAW,PT60M,10YGR-HTSO-----Y,GR
2020-01-01T12:00:00+00:00,AG_DIMITRIOS3,29WGU-AGDIMIIII5,B02,,150.0,,MAW,PT60M,10YGR-HTSO-----Y,GR
2020-01-01T12:00:00+00:00,AG_DIMITRIOS4,29WGU-AGDIMI-IVI,B02,,150.0,,MAW,PT60M,10YGR-HTSO-----Y,GR
2020-01-01T12:00:00+00:00,AG_DIMITRIOS5,29WGU-AGDIMI-V-6,B02,,182.0,,MAW,PT60M,10YGR-HTSO-----Y,GR
2020-01-01T12:00:00+00:00,ALIVERI5,29WGU-ALIVERI-5Q,B04,,195.0,,MAW,PT60M,10YGR-HTSO-----Y,GR
2020-01-01T12:00:00+00:00,AMYNDEO1,29WGU-AMYNT-I--7,B02,,151.0,,MAW,PT60M,10YGR-HTSO-----Y,GR
2020-01-01T12:00:00+00:00,ELPEDISON_THESS,29WGU-ENERGEITH4,B04,,221.0,,MAW,PT60M,10YGR-HTSO-----Y,GR
2020-01-01T12:00:00+00:00,HERON_CC,29WGU-HERON-CC-5,B04,,205.0,,MAW,PT60M,10YGR-HTSO-----Y,GR
2020-01-01T12:00:00+00:00,KARDIA4,29WGU-KARDIAIV-J,B02,,149.0,,MAW,PT60M,10YGR-HTSO-----Y,GR
2020-01-01T12:00:00+00:00,KASTRAKI,29WGU-KASTRAKI-O,B12,,34.0,,MAW,PT60M,10YGR-HTSO-----Y,GR
2020-01-01T12:00:00+00:00,LADONAS,29WGU-YISLADONAD,B12,,0.0,,MAW,PT60M,10YGR-HTSO-----Y,GR
2020-01-01T12:00:00+00:00,MEGALOPOLI3,29WGU-MEGALIII-G,B02,,181.0,,MAW,PT60M,10YGR-HTSO-----Y,GR
2020-01-01T12:00:00+00:00,PLATANOVRYSI,29WGU-YISPLATAN1,B12,,26.0,,MAW,PT60M,10YGR-HTSO-----Y,GR
2020-01-01T12:00:00+00:00,PROTERGIA_CC,29WGU-PROTERGCC2,B04,,205.0,,MAW,PT60M,10YGR-HTSO-----Y,GR
2020-01-01T12:00:00+00:00,STRATOS1,29WGU-YISSTRAT1L,B12,,0.0,,MAW,PT60M,10YGR-HTSO-----Y,GR
2020-01-01T13:00:00+00:00,AG_DIMITRIOS3,29WGU-AGDIMIIII5,B02,,149.0,,MAW,PT60M,10YGR-HTSO-----Y,GR
2020-01-01T13:00:00+00:00,AG_DIMITRIOS4,29WGU-AGDIMI-IVI,B02,,152.0,,MAW,PT60M,10YGR-HTSO-----Y,GR
2020-01-01T13:00:00+00:00,AG_DIMITRIOS5,29WGU-AGDIMI-V-6,B02,,181.0,,MAW,PT60M,10YGR-HTSO-----Y,GR
2020-01-01T13:00:00+00:00,ALIVERI5,29WGU-ALIVERI-5Q,B04,,261.0,,MAW,PT60M,10YGR-HTSO-----Y,GR
2020-01-01T13:00:00+00:00,AMYNDEO1,29WGU-AMYNT-I--7,B02,,150.0,,MAW,PT60M,10YGR-HTSO-----Y,GR
2020-01-01T13:00:00+00:00,ELPEDISON_THESS,29WGU-ENERGEITH4,B04,,247.0,,MAW,PT60M,10YGR-HTSO-----Y,GR
2020-01-01T13:00:00+00:00,HERON_CC,29WGU-HERON-CC-5,B04,,215.0,,MAW,PT60M,10YGR-HTSO-----Y,GR
2020-01-01T13:00:00+00:00,KARDIA3,29WGU-KARDIAIIIK,B02,,146.0,,MAW,PT60M,10YGR-HTSO-----Y,GR
2020-01-01T13:00:00+00:00,KASTRAKI,29WGU-KASTRAKI-O,B12,,36.0,,MAW,PT60M,10YGR-HTSO-----Y,GR
2020-01-01T13:00:00+00:00,LADONAS,29WGU-YISLADONAD,B12,,2.0,,MAW,PT60M,10YGR-HTSO-----Y,GR
2020-01-01T13:00:00+00:00,LAVRIO4,29WGU-LAVRIO-IV8,B04,,133.0,,MAW,PT60M,10YGR-HTSO-----Y,GR
2020-01-01T13:00:00+00:00,MEGALOPOLI3,29WGU-MEGALIII-G,B02,,186.0,,MAW,PT60M,10YGR-HTSO-----Y,GR
2020-01-01T13:00:00+00:00,PROTERGIA_CC,29WGU-PROTERGCC2,B04,,214.0,,MAW,PT60M,10YGR-HTSO-----Y,GR
2020-01-01T14:00:00+00:00,AG_DIMITRIOS3,29WGU-AGDIMIIII5,B02,,150.0,,MAW,PT60M,10YGR-HTSO-----Y,GR
2020-01-01T14:00:00+00:00,AG_DIMITRIOS5,29WGU-AGDIMI-V-6,B02,,183.0,,MAW,PT60M,10YGR-HTSO-----Y,GR
2020-01-01T14:00:00+00:00,ALIVERI5,29WGU-ALIVERI-5Q,B04,,234.0,,MAW,PT60M,10YGR-HTSO-----Y,GR
2020-01-01T14:00:00+00:00,ALOUMINIO,29WGU-ALOUMINIOF,B04,,135.0,,MAW,PT60M,10YGR-HTSO-----Y,GR
2020-01-01T14:00:00+00:00,AMYNDEO1,29WGU-AMYNT-I--7,B02,,149.0,,MAW,PT60M,10YGR-HTSO-----Y,GR
2020-01-01T14:00:00+00:00,ELPEDISON_THESS,29WGU-ENERGEITH4,B04,,246.0,,MAW,PT60M,10YGR-HTSO-----Y,GR
2020-01-01T14:00:00+00:00,ILARIONAS,29WGU-ILARIONAS4,B12,,90.0,,MAW,PT60M,10YGR-HTSO-----Y,GR
2020-01-01T14:00:00+00:00,KARDIA4,29WGU-KARDIAIV-J,B02,,148.0,,MAW,PT60M,10YGR-HTSO-----Y,GR
2020-01-01T14:00:00+00:00,KASTRAKI,29WGU-KASTRAKI-O,B12,,32.0,,MAW,PT60M,10YGR-HTSO-----Y,GR
2020-01-01T14:00:00+00:00,KORINTHOS_POWER,29WGU-KORITHPWR3,B04,,88.0,,MAW,PT60M,10YGR-HTSO-----Y,GR
2020-01-01T14:00:00+00:00,LADONAS,29WGU-YISLADONAD,B12,,56.0,,MAW,PT60M,10YGR-HTSO-----Y,GR
2020-01-01T14:00:00+00:00,LAVRIO4,29WGU-LAVRIO-IV8,B04,,234.0,,MAW,PT60M,10YGR-HTSO-----Y,GR
2020-01-01T14:00:00+00:00,MEGALOPOLI3,29WGU-MEGALIII-G,B02,,180.0,,MAW,PT60M,10YGR-HTSO-----Y,GR
2020-01-01T14:00:00+00:00,PLATANOVRYSI,29WGU-YISPLATAN1,B12,,1.0,,MAW,PT60M,10YGR-HTSO-----Y,GR
2020-01-01T14:00:00+00:00,POURNARI1,29WGU-YISPOURN17,B12,,44.0,,MAW,PT60M,10YGR-HTSO-----Y,GR
2020-01-01T14:00:00+00:00,POURNARI2,29WGU-YISPOURN25,B12,,4.0,,MAW,PT60M,10YGR-HTSO-----Y,GR
2020-01-01T14:00:00+00:00,PROTERGIA_CC,29WGU-PROTERGCC2,B04,,218.0,,MAW,PT60M,10YGR-HTSO-----Y,GR
2020-01-01T15:00:00+00:00,AG_DIMITRIOS3,29WGU-AGDIMIIII5,B02,,149.0,,MAW,PT60M,10YGR-HTSO-----Y,GR
2020-01-01T15:00:00+00:00,ALIVERI5,29WGU-ALIVERI-5Q,B04,,217.0,,MAW,PT60M,10YGR-HTSO-----Y,GR
2020-01-01T15:00:00+00:00,AMYNDEO1,29WGU-AMYNT-I--7,B02,,150.0,,MAW,PT60M,10YGR-HTSO-----Y,GR
2020-01-01T15:00:00+00:00,ELPEDISON_THESS,29WGU-ENERGEITH4,B04,,233.0,,MAW,PT60M,10YGR-HTSO-----Y,GR
2020-01-01T15:00:00+00:00,HERON_CC,29WGU-HERON-CC-5,B04,,209.0,,MAW,PT60M,10YGR-HTSO-----Y,GR
2020-01-01T15:00:00+00:00,ILARIONAS,29WGU-ILARIONAS4,B12,,117.0,,MAW,PT60M,10YGR-HTSO-----Y,GR
2020-01-01T15:00:00+00:00,KASTRAKI,29WGU-KASTRAKI-O,B12,,34.0,,MAW,PT60M,10YGR-HTSO-----Y,GR
2020-01-01T15:00:00+00:00,KORINTHOS_POWER,29WGU-KORITHPWR3,B04,,273.0,,MAW,PT60M,10YGR-HTSO-----Y,GR
2020-01-01T15:00:00+00:00,LAVRIO4,29WGU-LAVRIO-IV8,B04,,270.0,,MAW,PT60M,10YGR-HTSO-----Y,GR
2020-01-01T15:00:00+00:00,MEGALOPOLI3,29WGU-MEGALIII-G,B02,,167.0,,MAW,PT60M,10YGR-HTSO-----Y,GR
2020-01-01T15:00:00+00:00,PLATANOVRYSI,29WGU-YISPLATAN1,B12,,0.0,,MAW,PT60M,10YGR-HTSO-----Y,GR
2020-01-01T15:00:00+00:00,POURNARI1,29WGU-YISPOURN17,B12,,61.0,,MAW,PT60M,10YGR-HTSO-----Y,GR
2020-01-01T15:00:00+00:00,POURNARI2,29WGU-YISPOURN25,B12,,7.0,,MAW,PT60M,10YGR-HTSO-----Y,GR
2020-01-01T15:00:00+00:00,PROTERGIA_CC,29WGU-PROTERGCC2,B04,,213.0,,MAW,PT60M,10YGR-HTSO-----Y,GR
2020-01-01T16:00:00+00:00,AG_DIMITRIOS3,29WGU-AGDIMIIII5,B02,,150.0,,MAW,PT60M,10YGR-HTSO-----Y,GR
2020-01-01T16:00:00+00:00,AG_DIMITRIOS5,29WGU-AGDIMI-V-6,B02,,182.0,,MAW,PT60M,10YGR-HTSO-----Y,GR
2020-01-01T16:00:00+00:00,ALIVERI5,29WGU-ALIVERI-5Q,B04,,272.0,,MAW,PT60M,10YGR-HTSO-----Y,GR
2020-01-01T16:00:00+00:00,ALOUMINIO,29WGU-ALOUMINIOF,B04,,137.0,,MAW,PT60M,10YGR-HTSO-----Y,GR
2020-01-01T16:00:00+00:00,AMYNDEO1,29WGU-AMYNT-I--7,B02,,147.0,,MAW,PT60M,10YGR-HTSO-----Y,GR
2020-01-01T16:00:00+00:00,ASOMATA,29WGU-ASOMATON-J,B12,,18.0,,MAW,PT60M,10YGR-HTSO-----Y,GR
2020-01-01T16:00:00+00:00,ELPEDISON_THESS,29WGU-ENERGEITH4,B04,,244.0,,MAW,PT60M,10YGR-HTSO-----Y,GR
2020-01-01T16:00:00+00:00,HERON_CC,29WGU-HERON-CC-5,B04,,221.0,,MAW,PT60M,10YGR-HTSO-----Y,GR
2020-01-01T16:00:00+00:00,ILARIONAS,29WGU-ILARIONAS4,B12,,141.0,,MAW,PT60M,10YGR-HTSO-----Y,GR
2020-01-01T16:00:00+00:00,KASTRAKI,29WGU-KASTRAKI-O,B12,,39.0,,MAW,PT60M,10YGR-HTSO-----Y,GR
2020-01-01T16:00:00+00:00,KORINTHOS_POWER,29WGU-KORITHPWR3,B04,,421.0,,MAW,PT60M,10YGR-HTSO-----Y,GR
2020-01-01T16:00:00+00:00,LADONAS,29WGU-YISLADONAD,B12,,55.0,,MAW,PT60M,10YGR-HTSO-----Y,GR
2020-01-01T16:00:00+00:00,LAVRIO4,29WGU-LAVRIO-IV8,B04,,279.0,,MAW,PT60M,10YGR-HTSO-----Y,GR
2020-01-01T16:00:00+00:00,MEGALOPOLI3,29WGU-MEGALIII-G,B02,,168.0,,MAW,PT60M,10YGR-HTSO-----Y,GR
2020-01-01T16:00:00+00:00,POURNARI1,29WGU-YISPOURN17,B12,,105.0,,MAW,PT60M,10YGR-HTSO-----Y,GR
2020-01-01T16:00:00+00:00,POURNARI2,29WGU-YISPOURN25,B12,,14.0,,MAW,PT60M,10YGR-HTSO-----Y,GR
2020-01-01T16:00:00+00:00,PROTERGIA_CC,29WGU-PROTERGCC2,B04,,353.0,,MAW,PT60M,10YGR-HTSO-----Y,GR
2020-01-01T16:00:00+00:00,P_AOOU,29WGU-YISPAOOU-5,B12,,3.0,,MAW,PT60M,10YGR-HTSO-----Y,GR
2020-01-01T16:00:00+00:00,SFIKIA,29WGU-YISSFIKIAE,B10,,43.0,,MAW,PT60M,10YGR-HTSO-----Y,GR
2020-01-01T17:00:00+00:00,AG_DIMITRIOS3,29WGU-AGDIMIIII5,B02,,149.0,,MAW,PT60M,10YGR-HTSO-----Y,GR
2020-01-01T17:00:00+00:00,AG_DIMITRIOS4,29WGU-AGDIMI-IVI,B02,,153.0,,MAW,PT60M,10YGR-HTSO-----Y,GR
2020-01-01T17:00:00+00:00,ALIVERI5,29WGU-ALIVERI-5Q,B04,,210.0,,MAW,PT60M,10YGR-HTSO-----Y,GR
2020-01-01T17:00:00+00:00,ALOUMINIO,29WGU-ALOUMINIOF,B04,,135.0,,MAW,PT60M,10YGR-HTSO-----Y,GR
2020-01-01T17:00:00+00:00,AMYNDEO1,29WGU-AMYNT-I--7,B02,,141.0,,MAW,PT60M,10YGR-HTSO-----Y,GR
2020-01-01T17:00:00+00:00,ASOMATA,29WGU-ASOMATON-J,B12,,36.0,,MAW,PT60M,10YGR-HTSO-----Y,GR
2020-01-01T17:00:00+00:00,ELPEDISON_THESS,29WGU-ENERGEITH4,B04,,225.0,,MAW,PT60M,10YGR-HTSO-----Y,GR
2020-01-01T17:00:00+00:00,HERON_CC,29WGU-HERON-CC-5,B04,,202.0,,MAW,PT60M,10YGR-HTSO-----Y,GR
2020-01-01T17:00:00+00:00,KASTRAKI,29WGU-KASTRAKI-O,B12,,75.0,,MAW,PT60M,10YGR-HTSO-----Y,GR
2020-01-01T17:00:00+00:00,KORINTHOS_POWER,29WGU-KORITHPWR3,B04,,412.0,,MAW,PT60M,10YGR-HTSO-----Y,GR
2020-01-01T17:00:00+00:00,LAVRIO4,29WGU-LAVRIO-IV8,B04,,256.0,,MAW,PT60M,10YGR-HTSO-----Y,GR
2020-01-01T17:00:00+00:00,LAVRIO5,29WGU-LAVRIO-V-X,B04,,1.0,,MAW,PT60M,10YGR-HTSO-----Y,GR
2020-01-01T17:00:00+00:00,MEGALOPOLI3,29WGU-MEGALIII-G,B02,,169.0,,MAW,PT60M,10YGR-HTSO-----Y,GR
2020-01-01T17:00:00+00:00,POURNARI1,29WGU-YISPOURN17,B12,,187.0,,MAW,PT60M,10YGR-HTSO-----Y,GR
2020-01-01T17:00:00+00:00,POURNARI2,29WGU-YISPOURN25,B12,,21.0,,MAW,PT60M,10YGR-HTSO-----Y,GR
2020-01-01T17:00:00+00:00,PROTERGIA_CC,29WGU-PROTERGCC2,B04,,226.0,,MAW,PT60M,10YGR-HTSO-----Y,GR
2020-01-01T17:00:00+00:00,P_AOOU,29WGU-YISPAOOU-5,B12,,110.0,,MAW,PT60M,10YGR-HTSO-----Y,GR
2020-01-01T17:00:00+00:00,SFIKIA,29WGU-YISSFIKIAE,B10,,86.0,,MAW,PT60M,10YGR-HTSO-----Y,GR
2020-01-01T17:00:00+00:00,STRATOS1,29WGU-YISSTRAT1L,B12,,28.0,,MAW,PT60M,10YGR-HTSO-----Y,GR
2020-01-01T18:00:00+00:00,AG_DIMITRIOS3,29WGU-AGDIMIIII5,B02,,150.0,,MAW,PT60M,10YGR-HTSO-----Y,GR
2020-01-01T18:00:00+00:00,AG_DIMITRIOS4,29WGU-AGDIMI-IVI,B02,,152.0,,MAW,PT60M,10YGR-HTSO-----Y,GR
2020-01-01T18:00:00+00:00,AG_DIMITRIOS5,29WGU-AGDIMI-V-6,B02,,178.0,,MAW,PT60M,10YGR-HTSO-----Y,GR
2020-01-01T18:00:00+00:00,ALIVERI5,29WGU-ALIVERI-5Q,B04,,193.0,,MAW,PT60M,10YGR-HTSO-----Y,GR
2020-01-01T18:00:00+00:00,AMYNDEO1,29WGU-AMYNT-I--7,B02,,133.0,,MAW,PT60M,10YGR-HTSO-----Y,GR
2020-01-01T18:00:00+00:00,ASOMATA,29WGU-ASOMATON-J,B12,,11.0,,MAW,PT60M,10YGR-HTSO-----Y,GR
2020-01-01T18:00:00+00:00,ELPEDISON_THESS,29WGU-ENERGEITH4,B04,,222.0,,MAW,PT60M,10YGR-HTSO-----Y,GR
2020-01-01T18:00:00+00:00,HERON_CC,29WGU-HERON-CC-5,B04,,281.0,,MAW,PT60M,10YGR-HTSO-----Y,GR
2020-01-01T18:00:00+00:00,KASTRAKI,29WGU-KASTRAKI-O,B12,,26.0,,MAW,PT60M,10YGR-HTSO-----Y,GR
2020-01-01T18:00:00+00:00,KORINTHOS_POWER,29WGU-KORITHPWR3,B04,,372.0,,MAW,PT60M,10YGR-HTSO-----Y,GR
2020-01-01T18:00:00+00:00,LADONAS,29WGU-YISLADONAD,B12,,56.0,,MAW,PT60M,10YGR-HTSO-----Y,GR
2020-01-01T18:00:00+00:00,LAVRIO4,29WGU-LAVRIO-IV8,B04,,249.0,,MAW,PT60M,10YGR-HTSO-----Y,GR
2020-01-01T18:00:00+00:00,LAVRIO5,29WGU-LAVRIO-V-X,B04,,2.0,,MAW,PT60M,10YGR-HTSO-----Y,GR
2020-01-01T18:00:00+00:00,MEGALOPOLI3,29WGU-MEGALIII-G,B02,,173.0,,MAW,PT60M,10YGR-HTSO-----Y,GR
2020-01-01T18:00:00+00:00,POURNARI1,29WGU-YISPOURN17,B12,,263.0,,MAW,PT60M,10YGR-HTSO-----Y,GR
2020-01-01T18:00:00+00:00,POURNARI2,29WGU-YISPOURN25,B12,,26.0,,MAW,PT60M,10YGR-HTSO-----Y,GR
2020-01-01T18:00:00+00:00,PROTERGIA_CC,29WGU-PROTERGCC2,B04,,193.0,,MAW,PT60M,10YGR-HTSO-----Y,GR
2020-01-01T18:00:00+00:00,P_AOOU,29WGU-YISPAOOU-5,B12,,94.0,,MAW,PT60M,10YGR-HTSO-----Y,GR
2020-01-01T18:00:00+00:00,SFIKIA,29WGU-YISSFIKIAE,B10,,83.0,,MAW,PT60M,10YGR-HTSO-----Y,GR
2020-01-01T18:00:00+00:00,STRATOS1,29WGU-YISSTRAT1L,B12,,42.0,,MAW,PT60M,10YGR-HTSO-----Y,GR
2020-01-01T18:00:00+00:00,THESAVROS1,29WGU-THESAVRO1B,B10,,58.0,,MAW,PT60M,10YGR-HTSO-----Y,GR
2020-01-01T18:00:00+00:00,THESAVROS2,29WGU-THESAVRO29,B10,,65.0,,MAW,PT60M,10YGR-HTSO-----Y,GR
2020-01-01T19:00:00+00:00,AG_DIMITRIOS4,29WGU-AGDIMI-IVI,B02,,151.0,,MAW,PT60M,10YGR-HTSO-----Y,GR
2020-01-01T19:00:00+00:00,AG_DIMITRIOS5,29WGU-AGDIMI-V-6,B02,,181.0,,MAW,PT60M,10YGR-HTSO-----Y,GR
2020-01-01T19:00:00+00:00,ALIVERI5,29WGU-ALIVERI-5Q,B04,,189.0,,MAW,PT60M,10YGR-HTSO-----Y,GR
2020-01-01T19:00:00+00:00,ALOUMINIO,29WGU-ALOUMINIOF,B04,,136.0,,MAW,PT60M,10YGR-HTSO-----Y,GR
2020-01-01T19:00:00+00:00,AMYNDEO1,29WGU-AMYNT-I--7,B02,,140.0,,MAW,PT60M,10YGR-HTSO-----Y,GR
2020-01-01T19:00:00+00:00,ASOMATA,29WGU-ASOMATON-J,B12,,0.0,,MAW,PT60M,10YGR-HTSO-----Y,GR
2020-01-01T19:00:00+00:00,HERON_CC,29WGU-HERON-CC-5,B04,,206.0,,MAW,PT60M,10YGR-HTSO-----Y,GR
2020-01-01T19:00:00+00:00,KASTRAKI,29WGU-KASTRAKI-O,B12,,0.0,,MAW,PT60M,10YGR-HTSO-----Y,GR
2020-01-01T19:00:00+00:00,KORINTHOS_POWER,29WGU-KORITHPWR3,B04,,304.0,,MAW,PT60M,10YGR-HTSO-----Y,GR
2020-01-01T19:00:00+00:00,LAVRIO4,29WGU-LAVRIO-IV8,B04,,248.0,,MAW,PT60M,10YGR-HTSO-----Y,GR
2020-01-01T19:00:00+00:00,MEGALOPOLI3,29WGU-MEGALIII-G,B02,,174.0,,MAW,PT60M,10YGR-HTSO-----Y,GR
2020-01-01T19:00:00+00:00,PLATANOVRYSI,29WGU-YISPLATAN1,B12,,26.0,,MAW,PT60M,10YGR-HTSO-----Y,GR
2020-01-01T19:00:00+00:00,POURNARI1,29WGU-YISPOURN17,B12,,156.0,,MAW,PT60M,10YGR-HTSO-----Y,GR
2020-01-01T19:00:00+00:00,POURNARI2,29WGU-YISPOURN25,B12,,27.0,,MAW,PT60M,10YGR-HTSO-----Y,GR
2020-01-01T19:00:00+00:00,PROTERGIA_CC,29WGU-PROTERGCC2,B04,,172.0,,MAW,PT60M,10YGR-HTSO-----Y,GR
2020-01-01T19:00:00+00:00,P_AOOU,29WGU-YISPAOOU-5,B12,,52.0,,MAW,PT60M,10YGR-HTSO-----Y,GR
2020-01-01T19:00:00+00:00,SFIKIA,29WGU-YISSFIKIAE,B10,,64.0,,MAW,PT60M,10YGR-HTSO-----Y,GR
2020-01-01T19:00:00+00:00,STRATOS1,29WGU-YISSTRAT1L,B12,,0.0,,MAW,PT60M,10YGR-HTSO-----Y,GR
2020-01-01T19:00:00+00:00,THESAVROS1,29WGU-THESAVRO1B,B10,,122.0,,MAW,PT60M,10YGR-HTSO-----Y,GR
2020-01-01T19:00:00+00:00,THESAVROS2,29WGU-THESAVRO29,B10,,122.0,,MAW,PT60M,10YGR-HTSO-----Y,GR
2020-01-01T20:00:00+00:00,AG_DIMITRIOS3,29WGU-AGDIMIIII5,B02,,149.0,,MAW,PT60M,10YGR-HTSO-----Y,GR
2020-01-01T20:00:00+00:00,AG_DIMITRIOS5,29WGU-AGDIMI-V-6,B02,,180.0,,MAW,PT60M,10YGR-HTSO-----Y,GR
2020-01-01T20:00:00+00:00,ALIVERI5,29WGU-ALIVERI-5Q,B04,,188.0,,MAW,PT60M,10YGR-HTSO-----Y,GR
2020-01-01T20:00:00+00:00,AMYNDEO1,29WGU-AMYNT-I--7,B02,,144.0,,MAW,PT60M,10YGR-HTSO-----Y,GR
2020-01-01T20:00:00+00:00,HERON_CC,29WGU-HERON-CC-5,B04,,192.0,,MAW,PT60M,10YGR-HTSO-----Y,GR
2020-01-01T20:00:00+00:00,ILARIONAS,29WGU-ILARIONAS4,B12,,107.0,,MAW,PT60M,10YGR-HTSO-----Y,GR
2020-01-01T20:00:00+00:00,KARDIA3,29WGU-KARDIAIIIK,B02,,147.0,,MAW,PT60M,10YGR-HTSO-----Y,GR
2020-01-01T20:00:00+00:00,KORINTHOS_POWER,29WGU-KORITHPWR3,B04,,284.0,,MAW,PT60M,10YGR-HTSO-----Y,GR
2020-01-01T20:00:00+00:00,LADONAS,29WGU-YISLADONAD,B12,,4.0,,MAW,PT60M,10YGR-HTSO-----Y,GR
2020-01-01T20:00:00+00:00,LAVRIO4,29WGU-LAVRIO-IV8,B04,,247.0,,MAW,PT60M,10YGR-HTSO-----Y,GR
2020-01-01T20:00:00+00:00,POURNARI1,29WGU-YISPOURN17,B12,,68.0,,MAW,PT60M,10YGR-HTSO-----Y,GR
2020-01-01T20:00:00+00:00,POURNARI2,29WGU-YISPOURN25,B12,,15.0,,MAW,PT60M,10YGR-HTSO-----Y,GR
2020-01-01T20:00:00+00:00,PROTERGIA_CC,29WGU-PROTERGCC2,B04,,164.0,,MAW,PT60M,10YGR-HTSO-----Y,GR
2020-01-01T20:00:00+00:00,SFIKIA,29WGU-YISSFIKIAE,B10,,0.0,,MAW,PT60M,10YGR-HTSO-----Y,GR
2020-01-01T20:00:00+00:00,THESAVROS1,29WGU-THESAVRO1B,B10,,61.0,,MAW,PT60M,10YGR-HTSO-----Y,GR
2020-01-01T20:00:00+00:00,THESAVROS2,29WGU-THESAVRO29,B10,,56.0,,MAW,PT60M,10YGR-HTSO-----Y,GR
2020-01-01T21:00:00+00:00,AG_DIMITRIOS3,29WGU-AGDIMIIII5,B02,,150.0,,MAW,PT60M,10YGR-HTSO-----Y,GR
2020-01-01T21:00:00+00:00,AG_DIMITRIOS4,29WGU-AGDIMI-IVI,B02,,152.0,,MAW,PT60M,10YGR-HTSO-----Y,GR
2020-01-01T21:00:00+00:00,ALIVERI5,29WGU-ALIVERI-5Q,B04,,190.0,,MAW,PT60M,10YGR-HTSO-----Y,GR
2020-01-01T21:00:00+00:00,ALOUMINIO,29WGU-ALOUMINIOF,B04,,135.0,,MAW,PT60M,10YGR-HTSO-----Y,GR
2020-01-01T21:00:00+00:00,AMYNDEO1,29WGU-AMYNT-I--7,B02,,142.0,,MAW,PT60M,10YGR-HTSO-----Y,GR
2020-01-01T21:00:00+00:00,ELPEDISON_THESS,29WGU-ENERGEITH4,B04,,206.0,,MAW,PT60M,10YGR-HTSO-----Y,GR
2020-01-01T21:00:00+00:00,HERON_CC,29WGU-HERON-CC-5,B04,,181.0,,MAW,PT60M,10YGR-HTSO-----Y,GR
2020-01-01T21:00:00+00:00,ILARIONAS,29WGU-ILARIONAS4,B12,,49.0,,MAW,PT60M,10YGR-HTSO-----Y,GR
2020-01-01T21:00:00+00:00,KORINTHOS_POWER,29WGU-KORITHPWR3,B04,,188.0,,MAW,PT60M,10YGR-HTSO-----Y,GR
2020-01-01T21:00:00+00:00,LADONAS,29WGU-YISLADONAD,B12,,0.0,,MAW,PT60M,10YGR-HTSO-----Y,GR
2020-01-01T21:00:00+00:00,LAVRIO4,29WGU-LAVRIO-IV8,B04,,173.0,,MAW,PT60M,10YGR-HTSO-----Y,GR
2020-01-01T21:00:00+00:00,POURNARI1,29WGU-YISPOURN17,B12,,53.0,,MAW,PT60M,10YGR-HTSO-----Y,GR
2020-01-01T21:00:00+00:00,POURNARI2,29WGU-YISPOURN25,B12,,8.0,,MAW,PT60M,10YGR-HTSO-----Y,GR
2020-01-01T21:00:00+00:00,PROTERGIA_CC,29WGU-PROTERGCC2,B04,,153.0,,MAW,PT60M,10YGR-HTSO-----Y,GR
2020-01-01T21:00:00+00:00,P_AOOU,29WGU-YISPAOOU-5,B12,,58.0,,MAW,PT60M,10YGR-HTSO-----Y,GR
2020-01-01T21:00:00+00:00,THESAVROS1,29WGU-THESAVRO1B,B10,,102.0,,MAW,PT60M,10YGR-HTSO-----Y,GR
2020-01-01T21:00:00+00:00,THESAVROS2,29WGU-THESAVRO29,B10,,31.0,,MAW,PT60M,10YGR-HTSO-----Y,GR
2020-01-01T22:00:00+00:00,AG_DIMITRIOS3,29WGU-AGDIMIIII5,B02,,186.0,,MAW,PT60M,10YGR-HTSO-----Y,GR
2020-01-01T22:00:00+00:00,AG_DIMITRIOS4,29WGU-AGDIMI-IVI,B02,,157.0,,MAW,PT60M,10YGR-HTSO-----Y,GR
2020-01-01T22:00:00+00:00,AG_DIMITRIOS5,29WGU-AGDIMI-V-6,B02,,191.0,,MAW,PT60M,10YGR-HTSO-----Y,GR
2020-01-01T22:00:00+00:00,ALIVERI5,29WGU-ALIVERI-5Q,B04,,307.0,,MAW,PT60M,10YGR-HTSO-----Y,GR
2020-01-01T22:00:00+00:00,ALOUMINIO,29WGU-ALOUMINIOF,B04,,136.0,,MAW,PT60M,10YGR-HTSO-----Y,GR
2020-01-01T22:00:00+00:00,ELPEDISON_THESS,29WGU-ENERGEITH4,B04,,1.0,,MAW,PT60M,10YGR-HTSO-----Y,GR
2020-01-01T22:00:00+00:00,HERON_CC,29WGU-HERON-CC-5,B04,,0.0,,MAW,PT60M,10YGR-HTSO-----Y,GR
2020-01-01T22:00:00+00:00,ILARIONAS,29WGU-ILARIONAS4,B12,,22.0,,MAW,PT60M,10YGR-HTSO-----Y,GR
2020-01-01T22:00:00+00:00,KARDIA3,29WGU-KARDIAIIIK,B02,,148.0,,MAW,PT60M,10YGR-HTSO-----Y,GR
2020-01-01T22:00:00+00:00,KORINTHOS_POWER,29WGU-KORITHPWR3,B04,,391.0,,MAW,PT60M,10YGR-HTSO-----Y,GR
2020-01-01T22:00:00+00:00,KREMASTA,29WGU-KREMASTONG,B12,,12.0,,MAW,PT60M,10YGR-HTSO-----Y,GR
2020-01-01T22:00:00+00:00,LADONAS,29WGU-YISLADONAD,B12,,45.0,,MAW,PT60M,10YGR-HTSO-----Y,GR
2020-01-01T22:00:00+00:00,LAVRIO4,29WGU-LAVRIO-IV8,B04,,1.0,,MAW,PT60M,10YGR-HTSO-----Y,GR
2020-01-01T22:00:00+00:00,LAVRIO5,29WGU-LAVRIO-V-X,B04,,0.0,,MAW,PT60M,10YGR-HTSO-----Y,GR
2020-01-01T22:00:00+00:00,MEGALOPOLI3,29WGU-MEGALIII-G,B02,,195.0,,MAW,PT60M,10YGR-HTSO-----Y,GR
2020-01-01T22:00:00+00:00,PLATANOVRYSI,29WGU-YISPLATAN1,B12,,0.0,,MAW,PT60M,10YGR-HTSO-----Y,GR
2020-01-01T22:00:00+00:00,POURNARI1,29WGU-YISPOURN17,B12,,31.0,,MAW,PT60M,10YGR-HTSO-----Y,GR
2020-01-01T22:00:00+00:00,POURNARI2,29WGU-YISPOURN25,B12,,5.0,,MAW,PT60M,10YGR-HTSO-----Y,GR
2020-01-01T22:00:00+00:00,PROTERGIA_CC,29WGU-PROTERGCC2,B04,,0.0,,MAW,PT60M,10YGR-HTSO-----Y,GR
2020-01-01T22:00:00+00:00,P_AOOU,29WGU-YISPAOOU-5,B12,,91.0,,MAW,PT60M,10YGR-HTSO-----Y,GR
2020-01-01T22:00:00+00:00,THESAVROS1,29WGU-THESAVRO1B,B10,,65.0,,MAW,PT60M,10YGR-HTSO-----Y,GR
2020-01-01T22:00:00+00:00,THESAVROS2,29WGU-THESAVRO29,B10,,56.0,,MAW,PT60M,10YGR-HTSO-----Y,GR
2020-01-01T23:00:00+00:00,AG_DIMITRIOS3,29WGU-AGDIMIIII5,B02,,187.0,,MAW,PT60M,10YGR-HTSO-----Y,GR
2020-01-01T23:00:00+00:00,AG_DIMITRIOS4,29WGU-AGDIMI-IVI,B02,,150.0,,MAW,PT60M,10YGR-HTSO-----Y,GR
2020-01-01T23:00:00+00:00,AG_DIMITRIOS5,29WGU-AGDIMI-V-6,B02,,190.0,,MAW,PT60M,10YGR-HTSO-----Y,GR
2020-01-01T23:00:00+00:00,ALIVERI5,29WGU-ALIVERI-5Q,B04,,230.0,,MAW,PT60M,10YGR-HTSO-----Y,GR
2020-01-01T23:00:00+00:00,ALOUMINIO,29WGU-ALOUMINIOF,B04,,135.0,,MAW,PT60M,10YGR-HTSO-----Y,GR
2020-01-01T23:00:00+00:00,ELPEDISON_THESS,29WGU-ENERGEITH4,B04,,0.0,,MAW,PT60M,10YGR-HTSO-----Y,GR
2020-01-01T23:00:00+00:00,ILARIONAS,29WGU-ILARIONAS4,B12,,0.0,,MAW,PT60M,10YGR-HTSO-----Y,GR
2020-01-01T23:00:00+00:00,KORINTHOS_POWER,29WGU-KORITHPWR3,B04,,381.0,,MAW,PT60M,10YGR-HTSO-----Y,GR
2020-01-01T23:00:00+00:00,KREMASTA,29WGU-KREMASTONG,B12,,33.0,,MAW,PT60M,10YGR-HTSO-----Y,GR
2020-01-01T23:00:00+00:00,LADONAS,29WGU-YISLADONAD,B12,,56.0,,MAW,PT60M,10YGR-HTSO-----Y,GR
2020-01-01T23:00:00+00:00,LAVRIO4,29WGU-LAVRIO-IV8,B04,,0.0,,MAW,PT60M,10YGR-HTSO-----Y,GR
2020-01-01T23:00:00+00:00,MEGALOPOLI3,29WGU-MEGALIII-G,B02,,184.0,,MAW,PT60M,10YGR-HTSO-----Y,GR
2020-01-01T23:00:00+00:00,POURNARI1,29WGU-YISPOURN17,B12,,0.0,,MAW,PT60M,10YGR-HTSO-----Y,GR
2020-01-01T23:00:00+00:00,POURNARI2,29WGU-YISPOURN25,B12,,0.0,,MAW,PT60M,10YGR-HTSO-----Y,GR
2020-01-01T23:00:00+00:00,P_AOOU,29WGU-YISPAOOU-5,B12,,35.0,,MAW,PT60M,10YGR-HTSO-----Y,GR
2020-01-01T23:00:00+00:00,THESAVROS1,29WGU-THESAVRO1B,B10,,0.0,,MAW,PT60M,10YGR-HTSO-----Y,GR
2020-01-01T23:00:00+00:00,THESAVROS2,29WGU-THESAVRO29,B10,,0.0,,MAW,PT60M,10YGR-HTSO-----Y,GR
2020-01-01T00:00:00+00:00,Aghada CT1,47W0000000001796,B04,,0.0,,MAW,PT30M,10YIE-1001A00010,IE
2020-01-01T00:00:00+00:00,Aghada CT1,47W0000000001796,B04,,0.0,,MAW,PT30M,10YIE-1001A00010,IE
2020-01-01T00:00:00+00:00,Aghada CT2,47W000000000180L,B04,,0.0,,MAW,PT30M,10YIE-1001A00010,IE
2020-01-01T00:00:00+00:00,Aghada CT2,47W000000000180L,B04,,0.0,,MAW,PT30M,10YIE-1001A00010,IE
2020-01-01T00:00:00+00:00,Aghada CT4,47W000000000181J,B04,,0.0,,MAW,PT30M,10YIE-1001A00010,IE
2020-01-01T00:00:00+00:00,Aghada CT4,47W000000000181J,B04,,0.0,,MAW,PT30M,10YIE-1001A00010,IE
2020-01-01T00:00:00+00:00,Aghada Unit 2,47W0000000001032,B04,,0.0,,MAW,PT30M,10YIE-1001A00010,IE
2020-01-01T00:00:00+00:00,Aghada Unit 2,47W0000000001032,B04,,214.6,,MAW,PT30M,10YIE-1001A00010,IE
2020-01-01T00:00:00+00:00,Ardnacrusha Unit 1,47W000000000182H,B11,,0.0,,MAW,PT30M,10YIE-1001A00010,IE
2020-01-01T00:00:00+00:00,Ardnacrusha Unit 1,47W000000000182H,B11,,21.3,,MAW,PT30M,10YIE-1001A00010,IE
2020-01-01T00:00:00+00:00,Ardnacrusha Unit 2,47W000000000183F,B11,,0.0,,MAW,PT30M,10YIE-1001A00010,IE
2020-01-01T00:00:00+00:00,Ardnacrusha Unit 2,47W000000000183F,B11,,22.32,,MAW,PT30M,10YIE-1001A00010,IE
2020-01-01T00:00:00+00:00,Ardnacrusha Unit 3,47W000000000184D,B11,,0.0,,MAW,PT30M,10YIE-1001A00010,IE
2020-01-01T00:00:00+00:00,Ardnacrusha Unit 3,47W000000000184D,B11,,19.28,,MAW,PT30M,10YIE-1001A00010,IE
2020-01-01T00:00:00+00:00,Ardnacrusha Unit 4,47W000000000185B,B11,,0.0,,MAW,PT30M,10YIE-1001A00010,IE
2020-01-01T00:00:00+00:00,Ardnacrusha Unit 4,47W000000000185B,B11,,21.7,,MAW,PT30M,10YIE-1001A00010,IE
2020-01-01T00:00:00+00:00,Cushaling Unit 1,47W000000000216Q,B04,,0.0,,MAW,PT30M,10YIE-1001A00010,IE
2020-01-01T00:00:00+00:00,Cushaling Unit 1,47W000000000216Q,B04,,0.0,,MAW,PT30M,10YIE-1001A00010,IE
2020-01-01T00:00:00+00:00,Cushaling Unit 2,47W000000000217O,B04,,0.0,,MAW,PT30M,10YIE-1001A00010,IE
2020-01-01T00:00:00+00:00,Cushaling Unit 2,47W000000000217O,B04,,0.0,,MAW,PT30M,10YIE-1001A00010,IE
2020-01-01T00:00:00+00:00,Dublin Bay Gen,47W000000000096A,B04,,0.0,,MAW,PT30M,10YIE-1001A00010,IE
2020-01-01T00:00:00+00:00,Dublin Bay Gen,47W000000000096A,B04,,0.0,,MAW,PT30M,10YIE-1001A00010,IE
2020-01-01T00:00:00+00:00,ERNE UNIT 1,47W0000000001869,B11,,0.0,,MAW,PT30M,10YIE-1001A00010,IE
2020-01-01T00:00:00+00:00,ERNE UNIT 1,47W0000000001869,B11,,9.64,,MAW,PT30M,10YIE-1001A00010,IE
2020-01-01T00:00:00+00:00,ERNE UNIT 2,47W0000000001877,B11,,0.0,,MAW,PT30M,10YIE-1001A00010,IE
2020-01-01T00:00:00+00:00,ERNE UNIT 2,47W0000000001877,B11,,9.72,,MAW,PT30M,10YIE-1001A00010,IE
2020-01-01T00:00:00+00:00,ERNE UNIT 3,47W0000000001885,B11,,0.0,,MAW,PT30M,10YIE-1001A00010,IE
2020-01-01T00:00:00+00:00,ERNE UNIT 3,47W0000000001885,B11,,24.28,,MAW,PT30M,10YIE-1001A00010,IE
2020-01-01T00:00:00+00:00,ERNE UNIT 4,47W0000000001893,B11,,0.0,,MAW,PT30M,10YIE-1001A00010,IE
2020-01-01T00:00:00+00:00,ERNE UNIT 4,47W0000000001893,B11,,24.32,,MAW,PT30M,10YIE-1001A00010,IE
2020-01-01T00:00:00+00:00,Edenderry Unit 1,47W000000000086D,B08,,0.0,,MAW,PT30M,10YIE-1001A00010,IE
2020-01-01T00:00:00+00:00,Edenderry Unit 1,47W000000000086D,B08,,0.0,,MAW,PT30M,10YIE-1001A00010,IE
2020-01-01T00:00:00+00:00,Great Island Unit 4,47W0000000001024,B04,,0.0,,MAW,PT30M,10YIE-1001A00010,IE
2020-01-01T00:00:00+00:00,Great Island Unit 4,47W0000000001024,B04,,383.76,,MAW,PT30M,10YIE-1001A00010,IE
2020-01-01T00:00:00+00:00,Huntstown CCGT Unit 1,47W000000000095C,B04,,0.0,,MAW,PT30M,10YIE-1001A00010,IE
2020-01-01T00:00:00+00:00,Huntstown CCGT Unit 1,47W000000000095C,B04,,225.34,,MAW,PT30M,10YIE-1001A00010,IE
2020-01-01T00:00:00+00:00,Huntstown CCGT Unit 2,47W0000000000986,B04,,0.0,,MAW,PT30M,10YIE-1001A00010,IE
2020-01-01T00:00:00+00:00,Huntstown CCGT Unit 2,47W0000000000986,B04,,0.0,,MAW,PT30M,10YIE-1001A00010,IE
2020-01-01T00:00:00+00:00,LEE UNIT 1,47W0000000001958,B11,,0.0,,MAW,PT30M,10YIE-1001A00010,IE
2020-01-01T00:00:00+00:00,LEE UNIT 1,47W0000000001958,B11,,0.0,,MAW,PT30M,10YIE-1001A00010,IE
2020-01-01T00:00:00+00:00,LEE UNIT 2,47W0000000001966,B11,,0.0,,MAW,PT30M,10YIE-1001A00010,IE
2020-01-01T00:00:00+00:00,LEE UNIT 2,47W0000000001966,B11,,1.06,,MAW,PT30M,10YIE-1001A00010,IE
2020-01-01T00:00:00+00:00,LEE UNIT 3,47W0000000001974,B11,,0.0,,MAW,PT30M,10YIE-1001A00010,IE
2020-01-01T00:00:00+00:00,LEE UNIT 3,47W0000000001974,B11,,0.0,,MAW,PT30M,10YIE-1001A00010,IE
2020-01-01T00:00:00+00:00,Lanesboro,47W000000000190I,B08,,0.0,,MAW,PT30M,10YIE-1001A00010,IE
2020-01-01T00:00:00+00:00,Lanesboro,47W000000000190I,B08,,62.94,,MAW,PT30M,10YIE-1001A00010,IE
2020-01-01T00:00:00+00:00,Liffey Unit 1,47W000000000191G,B11,,0.0,,MAW,PT30M,10YIE-1001A00010,IE
2020-01-01T00:00:00+00:00,Liffey Unit 1,47W000000000191G,B11,,0.0,,MAW,PT30M,10YIE-1001A00010,IE
2020-01-01T00:00:00+00:00,Liffey Unit 2,47W000000000192E,B11,,0.0,,MAW,PT30M,10YIE-1001A00010,IE
2020-01-01T00:00:00+00:00,Liffey Unit 2,47W000000000192E,B11,,0.0,,MAW,PT30M,10YIE-1001A00010,IE
2020-01-01T00:00:00+00:00,Liffey Unit 4,47W000000000193C,B11,,0.0,,MAW,PT30M,10YIE-1001A00010,IE
2020-01-01T00:00:00+00:00,Liffey Unit 4,47W000000000193C,B11,,0.0,,MAW,PT30M,10YIE-1001A00010,IE
2020-01-01T00:00:00+00:00,Liffey Unit 5,47W000000000194A,B11,,0.0,,MAW,PT30M,10YIE-1001A00010,IE
2020-01-01T00:00:00+00:00,Liffey Unit 5,47W000000000194A,B11,,2.92,,MAW,PT30M,10YIE-1001A00010,IE
2020-01-01T00:00:00+00:00,Moneypoint Unit 1,47W0000000000889,B05,,0.0,,MAW,PT30M,10YIE-1001A00010,IE
2020-01-01T00:00:00+00:00,Moneypoint Unit 1,47W0000000000889,B05,,0.0,,MAW,PT30M,10YIE-1001A00010,IE
2020-01-01T00:00:00+00:00,Moneypoint Unit 2,47W0000000000897,B05,,0.0,,MAW,PT30M,10YIE-1001A00010,IE
2020-01-01T00:00:00+00:00,Moneypoint Unit 2,47W0000000000897,B05,,0.0,,MAW,PT30M,10YIE-1001A00010,IE
2020-01-01T00:00:00+00:00,Moneypoint Unit 3,47W000000000090M,B05,,0.0,,MAW,PT30M,10YIE-1001A00010,IE
2020-01-01T00:00:00+00:00,Moneypoint Unit 3,47W000000000090M,B05,,0.0,,MAW,PT30M,10YIE-1001A00010,IE
2020-01-01T00:00:00+00:00,North Wall CT5,47W000000000092I,B04,,0.0,,MAW,PT30M,10YIE-1001A00010,IE
2020-01-01T00:00:00+00:00,North Wall CT5,47W000000000092I,B04,,0.0,,MAW,PT30M,10YIE-1001A00010,IE
2020-01-01T00:00:00+00:00,Poolbeg A,47W000000000355C,B04,,0.0,,MAW,PT30M,10YIE-1001A00010,IE
2020-01-01T00:00:00+00:00,Poolbeg A,47W000000000355C,B04,,121.36,,MAW,PT30M,10YIE-1001A00010,IE
2020-01-01T00:00:00+00:00,Poolbeg B,47W000000000356A,B04,,0.0,,MAW,PT30M,10YIE-1001A00010,IE
2020-01-01T00:00:00+00:00,Poolbeg B,47W000000000356A,B04,,0.0,,MAW,PT30M,10YIE-1001A00010,IE
2020-01-01T00:00:00+00:00,Rhode Unit 1,47W000000000212Y,B06,,0.0,,MAW,PT30M,10YIE-1001A00010,IE
2020-01-01T00:00:00+00:00,Rhode Unit 1,47W000000000212Y,B06,,0.0,,MAW,PT30M,10YIE-1001A00010,IE
2020-01-01T00:00:00+00:00,Rhode Unit 2,47W000000000213W,B06,,0.0,,MAW,PT30M,10YIE-1001A00010,IE
2020-01-01T00:00:00+00:00,Rhode Unit 2,47W000000000213W,B06,,0.0,,MAW,PT30M,10YIE-1001A00010,IE
2020-01-01T00:00:00+00:00,Sealrock 3,47W000000000177A,B04,,0.0,,MAW,PT30M,10YIE-1001A00010,IE
2020-01-01T00:00:00+00:00,Sealrock 3,47W000000000177A,B04,,83.12,,MAW,PT30M,10YIE-1001A00010,IE
2020-01-01T00:00:00+00:00,Sealrock 4,47W0000000001788,B04,,0.0,,MAW,PT30M,10YIE-1001A00010,IE
2020-01-01T00:00:00+00:00,Sealrock 4,47W0000000001788,B04,,83.0,,MAW,PT30M,10YIE-1001A00010,IE
2020-01-01T00:00:00+00:00,Tarbert Unit 1,47W000000000207R,B06,,0.0,,MAW,PT30M,10YIE-1001A00010,IE
2020-01-01T00:00:00+00:00,Tarbert Unit 1,47W000000000207R,B06,,0.0,,MAW,PT30M,10YIE-1001A00010,IE
2020-01-01T00:00:00+00:00,Tarbert Unit 2,47W000000000208P,B06,,0.0,,MAW,PT30M,10YIE-1001A00010,IE
2020-01-01T00:00:00+00:00,Tarbert Unit 2,47W000000000208P,B06,,0.0,,MAW,PT30M,10YIE-1001A00010,IE
2020-01-01T00:00:00+00:00,Tarbert Unit 3,47W0000000000994,B06,,0.0,,MAW,PT30M,10YIE-1001A00010,IE
2020-01-01T00:00:00+00:00,Tarbert Unit 3,47W0000000000994,B06,,35.97,,MAW,PT30M,10YIE-1001A00010,IE
2020-01-01T00:00:00+00:00,Tarbert Unit 4,47W0000000001008,B06,,0.0,,MAW,PT30M,10YIE-1001A00010,IE
2020-01-01T00:00:00+00:00,Tarbert Unit 4,47W0000000001008,B06,,0.0,,MAW,PT30M,10YIE-1001A00010,IE
2020-01-01T00:00:00+00:00,Tawnaghmore Unit 1,47W000000000214U,B06,,0.0,,MAW,PT30M,10YIE-1001A00010,IE
2020-01-01T00:00:00+00:00,Tawnaghmore Unit 1,47W000000000214U,B06,,0.0,,MAW,PT30M,10YIE-1001A00010,IE
2020-01-01T00:00:00+00:00,Tawnaghmore Unit 3,47W000000000215S,B06,,0.0,,MAW,PT30M,10YIE-1001A00010,IE
2020-01-01T00:00:00+00:00,Tawnaghmore Unit 3,47W000000000215S,B06,,0.0,,MAW,PT30M,10YIE-1001A00010,IE
2020-01-01T00:00:00+00:00,Turlough Hill Unit 1,47W0000000001982,B10,,0.0,,MAW,PT30M,10YIE-1001A00010,IE
2020-01-01T00:00:00+00:00,Turlough Hill Unit 1,47W0000000001982,B10,,7.24,,MAW,PT30M,10YIE-1001A00010,IE
2020-01-01T00:00:00+00:00,Turlough Hill Unit 2,47W0000000001990,B10,,0.0,,MAW,PT30M,10YIE-1001A00010,IE
2020-01-01T00:00:00+00:00,Turlough Hill Unit 2,47W0000000001990,B10,,0.0,,MAW,PT30M,10YIE-1001A00010,IE
2020-01-01T00:00:00+00:00,Turlough Hill Unit 3,47W0000000002004,B10,,0.0,,MAW,PT30M,10YIE-1001A00010,IE
2020-01-01T00:00:00+00:00,Turlough Hill Unit 3,47W0000000002004,B10,,0.0,,MAW,PT30M,10YIE-1001A00010,IE
2020-01-01T00:00:00+00:00,Turlough Hill Unit 4,47W0000000002012,B10,,0.0,,MAW,PT30M,10YIE-1001A00010,IE
2020-01-01T00:00:00+00:00,Turlough Hill Unit 4,47W0000000002012,B10,,6.72,,MAW,PT30M,10YIE-1001A00010,IE
2020-01-01T00:00:00+00:00,Tynagh Generator Unit,47W0000000000978,B04,,0.0,,MAW,PT30M,10YIE-1001A00010,IE
2020-01-01T00:00:00+00:00,Tynagh Generator Unit,47W0000000000978,B04,,317.74,,MAW,PT30M,10YIE-1001A00010,IE
2020-01-01T00:00:00+00:00,West Offaly,47W000000000094E,B08,,0.0,,MAW,PT30M,10YIE-1001A00010,IE
2020-01-01T00:00:00+00:00,West Offaly,47W000000000094E,B08,,136.98,,MAW,PT30M,10YIE-1001A00010,IE
2020-01-01T00:00:00+00:00,Whitegate Unit 1,47W0000000001040,B04,,0.0,,MAW,PT30M,10YIE-1001A00010,IE
2020-01-01T00:00:00+00:00,Whitegate Unit 1,47W0000000001040,B04,,439.56,,MAW,PT30M,10YIE-1001A00010,IE
2020-01-01T00:30:00+00:00,Aghada Unit 2,47W0000000001032,B04,,210.74,,MAW,PT30M,10YIE-1001A00010,IE
2020-01-01T00:30:00+00:00,Ardnacrusha Unit 1,47W000000000182H,B11,,21.1,,MAW,PT30M,10YIE-1001A00010,IE
2020-01-01T00:30:00+00:00,Ardnacrusha Unit 2,47W000000000183F,B11,,22.12,,MAW,PT30M,10YIE-1001A00010,IE
2020-01-01T00:30:00+00:00,Ardnacrusha Unit 3,47W000000000184D,B11,,19.06,,MAW,PT30M,10YIE-1001A00010,IE
2020-01-01T00:30:00+00:00,Ardnacrusha Unit 4,47W000000000185B,B11,,21.46,,MAW,PT30M,10YIE-1001A00010,IE
2020-01-01T00:30:00+00:00,ERNE UNIT 1,47W0000000001869,B11,,9.54,,MAW,PT30M,10YIE-1001A00010,IE
2020-01-01T00:30:00+00:00,ERNE UNIT 2,47W0000000001877,B11,,9.58,,MAW,PT30M,10YIE-1001A00010,IE
2020-01-01T00:30:00+00:00,ERNE UNIT 3,47W0000000001885,B11,,24.1,,MAW,PT30M,10YIE-1001A00010,IE
2020-01-01T00:30:00+00:00,ERNE UNIT 4,47W0000000001893,B11,,24.1,,MAW,PT30M,10YIE-1001A00010,IE
2020-01-01T00:30:00+00:00,Great Island Unit 4,47W0000000001024,B04,,434.94,,MAW,PT30M,10YIE-1001A00010,IE
2020-01-01T00:30:00+00:00,Huntstown CCGT Unit 1,47W000000000095C,B04,,275.32,,MAW,PT30M,10YIE-1001A00010,IE
2020-01-01T00:30:00+00:00,Lanesboro,47W000000000190I,B08,,62.9,,MAW,PT30M,10YIE-1001A00010,IE
2020-01-01T00:30:00+00:00,Liffey Unit 5,47W000000000194A,B11,,2.91,,MAW,PT30M,10YIE-1001A00010,IE
2020-01-01T00:30:00+00:00,Poolbeg A,47W000000000355C,B04,,119.78,,MAW,PT30M,10YIE-1001A00010,IE
2020-01-01T00:30:00+00:00,Sealrock 3,47W000000000177A,B04,,82.52,,MAW,PT30M,10YIE-1001A00010,IE
2020-01-01T00:30:00+00:00,Sealrock 4,47W0000000001788,B04,,82.22,,MAW,PT30M,10YIE-1001A00010,IE
2020-01-01T00:30:00+00:00,Tarbert Unit 3,47W0000000000994,B06,,36.18,,MAW,PT30M,10YIE-1001A00010,IE
2020-01-01T00:30:00+00:00,Turlough Hill Unit 1,47W0000000001982,B10,,4.34,,MAW,PT30M,10YIE-1001A00010,IE
2020-01-01T00:30:00+00:00,Turlough Hill Unit 3,47W0000000002004,B10,,16.02,,MAW,PT30M,10YIE-1001A00010,IE
2020-01-01T00:30:00+00:00,Turlough Hill Unit 4,47W0000000002012,B10,,3.0,,MAW,PT30M,10YIE-1001A00010,IE
2020-01-01T00:30:00+00:00,Tynagh Generator Unit,47W0000000000978,B04,,314.38,,MAW,PT30M,10YIE-1001A00010,IE
2020-01-01T00:30:00+00:00,West Offaly,47W000000000094E,B08,,137.16,,MAW,PT30M,10YIE-1001A00010,IE
2020-01-01T00:30:00+00:00,Whitegate Unit 1,47W0000000001040,B04,,435.6,,MAW,PT30M,10YIE-1001A00010,IE
2020-01-01T01:00:00+00:00,Aghada Unit 2,47W0000000001032,B04,,187.98,,MAW,PT30M,10YIE-1001A00010,IE
2020-01-01T01:00:00+00:00,Ardnacrusha Unit 1,47W000000000182H,B11,,20.96,,MAW,PT30M,10YIE-1001A00010,IE
2020-01-01T01:00:00+00:00,Ardnacrusha Unit 2,47W000000000183F,B11,,22.0,,MAW,PT30M,10YIE-1001A00010,IE
2020-01-01T01:00:00+00:00,Ardnacrusha Unit 3,47W000000000184D,B11,,18.88,,MAW,PT30M,10YIE-1001A00010,IE
2020-01-01T01:00:00+00:00,Ardnacrusha Unit 4,47W000000000185B,B11,,21.36,,MAW,PT30M,10YIE-1001A00010,IE
2020-01-01T01:00:00+00:00,ERNE UNIT 1,47W0000000001869,B11,,9.0,,MAW,PT30M,10YIE-1001A00010,IE
2020-01-01T01:00:00+00:00,ERNE UNIT 2,47W0000000001877,B11,,9.06,,MAW,PT30M,10YIE-1001A00010,IE
2020-01-01T01:00:00+00:00,ERNE UNIT 3,47W0000000001885,B11,,23.94,,MAW,PT30M,10YIE-1001A00010,IE
2020-01-01T01:00:00+00:00,ERNE UNIT 4,47W0000000001893,B11,,23.94,,MAW,PT30M,10YIE-1001A00010,IE
2020-01-01T01:00:00+00:00,Great Island Unit 4,47W0000000001024,B04,,435.74,,MAW,PT30M,10YIE-1001A00010,IE
2020-01-01T01:00:00+00:00,Huntstown CCGT Unit 1,47W000000000095C,B04,,321.82,,MAW,PT30M,10YIE-1001A00010,IE
2020-01-01T01:00:00+00:00,LEE UNIT 2,47W0000000001966,B11,,1.02,,MAW,PT30M,10YIE-1001A00010,IE
2020-01-01T01:00:00+00:00,Lanesboro,47W000000000190I,B08,,62.86,,MAW,PT30M,10YIE-1001A00010,IE
2020-01-01T01:00:00+00:00,Liffey Unit 5,47W000000000194A,B11,,2.9,,MAW,PT30M,10YIE-1001A00010,IE
2020-01-01T01:00:00+00:00,Poolbeg A,47W000000000355C,B04,,118.14,,MAW,PT30M,10YIE-1001A00010,IE
2020-01-01T01:00:00+00:00,Sealrock 3,47W000000000177A,B04,,81.58,,MAW,PT30M,10YIE-1001A00010,IE
2020-01-01T01:00:00+00:00,Sealrock 4,47W0000000001788,B04,,81.3,,MAW,PT30M,10YIE-1001A00010,IE
2020-01-01T01:00:00+00:00,Tarbert Unit 3,47W0000000000994,B06,,36.05,,MAW,PT30M,10YIE-1001A00010,IE
2020-01-01T01:00:00+00:00,Turlough Hill Unit 1,47W0000000001982,B10,,0.2,,MAW,PT30M,10YIE-1001A00010,IE
2020-01-01T01:00:00+00:00,Turlough Hill Unit 1,47W0000000001982,B10,,0.0,,MAW,PT30M,10YIE-1001A00010,IE
2020-01-01T01:00:00+00:00,Turlough Hill Unit 2,47W0000000001990,B10,,0.2,,MAW,PT30M,10YIE-1001A00010,IE
2020-01-01T01:00:00+00:00,Turlough Hill Unit 3,47W0000000002004,B10,,74.5,,MAW,PT30M,10YIE-1001A00010,IE
2020-01-01T01:00:00+00:00,Turlough Hill Unit 4,47W0000000002012,B10,,0.0,,MAW,PT30M,10YIE-1001A00010,IE
2020-01-01T01:00:00+00:00,Tynagh Generator Unit,47W0000000000978,B04,,332.44,,MAW,PT30M,10YIE-1001A00010,IE
2020-01-01T01:00:00+00:00,West Offaly,47W000000000094E,B08,,136.82,,MAW,PT30M,10YIE-1001A00010,IE
2020-01-01T01:00:00+00:00,Whitegate Unit 1,47W0000000001040,B04,,431.8,,MAW,PT30M,10YIE-1001A00010,IE
2020-01-01T01:30:00+00:00,Aghada Unit 2,47W0000000001032,B04,,20.38,,MAW,PT30M,10YIE-1001A00010,IE
2020-01-01T01:30:00+00:00,Ardnacrusha Unit 1,47W000000000182H,B11,,21.16,,MAW,PT30M,10YIE-1001A00010,IE
2020-01-01T01:30:00+00:00,Ardnacrusha Unit 2,47W000000000183F,B11,,22.2,,MAW,PT30M,10YIE-1001A00010,IE
2020-01-01T01:30:00+00:00,Ardnacrusha Unit 3,47W000000000184D,B11,,19.08,,MAW,PT30M,10YIE-1001A00010,IE
2020-01-01T01:30:00+00:00,Ardnacrusha Unit 4,47W000000000185B,B11,,21.56,,MAW,PT30M,10YIE-1001A00010,IE
2020-01-01T01:30:00+00:00,ERNE UNIT 1,47W0000000001869,B11,,9.1,,MAW,PT30M,10YIE-1001A00010,IE
2020-01-01T01:30:00+00:00,ERNE UNIT 2,47W0000000001877,B11,,9.14,,MAW,PT30M,10YIE-1001A00010,IE
2020-01-01T01:30:00+00:00,ERNE UNIT 3,47W0000000001885,B11,,24.16,,MAW,PT30M,10YIE-1001A00010,IE
2020-01-01T01:30:00+00:00,ERNE UNIT 4,47W0000000001893,B11,,24.2,,MAW,PT30M,10YIE-1001A00010,IE
2020-01-01T01:30:00+00:00,Great Island Unit 4,47W0000000001024,B04,,451.38,,MAW,PT30M,10YIE-1001A00010,IE
2020-01-01T01:30:00+00:00,Huntstown CCGT Unit 1,47W000000000095C,B04,,339.68,,MAW,PT30M,10YIE-1001A00010,IE
2020-01-01T01:30:00+00:00,LEE UNIT 2,47W0000000001966,B11,,1.04,,MAW,PT30M,10YIE-1001A00010,IE
2020-01-01T01:30:00+00:00,Lanesboro,47W000000000190I,B08,,62.9,,MAW,PT30M,10YIE-1001A00010,IE
2020-01-01T01:30:00+00:00,Poolbeg A,47W000000000355C,B04,,142.44,,MAW,PT30M,10YIE-1001A00010,IE
2020-01-01T01:30:00+00:00,Sealrock 3,47W000000000177A,B04,,81.88,,MAW,PT30M,10YIE-1001A00010,IE
2020-01-01T01:30:00+00:00,Sealrock 4,47W0000000001788,B04,,81.72,,MAW,PT30M,10YIE-1001A00010,IE
2020-01-01T01:30:00+00:00,Turlough Hill Unit 1,47W0000000001982,B10,,0.19,,MAW,PT30M,10YIE-1001A00010,IE
2020-01-01T01:30:00+00:00,Turlough Hill Unit 2,47W0000000001990,B10,,0.19,,MAW,PT30M,10YIE-1001A00010,IE
2020-01-01T01:30:00+00:00,Turlough Hill Unit 3,47W0000000002004,B10,,74.3,,MAW,PT30M,10YIE-1001A00010,IE
2020-01-01T01:30:00+00:00,Tynagh Generator Unit,47W0000000000978,B04,,381.86,,MAW,PT30M,10YIE-1001A00010,IE
2020-01-01T01:30:00+00:00,West Offaly,47W000000000094E,B08,,137.1,,MAW,PT30M,10YIE-1001A00010,IE
2020-01-01T01:30:00+00:00,Whitegate Unit 1,47W0000000001040,B04,,436.04,,MAW,PT30M,10YIE-1001A00010,IE
2020-01-01T02:00:00+00:00,Aghada Unit 2,47W0000000001032,B04,,0.0,,MAW,PT30M,10YIE-1001A00010,IE
2020-01-01T02:00:00+00:00,Ardnacrusha Unit 1,47W000000000182H,B11,,20.86,,MAW,PT30M,10YIE-1001A00010,IE
2020-01-01T02:00:00+00:00,Ardnacrusha Unit 2,47W000000000183F,B11,,21.84,,MAW,PT30M,10YIE-1001A00010,IE
2020-01-01T02:00:00+00:00,Ardnacrusha Unit 3,47W000000000184D,B11,,18.62,,MAW,PT30M,10YIE-1001A00010,IE
2020-01-01T02:00:00+00:00,Ardnacrusha Unit 4,47W000000000185B,B11,,21.16,,MAW,PT30M,10YIE-1001A00010,IE
2020-01-01T02:00:00+00:00,ERNE UNIT 1,47W0000000001869,B11,,8.93,,MAW,PT30M,10YIE-1001A00010,IE
2020-01-01T02:00:00+00:00,ERNE UNIT 2,47W0000000001877,B11,,8.95,,MAW,PT30M,10YIE-1001A00010,IE
2020-01-01T02:00:00+00:00,ERNE UNIT 3,47W0000000001885,B11,,23.88,,MAW,PT30M,10YIE-1001A00010,IE
2020-01-01T02:00:00+00:00,ERNE UNIT 4,47W0000000001893,B11,,23.9,,MAW,PT30M,10YIE-1001A00010,IE
2020-01-01T02:00:00+00:00,Edenderry Unit 1,47W000000000086D,B08,,4.96,,MAW,PT30M,10YIE-1001A00010,IE
2020-01-01T02:00:00+00:00,Great Island Unit 4,47W0000000001024,B04,,441.38,,MAW,PT30M,10YIE-1001A00010,IE
2020-01-01T02:00:00+00:00,Huntstown CCGT Unit 1,47W000000000095C,B04,,330.08,,MAW,PT30M,10YIE-1001A00010,IE
2020-01-01T02:00:00+00:00,LEE UNIT 2,47W0000000001966,B11,,1.0,,MAW,PT30M,10YIE-1001A00010,IE
2020-01-01T02:00:00+00:00,Lanesboro,47W000000000190I,B08,,62.82,,MAW,PT30M,10YIE-1001A00010,IE
2020-01-01T02:00:00+00:00,Poolbeg A,47W000000000355C,B04,,120.8,,MAW,PT30M,10YIE-1001A00010,IE
2020-01-01T02:00:00+00:00,Sealrock 3,47W000000000177A,B04,,80.12,,MAW,PT30M,10YIE-1001A00010,IE
2020-01-01T02:00:00+00:00,Sealrock 4,47W0000000001788,B04,,79.92,,MAW,PT30M,10YIE-1001A00010,IE
2020-01-01T02:00:00+00:00,Tarbert Unit 3,47W0000000000994,B06,,36.12,,MAW,PT30M,10YIE-1001A00010,IE
2020-01-01T02:00:00+00:00,Turlough Hill Unit 1,47W0000000001982,B10,,0.41,,MAW,PT30M,10YIE-1001A00010,IE
2020-01-01T02:00:00+00:00,Turlough Hill Unit 2,47W0000000001990,B10,,0.41,,MAW,PT30M,10YIE-1001A00010,IE
2020-01-01T02:00:00+00:00,Turlough Hill Unit 3,47W0000000002004,B10,,74.62,,MAW,PT30M,10YIE-1001A00010,IE
2020-01-01T02:00:00+00:00,Turlough Hill Unit 4,47W0000000002012,B10,,30.22,,MAW,PT30M,10YIE-1001A00010,IE
2020-01-01T02:00:00+00:00,Tynagh Generator Unit,47W0000000000978,B04,,366.64,,MAW,PT30M,10YIE-1001A00010,IE
2020-01-01T02:00:00+00:00,West Offaly,47W000000000094E,B08,,136.46,,MAW,PT30M,10YIE-1001A00010,IE
2020-01-01T02:00:00+00:00,Whitegate Unit 1,47W0000000001040,B04,,429.04,,MAW,PT30M,10YIE-1001A00010,IE
2020-01-01T02:30:00+00:00,Ardnacrusha Unit 1,47W000000000182H,B11,,20.72,,MAW,PT30M,10YIE-1001A00010,IE
2020-01-01T02:30:00+00:00,Ardnacrusha Unit 2,47W000000000183F,B11,,21.74,,MAW,PT30M,10YIE-1001A00010,IE
2020-01-01T02:30:00+00:00,Ardnacrusha Unit 3,47W000000000184D,B11,,18.4,,MAW,PT30M,10YIE-1001A00010,IE
2020-01-01T02:30:00+00:00,Ardnacrusha Unit 4,47W000000000185B,B11,,21.06,,MAW,PT30M,10YIE-1001A00010,IE
2020-01-01T02:30:00+00:00,ERNE UNIT 1,47W0000000001869,B11,,8.84,,MAW,PT30M,10YIE-1001A00010,IE
2020-01-01T02:30:00+00:00,ERNE UNIT 2,47W0000000001877,B11,,8.9,,MAW,PT30M,10YIE-1001A00010,IE
2020-01-01T02:30:00+00:00,ERNE UNIT 3,47W0000000001885,B11,,23.82,,MAW,PT30M,10YIE-1001A00010,IE
2020-01-01T02:30:00+00:00,ERNE UNIT 4,47W0000000001893,B11,,23.82,,MAW,PT30M,10YIE-1001A00010,IE
2020-01-01T02:30:00+00:00,Edenderry Unit 1,47W000000000086D,B08,,28.58,,MAW,PT30M,10YIE-1001A00010,IE
2020-01-01T02:30:00+00:00,Great Island Unit 4,47W0000000001024,B04,,435.94,,MAW,PT30M,10YIE-1001A00010,IE
2020-01-01T02:30:00+00:00,Huntstown CCGT Unit 1,47W000000000095C,B04,,257.68,,MAW,PT30M,10YIE-1001A00010,IE
2020-01-01T02:30:00+00:00,Lanesboro,47W000000000190I,B08,,62.76,,MAW,PT30M,10YIE-1001A00010,IE
2020-01-01T02:30:00+00:00,Poolbeg A,47W000000000355C,B04,,117.74,,MAW,PT30M,10YIE-1001A00010,IE
2020-01-01T02:30:00+00:00,Sealrock 3,47W000000000177A,B04,,79.34,,MAW,PT30M,10YIE-1001A00010,IE
2020-01-01T02:30:00+00:00,Sealrock 4,47W0000000001788,B04,,79.16,,MAW,PT30M,10YIE-1001A00010,IE
2020-01-01T02:30:00+00:00,Tarbert Unit 3,47W0000000000994,B06,,36.02,,MAW,PT30M,10YIE-1001A00010,IE
2020-01-01T02:30:00+00:00,Turlough Hill Unit 1,47W0000000001982,B10,,0.0,,MAW,PT30M,10YIE-1001A00010,IE
2020-01-01T02:30:00+00:00,Turlough Hill Unit 2,47W0000000001990,B10,,65.12,,MAW,PT30M,10YIE-1001A00010,IE
2020-01-01T02:30:00+00:00,Turlough Hill Unit 3,47W0000000002004,B10,,73.67,,MAW,PT30M,10YIE-1001A00010,IE
2020-01-01T02:30:00+00:00,Turlough Hill Unit 4,47W0000000002012,B10,,75.33,,MAW,PT30M,10YIE-1001A00010,IE
2020-01-01T02:30:00+00:00,Tynagh Generator Unit,47W0000000000978,B04,,298.0,,MAW,PT30M,10YIE-1001A00010,IE
2020-01-01T02:30:00+00:00,West Offaly,47W000000000094E,B08,,135.96,,MAW,PT30M,10YIE-1001A00010,IE
2020-01-01T02:30:00+00:00,Whitegate Unit 1,47W0000000001040,B04,,425.8,,MAW,PT30M,10YIE-1001A00010,IE
2020-01-01T03:00:00+00:00,Ardnacrusha Unit 1,47W000000000182H,B11,,20.56,,MAW,PT30M,10YIE-1001A00010,IE
2020-01-01T03:00:00+00:00,Ardnacrusha Unit 2,47W000000000183F,B11,,21.58,,MAW,PT30M,10YIE-1001A00010,IE
2020-01-01T03:00:00+00:00,Ardnacrusha Unit 3,47W000000000184D,B11,,18.22,,MAW,PT30M,10YIE-1001A00010,IE
2020-01-01T03:00:00+00:00,Ardnacrusha Unit 4,47W000000000185B,B11,,20.84,,MAW,PT30M,10YIE-1001A00010,IE
2020-01-01T03:00:00+00:00,ERNE UNIT 1,47W0000000001869,B11,,8.8,,MAW,PT30M,10YIE-1001A00010,IE
2020-01-01T03:00:00+00:00,ERNE UNIT 2,47W0000000001877,B11,,8.82,,MAW,PT30M,10YIE-1001A00010,IE
2020-01-01T03:00:00+00:00,ERNE UNIT 3,47W0000000001885,B11,,23.72,,MAW,PT30M,10YIE-1001A00010,IE
2020-01-01T03:00:00+00:00,ERNE UNIT 4,47W0000000001893,B11,,23.72,,MAW,PT30M,10YIE-1001A00010,IE
2020-01-01T03:00:00+00:00,Edenderry Unit 1,47W000000000086D,B08,,42.98,,MAW,PT30M,10YIE-1001A00010,IE
2020-01-01T03:00:00+00:00,Great Island Unit 4,47W0000000001024,B04,,348.42,,MAW,PT30M,10YIE-1001A00010,IE
2020-01-01T03:00:00+00:00,Huntstown CCGT Unit 1,47W000000000095C,B04,,163.2,,MAW,PT30M,10YIE-1001A00010,IE
2020-01-01T03:00:00+00:00,LEE UNIT 2,47W0000000001966,B11,,0.94,,MAW,PT30M,10YIE-1001A00010,IE
2020-01-01T03:00:00+00:00,Lanesboro,47W000000000190I,B08,,62.78,,MAW,PT30M,10YIE-1001A00010,IE
2020-01-01T03:00:00+00:00,Liffey Unit 5,47W000000000194A,B11,,2.91,,MAW,PT30M,10YIE-1001A00010,IE
2020-01-01T03:00:00+00:00,Poolbeg A,47W000000000355C,B04,,117.6,,MAW,PT30M,10YIE-1001A00010,IE
2020-01-01T03:00:00+00:00,Sealrock 3,47W000000000177A,B04,,78.62,,MAW,PT30M,10YIE-1001A00010,IE
2020-01-01T03:00:00+00:00,Sealrock 4,47W0000000001788,B04,,78.46,,MAW,PT30M,10YIE-1001A00010,IE
2020-01-01T03:00:00+00:00,Tarbert Unit 3,47W0000000000994,B06,,36.09,,MAW,PT30M,10YIE-1001A00010,IE
2020-01-01T03:00:00+00:00,Turlough Hill Unit 2,47W0000000001990,B10,,76.94,,MAW,PT30M,10YIE-1001A00010,IE
2020-01-01T03:00:00+00:00,Turlough Hill Unit 3,47W0000000002004,B10,,73.27,,MAW,PT30M,10YIE-1001A00010,IE
2020-01-01T03:00:00+00:00,Turlough Hill Unit 4,47W0000000002012,B10,,75.23,,MAW,PT30M,10YIE-1001A00010,IE
2020-01-01T03:00:00+00:00,Tynagh Generator Unit,47W0000000000978,B04,,294.04,,MAW,PT30M,10YIE-1001A00010,IE
2020-01-01T03:00:00+00:00,West Offaly,47W000000000094E,B08,,135.46,,MAW,PT30M,10YIE-1001A00010,IE
2020-01-01T03:00:00+00:00,Whitegate Unit 1,47W0000000001040,B04,,421.6,,MAW,PT30M,10YIE-1001A00010,IE
2020-01-01T03:30:00+00:00,Ardnacrusha Unit 1,47W000000000182H,B11,,20.98,,MAW,PT30M,10YIE-1001A00010,IE
2020-01-01T03:30:00+00:00,Ardnacrusha Unit 2,47W000000000183F,B11,,21.98,,MAW,PT30M,10YIE-1001A00010,IE
2020-01-01T03:30:00+00:00,Ardnacrusha Unit 3,47W000000000184D,B11,,18.74,,MAW,PT30M,10YIE-1001A00010,IE
2020-01-01T03:30:00+00:00,Ardnacrusha Unit 4,47W000000000185B,B11,,21.26,,MAW,PT30M,10YIE-1001A00010,IE
2020-01-01T03:30:00+00:00,ERNE UNIT 1,47W0000000001869,B11,,9.01,,MAW,PT30M,10YIE-1001A00010,IE
2020-01-01T03:30:00+00:00,ERNE UNIT 2,47W0000000001877,B11,,9.03,,MAW,PT30M,10YIE-1001A00010,IE
2020-01-01T03:30:00+00:00,ERNE UNIT 3,47W0000000001885,B11,,24.04,,MAW,PT30M,10YIE-1001A00010,IE
2020-01-01T03:30:00+00:00,ERNE UNIT 4,47W0000000001893,B11,,24.12,,MAW,PT30M,10YIE-1001A00010,IE
2020-01-01T03:30:00+00:00,Edenderry Unit 1,47W000000000086D,B08,,46.26,,MAW,PT30M,10YIE-1001A00010,IE
2020-01-01T03:30:00+00:00,Great Island Unit 4,47W0000000001024,B04,,260.18,,MAW,PT30M,10YIE-1001A00010,IE
2020-01-01T03:30:00+00:00,Huntstown CCGT Unit 1,47W000000000095C,B04,,154.82,,MAW,PT30M,10YIE-1001A00010,IE
2020-01-01T03:30:00+00:00,LEE UNIT 2,47W0000000001966,B11,,1.0,,MAW,PT30M,10YIE-1001A00010,IE
2020-01-01T03:30:00+00:00,Lanesboro,47W000000000190I,B08,,62.84,,MAW,PT30M,10YIE-1001A00010,IE
2020-01-01T03:30:00+00:00,Liffey Unit 5,47W000000000194A,B11,,2.92,,MAW,PT30M,10YIE-1001A00010,IE
2020-01-01T03:30:00+00:00,Poolbeg A,47W000000000355C,B04,,119.34,,MAW,PT30M,10YIE-1001A00010,IE
2020-01-01T03:30:00+00:00,Sealrock 3,47W000000000177A,B04,,80.7,,MAW,PT30M,10YIE-1001A00010,IE
2020-01-01T03:30:00+00:00,Sealrock 4,47W0000000001788,B04,,80.58,,MAW,PT30M,10YIE-1001A00010,IE
2020-01-01T03:30:00+00:00,Tarbert Unit 3,47W0000000000994,B06,,36.02,,MAW,PT30M,10YIE-1001A00010,IE
2020-01-01T03:30:00+00:00,Turlough Hill Unit 2,47W0000000001990,B10,,76.28,,MAW,PT30M,10YIE-1001A00010,IE
2020-01-01T03:30:00+00:00,Turlough Hill Unit 3,47W0000000002004,B10,,72.62,,MAW,PT30M,10YIE-1001A00010,IE
2020-01-01T03:30:00+00:00,Turlough Hill Unit 4,47W0000000002012,B10,,74.66,,MAW,PT30M,10YIE-1001A00010,IE
2020-01-01T03:30:00+00:00,Tynagh Generator Unit,47W0000000000978,B04,,288.6,,MAW,PT30M,10YIE-1001A00010,IE
2020-01-01T03:30:00+00:00,West Offaly,47W000000000094E,B08,,136.54,,MAW,PT30M,10YIE-1001A00010,IE
2020-01-01T03:30:00+00:00,Whitegate Unit 1,47W0000000001040,B04,,418.62,,MAW,PT30M,10YIE-1001A00010,IE
2020-01-01T04:00:00+00:00,Ardnacrusha Unit 2,47W000000000183F,B11,,22.02,,MAW,PT30M,10YIE-1001A00010,IE
2020-01-01T04:00:00+00:00,Ardnacrusha Unit 3,47W000000000184D,B11,,18.9,,MAW,PT30M,10YIE-1001A00010,IE
2020-01-01T04:00:00+00:00,Ardnacrusha Unit 4,47W000000000185B,B11,,21.42,,MAW,PT30M,10YIE-1001A00010,IE
2020-01-01T04:00:00+00:00,ERNE UNIT 1,47W0000000001869,B11,,8.97,,MAW,PT30M,10YIE-1001A00010,IE
2020-01-01T04:00:00+00:00,ERNE UNIT 2,47W0000000001877,B11,,9.01,,MAW,PT30M,10YIE-1001A00010,IE
2020-01-01T04:00:00+00:00,ERNE UNIT 4,47W0000000001893,B11,,24.08,,MAW,PT30M,10YIE-1001A00010,IE
2020-01-01T04:00:00+00:00,Edenderry Unit 1,47W000000000086D,B08,,47.56,,MAW,PT30M,10YIE-1001A00010,IE
2020-01-01T04:00:00+00:00,Great Island Unit 4,47W0000000001024,B04,,190.54,,MAW,PT30M,10YIE-1001A00010,IE
2020-01-01T04:00:00+00:00,Huntstown CCGT Unit 1,47W000000000095C,B04,,164.74,,MAW,PT30M,10YIE-1001A00010,IE
2020-01-01T04:00:00+00:00,LEE UNIT 2,47W0000000001966,B11,,1.02,,MAW,PT30M,10YIE-1001A00010,IE
2020-01-01T04:00:00+00:00,Lanesboro,47W000000000190I,B08,,62.88,,MAW,PT30M,10YIE-1001A00010,IE
2020-01-01T04:00:00+00:00,Poolbeg A,47W000000000355C,B04,,119.4,,MAW,PT30M,10YIE-1001A00010,IE
2020-01-01T04:00:00+00:00,Sealrock 3,47W000000000177A,B04,,81.08,,MAW,PT30M,10YIE-1001A00010,IE
2020-01-01T04:00:00+00:00,Sealrock 4,47W0000000001788,B04,,80.88,,MAW,PT30M,10YIE-1001A00010,IE
2020-01-01T04:00:00+00:00,Turlough Hill Unit 2,47W0000000001990,B10,,75.9,,MAW,PT30M,10YIE-1001A00010,IE
2020-01-01T04:00:00+00:00,Turlough Hill Unit 3,47W0000000002004,B10,,72.25,,MAW,PT30M,10YIE-1001A00010,IE
2020-01-01T04:00:00+00:00,Turlough Hill Unit 4,47W0000000002012,B10,,74.33,,MAW,PT30M,10YIE-1001A00010,IE
2020-01-01T04:00:00+00:00,Tynagh Generator Unit,47W0000000000978,B04,,291.76,,MAW,PT30M,10YIE-1001A00010,IE
2020-01-01T04:00:00+00:00,West Offaly,47W000000000094E,B08,,137.16,,MAW,PT30M,10YIE-1001A00010,IE
2020-01-01T04:00:00+00:00,Whitegate Unit 1,47W0000000001040,B04,,396.36,,MAW,PT30M,10YIE-1001A00010,IE
2020-01-01T04:30:00+00:00,Ardnacrusha Unit 1,47W000000000182H,B11,,20.9,,MAW,PT30M,10YIE-1001A00010,IE
2020-01-01T04:30:00+00:00,Ardnacrusha Unit 2,47W000000000183F,B11,,21.92,,MAW,PT30M,10YIE-1001A00010,IE
2020-01-01T04:30:00+00:00,Ardnacrusha Unit 3,47W000000000184D,B11,,18.74,,MAW,PT30M,10YIE-1001A00010,IE
2020-01-01T04:30:00+00:00,Ardnacrusha Unit 4,47W000000000185B,B11,,21.24,,MAW,PT30M,10YIE-1001A00010,IE
2020-01-01T04:30:00+00:00,ERNE UNIT 1,47W0000000001869,B11,,8.92,,MAW,PT30M,10YIE-1001A00010,IE
2020-01-01T04:30:00+00:00,ERNE UNIT 2,47W0000000001877,B11,,8.94,,MAW,PT30M,10YIE-1001A00010,IE
2020-01-01T04:30:00+00:00,ERNE UNIT 3,47W0000000001885,B11,,23.92,,MAW,PT30M,10YIE-1001A00010,IE
2020-01-01T04:30:00+00:00,ERNE UNIT 4,47W0000000001893,B11,,23.92,,MAW,PT30M,10YIE-1001A00010,IE
2020-01-01T04:30:00+00:00,Edenderry Unit 1,47W000000000086D,B08,,48.9,,MAW,PT30M,10YIE-1001A00010,IE
2020-01-01T04:30:00+00:00,Great Island Unit 4,47W0000000001024,B04,,188.16,,MAW,PT30M,10YIE-1001A00010,IE
2020-01-01T04:30:00+00:00,Huntstown CCGT Unit 1,47W000000000095C,B04,,147.64,,MAW,PT30M,10YIE-1001A00010,IE
2020-01-01T04:30:00+00:00,Lanesboro,47W000000000190I,B08,,62.9,,MAW,PT30M,10YIE-1001A00010,IE
2020-01-01T04:30:00+00:00,Poolbeg A,47W000000000355C,B04,,118.36,,MAW,PT30M,10YIE-1001A00010,IE
2020-01-01T04:30:00+00:00,Sealrock 3,47W000000000177A,B04,,80.66,,MAW,PT30M,10YIE-1001A00010,IE
2020-01-01T04:30:00+00:00,Sealrock 4,47W0000000001788,B04,,80.46,,MAW,PT30M,10YIE-1001A00010,IE
2020-01-01T04:30:00+00:00,Tarbert Unit 3,47W0000000000994,B06,,36.03,,MAW,PT30M,10YIE-1001A00010,IE
2020-01-01T04:30:00+00:00,Turlough Hill Unit 2,47W0000000001990,B10,,75.6,,MAW,PT30M,10YIE-1001A00010,IE
2020-01-01T04:30:00+00:00,Turlough Hill Unit 3,47W0000000002004,B10,,71.95,,MAW,PT30M,10YIE-1001A00010,IE
2020-01-01T04:30:00+00:00,Turlough Hill Unit 4,47W0000000002012,B10,,74.03,,MAW,PT30M,10YIE-1001A00010,IE
2020-01-01T04:30:00+00:00,Tynagh Generator Unit,47W0000000000978,B04,,271.84,,MAW,PT30M,10YIE-1001A00010,IE
2020-01-01T04:30:00+00:00,West Offaly,47W000000000094E,B08,,137.1,,MAW,PT30M,10YIE-1001A00010,IE
2020-01-01T04:30:00+00:00,Whitegate Unit 1,47W0000000001040,B04,,381.22,,MAW,PT30M,10YIE-1001A00010,IE
2020-01-01T05:00:00+00:00,Ardnacrusha Unit 1,47W000000000182H,B11,,20.84,,MAW,PT30M,10YIE-1001A00010,IE
2020-01-01T05:00:00+00:00,Ardnacrusha Unit 2,47W000000000183F,B11,,21.84,,MAW,PT30M,10YIE-1001A00010,IE
2020-01-01T05:00:00+00:00,Ardnacrusha Unit 3,47W000000000184D,B11,,18.58,,MAW,PT30M,10YIE-1001A00010,IE
2020-01-01T05:00:00+00:00,Ardnacrusha Unit 4,47W000000000185B,B11,,21.16,,MAW,PT30M,10YIE-1001A00010,IE
2020-01-01T05:00:00+00:00,ERNE UNIT 1,47W0000000001869,B11,,8.88,,MAW,PT30M,10YIE-1001A00010,IE
2020-01-01T05:00:00+00:00,ERNE UNIT 2,47W0000000001877,B11,,8.9,,MAW,PT30M,10YIE-1001A00010,IE
2020-01-01T05:00:00+00:00,ERNE UNIT 3,47W0000000001885,B11,,23.88,,MAW,PT30M,10YIE-1001A00010,IE
2020-01-01T05:00:00+00:00,ERNE UNIT 4,47W0000000001893,B11,,23.9,,MAW,PT30M,10YIE-1001A00010,IE
2020-01-01T05:00:00+00:00,Edenderry Unit 1,47W000000000086D,B08,,52.46,,MAW,PT30M,10YIE-1001A00010,IE
2020-01-01T05:00:00+00:00,Great Island Unit 4,47W0000000001024,B04,,184.9,,MAW,PT30M,10YIE-1001A00010,IE
2020-01-01T05:00:00+00:00,Huntstown CCGT Unit 1,47W000000000095C,B04,,152.94,,MAW,PT30M,10YIE-1001A00010,IE
2020-01-01T05:00:00+00:00,Lanesboro,47W000000000190I,B08,,62.92,,MAW,PT30M,10YIE-1001A00010,IE
2020-01-01T05:00:00+00:00,Liffey Unit 5,47W000000000194A,B11,,2.93,,MAW,PT30M,10YIE-1001A00010,IE
2020-01-01T05:00:00+00:00,Poolbeg A,47W000000000355C,B04,,118.04,,MAW,PT30M,10YIE-1001A00010,IE
2020-01-01T05:00:00+00:00,Sealrock 3,47W000000000177A,B04,,80.06,,MAW,PT30M,10YIE-1001A00010,IE
2020-01-01T05:00:00+00:00,Sealrock 4,47W0000000001788,B04,,79.9,,MAW,PT30M,10YIE-1001A00010,IE
2020-01-01T05:00:00+00:00,Tarbert Unit 3,47W0000000000994,B06,,36.06,,MAW,PT30M,10YIE-1001A00010,IE
2020-01-01T05:00:00+00:00,Turlough Hill Unit 2,47W0000000001990,B10,,75.22,,MAW,PT30M,10YIE-1001A00010,IE
2020-01-01T05:00:00+00:00,Turlough Hill Unit 3,47W0000000002004,B10,,71.65,,MAW,PT30M,10YIE-1001A00010,IE
2020-01-01T05:00:00+00:00,Turlough Hill Unit 4,47W0000000002012,B10,,73.73,,MAW,PT30M,10YIE-1001A00010,IE
2020-01-01T05:00:00+00:00,Tynagh Generator Unit,47W0000000000978,B04,,281.42,,MAW,PT30M,10YIE-1001A00010,IE
2020-01-01T05:00:00+00:00,West Offaly,47W000000000094E,B08,,136.78,,MAW,PT30M,10YIE-1001A00010,IE
2020-01-01T05:00:00+00:00,Whitegate Unit 1,47W0000000001040,B04,,332.34,,MAW,PT30M,10YIE-1001A00010,IE
2020-01-01T05:30:00+00:00,Ardnacrusha Unit 1,47W000000000182H,B11,,20.74,,MAW,PT30M,10YIE-1001A00010,IE
2020-01-01T05:30:00+00:00,Ardnacrusha Unit 2,47W000000000183F,B11,,21.78,,MAW,PT30M,10YIE-1001A00010,IE
2020-01-01T05:30:00+00:00,Ardnacrusha Unit 3,47W000000000184D,B11,,18.42,,MAW,PT30M,10YIE-1001A00010,IE
2020-01-01T05:30:00+00:00,Ardnacrusha Unit 4,47W000000000185B,B11,,21.06,,MAW,PT30M,10YIE-1001A00010,IE
2020-01-01T05:30:00+00:00,ERNE UNIT 1,47W0000000001869,B11,,8.81,,MAW,PT30M,10YIE-1001A00010,IE
2020-01-01T05:30:00+00:00,ERNE UNIT 2,47W0000000001877,B11,,8.83,,MAW,PT30M,10YIE-1001A00010,IE
2020-01-01T05:30:00+00:00,ERNE UNIT 3,47W0000000001885,B11,,23.78,,MAW,PT30M,10YIE-1001A00010,IE
2020-01-01T05:30:00+00:00,ERNE UNIT 4,47W0000000001893,B11,,23.82,,MAW,PT30M,10YIE-1001A00010,IE
2020-01-01T05:30:00+00:00,Edenderry Unit 1,47W000000000086D,B08,,68.22,,MAW,PT30M,10YIE-1001A00010,IE
2020-01-01T05:30:00+00:00,Great Island Unit 4,47W0000000001024,B04,,180.38,,MAW,PT30M,10YIE-1001A00010,IE
2020-01-01T05:30:00+00:00,Huntstown CCGT Unit 1,47W000000000095C,B04,,164.8,,MAW,PT30M,10YIE-1001A00010,IE
2020-01-01T05:30:00+00:00,LEE UNIT 2,47W0000000001966,B11,,1.0,,MAW,PT30M,10YIE-1001A00010,IE
2020-01-01T05:30:00+00:00,Lanesboro,47W000000000190I,B08,,62.98,,MAW,PT30M,10YIE-1001A00010,IE
2020-01-01T05:30:00+00:00,Liffey Unit 5,47W000000000194A,B11,,2.94,,MAW,PT30M,10YIE-1001A00010,IE
2020-01-01T05:30:00+00:00,Poolbeg A,47W000000000355C,B04,,117.66,,MAW,PT30M,10YIE-1001A00010,IE
2020-01-01T05:30:00+00:00,Sealrock 3,47W000000000177A,B04,,79.36,,MAW,PT30M,10YIE-1001A00010,IE
2020-01-01T05:30:00+00:00,Sealrock 4,47W0000000001788,B04,,79.18,,MAW,PT30M,10YIE-1001A00010,IE
2020-01-01T05:30:00+00:00,Tarbert Unit 3,47W0000000000994,B06,,36.01,,MAW,PT30M,10YIE-1001A00010,IE
2020-01-01T05:30:00+00:00,Turlough Hill Unit 2,47W0000000001990,B10,,74.92,,MAW,PT30M,10YIE-1001A00010,IE
2020-01-01T05:30:00+00:00,Turlough Hill Unit 3,47W0000000002004,B10,,71.49,,MAW,PT30M,10YIE-1001A00010,IE
2020-01-01T05:30:00+00:00,Turlough Hill Unit 4,47W0000000002012,B10,,73.33,,MAW,PT30M,10YIE-1001A00010,IE
2020-01-01T05:30:00+00:00,Tynagh Generator Unit,47W0000000000978,B04,,297.5,,MAW,PT30M,10YIE-1001A00010,IE
2020-01-01T05:30:00+00:00,West Offaly,47W000000000094E,B08,,136.16,,MAW,PT30M,10YIE-1001A00010,IE
2020-01-01T05:30:00+00:00,Whitegate Unit 1,47W0000000001040,B04,,321.32,,MAW,PT30M,10YIE-1001A00010,IE
2020-01-01T06:00:00+00:00,Ardnacrusha Unit 1,47W000000000182H,B11,,20.94,,MAW,PT30M,10YIE-1001A00010,IE
2020-01-01T06:00:00+00:00,Ardnacrusha Unit 2,47W000000000183F,B11,,21.94,,MAW,PT30M,10YIE-1001A00010,IE
2020-01-01T06:00:00+00:00,Ardnacrusha Unit 3,47W000000000184D,B11,,18.82,,MAW,PT30M,10YIE-1001A00010,IE
2020-01-01T06:00:00+00:00,Ardnacrusha Unit 4,47W000000000185B,B11,,21.26,,MAW,PT30M,10YIE-1001A00010,IE
2020-01-01T06:00:00+00:00,ERNE UNIT 1,47W0000000001869,B11,,8.93,,MAW,PT30M,10YIE-1001A00010,IE
2020-01-01T06:00:00+00:00,ERNE UNIT 2,47W0000000001877,B11,,8.95,,MAW,PT30M,10YIE-1001A00010,IE
2020-01-01T06:00:00+00:00,ERNE UNIT 3,47W0000000001885,B11,,23.98,,MAW,PT30M,10YIE-1001A00010,IE
2020-01-01T06:00:00+00:00,ERNE UNIT 4,47W0000000001893,B11,,23.98,,MAW,PT30M,10YIE-1001A00010,IE
2020-01-01T06:00:00+00:00,Edenderry Unit 1,47W000000000086D,B08,,49.54,,MAW,PT30M,10YIE-1001A00010,IE
2020-01-01T06:00:00+00:00,Great Island Unit 4,47W0000000001024,B04,,190.28,,MAW,PT30M,10YIE-1001A00010,IE
2020-01-01T06:00:00+00:00,Huntstown CCGT Unit 1,47W000000000095C,B04,,154.4,,MAW,PT30M,10YIE-1001A00010,IE
2020-01-01T06:00:00+00:00,LEE UNIT 2,47W0000000001966,B11,,1.02,,MAW,PT30M,10YIE-1001A00010,IE
2020-01-01T06:00:00+00:00,Lanesboro,47W000000000190I,B08,,63.12,,MAW,PT30M,10YIE-1001A00010,IE
2020-01-01T06:00:00+00:00,Liffey Unit 5,47W000000000194A,B11,,2.95,,MAW,PT30M,10YIE-1001A00010,IE
2020-01-01T06:00:00+00:00,Poolbeg A,47W000000000355C,B04,,118.54,,MAW,PT30M,10YIE-1001A00010,IE
2020-01-01T06:00:00+00:00,Sealrock 3,47W000000000177A,B04,,80.98,,MAW,PT30M,10YIE-1001A00010,IE
2020-01-01T06:00:00+00:00,Sealrock 4,47W0000000001788,B04,,80.82,,MAW,PT30M,10YIE-1001A00010,IE
2020-01-01T06:00:00+00:00,Tarbert Unit 3,47W0000000000994,B06,,36.02,,MAW,PT30M,10YIE-1001A00010,IE
2020-01-01T06:00:00+00:00,Turlough Hill Unit 2,47W0000000001990,B10,,74.28,,MAW,PT30M,10YIE-1001A00010,IE
2020-01-01T06:00:00+00:00,Turlough Hill Unit 3,47W0000000002004,B10,,70.9,,MAW,PT30M,10YIE-1001A00010,IE
2020-01-01T06:00:00+00:00,Turlough Hill Unit 4,47W0000000002012,B10,,72.72,,MAW,PT30M,10YIE-1001A00010,IE
2020-01-01T06:00:00+00:00,Tynagh Generator Unit,47W0000000000978,B04,,304.02,,MAW,PT30M,10YIE-1001A00010,IE
2020-01-01T06:00:00+00:00,West Offaly,47W000000000094E,B08,,137.24,,MAW,PT30M,10YIE-1001A00010,IE
2020-01-01T06:00:00+00:00,Whitegate Unit 1,47W0000000001040,B04,,342.52,,MAW,PT30M,10YIE-1001A00010,IE
2020-01-01T06:30:00+00:00,Ardnacrusha Unit 1,47W000000000182H,B11,,21.48,,MAW,PT30M,10YIE-1001A00010,IE
2020-01-01T06:30:00+00:00,Ardnacrusha Unit 2,47W000000000183F,B11,,22.54,,MAW,PT30M,10YIE-1001A00010,IE
2020-01-01T06:30:00+00:00,Ardnacrusha Unit 3,47W000000000184D,B11,,19.44,,MAW,PT30M,10YIE-1001A00010,IE
2020-01-01T06:30:00+00:00,Ardnacrusha Unit 4,47W000000000185B,B11,,21.9,,MAW,PT30M,10YIE-1001A00010,IE
2020-01-01T06:30:00+00:00,ERNE UNIT 1,47W0000000001869,B11,,9.17,,MAW,PT30M,10YIE-1001A00010,IE
2020-01-01T06:30:00+00:00,ERNE UNIT 2,47W0000000001877,B11,,9.19,,MAW,PT30M,10YIE-1001A00010,IE
2020-01-01T06:30:00+00:00,ERNE UNIT 3,47W0000000001885,B11,,24.42,,MAW,PT30M,10YIE-1001A00010,IE
2020-01-01T06:30:00+00:00,ERNE UNIT 4,47W0000000001893,B11,,25.0,,MAW,PT30M,10YIE-1001A00010,IE
2020-01-01T06:30:00+00:00,Edenderry Unit 1,47W000000000086D,B08,,47.58,,MAW,PT30M,10YIE-1001A00010,IE
2020-01-01T06:30:00+00:00,Great Island Unit 4,47W0000000001024,B04,,257.94,,MAW,PT30M,10YIE-1001A00010,IE
2020-01-01T06:30:00+00:00,Huntstown CCGT Unit 1,47W000000000095C,B04,,168.1,,MAW,PT30M,10YIE-1001A00010,IE
2020-01-01T06:30:00+00:00,LEE UNIT 2,47W0000000001966,B11,,1.1,,MAW,PT30M,10YIE-1001A00010,IE
2020-01-01T06:30:00+00:00,Lanesboro,47W000000000190I,B08,,63.28,,MAW,PT30M,10YIE-1001A00010,IE
2020-01-01T06:30:00+00:00,Liffey Unit 5,47W000000000194A,B11,,2.96,,MAW,PT30M,10YIE-1001A00010,IE
2020-01-01T06:30:00+00:00,Poolbeg A,47W000000000355C,B04,,124.04,,MAW,PT30M,10YIE-1001A00010,IE
2020-01-01T06:30:00+00:00,Sealrock 3,47W000000000177A,B04,,83.24,,MAW,PT30M,10YIE-1001A00010,IE
2020-01-01T06:30:00+00:00,Sealrock 4,47W0000000001788,B04,,83.16,,MAW,PT30M,10YIE-1001A00010,IE
2020-01-01T06:30:00+00:00,Tarbert Unit 3,47W0000000000994,B06,,36.11,,MAW,PT30M,10YIE-1001A00010,IE
2020-01-01T06:30:00+00:00,Turlough Hill Unit 2,47W0000000001990,B10,,73.54,,MAW,PT30M,10YIE-1001A00010,IE
2020-01-01T06:30:00+00:00,Turlough Hill Unit 3,47W0000000002004,B10,,70.27,,MAW,PT30M,10YIE-1001A00010,IE
2020-01-01T06:30:00+00:00,Turlough Hill Unit 4,47W0000000002012,B10,,71.93,,MAW,PT30M,10YIE-1001A00010,IE
2020-01-01T06:30:00+00:00,Tynagh Generator Unit,47W0000000000978,B04,,313.82,,MAW,PT30M,10YIE-1001A00010,IE
2020-01-01T06:30:00+00:00,West Offaly,47W000000000094E,B08,,137.5,,MAW,PT30M,10YIE-1001A00010,IE
2020-01-01T06:30:00+00:00,Whitegate Unit 1,47W0000000001040,B04,,354.54,,MAW,PT30M,10YIE-1001A00010,IE
2020-01-01T07:00:00+00:00,Ardnacrusha Unit 1,47W000000000182H,B11,,20.82,,MAW,PT30M,10YIE-1001A00010,IE
2020-01-01T07:00:00+00:00,Ardnacrusha Unit 2,47W000000000183F,B11,,21.86,,MAW,PT30M,10YIE-1001A00010,IE
2020-01-01T07:00:00+00:00,Ardnacrusha Unit 3,47W000000000184D,B11,,18.68,,MAW,PT30M,10YIE-1001A00010,IE
2020-01-01T07:00:00+00:00,Ardnacrusha Unit 4,47W000000000185B,B11,,21.26,,MAW,PT30M,10YIE-1001A00010,IE
2020-01-01T07:00:00+00:00,ERNE UNIT 1,47W0000000001869,B11,,8.83,,MAW,PT30M,10YIE-1001A00010,IE
2020-01-01T07:00:00+00:00,ERNE UNIT 2,47W0000000001877,B11,,8.85,,MAW,PT30M,10YIE-1001A00010,IE
2020-01-01T07:00:00+00:00,ERNE UNIT 3,47W0000000001885,B11,,23.8,,MAW,PT30M,10YIE-1001A00010,IE
2020-01-01T07:00:00+00:00,ERNE UNIT 4,47W0000000001893,B11,,24.2,,MAW,PT30M,10YIE-1001A00010,IE
2020-01-01T07:00:00+00:00,Edenderry Unit 1,47W000000000086D,B08,,47.54,,MAW,PT30M,10YIE-1001A00010,IE
2020-01-01T07:00:00+00:00,Great Island Unit 4,47W0000000001024,B04,,300.66,,MAW,PT30M,10YIE-1001A00010,IE
2020-01-01T07:00:00+00:00,Huntstown CCGT Unit 1,47W000000000095C,B04,,154.4,,MAW,PT30M,10YIE-1001A00010,IE
2020-01-01T07:00:00+00:00,LEE UNIT 2,47W0000000001966,B11,,1.04,,MAW,PT30M,10YIE-1001A00010,IE
2020-01-01T07:00:00+00:00,Lanesboro,47W000000000190I,B08,,63.06,,MAW,PT30M,10YIE-1001A00010,IE
2020-01-01T07:00:00+00:00,Poolbeg A,47W000000000355C,B04,,119.68,,MAW,PT30M,10YIE-1001A00010,IE
2020-01-01T07:00:00+00:00,Sealrock 3,47W000000000177A,B04,,80.14,,MAW,PT30M,10YIE-1001A00010,IE
2020-01-01T07:00:00+00:00,Sealrock 4,47W0000000001788,B04,,79.96,,MAW,PT30M,10YIE-1001A00010,IE
2020-01-01T07:00:00+00:00,Tarbert Unit 3,47W0000000000994,B06,,35.95,,MAW,PT30M,10YIE-1001A00010,IE
2020-01-01T07:00:00+00:00,Turlough Hill Unit 2,47W0000000001990,B10,,37.64,,MAW,PT30M,10YIE-1001A00010,IE
2020-01-01T07:00:00+00:00,Turlough Hill Unit 3,47W0000000002004,B10,,70.44,,MAW,PT30M,10YIE-1001A00010,IE
2020-01-01T07:00:00+00:00,Turlough Hill Unit 4,47W0000000002012,B10,,72.16,,MAW,PT30M,10YIE-1001A00010,IE
2020-01-01T07:00:00+00:00,Tynagh Generator Unit,47W0000000000978,B04,,300.4,,MAW,PT30M,10YIE-1001A00010,IE
2020-01-01T07:00:00+00:00,West Offaly,47W000000000094E,B08,,136.38,,MAW,PT30M,10YIE-1001A00010,IE
2020-01-01T07:00:00+00:00,Whitegate Unit 1,47W0000000001040,B04,,338.94,,MAW,PT30M,10YIE-1001A00010,IE
2020-01-01T07:30:00+00:00,Ardnacrusha Unit 1,47W000000000182H,B11,,20.8,,MAW,PT30M,10YIE-1001A00010,IE
2020-01-01T07:30:00+00:00,Ardnacrusha Unit 2,47W000000000183F,B11,,21.82,,MAW,PT30M,10YIE-1001A00010,IE
2020-01-01T07:30:00+00:00,Ardnacrusha Unit 3,47W000000000184D,B11,,18.6,,MAW,PT30M,10YIE-1001A00010,IE
2020-01-01T07:30:00+00:00,Ardnacrusha Unit 4,47W000000000185B,B11,,21.08,,MAW,PT30M,10YIE-1001A00010,IE
2020-01-01T07:30:00+00:00,ERNE UNIT 1,47W0000000001869,B11,,8.85,,MAW,PT30M,10YIE-1001A00010,IE
2020-01-01T07:30:00+00:00,ERNE UNIT 2,47W0000000001877,B11,,8.89,,MAW,PT30M,10YIE-1001A00010,IE
2020-01-01T07:30:00+00:00,ERNE UNIT 3,47W0000000001885,B11,,23.82,,MAW,PT30M,10YIE-1001A00010,IE
2020-01-01T07:30:00+00:00,ERNE UNIT 4,47W0000000001893,B11,,23.88,,MAW,PT30M,10YIE-1001A00010,IE
2020-01-01T07:30:00+00:00,Great Island Unit 4,47W0000000001024,B04,,300.82,,MAW,PT30M,10YIE-1001A00010,IE
2020-01-01T07:30:00+00:00,Huntstown CCGT Unit 1,47W000000000095C,B04,,140.76,,MAW,PT30M,10YIE-1001A00010,IE
2020-01-01T07:30:00+00:00,LEE UNIT 2,47W0000000001966,B11,,0.98,,MAW,PT30M,10YIE-1001A00010,IE
2020-01-01T07:30:00+00:00,Lanesboro,47W000000000190I,B08,,62.54,,MAW,PT30M,10YIE-1001A00010,IE
2020-01-01T07:30:00+00:00,Liffey Unit 5,47W000000000194A,B11,,2.97,,MAW,PT30M,10YIE-1001A00010,IE
2020-01-01T07:30:00+00:00,Poolbeg A,47W000000000355C,B04,,118.02,,MAW,PT30M,10YIE-1001A00010,IE
2020-01-01T07:30:00+00:00,Sealrock 3,47W000000000177A,B04,,80.12,,MAW,PT30M,10YIE-1001A00010,IE
2020-01-01T07:30:00+00:00,Tarbert Unit 3,47W0000000000994,B06,,36.11,,MAW,PT30M,10YIE-1001A00010,IE
2020-01-01T07:30:00+00:00,Turlough Hill Unit 1,47W0000000001982,B10,,0.19,,MAW,PT30M,10YIE-1001A00010,IE
2020-01-01T07:30:00+00:00,Turlough Hill Unit 2,47W0000000001990,B10,,0.19,,MAW,PT30M,10YIE-1001A00010,IE
2020-01-01T07:30:00+00:00,Turlough Hill Unit 3,47W0000000002004,B10,,67.53,,MAW,PT30M,10YIE-1001A00010,IE
2020-01-01T07:30:00+00:00,Turlough Hill Unit 4,47W0000000002012,B10,,72.05,,MAW,PT30M,10YIE-1001A00010,IE
2020-01-01T07:30:00+00:00,Tynagh Generator Unit,47W0000000000978,B04,,300.34,,MAW,PT30M,10YIE-1001A00010,IE
2020-01-01T07:30:00+00:00,West Offaly,47W000000000094E,B08,,136.58,,MAW,PT30M,10YIE-1001A00010,IE
2020-01-01T07:30:00+00:00,Whitegate Unit 1,47W0000000001040,B04,,339.22,,MAW,PT30M,10YIE-1001A00010,IE
2020-01-01T08:00:00+00:00,Ardnacrusha Unit 1,47W000000000182H,B11,,20.74,,MAW,PT30M,10YIE-1001A00010,IE
2020-01-01T08:00:00+00:00,Ardnacrusha Unit 2,47W000000000183F,B11,,21.74,,MAW,PT30M,10YIE-1001A00010,IE
2020-01-01T08:00:00+00:00,Ardnacrusha Unit 3,47W000000000184D,B11,,18.48,,MAW,PT30M,10YIE-1001A00010,IE
2020-01-01T08:00:00+00:00,ERNE UNIT 1,47W0000000001869,B11,,8.94,,MAW,PT30M,10YIE-1001A00010,IE
2020-01-01T08:00:00+00:00,ERNE UNIT 2,47W0000000001877,B11,,8.84,,MAW,PT30M,10YIE-1001A00010,IE
2020-01-01T08:00:00+00:00,ERNE UNIT 3,47W0000000001885,B11,,23.78,,MAW,PT30M,10YIE-1001A00010,IE
2020-01-01T08:00:00+00:00,ERNE UNIT 4,47W0000000001893,B11,,23.82,,MAW,PT30M,10YIE-1001A00010,IE
2020-01-01T08:00:00+00:00,Edenderry Unit 1,47W000000000086D,B08,,47.5,,MAW,PT30M,10YIE-1001A00010,IE
2020-01-01T08:00:00+00:00,Great Island Unit 4,47W0000000001024,B04,,297.16,,MAW,PT30M,10YIE-1001A00010,IE
2020-01-01T08:00:00+00:00,Huntstown CCGT Unit 1,47W000000000095C,B04,,140.52,,MAW,PT30M,10YIE-1001A00010,IE
2020-01-01T08:00:00+00:00,Lanesboro,47W000000000190I,B08,,62.46,,MAW,PT30M,10YIE-1001A00010,IE
2020-01-01T08:00:00+00:00,Poolbeg A,47W000000000355C,B04,,117.72,,MAW,PT30M,10YIE-1001A00010,IE
2020-01-01T08:00:00+00:00,Sealrock 3,47W000000000177A,B04,,79.58,,MAW,PT30M,10YIE-1001A00010,IE
2020-01-01T08:00:00+00:00,Sealrock 4,47W0000000001788,B04,,79.44,,MAW,PT30M,10YIE-1001A00010,IE
2020-01-01T08:00:00+00:00,Tarbert Unit 3,47W0000000000994,B06,,36.03,,MAW,PT30M,10YIE-1001A00010,IE
2020-01-01T08:00:00+00:00,Turlough Hill Unit 1,47W0000000001982,B10,,0.0,,MAW,PT30M,10YIE-1001A00010,IE
2020-01-01T08:00:00+00:00,Turlough Hill Unit 1,47W0000000001982,B10,,2.82,,MAW,PT30M,10YIE-1001A00010,IE
2020-01-01T08:00:00+00:00,Turlough Hill Unit 2,47W0000000001990,B10,,0.0,,MAW,PT30M,10YIE-1001A00010,IE
2020-01-01T08:00:00+00:00,Turlough Hill Unit 2,47W0000000001990,B10,,4.32,,MAW,PT30M,10YIE-1001A00010,IE
2020-01-01T08:00:00+00:00,Turlough Hill Unit 3,47W0000000002004,B10,,0.0,,MAW,PT30M,10YIE-1001A00010,IE
2020-01-01T08:00:00+00:00,Turlough Hill Unit 3,47W0000000002004,B10,,2.1,,MAW,PT30M,10YIE-1001A00010,IE
2020-01-01T08:00:00+00:00,Turlough Hill Unit 4,47W0000000002012,B10,,4.78,,MAW,PT30M,10YIE-1001A00010,IE
2020-01-01T08:00:00+00:00,Tynagh Generator Unit,47W0000000000978,B04,,298.0,,MAW,PT30M,10YIE-1001A00010,IE
2020-01-01T08:00:00+00:00,West Offaly,47W000000000094E,B08,,136.24,,MAW,PT30M,10YIE-1001A00010,IE
2020-01-01T08:00:00+00:00,Whitegate Unit 1,47W0000000001040,B04,,259.88,,MAW,PT30M,10YIE-1001A00010,IE
2020-01-01T08:30:00+00:00,Ardnacrusha Unit 1,47W000000000182H,B11,,20.56,,MAW,PT30M,10YIE-1001A00010,IE
2020-01-01T08:30:00+00:00,Ardnacrusha Unit 2,47W000000000183F,B11,,21.58,,MAW,PT30M,10YIE-1001A00010,IE
2020-01-01T08:30:00+00:00,Ardnacrusha Unit 3,47W000000000184D,B11,,18.22,,MAW,PT30M,10YIE-1001A00010,IE
2020-01-01T08:30:00+00:00,Ardnacrusha Unit 4,47W000000000185B,B11,,20.88,,MAW,PT30M,10YIE-1001A00010,IE
2020-01-01T08:30:00+00:00,ERNE UNIT 1,47W0000000001869,B11,,9.19,,MAW,PT30M,10YIE-1001A00010,IE
2020-01-01T08:30:00+00:00,ERNE UNIT 2,47W0000000001877,B11,,9.05,,MAW,PT30M,10YIE-1001A00010,IE
2020-01-01T08:30:00+00:00,ERNE UNIT 3,47W0000000001885,B11,,23.74,,MAW,PT30M,10YIE-1001A00010,IE
2020-01-01T08:30:00+00:00,ERNE UNIT 4,47W0000000001893,B11,,23.7,,MAW,PT30M,10YIE-1001A00010,IE
2020-01-01T08:30:00+00:00,Edenderry Unit 1,47W000000000086D,B08,,47.46,,MAW,PT30M,10YIE-1001A00010,IE
2020-01-01T08:30:00+00:00,Great Island Unit 4,47W0000000001024,B04,,291.16,,MAW,PT30M,10YIE-1001A00010,IE
2020-01-01T08:30:00+00:00,Lanesboro,47W000000000190I,B08,,72.5,,MAW,PT30M,10YIE-1001A00010,IE
2020-01-01T08:30:00+00:00,Liffey Unit 5,47W000000000194A,B11,,2.96,,MAW,PT30M,10YIE-1001A00010,IE
2020-01-01T08:30:00+00:00,Poolbeg A,47W000000000355C,B04,,117.48,,MAW,PT30M,10YIE-1001A00010,IE
2020-01-01T08:30:00+00:00,Sealrock 3,47W000000000177A,B04,,78.64,,MAW,PT30M,10YIE-1001A00010,IE
2020-01-01T08:30:00+00:00,Sealrock 4,47W0000000001788,B04,,78.44,,MAW,PT30M,10YIE-1001A00010,IE
2020-01-01T08:30:00+00:00,Tarbert Unit 3,47W0000000000994,B06,,36.07,,MAW,PT30M,10YIE-1001A00010,IE
2020-01-01T08:30:00+00:00,Turlough Hill Unit 1,47W0000000001982,B10,,4.99,,MAW,PT30M,10YIE-1001A00010,IE
2020-01-01T08:30:00+00:00,Turlough Hill Unit 2,47W0000000001990,B10,,5.15,,MAW,PT30M,10YIE-1001A00010,IE
2020-01-01T08:30:00+00:00,Turlough Hill Unit 3,47W0000000002004,B10,,4.22,,MAW,PT30M,10YIE-1001A00010,IE
2020-01-01T08:30:00+00:00,Turlough Hill Unit 4,47W0000000002012,B10,,0.0,,MAW,PT30M,10YIE-1001A00010,IE
2020-01-01T08:30:00+00:00,Tynagh Generator Unit,47W0000000000978,B04,,294.0,,MAW,PT30M,10YIE-1001A00010,IE
2020-01-01T08:30:00+00:00,West Offaly,47W000000000094E,B08,,135.1,,MAW,PT30M,10YIE-1001A00010,IE
2020-01-01T08:30:00+00:00,Whitegate Unit 1,47W0000000001040,B04,,227.86,,MAW,PT30M,10YIE-1001A00010,IE
2020-01-01T09:00:00+00:00,Ardnacrusha Unit 1,47W000000000182H,B11,,20.36,,MAW,PT30M,10YIE-1001A00010,IE
2020-01-01T09:00:00+00:00,Ardnacrusha Unit 2,47W000000000183F,B11,,21.32,,MAW,PT30M,10YIE-1001A00010,IE
2020-01-01T09:00:00+00:00,Ardnacrusha Unit 3,47W000000000184D,B11,,17.98,,MAW,PT30M,10YIE-1001A00010,IE
2020-01-01T09:00:00+00:00,Ardnacrusha Unit 4,47W000000000185B,B11,,20.6,,MAW,PT30M,10YIE-1001A00010,IE
2020-01-01T09:00:00+00:00,ERNE UNIT 1,47W0000000001869,B11,,9.1,,MAW,PT30M,10YIE-1001A00010,IE
2020-01-01T09:00:00+00:00,ERNE UNIT 2,47W0000000001877,B11,,9.12,,MAW,PT30M,10YIE-1001A00010,IE
2020-01-01T09:00:00+00:00,ERNE UNIT 3,47W0000000001885,B11,,23.52,,MAW,PT30M,10YIE-1001A00010,IE
2020-01-01T09:00:00+00:00,ERNE UNIT 4,47W0000000001893,B11,,23.58,,MAW,PT30M,10YIE-1001A00010,IE
2020-01-01T09:00:00+00:00,Edenderry Unit 1,47W000000000086D,B08,,47.42,,MAW,PT30M,10YIE-1001A00010,IE
2020-01-01T09:00:00+00:00,Great Island Unit 4,47W0000000001024,B04,,229.46,,MAW,PT30M,10YIE-1001A00010,IE
2020-01-01T09:00:00+00:00,Huntstown CCGT Unit 1,47W000000000095C,B04,,139.6,,MAW,PT30M,10YIE-1001A00010,IE
2020-01-01T09:00:00+00:00,LEE UNIT 2,47W0000000001966,B11,,0.94,,MAW,PT30M,10YIE-1001A00010,IE
2020-01-01T09:00:00+00:00,Lanesboro,47W000000000190I,B08,,86.06,,MAW,PT30M,10YIE-1001A00010,IE
2020-01-01T09:00:00+00:00,Poolbeg A,47W000000000355C,B04,,117.44,,MAW,PT30M,10YIE-1001A00010,IE
2020-01-01T09:00:00+00:00,Sealrock 3,47W000000000177A,B04,,77.82,,MAW,PT30M,10YIE-1001A00010,IE
2020-01-01T09:00:00+00:00,Sealrock 4,47W0000000001788,B04,,77.68,,MAW,PT30M,10YIE-1001A00010,IE
2020-01-01T09:00:00+00:00,Tarbert Unit 3,47W0000000000994,B06,,36.03,,MAW,PT30M,10YIE-1001A00010,IE
2020-01-01T09:00:00+00:00,Turlough Hill Unit 1,47W0000000001982,B10,,5.0,,MAW,PT30M,10YIE-1001A00010,IE
2020-01-01T09:00:00+00:00,Turlough Hill Unit 2,47W0000000001990,B10,,5.16,,MAW,PT30M,10YIE-1001A00010,IE
2020-01-01T09:00:00+00:00,Turlough Hill Unit 3,47W0000000002004,B10,,4.18,,MAW,PT30M,10YIE-1001A00010,IE
2020-01-01T09:00:00+00:00,Tynagh Generator Unit,47W0000000000978,B04,,288.1,,MAW,PT30M,10YIE-1001A00010,IE
2020-01-01T09:00:00+00:00,West Offaly,47W000000000094E,B08,,135.0,,MAW,PT30M,10YIE-1001A00010,IE
2020-01-01T09:00:00+00:00,Whitegate Unit 1,47W0000000001040,B04,,223.64,,MAW,PT30M,10YIE-1001A00010,IE
2020-01-01T09:30:00+00:00,Ardnacrusha Unit 1,47W000000000182H,B11,,20.96,,MAW,PT30M,10YIE-1001A00010,IE
2020-01-01T09:30:00+00:00,Ardnacrusha Unit 2,47W000000000183F,B11,,21.98,,MAW,PT30M,10YIE-1001A00010,IE
2020-01-01T09:30:00+00:00,Ardnacrusha Unit 3,47W000000000184D,B11,,18.76,,MAW,PT30M,10YIE-1001A00010,IE
2020-01-01T09:30:00+00:00,Ardnacrusha Unit 4,47W000000000185B,B11,,21.26,,MAW,PT30M,10YIE-1001A00010,IE
2020-01-01T09:30:00+00:00,ERNE UNIT 1,47W0000000001869,B11,,9.45,,MAW,PT30M,10YIE-1001A00010,IE
2020-01-01T09:30:00+00:00,ERNE UNIT 2,47W0000000001877,B11,,9.49,,MAW,PT30M,10YIE-1001A00010,IE
2020-01-01T09:30:00+00:00,ERNE UNIT 3,47W0000000001885,B11,,24.02,,MAW,PT30M,10YIE-1001A00010,IE
2020-01-01T09:30:00+00:00,ERNE UNIT 4,47W0000000001893,B11,,24.28,,MAW,PT30M,10YIE-1001A00010,IE
2020-01-01T09:30:00+00:00,Edenderry Unit 1,47W000000000086D,B08,,44.72,,MAW,PT30M,10YIE-1001A00010,IE
2020-01-01T09:30:00+00:00,Great Island Unit 4,47W0000000001024,B04,,171.62,,MAW,PT30M,10YIE-1001A00010,IE
2020-01-01T09:30:00+00:00,Huntstown CCGT Unit 1,47W000000000095C,B04,,135.3,,MAW,PT30M,10YIE-1001A00010,IE
2020-01-01T09:30:00+00:00,LEE UNIT 2,47W0000000001966,B11,,1.0,,MAW,PT30M,10YIE-1001A00010,IE
2020-01-01T09:30:00+00:00,Lanesboro,47W000000000190I,B08,,90.12,,MAW,PT30M,10YIE-1001A00010,IE
2020-01-01T09:30:00+00:00,Liffey Unit 5,47W000000000194A,B11,,2.7,,MAW,PT30M,10YIE-1001A00010,IE
2020-01-01T09:30:00+00:00,Poolbeg A,47W000000000355C,B04,,119.1,,MAW,PT30M,10YIE-1001A00010,IE
2020-01-01T09:30:00+00:00,Sealrock 3,47W000000000177A,B04,,80.8,,MAW,PT30M,10YIE-1001A00010,IE
2020-01-01T09:30:00+00:00,Sealrock 4,47W0000000001788,B04,,80.68,,MAW,PT30M,10YIE-1001A00010,IE
2020-01-01T09:30:00+00:00,Tarbert Unit 3,47W0000000000994,B06,,35.97,,MAW,PT30M,10YIE-1001A00010,IE
2020-01-01T09:30:00+00:00,Turlough Hill Unit 1,47W0000000001982,B10,,6.04,,MAW,PT30M,10YIE-1001A00010,IE
2020-01-01T09:30:00+00:00,Turlough Hill Unit 2,47W0000000001990,B10,,6.22,,MAW,PT30M,10YIE-1001A00010,IE
2020-01-01T09:30:00+00:00,Turlough Hill Unit 3,47W0000000002004,B10,,5.1,,MAW,PT30M,10YIE-1001A00010,IE
2020-01-01T09:30:00+00:00,Tynagh Generator Unit,47W0000000000978,B04,,265.84,,MAW,PT30M,10YIE-1001A00010,IE
2020-01-01T09:30:00+00:00,West Offaly,47W000000000094E,B08,,136.62,,MAW,PT30M,10YIE-1001A00010,IE
2020-01-01T09:30:00+00:00,Whitegate Unit 1,47W0000000001040,B04,,252.06,,MAW,PT30M,10YIE-1001A00010,IE
2020-01-01T10:00:00+00:00,Ardnacrusha Unit 1,47W000000000182H,B11,,21.14,,MAW,PT30M,10YIE-1001A00010,IE
2020-01-01T10:00:00+00:00,Ardnacrusha Unit 2,47W000000000183F,B11,,22.14,,MAW,PT30M,10YIE-1001A00010,IE
2020-01-01T10:00:00+00:00,Ardnacrusha Unit 3,47W000000000184D,B11,,19.08,,MAW,PT30M,10YIE-1001A00010,IE
2020-01-01T10:00:00+00:00,Ardnacrusha Unit 4,47W000000000185B,B11,,21.54,,MAW,PT30M,10YIE-1001A00010,IE
2020-01-01T10:00:00+00:00,ERNE UNIT 1,47W0000000001869,B11,,9.55,,MAW,PT30M,10YIE-1001A00010,IE
2020-01-01T10:00:00+00:00,ERNE UNIT 2,47W0000000001877,B11,,9.59,,MAW,PT30M,10YIE-1001A00010,IE
2020-01-01T10:00:00+00:00,ERNE UNIT 3,47W0000000001885,B11,,24.1,,MAW,PT30M,10YIE-1001A00010,IE
2020-01-01T10:00:00+00:00,ERNE UNIT 4,47W0000000001893,B11,,24.46,,MAW,PT30M,10YIE-1001A00010,IE
2020-01-01T10:00:00+00:00,Edenderry Unit 1,47W000000000086D,B08,,45.38,,MAW,PT30M,10YIE-1001A00010,IE
2020-01-01T10:00:00+00:00,Great Island Unit 4,47W0000000001024,B04,,240.04,,MAW,PT30M,10YIE-1001A00010,IE
2020-01-01T10:00:00+00:00,Huntstown CCGT Unit 1,47W000000000095C,B04,,171.68,,MAW,PT30M,10YIE-1001A00010,IE
2020-01-01T10:00:00+00:00,LEE UNIT 2,47W0000000001966,B11,,1.06,,MAW,PT30M,10YIE-1001A00010,IE
2020-01-01T10:00:00+00:00,Lanesboro,47W000000000190I,B08,,90.16,,MAW,PT30M,10YIE-1001A00010,IE
2020-01-01T10:00:00+00:00,Liffey Unit 5,47W000000000194A,B11,,2.47,,MAW,PT30M,10YIE-1001A00010,IE
2020-01-01T10:00:00+00:00,Poolbeg A,47W000000000355C,B04,,120.28,,MAW,PT30M,10YIE-1001A00010,IE
2020-01-01T10:00:00+00:00,Sealrock 3,47W000000000177A,B04,,81.9,,MAW,PT30M,10YIE-1001A00010,IE
2020-01-01T10:00:00+00:00,Sealrock 4,47W0000000001788,B04,,81.7,,MAW,PT30M,10YIE-1001A00010,IE
2020-01-01T10:00:00+00:00,Tarbert Unit 3,47W0000000000994,B06,,22.63,,MAW,PT30M,10YIE-1001A00010,IE
2020-01-01T10:00:00+00:00,Turlough Hill Unit 1,47W0000000001982,B10,,6.77,,MAW,PT30M,10YIE-1001A00010,IE
2020-01-01T10:00:00+00:00,Turlough Hill Unit 2,47W0000000001990,B10,,6.93,,MAW,PT30M,10YIE-1001A00010,IE
2020-01-01T10:00:00+00:00,Turlough Hill Unit 3,47W0000000002004,B10,,5.76,,MAW,PT30M,10YIE-1001A00010,IE
2020-01-01T10:00:00+00:00,Tynagh Generator Unit,47W0000000000978,B04,,292.94,,MAW,PT30M,10YIE-1001A00010,IE
2020-01-01T10:00:00+00:00,West Offaly,47W000000000094E,B08,,137.08,,MAW,PT30M,10YIE-1001A00010,IE
2020-01-01T10:00:00+00:00,Whitegate Unit 1,47W0000000001040,B04,,426.52,,MAW,PT30M,10YIE-1001A00010,IE
2020-01-01T10:30:00+00:00,Ardnacrusha Unit 1,47W000000000182H,B11,,20.94,,MAW,PT30M,10YIE-1001A00010,IE
2020-01-01T10:30:00+00:00,Ardnacrusha Unit 2,47W000000000183F,B11,,21.94,,MAW,PT30M,10YIE-1001A00010,IE
2020-01-01T10:30:00+00:00,Ardnacrusha Unit 3,47W000000000184D,B11,,18.86,,MAW,PT30M,10YIE-1001A00010,IE
2020-01-01T10:30:00+00:00,Ardnacrusha Unit 4,47W000000000185B,B11,,21.24,,MAW,PT30M,10YIE-1001A00010,IE
2020-01-01T10:30:00+00:00,ERNE UNIT 1,47W0000000001869,B11,,9.43,,MAW,PT30M,10YIE-1001A00010,IE
2020-01-01T10:30:00+00:00,ERNE UNIT 2,47W0000000001877,B11,,9.47,,MAW,PT30M,10YIE-1001A00010,IE
2020-01-01T10:30:00+00:00,ERNE UNIT 3,47W0000000001885,B11,,23.92,,MAW,PT30M,10YIE-1001A00010,IE
2020-01-01T10:30:00+00:00,ERNE UNIT 4,47W0000000001893,B11,,24.14,,MAW,PT30M,10YIE-1001A00010,IE
2020-01-01T10:30:00+00:00,Edenderry Unit 1,47W000000000086D,B08,,48.12,,MAW,PT30M,10YIE-1001A00010,IE
2020-01-01T10:30:00+00:00,Great Island Unit 4,47W0000000001024,B04,,295.62,,MAW,PT30M,10YIE-1001A00010,IE
2020-01-01T10:30:00+00:00,Huntstown CCGT Unit 1,47W000000000095C,B04,,173.18,,MAW,PT30M,10YIE-1001A00010,IE
2020-01-01T10:30:00+00:00,LEE UNIT 2,47W0000000001966,B11,,1.02,,MAW,PT30M,10YIE-1001A00010,IE
2020-01-01T10:30:00+00:00,Lanesboro,47W000000000190I,B08,,90.26,,MAW,PT30M,10YIE-1001A00010,IE
2020-01-01T10:30:00+00:00,Liffey Unit 5,47W000000000194A,B11,,2.42,,MAW,PT30M,10YIE-1001A00010,IE
2020-01-01T10:30:00+00:00,Poolbeg A,47W000000000355C,B04,,118.2,,MAW,PT30M,10YIE-1001A00010,IE
2020-01-01T10:30:00+00:00,Sealrock 3,47W000000000177A,B04,,81.0,,MAW,PT30M,10YIE-1001A00010,IE
2020-01-01T10:30:00+00:00,Sealrock 4,47W0000000001788,B04,,80.86,,MAW,PT30M,10YIE-1001A00010,IE
2020-01-01T10:30:00+00:00,Tarbert Unit 3,47W0000000000994,B06,,0.0,,MAW,PT30M,10YIE-1001A00010,IE
2020-01-01T10:30:00+00:00,Turlough Hill Unit 1,47W0000000001982,B10,,5.92,,MAW,PT30M,10YIE-1001A00010,IE
2020-01-01T10:30:00+00:00,Turlough Hill Unit 2,47W0000000001990,B10,,6.12,,MAW,PT30M,10YIE-1001A00010,IE
2020-01-01T10:30:00+00:00,Turlough Hill Unit 3,47W0000000002004,B10,,4.92,,MAW,PT30M,10YIE-1001A00010,IE
2020-01-01T10:30:00+00:00,Tynagh Generator Unit,47W0000000000978,B04,,291.18,,MAW,PT30M,10YIE-1001A00010,IE
2020-01-01T10:30:00+00:00,West Offaly,47W000000000094E,B08,,136.9,,MAW,PT30M,10YIE-1001A00010,IE
2020-01-01T10:30:00+00:00,Whitegate Unit 1,47W0000000001040,B04,,433.84,,MAW,PT30M,10YIE-1001A00010,IE
2020-01-01T11:00:00+00:00,Ardnacrusha Unit 1,47W000000000182H,B11,,21.08,,MAW,PT30M,10YIE-1001A00010,IE
2020-01-01T11:00:00+00:00,Ardnacrusha Unit 2,47W000000000183F,B11,,22.12,,MAW,PT30M,10YIE-1001A00010,IE
2020-01-01T11:00:00+00:00,Ardnacrusha Unit 3,47W000000000184D,B11,,19.04,,MAW,PT30M,10YIE-1001A00010,IE
2020-01-01T11:00:00+00:00,Ardnacrusha Unit 4,47W000000000185B,B11,,21.46,,MAW,PT30M,10YIE-1001A00010,IE
2020-01-01T11:00:00+00:00,ERNE UNIT 1,47W0000000001869,B11,,9.55,,MAW,PT30M,10YIE-1001A00010,IE
2020-01-01T11:00:00+00:00,ERNE UNIT 2,47W0000000001877,B11,,9.59,,MAW,PT30M,10YIE-1001A00010,IE
2020-01-01T11:00:00+00:00,ERNE UNIT 3,47W0000000001885,B11,,24.08,,MAW,PT30M,10YIE-1001A00010,IE
2020-01-01T11:00:00+00:00,ERNE UNIT 4,47W0000000001893,B11,,24.42,,MAW,PT30M,10YIE-1001A00010,IE
2020-01-01T11:00:00+00:00,Edenderry Unit 1,47W000000000086D,B08,,51.62,,MAW,PT30M,10YIE-1001A00010,IE
2020-01-01T11:00:00+00:00,Great Island Unit 4,47W0000000001024,B04,,351.12,,MAW,PT30M,10YIE-1001A00010,IE
2020-01-01T11:00:00+00:00,Huntstown CCGT Unit 1,47W000000000095C,B04,,193.24,,MAW,PT30M,10YIE-1001A00010,IE
2020-01-01T11:00:00+00:00,LEE UNIT 2,47W0000000001966,B11,,1.06,,MAW,PT30M,10YIE-1001A00010,IE
2020-01-01T11:00:00+00:00,Lanesboro,47W000000000190I,B08,,90.3,,MAW,PT30M,10YIE-1001A00010,IE
2020-01-01T11:00:00+00:00,Liffey Unit 5,47W000000000194A,B11,,2.0,,MAW,PT30M,10YIE-1001A00010,IE
2020-01-01T11:00:00+00:00,Poolbeg A,47W000000000355C,B04,,119.9,,MAW,PT30M,10YIE-1001A00010,IE
2020-01-01T11:00:00+00:00,Sealrock 3,47W000000000177A,B04,,81.78,,MAW,PT30M,10YIE-1001A00010,IE
2020-01-01T11:00:00+00:00,Sealrock 4,47W0000000001788,B04,,81.62,,MAW,PT30M,10YIE-1001A00010,IE
2020-01-01T11:00:00+00:00,Turlough Hill Unit 1,47W0000000001982,B10,,6.68,,MAW,PT30M,10YIE-1001A00010,IE
2020-01-01T11:00:00+00:00,Turlough Hill Unit 2,47W0000000001990,B10,,6.9,,MAW,PT30M,10YIE-1001A00010,IE
2020-01-01T11:00:00+00:00,Turlough Hill Unit 3,47W0000000002004,B10,,5.72,,MAW,PT30M,10YIE-1001A00010,IE
2020-01-01T11:00:00+00:00,Tynagh Generator Unit,47W0000000000978,B04,,308.7,,MAW,PT30M,10YIE-1001A00010,IE
2020-01-01T11:00:00+00:00,West Offaly,47W000000000094E,B08,,137.0,,MAW,PT30M,10YIE-1001A00010,IE
2020-01-01T11:00:00+00:00,Whitegate Unit 1,47W0000000001040,B04,,434.14,,MAW,PT30M,10YIE-1001A00010,IE
2020-01-01T11:30:00+00:00,Ardnacrusha Unit 2,47W000000000183F,B11,,22.06,,MAW,PT30M,10YIE-1001A00010,IE
2020-01-01T11:30:00+00:00,Ardnacrusha Unit 3,47W000000000184D,B11,,18.98,,MAW,PT30M,10YIE-1001A00010,IE
2020-01-01T11:30:00+00:00,Ardnacrusha Unit 4,47W000000000185B,B11,,21.42,,MAW,PT30M,10YIE-1001A00010,IE
2020-01-01T11:30:00+00:00,ERNE UNIT 1,47W0000000001869,B11,,9.51,,MAW,PT30M,10YIE-1001A00010,IE
2020-01-01T11:30:00+00:00,ERNE UNIT 2,47W0000000001877,B11,,9.53,,MAW,PT30M,10YIE-1001A00010,IE
2020-01-01T11:30:00+00:00,ERNE UNIT 3,47W0000000001885,B11,,24.02,,MAW,PT30M,10YIE-1001A00010,IE
2020-01-01T11:30:00+00:00,ERNE UNIT 4,47W0000000001893,B11,,24.2,,MAW,PT30M,10YIE-1001A00010,IE
2020-01-01T11:30:00+00:00,Edenderry Unit 1,47W000000000086D,B08,,85.56,,MAW,PT30M,10YIE-1001A00010,IE
2020-01-01T11:30:00+00:00,Great Island Unit 4,47W0000000001024,B04,,437.44,,MAW,PT30M,10YIE-1001A00010,IE
2020-01-01T11:30:00+00:00,Huntstown CCGT Unit 1,47W000000000095C,B04,,223.72,,MAW,PT30M,10YIE-1001A00010,IE
2020-01-01T11:30:00+00:00,LEE UNIT 2,47W0000000001966,B11,,1.04,,MAW,PT30M,10YIE-1001A00010,IE
2020-01-01T11:30:00+00:00,Lanesboro,47W000000000190I,B08,,90.26,,MAW,PT30M,10YIE-1001A00010,IE
2020-01-01T11:30:00+00:00,Poolbeg A,47W000000000355C,B04,,119.66,,MAW,PT30M,10YIE-1001A00010,IE
2020-01-01T11:30:00+00:00,Sealrock 3,47W000000000177A,B04,,81.6,,MAW,PT30M,10YIE-1001A00010,IE
2020-01-01T11:30:00+00:00,Sealrock 4,47W0000000001788,B04,,81.42,,MAW,PT30M,10YIE-1001A00010,IE
2020-01-01T11:30:00+00:00,Turlough Hill Unit 1,47W0000000001982,B10,,6.51,,MAW,PT30M,10YIE-1001A00010,IE
2020-01-01T11:30:00+00:00,Turlough Hill Unit 2,47W0000000001990,B10,,6.71,,MAW,PT30M,10YIE-1001A00010,IE
2020-01-01T11:30:00+00:00,Turlough Hill Unit 3,47W0000000002004,B10,,5.55,,MAW,PT30M,10YIE-1001A00010,IE
2020-01-01T11:30:00+00:00,Turlough Hill Unit 4,47W0000000002012,B10,,0.97,,MAW,PT30M,10YIE-1001A00010,IE
2020-01-01T11:30:00+00:00,Tynagh Generator Unit,47W0000000000978,B04,,331.74,,MAW,PT30M,10YIE-1001A00010,IE
2020-01-01T11:30:00+00:00,West Offaly,47W000000000094E,B08,,136.76,,MAW,PT30M,10YIE-1001A00010,IE
2020-01-01T11:30:00+00:00,Whitegate Unit 1,47W0000000001040,B04,,433.32,,MAW,PT30M,10YIE-1001A00010,IE
2020-01-01T12:00:00+00:00,Ardnacrusha Unit 1,47W000000000182H,B11,,20.66,,MAW,PT30M,10YIE-1001A00010,IE
2020-01-01T12:00:00+00:00,Ardnacrusha Unit 2,47W000000000183F,B11,,21.68,,MAW,PT30M,10YIE-1001A00010,IE
2020-01-01T12:00:00+00:00,Ardnacrusha Unit 3,47W000000000184D,B11,,18.48,,MAW,PT30M,10YIE-1001A00010,IE
2020-01-01T12:00:00+00:00,Ardnacrusha Unit 4,47W000000000185B,B11,,21.04,,MAW,PT30M,10YIE-1001A00010,IE
2020-01-01T12:00:00+00:00,ERNE UNIT 1,47W0000000001869,B11,,9.28,,MAW,PT30M,10YIE-1001A00010,IE
2020-01-01T12:00:00+00:00,ERNE UNIT 2,47W0000000001877,B11,,9.3,,MAW,PT30M,10YIE-1001A00010,IE
2020-01-01T12:00:00+00:00,ERNE UNIT 3,47W0000000001885,B11,,23.7,,MAW,PT30M,10YIE-1001A00010,IE
2020-01-01T12:00:00+00:00,ERNE UNIT 4,47W0000000001893,B11,,23.74,,MAW,PT30M,10YIE-1001A00010,IE
2020-01-01T12:00:00+00:00,Edenderry Unit 1,47W000000000086D,B08,,88.94,,MAW,PT30M,10YIE-1001A00010,IE
2020-01-01T12:00:00+00:00,Great Island Unit 4,47W0000000001024,B04,,436.98,,MAW,PT30M,10YIE-1001A00010,IE
2020-01-01T12:00:00+00:00,Huntstown CCGT Unit 1,47W000000000095C,B04,,261.98,,MAW,PT30M,10YIE-1001A00010,IE
2020-01-01T12:00:00+00:00,LEE UNIT 2,47W0000000001966,B11,,1.0,,MAW,PT30M,10YIE-1001A00010,IE
2020-01-01T12:00:00+00:00,Lanesboro,47W000000000190I,B08,,76.48,,MAW,PT30M,10YIE-1001A00010,IE
2020-01-01T12:00:00+00:00,Poolbeg A,47W000000000355C,B04,,118.36,,MAW,PT30M,10YIE-1001A00010,IE
2020-01-01T12:00:00+00:00,Sealrock 3,47W000000000177A,B04,,79.4,,MAW,PT30M,10YIE-1001A00010,IE
2020-01-01T12:00:00+00:00,Sealrock 4,47W0000000001788,B04,,79.24,,MAW,PT30M,10YIE-1001A00010,IE
2020-01-01T12:00:00+00:00,Turlough Hill Unit 1,47W0000000001982,B10,,5.61,,MAW,PT30M,10YIE-1001A00010,IE
2020-01-01T12:00:00+00:00,Turlough Hill Unit 2,47W0000000001990,B10,,5.73,,MAW,PT30M,10YIE-1001A00010,IE
2020-01-01T12:00:00+00:00,Turlough Hill Unit 3,47W0000000002004,B10,,4.86,,MAW,PT30M,10YIE-1001A00010,IE
2020-01-01T12:00:00+00:00,Turlough Hill Unit 4,47W0000000002012,B10,,5.08,,MAW,PT30M,10YIE-1001A00010,IE
2020-01-01T12:00:00+00:00,Tynagh Generator Unit,47W0000000000978,B04,,333.7,,MAW,PT30M,10YIE-1001A00010,IE
2020-01-01T12:00:00+00:00,West Offaly,47W000000000094E,B08,,135.48,,MAW,PT30M,10YIE-1001A00010,IE
2020-01-01T12:00:00+00:00,Whitegate Unit 1,47W0000000001040,B04,,425.14,,MAW,PT30M,10YIE-1001A00010,IE
2020-01-01T12:30:00+00:00,Ardnacrusha Unit 1,47W000000000182H,B11,,20.5,,MAW,PT30M,10YIE-1001A00010,IE
2020-01-01T12:30:00+00:00,Ardnacrusha Unit 2,47W000000000183F,B11,,21.48,,MAW,PT30M,10YIE-1001A00010,IE
2020-01-01T12:30:00+00:00,Ardnacrusha Unit 3,47W000000000184D,B11,,18.12,,MAW,PT30M,10YIE-1001A00010,IE
2020-01-01T12:30:00+00:00,Ardnacrusha Unit 4,47W000000000185B,B11,,20.72,,MAW,PT30M,10YIE-1001A00010,IE
2020-01-01T12:30:00+00:00,ERNE UNIT 1,47W0000000001869,B11,,9.21,,MAW,PT30M,10YIE-1001A00010,IE
2020-01-01T12:30:00+00:00,ERNE UNIT 2,47W0000000001877,B11,,9.21,,MAW,PT30M,10YIE-1001A00010,IE
2020-01-01T12:30:00+00:00,ERNE UNIT 3,47W0000000001885,B11,,23.58,,MAW,PT30M,10YIE-1001A00010,IE
2020-01-01T12:30:00+00:00,ERNE UNIT 4,47W0000000001893,B11,,23.6,,MAW,PT30M,10YIE-1001A00010,IE
2020-01-01T12:30:00+00:00,Edenderry Unit 1,47W000000000086D,B08,,87.32,,MAW,PT30M,10YIE-1001A00010,IE
2020-01-01T12:30:00+00:00,Great Island Unit 4,47W0000000001024,B04,,430.76,,MAW,PT30M,10YIE-1001A00010,IE
2020-01-01T12:30:00+00:00,Huntstown CCGT Unit 1,47W000000000095C,B04,,209.88,,MAW,PT30M,10YIE-1001A00010,IE
2020-01-01T12:30:00+00:00,LEE UNIT 2,47W0000000001966,B11,,0.94,,MAW,PT30M,10YIE-1001A00010,IE
2020-01-01T12:30:00+00:00,Lanesboro,47W000000000190I,B08,,62.32,,MAW,PT30M,10YIE-1001A00010,IE
2020-01-01T12:30:00+00:00,Liffey Unit 5,47W000000000194A,B11,,2.16,,MAW,PT30M,10YIE-1001A00010,IE
2020-01-01T12:30:00+00:00,Poolbeg A,47W000000000355C,B04,,117.34,,MAW,PT30M,10YIE-1001A00010,IE
2020-01-01T12:30:00+00:00,Sealrock 3,47W000000000177A,B04,,78.32,,MAW,PT30M,10YIE-1001A00010,IE
2020-01-01T12:30:00+00:00,Sealrock 4,47W0000000001788,B04,,78.16,,MAW,PT30M,10YIE-1001A00010,IE
2020-01-01T12:30:00+00:00,Turlough Hill Unit 1,47W0000000001982,B10,,5.0,,MAW,PT30M,10YIE-1001A00010,IE
2020-01-01T12:30:00+00:00,Turlough Hill Unit 2,47W0000000001990,B10,,5.16,,MAW,PT30M,10YIE-1001A00010,IE
2020-01-01T12:30:00+00:00,Turlough Hill Unit 3,47W0000000002004,B10,,4.36,,MAW,PT30M,10YIE-1001A00010,IE
2020-01-01T12:30:00+00:00,Turlough Hill Unit 4,47W0000000002012,B10,,4.62,,MAW,PT30M,10YIE-1001A00010,IE
2020-01-01T12:30:00+00:00,Tynagh Generator Unit,47W0000000000978,B04,,328.98,,MAW,PT30M,10YIE-1001A00010,IE
2020-01-01T12:30:00+00:00,West Offaly,47W000000000094E,B08,,134.98,,MAW,PT30M,10YIE-1001A00010,IE
2020-01-01T12:30:00+00:00,Whitegate Unit 1,47W0000000001040,B04,,421.7,,MAW,PT30M,10YIE-1001A00010,IE
2020-01-01T13:00:00+00:00,Ardnacrusha Unit 1,47W000000000182H,B11,,21.04,,MAW,PT30M,10YIE-1001A00010,IE
2020-01-01T13:00:00+00:00,Ardnacrusha Unit 2,47W000000000183F,B11,,22.02,,MAW,PT30M,10YIE-1001A00010,IE
2020-01-01T13:00:00+00:00,Ardnacrusha Unit 3,47W000000000184D,B11,,18.88,,MAW,PT30M,10YIE-1001A00010,IE
2020-01-01T13:00:00+00:00,Ardnacrusha Unit 4,47W000000000185B,B11,,21.38,,MAW,PT30M,10YIE-1001A00010,IE
2020-01-01T13:00:00+00:00,ERNE UNIT 1,47W0000000001869,B11,,9.45,,MAW,PT30M,10YIE-1001A00010,IE
2020-01-01T13:00:00+00:00,ERNE UNIT 2,47W0000000001877,B11,,9.45,,MAW,PT30M,10YIE-1001A00010,IE
2020-01-01T13:00:00+00:00,ERNE UNIT 3,47W0000000001885,B11,,24.1,,MAW,PT30M,10YIE-1001A00010,IE
2020-01-01T13:00:00+00:00,ERNE UNIT 4,47W0000000001893,B11,,24.36,,MAW,PT30M,10YIE-1001A00010,IE
2020-01-01T13:00:00+00:00,Edenderry Unit 1,47W000000000086D,B08,,91.84,,MAW,PT30M,10YIE-1001A00010,IE
2020-01-01T13:00:00+00:00,Great Island Unit 4,47W0000000001024,B04,,448.34,,MAW,PT30M,10YIE-1001A00010,IE
2020-01-01T13:00:00+00:00,Huntstown CCGT Unit 1,47W000000000095C,B04,,241.5,,MAW,PT30M,10YIE-1001A00010,IE
2020-01-01T13:00:00+00:00,LEE UNIT 2,47W0000000001966,B11,,1.02,,MAW,PT30M,10YIE-1001A00010,IE
2020-01-01T13:00:00+00:00,Lanesboro,47W000000000190I,B08,,62.48,,MAW,PT30M,10YIE-1001A00010,IE
2020-01-01T13:00:00+00:00,Liffey Unit 5,47W000000000194A,B11,,2.25,,MAW,PT30M,10YIE-1001A00010,IE
2020-01-01T13:00:00+00:00,Poolbeg A,47W000000000355C,B04,,119.08,,MAW,PT30M,10YIE-1001A00010,IE
2020-01-01T13:00:00+00:00,Sealrock 3,47W000000000177A,B04,,81.2,,MAW,PT30M,10YIE-1001A00010,IE
2020-01-01T13:00:00+00:00,Sealrock 4,47W0000000001788,B04,,81.08,,MAW,PT30M,10YIE-1001A00010,IE
2020-01-01T13:00:00+00:00,Turlough Hill Unit 1,47W0000000001982,B10,,6.2,,MAW,PT30M,10YIE-1001A00010,IE
2020-01-01T13:00:00+00:00,Turlough Hill Unit 2,47W0000000001990,B10,,6.4,,MAW,PT30M,10YIE-1001A00010,IE
2020-01-01T13:00:00+00:00,Turlough Hill Unit 3,47W0000000002004,B10,,5.42,,MAW,PT30M,10YIE-1001A00010,IE
2020-01-01T13:00:00+00:00,Turlough Hill Unit 4,47W0000000002012,B10,,5.66,,MAW,PT30M,10YIE-1001A00010,IE
2020-01-01T13:00:00+00:00,Tynagh Generator Unit,47W0000000000978,B04,,341.64,,MAW,PT30M,10YIE-1001A00010,IE
2020-01-01T13:00:00+00:00,West Offaly,47W000000000094E,B08,,136.96,,MAW,PT30M,10YIE-1001A00010,IE
2020-01-01T13:00:00+00:00,Whitegate Unit 1,47W0000000001040,B04,,431.38,,MAW,PT30M,10YIE-1001A00010,IE
2020-01-01T13:30:00+00:00,Ardnacrusha Unit 1,47W000000000182H,B11,,20.94,,MAW,PT30M,10YIE-1001A00010,IE
2020-01-01T13:30:00+00:00,Ardnacrusha Unit 2,47W000000000183F,B11,,21.98,,MAW,PT30M,10YIE-1001A00010,IE
2020-01-01T13:30:00+00:00,Ardnacrusha Unit 3,47W000000000184D,B11,,18.82,,MAW,PT30M,10YIE-1001A00010,IE
2020-01-01T13:30:00+00:00,Ardnacrusha Unit 4,47W000000000185B,B11,,21.3,,MAW,PT30M,10YIE-1001A00010,IE
2020-01-01T13:30:00+00:00,ERNE UNIT 1,47W0000000001869,B11,,9.43,,MAW,PT30M,10YIE-1001A00010,IE
2020-01-01T13:30:00+00:00,ERNE UNIT 2,47W0000000001877,B11,,9.47,,MAW,PT30M,10YIE-1001A00010,IE
2020-01-01T13:30:00+00:00,ERNE UNIT 3,47W0000000001885,B11,,23.96,,MAW,PT30M,10YIE-1001A00010,IE
2020-01-01T13:30:00+00:00,ERNE UNIT 4,47W0000000001893,B11,,23.96,,MAW,PT30M,10YIE-1001A00010,IE
2020-01-01T13:30:00+00:00,Edenderry Unit 1,47W000000000086D,B08,,91.24,,MAW,PT30M,10YIE-1001A00010,IE
2020-01-01T13:30:00+00:00,Great Island Unit 4,47W0000000001024,B04,,445.88,,MAW,PT30M,10YIE-1001A00010,IE
2020-01-01T13:30:00+00:00,Huntstown CCGT Unit 1,47W000000000095C,B04,,271.0,,MAW,PT30M,10YIE-1001A00010,IE
2020-01-01T13:30:00+00:00,Liffey Unit 5,47W000000000194A,B11,,2.3,,MAW,PT30M,10YIE-1001A00010,IE
2020-01-01T13:30:00+00:00,Moneypoint Unit 1,47W0000000000889,B05,,20.68,,MAW,PT30M,10YIE-1001A00010,IE
2020-01-01T13:30:00+00:00,Poolbeg A,47W000000000355C,B04,,118.48,,MAW,PT30M,10YIE-1001A00010,IE
2020-01-01T13:30:00+00:00,Sealrock 3,47W000000000177A,B04,,80.9,,MAW,PT30M,10YIE-1001A00010,IE
2020-01-01T13:30:00+00:00,Sealrock 4,47W0000000001788,B04,,80.72,,MAW,PT30M,10YIE-1001A00010,IE
2020-01-01T13:30:00+00:00,Turlough Hill Unit 1,47W0000000001982,B10,,5.92,,MAW,PT30M,10YIE-1001A00010,IE
2020-01-01T13:30:00+00:00,Turlough Hill Unit 2,47W0000000001990,B10,,6.12,,MAW,PT30M,10YIE-1001A00010,IE
2020-01-01T13:30:00+00:00,Turlough Hill Unit 3,47W0000000002004,B10,,5.16,,MAW,PT30M,10YIE-1001A00010,IE
2020-01-01T13:30:00+00:00,Turlough Hill Unit 4,47W0000000002012,B10,,5.42,,MAW,PT30M,10YIE-1001A00010,IE
2020-01-01T13:30:00+00:00,Tynagh Generator Unit,47W0000000000978,B04,,340.04,,MAW,PT30M,10YIE-1001A00010,IE
2020-01-01T13:30:00+00:00,West Offaly,47W000000000094E,B08,,136.78,,MAW,PT30M,10YIE-1001A00010,IE
2020-01-01T13:30:00+00:00,Whitegate Unit 1,47W0000000001040,B04,,430.7,,MAW,PT30M,10YIE-1001A00010,IE
2020-01-01T14:00:00+00:00,Ardnacrusha Unit 1,47W000000000182H,B11,,20.56,,MAW,PT30M,10YIE-1001A00010,IE
2020-01-01T14:00:00+00:00,Ardnacrusha Unit 2,47W000000000183F,B11,,21.54,,MAW,PT30M,10YIE-1001A00010,IE
2020-01-01T14:00:00+00:00,Ardnacrusha Unit 3,47W000000000184D,B11,,18.22,,MAW,PT30M,10YIE-1001A00010,IE
2020-01-01T14:00:00+00:00,Ardnacrusha Unit 4,47W000000000185B,B11,,20.82,,MAW,PT30M,10YIE-1001A00010,IE
2020-01-01T14:00:00+00:00,ERNE UNIT 1,47W0000000001869,B11,,9.24,,MAW,PT30M,10YIE-1001A00010,IE
2020-01-01T14:00:00+00:00,ERNE UNIT 2,47W0000000001877,B11,,9.3,,MAW,PT30M,10YIE-1001A00010,IE
2020-01-01T14:00:00+00:00,ERNE UNIT 3,47W0000000001885,B11,,23.7,,MAW,PT30M,10YIE-1001A00010,IE
2020-01-01T14:00:00+00:00,ERNE UNIT 4,47W0000000001893,B11,,23.72,,MAW,PT30M,10YIE-1001A00010,IE
2020-01-01T14:00:00+00:00,Edenderry Unit 1,47W000000000086D,B08,,88.22,,MAW,PT30M,10YIE-1001A00010,IE
2020-01-01T14:00:00+00:00,Great Island Unit 4,47W0000000001024,B04,,433.5,,MAW,PT30M,10YIE-1001A00010,IE
2020-01-01T14:00:00+00:00,Huntstown CCGT Unit 1,47W000000000095C,B04,,238.52,,MAW,PT30M,10YIE-1001A00010,IE
2020-01-01T14:00:00+00:00,LEE UNIT 2,47W0000000001966,B11,,0.96,,MAW,PT30M,10YIE-1001A00010,IE
2020-01-01T14:00:00+00:00,Lanesboro,47W000000000190I,B08,,62.38,,MAW,PT30M,10YIE-1001A00010,IE
2020-01-01T14:00:00+00:00,Moneypoint Unit 1,47W0000000000889,B05,,67.88,,MAW,PT30M,10YIE-1001A00010,IE
2020-01-01T14:00:00+00:00,Poolbeg A,47W000000000355C,B04,,117.52,,MAW,PT30M,10YIE-1001A00010,IE
2020-01-01T14:00:00+00:00,Sealrock 3,47W000000000177A,B04,,78.8,,MAW,PT30M,10YIE-1001A00010,IE
2020-01-01T14:00:00+00:00,Sealrock 4,47W0000000001788,B04,,78.68,,MAW,PT30M,10YIE-1001A00010,IE
2020-01-01T14:00:00+00:00,Turlough Hill Unit 1,47W0000000001982,B10,,5.21,,MAW,PT30M,10YIE-1001A00010,IE
2020-01-01T14:00:00+00:00,Turlough Hill Unit 2,47W0000000001990,B10,,5.41,,MAW,PT30M,10YIE-1001A00010,IE
2020-01-01T14:00:00+00:00,Turlough Hill Unit 3,47W0000000002004,B10,,4.56,,MAW,PT30M,10YIE-1001A00010,IE
2020-01-01T14:00:00+00:00,Turlough Hill Unit 4,47W0000000002012,B10,,4.84,,MAW,PT30M,10YIE-1001A00010,IE
2020-01-01T14:00:00+00:00,Tynagh Generator Unit,47W0000000000978,B04,,331.16,,MAW,PT30M,10YIE-1001A00010,IE
2020-01-01T14:00:00+00:00,West Offaly,47W000000000094E,B08,,135.76,,MAW,PT30M,10YIE-1001A00010,IE
2020-01-01T14:00:00+00:00,Whitegate Unit 1,47W0000000001040,B04,,421.44,,MAW,PT30M,10YIE-1001A00010,IE
2020-01-01T14:30:00+00:00,Ardnacrusha Unit 1,47W000000000182H,B11,,20.92,,MAW,PT30M,10YIE-1001A00010,IE
2020-01-01T14:30:00+00:00,Ardnacrusha Unit 2,47W000000000183F,B11,,21.94,,MAW,PT30M,10YIE-1001A00010,IE
2020-01-01T14:30:00+00:00,Ardnacrusha Unit 3,47W000000000184D,B11,,18.78,,MAW,PT30M,10YIE-1001A00010,IE
2020-01-01T14:30:00+00:00,Ardnacrusha Unit 4,47W000000000185B,B11,,21.3,,MAW,PT30M,10YIE-1001A00010,IE
2020-01-01T14:30:00+00:00,ERNE UNIT 1,47W0000000001869,B11,,9.4,,MAW,PT30M,10YIE-1001A00010,IE
2020-01-01T14:30:00+00:00,ERNE UNIT 2,47W0000000001877,B11,,9.46,,MAW,PT30M,10YIE-1001A00010,IE
2020-01-01T14:30:00+00:00,ERNE UNIT 3,47W0000000001885,B11,,23.94,,MAW,PT30M,10YIE-1001A00010,IE
2020-01-01T14:30:00+00:00,ERNE UNIT 4,47W0000000001893,B11,,23.96,,MAW,PT30M,10YIE-1001A00010,IE
2020-01-01T14:30:00+00:00,Edenderry Unit 1,47W000000000086D,B08,,90.82,,MAW,PT30M,10YIE-1001A00010,IE
2020-01-01T14:30:00+00:00,Great Island Unit 4,47W0000000001024,B04,,444.6,,MAW,PT30M,10YIE-1001A00010,IE
2020-01-01T14:30:00+00:00,Huntstown CCGT Unit 1,47W000000000095C,B04,,264.16,,MAW,PT30M,10YIE-1001A00010,IE
2020-01-01T14:30:00+00:00,LEE UNIT 2,47W0000000001966,B11,,1.02,,MAW,PT30M,10YIE-1001A00010,IE
2020-01-01T14:30:00+00:00,Lanesboro,47W000000000190I,B08,,62.58,,MAW,PT30M,10YIE-1001A00010,IE
2020-01-01T14:30:00+00:00,Liffey Unit 5,47W000000000194A,B11,,2.22,,MAW,PT30M,10YIE-1001A00010,IE
2020-01-01T14:30:00+00:00,Moneypoint Unit 1,47W0000000000889,B05,,78.74,,MAW,PT30M,10YIE-1001A00010,IE
2020-01-01T14:30:00+00:00,Poolbeg A,47W000000000355C,B04,,118.32,,MAW,PT30M,10YIE-1001A00010,IE
2020-01-01T14:30:00+00:00,Sealrock 3,47W000000000177A,B04,,80.62,,MAW,PT30M,10YIE-1001A00010,IE
2020-01-01T14:30:00+00:00,Sealrock 4,47W0000000001788,B04,,80.46,,MAW,PT30M,10YIE-1001A00010,IE
2020-01-01T14:30:00+00:00,Turlough Hill Unit 1,47W0000000001982,B10,,5.75,,MAW,PT30M,10YIE-1001A00010,IE
2020-01-01T14:30:00+00:00,Turlough Hill Unit 2,47W0000000001990,B10,,5.95,,MAW,PT30M,10YIE-1001A00010,IE
2020-01-01T14:30:00+00:00,Turlough Hill Unit 3,47W0000000002004,B10,,4.97,,MAW,PT30M,10YIE-1001A00010,IE
2020-01-01T14:30:00+00:00,Turlough Hill Unit 4,47W0000000002012,B10,,5.21,,MAW,PT30M,10YIE-1001A00010,IE
2020-01-01T14:30:00+00:00,Tynagh Generator Unit,47W0000000000978,B04,,339.06,,MAW,PT30M,10YIE-1001A00010,IE
2020-01-01T14:30:00+00:00,West Offaly,47W000000000094E,B08,,136.72,,MAW,PT30M,10YIE-1001A00010,IE
2020-01-01T14:30:00+00:00,Whitegate Unit 1,47W0000000001040,B04,,428.92,,MAW,PT30M,10YIE-1001A00010,IE
2020-01-01T15:00:00+00:00,Ardnacrusha Unit 1,47W000000000182H,B11,,20.36,,MAW,PT30M,10YIE-1001A00010,IE
2020-01-01T15:00:00+00:00,Ardnacrusha Unit 2,47W000000000183F,B11,,21.32,,MAW,PT30M,10YIE-1001A00010,IE
2020-01-01T15:00:00+00:00,Ardnacrusha Unit 3,47W000000000184D,B11,,17.98,,MAW,PT30M,10YIE-1001A00010,IE
2020-01-01T15:00:00+00:00,Ardnacrusha Unit 4,47W000000000185B,B11,,20.6,,MAW,PT30M,10YIE-1001A00010,IE
2020-01-01T15:00:00+00:00,ERNE UNIT 1,47W0000000001869,B11,,9.1,,MAW,PT30M,10YIE-1001A00010,IE
2020-01-01T15:00:00+00:00,ERNE UNIT 2,47W0000000001877,B11,,9.12,,MAW,PT30M,10YIE-1001A00010,IE
2020-01-01T15:00:00+00:00,ERNE UNIT 3,47W0000000001885,B11,,23.54,,MAW,PT30M,10YIE-1001A00010,IE
2020-01-01T15:00:00+00:00,ERNE UNIT 4,47W0000000001893,B11,,23.52,,MAW,PT30M,10YIE-1001A00010,IE
2020-01-01T15:00:00+00:00,Edenderry Unit 1,47W000000000086D,B08,,86.48,,MAW,PT30M,10YIE-1001A00010,IE
2020-01-01T15:00:00+00:00,Great Island Unit 4,47W0000000001024,B04,,403.46,,MAW,PT30M,10YIE-1001A00010,IE
2020-01-01T15:00:00+00:00,Huntstown CCGT Unit 1,47W000000000095C,B04,,198.78,,MAW,PT30M,10YIE-1001A00010,IE
2020-01-01T15:00:00+00:00,LEE UNIT 1,47W0000000001958,B11,,0.69,,MAW,PT30M,10YIE-1001A00010,IE
2020-01-01T15:00:00+00:00,LEE UNIT 2,47W0000000001966,B11,,0.99,,MAW,PT30M,10YIE-1001A00010,IE
2020-01-01T15:00:00+00:00,Lanesboro,47W000000000190I,B08,,62.48,,MAW,PT30M,10YIE-1001A00010,IE
2020-01-01T15:00:00+00:00,Liffey Unit 5,47W000000000194A,B11,,2.12,,MAW,PT30M,10YIE-1001A00010,IE
2020-01-01T15:00:00+00:00,Moneypoint Unit 1,47W0000000000889,B05,,77.72,,MAW,PT30M,10YIE-1001A00010,IE
2020-01-01T15:00:00+00:00,Poolbeg A,47W000000000355C,B04,,117.26,,MAW,PT30M,10YIE-1001A00010,IE
2020-01-01T15:00:00+00:00,Sealrock 3,47W000000000177A,B04,,77.8,,MAW,PT30M,10YIE-1001A00010,IE
2020-01-01T15:00:00+00:00,Sealrock 4,47W0000000001788,B04,,77.64,,MAW,PT30M,10YIE-1001A00010,IE
2020-01-01T15:00:00+00:00,Turlough Hill Unit 1,47W0000000001982,B10,,4.98,,MAW,PT30M,10YIE-1001A00010,IE
2020-01-01T15:00:00+00:00,Turlough Hill Unit 2,47W0000000001990,B10,,5.14,,MAW,PT30M,10YIE-1001A00010,IE
2020-01-01T15:00:00+00:00,Turlough Hill Unit 3,47W0000000002004,B10,,4.35,,MAW,PT30M,10YIE-1001A00010,IE
2020-01-01T15:00:00+00:00,Turlough Hill Unit 4,47W0000000002012,B10,,4.61,,MAW,PT30M,10YIE-1001A00010,IE
2020-01-01T15:00:00+00:00,Tynagh Generator Unit,47W0000000000978,B04,,311.66,,MAW,PT30M,10YIE-1001A00010,IE
2020-01-01T15:00:00+00:00,West Offaly,47W000000000094E,B08,,135.08,,MAW,PT30M,10YIE-1001A00010,IE
2020-01-01T15:00:00+00:00,Whitegate Unit 1,47W0000000001040,B04,,413.76,,MAW,PT30M,10YIE-1001A00010,IE
2020-01-01T15:30:00+00:00,Ardnacrusha Unit 1,47W000000000182H,B11,,20.66,,MAW,PT30M,10YIE-1001A00010,IE
2020-01-01T15:30:00+00:00,Ardnacrusha Unit 2,47W000000000183F,B11,,21.64,,MAW,PT30M,10YIE-1001A00010,IE
2020-01-01T15:30:00+00:00,Ardnacrusha Unit 3,47W000000000184D,B11,,18.3,,MAW,PT30M,10YIE-1001A00010,IE
2020-01-01T15:30:00+00:00,Ardnacrusha Unit 4,47W000000000185B,B11,,20.94,,MAW,PT30M,10YIE-1001A00010,IE
2020-01-01T15:30:00+00:00,ERNE UNIT 1,47W0000000001869,B11,,9.29,,MAW,PT30M,10YIE-1001A00010,IE
2020-01-01T15:30:00+00:00,ERNE UNIT 2,47W0000000001877,B11,,9.33,,MAW,PT30M,10YIE-1001A00010,IE
2020-01-01T15:30:00+00:00,ERNE UNIT 3,47W0000000001885,B11,,23.76,,MAW,PT30M,10YIE-1001A00010,IE
2020-01-01T15:30:00+00:00,ERNE UNIT 4,47W0000000001893,B11,,23.76,,MAW,PT30M,10YIE-1001A00010,IE
2020-01-01T15:30:00+00:00,Edenderry Unit 1,47W000000000086D,B08,,88.38,,MAW,PT30M,10YIE-1001A00010,IE
2020-01-01T15:30:00+00:00,Great Island Unit 4,47W0000000001024,B04,,373.88,,MAW,PT30M,10YIE-1001A00010,IE
2020-01-01T15:30:00+00:00,Huntstown CCGT Unit 1,47W000000000095C,B04,,165.02,,MAW,PT30M,10YIE-1001A00010,IE
2020-01-01T15:30:00+00:00,LEE UNIT 1,47W0000000001958,B11,,5.84,,MAW,PT30M,10YIE-1001A00010,IE
2020-01-01T15:30:00+00:00,LEE UNIT 2,47W0000000001966,B11,,1.06,,MAW,PT30M,10YIE-1001A00010,IE
2020-01-01T15:30:00+00:00,Lanesboro,47W000000000190I,B08,,62.58,,MAW,PT30M,10YIE-1001A00010,IE
2020-01-01T15:30:00+00:00,Liffey Unit 5,47W000000000194A,B11,,1.99,,MAW,PT30M,10YIE-1001A00010,IE
2020-01-01T15:30:00+00:00,Moneypoint Unit 1,47W0000000000889,B05,,77.94,,MAW,PT30M,10YIE-1001A00010,IE
2020-01-01T15:30:00+00:00,Poolbeg A,47W000000000355C,B04,,117.38,,MAW,PT30M,10YIE-1001A00010,IE
2020-01-01T15:30:00+00:00,Sealrock 3,47W000000000177A,B04,,79.0,,MAW,PT30M,10YIE-1001A00010,IE
2020-01-01T15:30:00+00:00,Sealrock 4,47W0000000001788,B04,,78.82,,MAW,PT30M,10YIE-1001A00010,IE
2020-01-01T15:30:00+00:00,Turlough Hill Unit 1,47W0000000001982,B10,,5.0,,MAW,PT30M,10YIE-1001A00010,IE
2020-01-01T15:30:00+00:00,Turlough Hill Unit 3,47W0000000002004,B10,,4.34,,MAW,PT30M,10YIE-1001A00010,IE
2020-01-01T15:30:00+00:00,Turlough Hill Unit 4,47W0000000002012,B10,,4.62,,MAW,PT30M,10YIE-1001A00010,IE
2020-01-01T15:30:00+00:00,Tynagh Generator Unit,47W0000000000978,B04,,302.28,,MAW,PT30M,10YIE-1001A00010,IE
2020-01-01T15:30:00+00:00,West Offaly,47W000000000094E,B08,,135.7,,MAW,PT30M,10YIE-1001A00010,IE
2020-01-01T15:30:00+00:00,Whitegate Unit 1,47W0000000001040,B04,,419.56,,MAW,PT30M,10YIE-1001A00010,IE
2020-01-01T16:00:00+00:00,Ardnacrusha Unit 1,47W000000000182H,B11,,20.78,,MAW,PT30M,10YIE-1001A00010,IE
2020-01-01T16:00:00+00:00,Ardnacrusha Unit 2,47W000000000183F,B11,,21.8,,MAW,PT30M,10YIE-1001A00010,IE
2020-01-01T16:00:00+00:00,Ardnacrusha Unit 3,47W000000000184D,B11,,18.48,,MAW,PT30M,10YIE-1001A00010,IE
2020-01-01T16:00:00+00:00,Ardnacrusha Unit 4,47W000000000185B,B11,,21.12,,MAW,PT30M,10YIE-1001A00010,IE
2020-01-01T16:00:00+00:00,ERNE UNIT 1,47W0000000001869,B11,,9.31,,MAW,PT30M,10YIE-1001A00010,IE
2020-01-01T16:00:00+00:00,ERNE UNIT 2,47W0000000001877,B11,,9.35,,MAW,PT30M,10YIE-1001A00010,IE
2020-01-01T16:00:00+00:00,ERNE UNIT 3,47W0000000001885,B11,,23.86,,MAW,PT30M,10YIE-1001A00010,IE
2020-01-01T16:00:00+00:00,ERNE UNIT 4,47W0000000001893,B11,,23.88,,MAW,PT30M,10YIE-1001A00010,IE
2020-01-01T16:00:00+00:00,Edenderry Unit 1,47W000000000086D,B08,,89.32,,MAW,PT30M,10YIE-1001A00010,IE
2020-01-01T16:00:00+00:00,Great Island Unit 4,47W0000000001024,B04,,377.22,,MAW,PT30M,10YIE-1001A00010,IE
2020-01-01T16:00:00+00:00,Huntstown CCGT Unit 1,47W000000000095C,B04,,168.5,,MAW,PT30M,10YIE-1001A00010,IE
2020-01-01T16:00:00+00:00,LEE UNIT 1,47W0000000001958,B11,,11.61,,MAW,PT30M,10YIE-1001A00010,IE
2020-01-01T16:00:00+00:00,LEE UNIT 2,47W0000000001966,B11,,1.09,,MAW,PT30M,10YIE-1001A00010,IE
2020-01-01T16:00:00+00:00,LEE UNIT 3,47W0000000001974,B11,,2.94,,MAW,PT30M,10YIE-1001A00010,IE
2020-01-01T16:00:00+00:00,Lanesboro,47W000000000190I,B08,,62.88,,MAW,PT30M,10YIE-1001A00010,IE
2020-01-01T16:00:00+00:00,Liffey Unit 5,47W000000000194A,B11,,1.84,,MAW,PT30M,10YIE-1001A00010,IE
2020-01-01T16:00:00+00:00,Moneypoint Unit 1,47W0000000000889,B05,,76.46,,MAW,PT30M,10YIE-1001A00010,IE
2020-01-01T16:00:00+00:00,Poolbeg A,47W000000000355C,B04,,117.36,,MAW,PT30M,10YIE-1001A00010,IE
2020-01-01T16:00:00+00:00,Sealrock 3,47W000000000177A,B04,,79.64,,MAW,PT30M,10YIE-1001A00010,IE
2020-01-01T16:00:00+00:00,Sealrock 4,47W0000000001788,B04,,79.44,,MAW,PT30M,10YIE-1001A00010,IE
2020-01-01T16:00:00+00:00,Turlough Hill Unit 1,47W0000000001982,B10,,5.04,,MAW,PT30M,10YIE-1001A00010,IE
2020-01-01T16:00:00+00:00,Turlough Hill Unit 2,47W0000000001990,B10,,5.2,,MAW,PT30M,10YIE-1001A00010,IE
2020-01-01T16:00:00+00:00,Turlough Hill Unit 3,47W0000000002004,B10,,4.36,,MAW,PT30M,10YIE-1001A00010,IE
2020-01-01T16:00:00+00:00,Turlough Hill Unit 4,47W0000000002012,B10,,4.66,,MAW,PT30M,10YIE-1001A00010,IE
2020-01-01T16:00:00+00:00,Tynagh Generator Unit,47W0000000000978,B04,,305.24,,MAW,PT30M,10YIE-1001A00010,IE
2020-01-01T16:00:00+00:00,West Offaly,47W000000000094E,B08,,136.38,,MAW,PT30M,10YIE-1001A00010,IE
2020-01-01T16:00:00+00:00,Whitegate Unit 1,47W0000000001040,B04,,422.5,,MAW,PT30M,10YIE-1001A00010,IE
2020-01-01T16:30:00+00:00,Ardnacrusha Unit 1,47W000000000182H,B11,,20.54,,MAW,PT30M,10YIE-1001A00010,IE
2020-01-01T16:30:00+00:00,Ardnacrusha Unit 2,47W000000000183F,B11,,21.54,,MAW,PT30M,10YIE-1001A00010,IE
2020-01-01T16:30:00+00:00,Ardnacrusha Unit 3,47W000000000184D,B11,,18.2,,MAW,PT30M,10YIE-1001A00010,IE
2020-01-01T16:30:00+00:00,Ardnacrusha Unit 4,47W000000000185B,B11,,20.82,,MAW,PT30M,10YIE-1001A00010,IE
2020-01-01T16:30:00+00:00,ERNE UNIT 1,47W0000000001869,B11,,9.17,,MAW,PT30M,10YIE-1001A00010,IE
2020-01-01T16:30:00+00:00,ERNE UNIT 2,47W0000000001877,B11,,9.23,,MAW,PT30M,10YIE-1001A00010,IE
2020-01-01T16:30:00+00:00,ERNE UNIT 3,47W0000000001885,B11,,23.68,,MAW,PT30M,10YIE-1001A00010,IE
2020-01-01T16:30:00+00:00,ERNE UNIT 4,47W0000000001893,B11,,23.72,,MAW,PT30M,10YIE-1001A00010,IE
2020-01-01T16:30:00+00:00,Edenderry Unit 1,47W000000000086D,B08,,87.76,,MAW,PT30M,10YIE-1001A00010,IE
2020-01-01T16:30:00+00:00,Great Island Unit 4,47W0000000001024,B04,,356.76,,MAW,PT30M,10YIE-1001A00010,IE
2020-01-01T16:30:00+00:00,Huntstown CCGT Unit 1,47W000000000095C,B04,,161.04,,MAW,PT30M,10YIE-1001A00010,IE
2020-01-01T16:30:00+00:00,LEE UNIT 1,47W0000000001958,B11,,14.83,,MAW,PT30M,10YIE-1001A00010,IE
2020-01-01T16:30:00+00:00,LEE UNIT 2,47W0000000001966,B11,,3.35,,MAW,PT30M,10YIE-1001A00010,IE
2020-01-01T16:30:00+00:00,LEE UNIT 3,47W0000000001974,B11,,7.78,,MAW,PT30M,10YIE-1001A00010,IE
2020-01-01T16:30:00+00:00,Lanesboro,47W000000000190I,B08,,64.04,,MAW,PT30M,10YIE-1001A00010,IE
2020-01-01T16:30:00+00:00,Moneypoint Unit 1,47W0000000000889,B05,,85.9,,MAW,PT30M,10YIE-1001A00010,IE
2020-01-01T16:30:00+00:00,Poolbeg A,47W000000000355C,B04,,117.26,,MAW,PT30M,10YIE-1001A00010,IE
2020-01-01T16:30:00+00:00,Sealrock 3,47W000000000177A,B04,,78.64,,MAW,PT30M,10YIE-1001A00010,IE
2020-01-01T16:30:00+00:00,Sealrock 4,47W0000000001788,B04,,78.44,,MAW,PT30M,10YIE-1001A00010,IE
2020-01-01T16:30:00+00:00,Turlough Hill Unit 1,47W0000000001982,B10,,5.03,,MAW,PT30M,10YIE-1001A00010,IE
2020-01-01T16:30:00+00:00,Turlough Hill Unit 2,47W0000000001990,B10,,5.19,,MAW,PT30M,10YIE-1001A00010,IE
2020-01-01T16:30:00+00:00,Turlough Hill Unit 3,47W0000000002004,B10,,4.37,,MAW,PT30M,10YIE-1001A00010,IE
2020-01-01T16:30:00+00:00,Turlough Hill Unit 4,47W0000000002012,B10,,4.65,,MAW,PT30M,10YIE-1001A00010,IE
2020-01-01T16:30:00+00:00,Tynagh Generator Unit,47W0000000000978,B04,,301.06,,MAW,PT30M,10YIE-1001A00010,IE
2020-01-01T16:30:00+00:00,West Offaly,47W000000000094E,B08,,135.1,,MAW,PT30M,10YIE-1001A00010,IE
2020-01-01T16:30:00+00:00,Whitegate Unit 1,47W0000000001040,B04,,417.18,,MAW,PT30M,10YIE-1001A00010,IE
2020-01-01T17:00:00+00:00,Ardnacrusha Unit 1,47W000000000182H,B11,,21.02,,MAW,PT30M,10YIE-1001A00010,IE
2020-01-01T17:00:00+00:00,Ardnacrusha Unit 2,47W000000000183F,B11,,22.02,,MAW,PT30M,10YIE-1001A00010,IE
2020-01-01T17:00:00+00:00,Ardnacrusha Unit 3,47W000000000184D,B11,,18.94,,MAW,PT30M,10YIE-1001A00010,IE
2020-01-01T17:00:00+00:00,Ardnacrusha Unit 4,47W000000000185B,B11,,21.34,,MAW,PT30M,10YIE-1001A00010,IE
2020-01-01T17:00:00+00:00,ERNE UNIT 1,47W0000000001869,B11,,9.45,,MAW,PT30M,10YIE-1001A00010,IE
2020-01-01T17:00:00+00:00,ERNE UNIT 2,47W0000000001877,B11,,9.49,,MAW,PT30M,10YIE-1001A00010,IE
2020-01-01T17:00:00+00:00,ERNE UNIT 3,47W0000000001885,B11,,24.0,,MAW,PT30M,10YIE-1001A00010,IE
2020-01-01T17:00:00+00:00,ERNE UNIT 4,47W0000000001893,B11,,24.02,,MAW,PT30M,10YIE-1001A00010,IE
2020-01-01T17:00:00+00:00,Edenderry Unit 1,47W000000000086D,B08,,90.64,,MAW,PT30M,10YIE-1001A00010,IE
2020-01-01T17:00:00+00:00,Great Island Unit 4,47W0000000001024,B04,,300.84,,MAW,PT30M,10YIE-1001A00010,IE
2020-01-01T17:00:00+00:00,Huntstown CCGT Unit 1,47W000000000095C,B04,,153.1,,MAW,PT30M,10YIE-1001A00010,IE
2020-01-01T17:00:00+00:00,LEE UNIT 1,47W0000000001958,B11,,14.81,,MAW,PT30M,10YIE-1001A00010,IE
2020-01-01T17:00:00+00:00,LEE UNIT 2,47W0000000001966,B11,,3.97,,MAW,PT30M,10YIE-1001A00010,IE
2020-01-01T17:00:00+00:00,LEE UNIT 3,47W0000000001974,B11,,7.75,,MAW,PT30M,10YIE-1001A00010,IE
2020-01-01T17:00:00+00:00,Lanesboro,47W000000000190I,B08,,84.08,,MAW,PT30M,10YIE-1001A00010,IE
2020-01-01T17:00:00+00:00,Liffey Unit 5,47W000000000194A,B11,,1.37,,MAW,PT30M,10YIE-1001A00010,IE
2020-01-01T17:00:00+00:00,Moneypoint Unit 1,47W0000000000889,B05,,102.96,,MAW,PT30M,10YIE-1001A00010,IE
2020-01-01T17:00:00+00:00,Poolbeg A,47W000000000355C,B04,,118.92,,MAW,PT30M,10YIE-1001A00010,IE
2020-01-01T17:00:00+00:00,Sealrock 3,47W000000000177A,B04,,81.26,,MAW,PT30M,10YIE-1001A00010,IE
2020-01-01T17:00:00+00:00,Sealrock 4,47W0000000001788,B04,,81.18,,MAW,PT30M,10YIE-1001A00010,IE
2020-01-01T17:00:00+00:00,Turlough Hill Unit 1,47W0000000001982,B10,,11.12,,MAW,PT30M,10YIE-1001A00010,IE
2020-01-01T17:00:00+00:00,Turlough Hill Unit 2,47W0000000001990,B10,,6.56,,MAW,PT30M,10YIE-1001A00010,IE
2020-01-01T17:00:00+00:00,Turlough Hill Unit 3,47W0000000002004,B10,,5.5,,MAW,PT30M,10YIE-1001A00010,IE
2020-01-01T17:00:00+00:00,Turlough Hill Unit 4,47W0000000002012,B10,,35.18,,MAW,PT30M,10YIE-1001A00010,IE
2020-01-01T17:00:00+00:00,Tynagh Generator Unit,47W0000000000978,B04,,312.62,,MAW,PT30M,10YIE-1001A00010,IE
2020-01-01T17:00:00+00:00,West Offaly,47W000000000094E,B08,,137.3,,MAW,PT30M,10YIE-1001A00010,IE
2020-01-01T17:00:00+00:00,Whitegate Unit 1,47W0000000001040,B04,,428.14,,MAW,PT30M,10YIE-1001A00010,IE
2020-01-01T17:30:00+00:00,Ardnacrusha Unit 1,47W000000000182H,B11,,21.1,,MAW,PT30M,10YIE-1001A00010,IE
2020-01-01T17:30:00+00:00,Ardnacrusha Unit 2,47W000000000183F,B11,,22.12,,MAW,PT30M,10YIE-1001A00010,IE
2020-01-01T17:30:00+00:00,Ardnacrusha Unit 3,47W000000000184D,B11,,19.06,,MAW,PT30M,10YIE-1001A00010,IE
2020-01-01T17:30:00+00:00,Ardnacrusha Unit 4,47W000000000185B,B11,,21.5,,MAW,PT30M,10YIE-1001A00010,IE
2020-01-01T17:30:00+00:00,ERNE UNIT 1,47W0000000001869,B11,,9.47,,MAW,PT30M,10YIE-1001A00010,IE
2020-01-01T17:30:00+00:00,ERNE UNIT 2,47W0000000001877,B11,,9.51,,MAW,PT30M,10YIE-1001A00010,IE
2020-01-01T17:30:00+00:00,ERNE UNIT 3,47W0000000001885,B11,,24.06,,MAW,PT30M,10YIE-1001A00010,IE
2020-01-01T17:30:00+00:00,ERNE UNIT 4,47W0000000001893,B11,,24.08,,MAW,PT30M,10YIE-1001A00010,IE
2020-01-01T17:30:00+00:00,Edenderry Unit 1,47W000000000086D,B08,,91.84,,MAW,PT30M,10YIE-1001A00010,IE
2020-01-01T17:30:00+00:00,Great Island Unit 4,47W0000000001024,B04,,270.26,,MAW,PT30M,10YIE-1001A00010,IE
2020-01-01T17:30:00+00:00,Huntstown CCGT Unit 1,47W000000000095C,B04,,147.34,,MAW,PT30M,10YIE-1001A00010,IE
2020-01-01T17:30:00+00:00,LEE UNIT 1,47W0000000001958,B11,,14.71,,MAW,PT30M,10YIE-1001A00010,IE
2020-01-01T17:30:00+00:00,LEE UNIT 2,47W0000000001966,B11,,3.99,,MAW,PT30M,10YIE-1001A00010,IE
2020-01-01T17:30:00+00:00,LEE UNIT 3,47W0000000001974,B11,,7.85,,MAW,PT30M,10YIE-1001A00010,IE
2020-01-01T17:30:00+00:00,Lanesboro,47W000000000190I,B08,,91.56,,MAW,PT30M,10YIE-1001A00010,IE
2020-01-01T17:30:00+00:00,Liffey Unit 5,47W000000000194A,B11,,1.17,,MAW,PT30M,10YIE-1001A00010,IE
2020-01-01T17:30:00+00:00,Moneypoint Unit 1,47W0000000000889,B05,,104.6,,MAW,PT30M,10YIE-1001A00010,IE
2020-01-01T17:30:00+00:00,Poolbeg A,47W000000000355C,B04,,119.9,,MAW,PT30M,10YIE-1001A00010,IE
2020-01-01T17:30:00+00:00,Sealrock 3,47W000000000177A,B04,,81.68,,MAW,PT30M,10YIE-1001A00010,IE
2020-01-01T17:30:00+00:00,Sealrock 4,47W0000000001788,B04,,81.58,,MAW,PT30M,10YIE-1001A00010,IE
2020-01-01T17:30:00+00:00,Turlough Hill Unit 1,47W0000000001982,B10,,46.43,,MAW,PT30M,10YIE-1001A00010,IE
2020-01-01T17:30:00+00:00,Turlough Hill Unit 2,47W0000000001990,B10,,43.19,,MAW,PT30M,10YIE-1001A00010,IE
2020-01-01T17:30:00+00:00,Turlough Hill Unit 3,47W0000000002004,B10,,5.9,,MAW,PT30M,10YIE-1001A00010,IE
2020-01-01T17:30:00+00:00,Turlough Hill Unit 4,47W0000000002012,B10,,71.8,,MAW,PT30M,10YIE-1001A00010,IE
2020-01-01T17:30:00+00:00,Tynagh Generator Unit,47W0000000000978,B04,,314.58,,MAW,PT30M,10YIE-1001A00010,IE
2020-01-01T17:30:00+00:00,Whitegate Unit 1,47W0000000001040,B04,,429.88,,MAW,PT30M,10YIE-1001A00010,IE
2020-01-01T18:00:00+00:00,Ardnacrusha Unit 1,47W000000000182H,B11,,20.76,,MAW,PT30M,10YIE-1001A00010,IE
2020-01-01T18:00:00+00:00,Ardnacrusha Unit 2,47W000000000183F,B11,,21.76,,MAW,PT30M,10YIE-1001A00010,IE
2020-01-01T18:00:00+00:00,Ardnacrusha Unit 3,47W000000000184D,B11,,18.52,,MAW,PT30M,10YIE-1001A00010,IE
2020-01-01T18:00:00+00:00,Ardnacrusha Unit 4,47W000000000185B,B11,,21.1,,MAW,PT30M,10YIE-1001A00010,IE
2020-01-01T18:00:00+00:00,ERNE UNIT 1,47W0000000001869,B11,,9.29,,MAW,PT30M,10YIE-1001A00010,IE
2020-01-01T18:00:00+00:00,ERNE UNIT 2,47W0000000001877,B11,,9.37,,MAW,PT30M,10YIE-1001A00010,IE
2020-01-01T18:00:00+00:00,ERNE UNIT 3,47W0000000001885,B11,,23.8,,MAW,PT30M,10YIE-1001A00010,IE
2020-01-01T18:00:00+00:00,ERNE UNIT 4,47W0000000001893,B11,,23.78,,MAW,PT30M,10YIE-1001A00010,IE
2020-01-01T18:00:00+00:00,Edenderry Unit 1,47W000000000086D,B08,,89.32,,MAW,PT30M,10YIE-1001A00010,IE
2020-01-01T18:00:00+00:00,Great Island Unit 4,47W0000000001024,B04,,214.72,,MAW,PT30M,10YIE-1001A00010,IE
2020-01-01T18:00:00+00:00,Huntstown CCGT Unit 1,47W000000000095C,B04,,144.18,,MAW,PT30M,10YIE-1001A00010,IE
2020-01-01T18:00:00+00:00,LEE UNIT 1,47W0000000001958,B11,,14.73,,MAW,PT30M,10YIE-1001A00010,IE
2020-01-01T18:00:00+00:00,LEE UNIT 2,47W0000000001966,B11,,3.95,,MAW,PT30M,10YIE-1001A00010,IE
2020-01-01T18:00:00+00:00,LEE UNIT 3,47W0000000001974,B11,,7.51,,MAW,PT30M,10YIE-1001A00010,IE
2020-01-01T18:00:00+00:00,Lanesboro,47W000000000190I,B08,,91.44,,MAW,PT30M,10YIE-1001A00010,IE
2020-01-01T18:00:00+00:00,Moneypoint Unit 1,47W0000000000889,B05,,100.92,,MAW,PT30M,10YIE-1001A00010,IE
2020-01-01T18:00:00+00:00,Poolbeg A,47W000000000355C,B04,,117.48,,MAW,PT30M,10YIE-1001A00010,IE
2020-01-01T18:00:00+00:00,Sealrock 3,47W000000000177A,B04,,79.66,,MAW,PT30M,10YIE-1001A00010,IE
2020-01-01T18:00:00+00:00,Sealrock 4,47W0000000001788,B04,,79.48,,MAW,PT30M,10YIE-1001A00010,IE
2020-01-01T18:00:00+00:00,Turlough Hill Unit 1,47W0000000001982,B10,,44.44,,MAW,PT30M,10YIE-1001A00010,IE
2020-01-01T18:00:00+00:00,Turlough Hill Unit 2,47W0000000001990,B10,,44.76,,MAW,PT30M,10YIE-1001A00010,IE
2020-01-01T18:00:00+00:00,Turlough Hill Unit 3,47W0000000002004,B10,,4.53,,MAW,PT30M,10YIE-1001A00010,IE
2020-01-01T18:00:00+00:00,Turlough Hill Unit 4,47W0000000002012,B10,,71.33,,MAW,PT30M,10YIE-1001A00010,IE
2020-01-01T18:00:00+00:00,Tynagh Generator Unit,47W0000000000978,B04,,296.78,,MAW,PT30M,10YIE-1001A00010,IE
2020-01-01T18:00:00+00:00,West Offaly,47W000000000094E,B08,,136.08,,MAW,PT30M,10YIE-1001A00010,IE
2020-01-01T18:00:00+00:00,Whitegate Unit 1,47W0000000001040,B04,,425.88,,MAW,PT30M,10YIE-1001A00010,IE
2020-01-01T18:30:00+00:00,Ardnacrusha Unit 1,47W000000000182H,B11,,20.38,,MAW,PT30M,10YIE-1001A00010,IE
2020-01-01T18:30:00+00:00,Ardnacrusha Unit 2,47W000000000183F,B11,,21.36,,MAW,PT30M,10YIE-1001A00010,IE
2020-01-01T18:30:00+00:00,Ardnacrusha Unit 3,47W000000000184D,B11,,18.04,,MAW,PT30M,10YIE-1001A00010,IE
2020-01-01T18:30:00+00:00,Ardnacrusha Unit 4,47W000000000185B,B11,,20.6,,MAW,PT30M,10YIE-1001A00010,IE
2020-01-01T18:30:00+00:00,ERNE UNIT 1,47W0000000001869,B11,,9.1,,MAW,PT30M,10YIE-1001A00010,IE
2020-01-01T18:30:00+00:00,ERNE UNIT 2,47W0000000001877,B11,,9.14,,MAW,PT30M,10YIE-1001A00010,IE
2020-01-01T18:30:00+00:00,ERNE UNIT 3,47W0000000001885,B11,,23.48,,MAW,PT30M,10YIE-1001A00010,IE
2020-01-01T18:30:00+00:00,ERNE UNIT 4,47W0000000001893,B11,,23.46,,MAW,PT30M,10YIE-1001A00010,IE
2020-01-01T18:30:00+00:00,Edenderry Unit 1,47W000000000086D,B08,,86.6,,MAW,PT30M,10YIE-1001A00010,IE
2020-01-01T18:30:00+00:00,Great Island Unit 4,47W0000000001024,B04,,165.4,,MAW,PT30M,10YIE-1001A00010,IE
2020-01-01T18:30:00+00:00,Huntstown CCGT Unit 1,47W000000000095C,B04,,138.34,,MAW,PT30M,10YIE-1001A00010,IE
2020-01-01T18:30:00+00:00,LEE UNIT 1,47W0000000001958,B11,,14.82,,MAW,PT30M,10YIE-1001A00010,IE
2020-01-01T18:30:00+00:00,LEE UNIT 2,47W0000000001966,B11,,3.84,,MAW,PT30M,10YIE-1001A00010,IE
2020-01-01T18:30:00+00:00,LEE UNIT 3,47W0000000001974,B11,,7.78,,MAW,PT30M,10YIE-1001A00010,IE
2020-01-01T18:30:00+00:00,Lanesboro,47W000000000190I,B08,,91.28,,MAW,PT30M,10YIE-1001A00010,IE
2020-01-01T18:30:00+00:00,Moneypoint Unit 1,47W0000000000889,B05,,100.78,,MAW,PT30M,10YIE-1001A00010,IE
2020-01-01T18:30:00+00:00,Poolbeg A,47W000000000355C,B04,,117.3,,MAW,PT30M,10YIE-1001A00010,IE
2020-01-01T18:30:00+00:00,Sealrock 3,47W000000000177A,B04,,77.94,,MAW,PT30M,10YIE-1001A00010,IE
2020-01-01T18:30:00+00:00,Sealrock 4,47W0000000001788,B04,,77.72,,MAW,PT30M,10YIE-1001A00010,IE
2020-01-01T18:30:00+00:00,Turlough Hill Unit 1,47W0000000001982,B10,,42.87,,MAW,PT30M,10YIE-1001A00010,IE
2020-01-01T18:30:00+00:00,Turlough Hill Unit 2,47W0000000001990,B10,,43.21,,MAW,PT30M,10YIE-1001A00010,IE
2020-01-01T18:30:00+00:00,Turlough Hill Unit 3,47W0000000002004,B10,,4.4,,MAW,PT30M,10YIE-1001A00010,IE
2020-01-01T18:30:00+00:00,Turlough Hill Unit 4,47W0000000002012,B10,,45.6,,MAW,PT30M,10YIE-1001A00010,IE
2020-01-01T18:30:00+00:00,Tynagh Generator Unit,47W0000000000978,B04,,196.6,,MAW,PT30M,10YIE-1001A00010,IE
2020-01-01T18:30:00+00:00,West Offaly,47W000000000094E,B08,,134.36,,MAW,PT30M,10YIE-1001A00010,IE
2020-01-01T18:30:00+00:00,Whitegate Unit 1,47W0000000001040,B04,,312.7,,MAW,PT30M,10YIE-1001A00010,IE
2020-01-01T19:00:00+00:00,Ardnacrusha Unit 1,47W000000000182H,B11,,20.78,,MAW,PT30M,10YIE-1001A00010,IE
2020-01-01T19:00:00+00:00,Ardnacrusha Unit 2,47W000000000183F,B11,,21.76,,MAW,PT30M,10YIE-1001A00010,IE
2020-01-01T19:00:00+00:00,Ardnacrusha Unit 3,47W000000000184D,B11,,18.48,,MAW,PT30M,10YIE-1001A00010,IE
2020-01-01T19:00:00+00:00,Ardnacrusha Unit 4,47W000000000185B,B11,,21.1,,MAW,PT30M,10YIE-1001A00010,IE
2020-01-01T19:00:00+00:00,ERNE UNIT 1,47W0000000001869,B11,,9.31,,MAW,PT30M,10YIE-1001A00010,IE
2020-01-01T19:00:00+00:00,ERNE UNIT 2,47W0000000001877,B11,,9.35,,MAW,PT30M,10YIE-1001A00010,IE
2020-01-01T19:00:00+00:00,ERNE UNIT 3,47W0000000001885,B11,,23.84,,MAW,PT30M,10YIE-1001A00010,IE
2020-01-01T19:00:00+00:00,ERNE UNIT 4,47W0000000001893,B11,,23.86,,MAW,PT30M,10YIE-1001A00010,IE
2020-01-01T19:00:00+00:00,Edenderry Unit 1,47W000000000086D,B08,,89.2,,MAW,PT30M,10YIE-1001A00010,IE
2020-01-01T19:00:00+00:00,Great Island Unit 4,47W0000000001024,B04,,171.8,,MAW,PT30M,10YIE-1001A00010,IE
2020-01-01T19:00:00+00:00,Huntstown CCGT Unit 1,47W000000000095C,B04,,140.14,,MAW,PT30M,10YIE-1001A00010,IE
2020-01-01T19:00:00+00:00,LEE UNIT 1,47W0000000001958,B11,,14.77,,MAW,PT30M,10YIE-1001A00010,IE
2020-01-01T19:00:00+00:00,LEE UNIT 2,47W0000000001966,B11,,3.89,,MAW,PT30M,10YIE-1001A00010,IE
2020-01-01T19:00:00+00:00,LEE UNIT 3,47W0000000001974,B11,,7.75,,MAW,PT30M,10YIE-1001A00010,IE
2020-01-01T19:00:00+00:00,Lanesboro,47W000000000190I,B08,,91.4,,MAW,PT30M,10YIE-1001A00010,IE
2020-01-01T19:00:00+00:00,Sealrock 3,47W000000000177A,B04,,79.62,,MAW,PT30M,10YIE-1001A00010,IE
2020-01-01T19:00:00+00:00,Sealrock 4,47W0000000001788,B04,,79.42,,MAW,PT30M,10YIE-1001A00010,IE
2020-01-01T19:00:00+00:00,Turlough Hill Unit 1,47W0000000001982,B10,,44.47,,MAW,PT30M,10YIE-1001A00010,IE
2020-01-01T19:00:00+00:00,Turlough Hill Unit 2,47W0000000001990,B10,,44.77,,MAW,PT30M,10YIE-1001A00010,IE
2020-01-01T19:00:00+00:00,Turlough Hill Unit 3,47W0000000002004,B10,,4.33,,MAW,PT30M,10YIE-1001A00010,IE
2020-01-01T19:00:00+00:00,Turlough Hill Unit 4,47W0000000002012,B10,,4.59,,MAW,PT30M,10YIE-1001A00010,IE
2020-01-01T19:00:00+00:00,Tynagh Generator Unit,47W0000000000978,B04,,200.58,,MAW,PT30M,10YIE-1001A00010,IE
2020-01-01T19:00:00+00:00,West Offaly,47W000000000094E,B08,,136.18,,MAW,PT30M,10YIE-1001A00010,IE
2020-01-01T19:00:00+00:00,Whitegate Unit 1,47W0000000001040,B04,,198.5,,MAW,PT30M,10YIE-1001A00010,IE
2020-01-01T19:30:00+00:00,Ardnacrusha Unit 1,47W000000000182H,B11,,20.2,,MAW,PT30M,10YIE-1001A00010,IE
2020-01-01T19:30:00+00:00,Ardnacrusha Unit 2,47W000000000183F,B11,,21.18,,MAW,PT30M,10YIE-1001A00010,IE
2020-01-01T19:30:00+00:00,Ardnacrusha Unit 3,47W000000000184D,B11,,17.86,,MAW,PT30M,10YIE-1001A00010,IE
2020-01-01T19:30:00+00:00,Ardnacrusha Unit 4,47W000000000185B,B11,,20.46,,MAW,PT30M,10YIE-1001A00010,IE
2020-01-01T19:30:00+00:00,ERNE UNIT 1,47W0000000001869,B11,,9.0,,MAW,PT30M,10YIE-1001A00010,IE
2020-01-01T19:30:00+00:00,ERNE UNIT 2,47W0000000001877,B11,,9.06,,MAW,PT30M,10YIE-1001A00010,IE
2020-01-01T19:30:00+00:00,ERNE UNIT 3,47W0000000001885,B11,,23.4,,MAW,PT30M,10YIE-1001A00010,IE
2020-01-01T19:30:00+00:00,ERNE UNIT 4,47W0000000001893,B11,,23.38,,MAW,PT30M,10YIE-1001A00010,IE
2020-01-01T19:30:00+00:00,Edenderry Unit 1,47W000000000086D,B08,,85.52,,MAW,PT30M,10YIE-1001A00010,IE
2020-01-01T19:30:00+00:00,Great Island Unit 4,47W0000000001024,B04,,164.32,,MAW,PT30M,10YIE-1001A00010,IE
2020-01-01T19:30:00+00:00,Huntstown CCGT Unit 1,47W000000000095C,B04,,136.18,,MAW,PT30M,10YIE-1001A00010,IE
2020-01-01T19:30:00+00:00,LEE UNIT 1,47W0000000001958,B11,,14.91,,MAW,PT30M,10YIE-1001A00010,IE
2020-01-01T19:30:00+00:00,LEE UNIT 2,47W0000000001966,B11,,3.83,,MAW,PT30M,10YIE-1001A00010,IE
2020-01-01T19:30:00+00:00,LEE UNIT 3,47W0000000001974,B11,,7.6,,MAW,PT30M,10YIE-1001A00010,IE
2020-01-01T19:30:00+00:00,Lanesboro,47W000000000190I,B08,,91.3,,MAW,PT30M,10YIE-1001A00010,IE
2020-01-01T19:30:00+00:00,Moneypoint Unit 1,47W0000000000889,B05,,100.28,,MAW,PT30M,10YIE-1001A00010,IE
2020-01-01T19:30:00+00:00,Poolbeg A,47W000000000355C,B04,,117.28,,MAW,PT30M,10YIE-1001A00010,IE
2020-01-01T19:30:00+00:00,Sealrock 3,47W000000000177A,B04,,77.26,,MAW,PT30M,10YIE-1001A00010,IE
2020-01-01T19:30:00+00:00,Sealrock 4,47W0000000001788,B04,,77.06,,MAW,PT30M,10YIE-1001A00010,IE
2020-01-01T19:30:00+00:00,Turlough Hill Unit 1,47W0000000001982,B10,,42.1,,MAW,PT30M,10YIE-1001A00010,IE
2020-01-01T19:30:00+00:00,Turlough Hill Unit 2,47W0000000001990,B10,,16.92,,MAW,PT30M,10YIE-1001A00010,IE
2020-01-01T19:30:00+00:00,Turlough Hill Unit 3,47W0000000002004,B10,,4.3,,MAW,PT30M,10YIE-1001A00010,IE
2020-01-01T19:30:00+00:00,Turlough Hill Unit 4,47W0000000002012,B10,,4.56,,MAW,PT30M,10YIE-1001A00010,IE
2020-01-01T19:30:00+00:00,Tynagh Generator Unit,47W0000000000978,B04,,106.24,,MAW,PT30M,10YIE-1001A00010,IE
2020-01-01T19:30:00+00:00,West Offaly,47W000000000094E,B08,,134.08,,MAW,PT30M,10YIE-1001A00010,IE
2020-01-01T19:30:00+00:00,Whitegate Unit 1,47W0000000001040,B04,,185.06,,MAW,PT30M,10YIE-1001A00010,IE
2020-01-01T20:00:00+00:00,Ardnacrusha Unit 1,47W000000000182H,B11,,20.48,,MAW,PT30M,10YIE-1001A00010,IE
2020-01-01T20:00:00+00:00,Ardnacrusha Unit 2,47W000000000183F,B11,,21.46,,MAW,PT30M,10YIE-1001A00010,IE
2020-01-01T20:00:00+00:00,Ardnacrusha Unit 3,47W000000000184D,B11,,18.12,,MAW,PT30M,10YIE-1001A00010,IE
2020-01-01T20:00:00+00:00,Ardnacrusha Unit 4,47W000000000185B,B11,,20.7,,MAW,PT30M,10YIE-1001A00010,IE
2020-01-01T20:00:00+00:00,ERNE UNIT 1,47W0000000001869,B11,,9.15,,MAW,PT30M,10YIE-1001A00010,IE
2020-01-01T20:00:00+00:00,ERNE UNIT 2,47W0000000001877,B11,,9.19,,MAW,PT30M,10YIE-1001A00010,IE
2020-01-01T20:00:00+00:00,ERNE UNIT 3,47W0000000001885,B11,,23.62,,MAW,PT30M,10YIE-1001A00010,IE
2020-01-01T20:00:00+00:00,ERNE UNIT 4,47W0000000001893,B11,,23.58,,MAW,PT30M,10YIE-1001A00010,IE
2020-01-01T20:00:00+00:00,Edenderry Unit 1,47W000000000086D,B08,,87.2,,MAW,PT30M,10YIE-1001A00010,IE
2020-01-01T20:00:00+00:00,Great Island Unit 4,47W0000000001024,B04,,164.94,,MAW,PT30M,10YIE-1001A00010,IE
2020-01-01T20:00:00+00:00,Huntstown CCGT Unit 1,47W000000000095C,B04,,135.8,,MAW,PT30M,10YIE-1001A00010,IE
2020-01-01T20:00:00+00:00,LEE UNIT 1,47W0000000001958,B11,,14.84,,MAW,PT30M,10YIE-1001A00010,IE
2020-01-01T20:00:00+00:00,LEE UNIT 2,47W0000000001966,B11,,3.84,,MAW,PT30M,10YIE-1001A00010,IE
2020-01-01T20:00:00+00:00,LEE UNIT 3,47W0000000001974,B11,,7.86,,MAW,PT30M,10YIE-1001A00010,IE
2020-01-01T20:00:00+00:00,Lanesboro,47W000000000190I,B08,,88.84,,MAW,PT30M,10YIE-1001A00010,IE
2020-01-01T20:00:00+00:00,Liffey Unit 5,47W000000000194A,B11,,1.09,,MAW,PT30M,10YIE-1001A00010,IE
2020-01-01T20:00:00+00:00,Moneypoint Unit 1,47W0000000000889,B05,,100.06,,MAW,PT30M,10YIE-1001A00010,IE
2020-01-01T20:00:00+00:00,Poolbeg A,47W000000000355C,B04,,117.4,,MAW,PT30M,10YIE-1001A00010,IE
2020-01-01T20:00:00+00:00,Sealrock 3,47W000000000177A,B04,,73.34,,MAW,PT30M,10YIE-1001A00010,IE
2020-01-01T20:00:00+00:00,Sealrock 4,47W0000000001788,B04,,73.26,,MAW,PT30M,10YIE-1001A00010,IE
2020-01-01T20:00:00+00:00,Turlough Hill Unit 1,47W0000000001982,B10,,8.87,,MAW,PT30M,10YIE-1001A00010,IE
2020-01-01T20:00:00+00:00,Turlough Hill Unit 2,47W0000000001990,B10,,5.21,,MAW,PT30M,10YIE-1001A00010,IE
2020-01-01T20:00:00+00:00,Turlough Hill Unit 3,47W0000000002004,B10,,4.33,,MAW,PT30M,10YIE-1001A00010,IE
2020-01-01T20:00:00+00:00,Turlough Hill Unit 4,47W0000000002012,B10,,4.65,,MAW,PT30M,10YIE-1001A00010,IE
2020-01-01T20:00:00+00:00,Tynagh Generator Unit,47W0000000000978,B04,,0.0,,MAW,PT30M,10YIE-1001A00010,IE
2020-01-01T20:00:00+00:00,West Offaly,47W000000000094E,B08,,132.08,,MAW,PT30M,10YIE-1001A00010,IE
2020-01-01T20:00:00+00:00,Whitegate Unit 1,47W0000000001040,B04,,190.96,,MAW,PT30M,10YIE-1001A00010,IE
2020-01-01T20:30:00+00:00,Ardnacrusha Unit 1,47W000000000182H,B11,,20.82,,MAW,PT30M,10YIE-1001A00010,IE
2020-01-01T20:30:00+00:00,Ardnacrusha Unit 2,47W000000000183F,B11,,21.84,,MAW,PT30M,10YIE-1001A00010,IE
2020-01-01T20:30:00+00:00,Ardnacrusha Unit 3,47W000000000184D,B11,,18.64,,MAW,PT30M,10YIE-1001A00010,IE
2020-01-01T20:30:00+00:00,Ardnacrusha Unit 4,47W000000000185B,B11,,21.2,,MAW,PT30M,10YIE-1001A00010,IE
2020-01-01T20:30:00+00:00,ERNE UNIT 1,47W0000000001869,B11,,9.31,,MAW,PT30M,10YIE-1001A00010,IE
2020-01-01T20:30:00+00:00,ERNE UNIT 2,47W0000000001877,B11,,9.37,,MAW,PT30M,10YIE-1001A00010,IE
2020-01-01T20:30:00+00:00,ERNE UNIT 3,47W0000000001885,B11,,23.92,,MAW,PT30M,10YIE-1001A00010,IE
2020-01-01T20:30:00+00:00,ERNE UNIT 4,47W0000000001893,B11,,23.96,,MAW,PT30M,10YIE-1001A00010,IE
2020-01-01T20:30:00+00:00,Edenderry Unit 1,47W000000000086D,B08,,82.16,,MAW,PT30M,10YIE-1001A00010,IE
2020-01-01T20:30:00+00:00,Great Island Unit 4,47W0000000001024,B04,,168.54,,MAW,PT30M,10YIE-1001A00010,IE
2020-01-01T20:30:00+00:00,Huntstown CCGT Unit 1,47W000000000095C,B04,,134.72,,MAW,PT30M,10YIE-1001A00010,IE
2020-01-01T20:30:00+00:00,LEE UNIT 1,47W0000000001958,B11,,14.86,,MAW,PT30M,10YIE-1001A00010,IE
2020-01-01T20:30:00+00:00,LEE UNIT 2,47W0000000001966,B11,,3.94,,MAW,PT30M,10YIE-1001A00010,IE
2020-01-01T20:30:00+00:00,LEE UNIT 3,47W0000000001974,B11,,7.51,,MAW,PT30M,10YIE-1001A00010,IE
2020-01-01T20:30:00+00:00,Lanesboro,47W000000000190I,B08,,71.26,,MAW,PT30M,10YIE-1001A00010,IE
2020-01-01T20:30:00+00:00,Liffey Unit 5,47W000000000194A,B11,,1.03,,MAW,PT30M,10YIE-1001A00010,IE
2020-01-01T20:30:00+00:00,Moneypoint Unit 1,47W0000000000889,B05,,82.96,,MAW,PT30M,10YIE-1001A00010,IE
2020-01-01T20:30:00+00:00,Poolbeg A,47W000000000355C,B04,,118.38,,MAW,PT30M,10YIE-1001A00010,IE
2020-01-01T20:30:00+00:00,Sealrock 3,47W000000000177A,B04,,59.82,,MAW,PT30M,10YIE-1001A00010,IE
2020-01-01T20:30:00+00:00,Sealrock 4,47W0000000001788,B04,,59.68,,MAW,PT30M,10YIE-1001A00010,IE
2020-01-01T20:30:00+00:00,Turlough Hill Unit 1,47W0000000001982,B10,,5.59,,MAW,PT30M,10YIE-1001A00010,IE
2020-01-01T20:30:00+00:00,Turlough Hill Unit 2,47W0000000001990,B10,,5.73,,MAW,PT30M,10YIE-1001A00010,IE
2020-01-01T20:30:00+00:00,Turlough Hill Unit 3,47W0000000002004,B10,,4.86,,MAW,PT30M,10YIE-1001A00010,IE
2020-01-01T20:30:00+00:00,Turlough Hill Unit 4,47W0000000002012,B10,,5.1,,MAW,PT30M,10YIE-1001A00010,IE
2020-01-01T20:30:00+00:00,West Offaly,47W000000000094E,B08,,96.5,,MAW,PT30M,10YIE-1001A00010,IE
2020-01-01T20:30:00+00:00,Whitegate Unit 1,47W0000000001040,B04,,198.86,,MAW,PT30M,10YIE-1001A00010,IE
2020-01-01T21:00:00+00:00,Ardnacrusha Unit 1,47W000000000182H,B11,,21.28,,MAW,PT30M,10YIE-1001A00010,IE
2020-01-01T21:00:00+00:00,Ardnacrusha Unit 2,47W000000000183F,B11,,22.28,,MAW,PT30M,10YIE-1001A00010,IE
2020-01-01T21:00:00+00:00,Ardnacrusha Unit 3,47W000000000184D,B11,,19.18,,MAW,PT30M,10YIE-1001A00010,IE
2020-01-01T21:00:00+00:00,Ardnacrusha Unit 4,47W000000000185B,B11,,21.58,,MAW,PT30M,10YIE-1001A00010,IE
2020-01-01T21:00:00+00:00,ERNE UNIT 1,47W0000000001869,B11,,9.56,,MAW,PT30M,10YIE-1001A00010,IE
2020-01-01T21:00:00+00:00,ERNE UNIT 2,47W0000000001877,B11,,9.6,,MAW,PT30M,10YIE-1001A00010,IE
2020-01-01T21:00:00+00:00,ERNE UNIT 3,47W0000000001885,B11,,24.28,,MAW,PT30M,10YIE-1001A00010,IE
2020-01-01T21:00:00+00:00,ERNE UNIT 4,47W0000000001893,B11,,24.86,,MAW,PT30M,10YIE-1001A00010,IE
2020-01-01T21:00:00+00:00,Edenderry Unit 1,47W000000000086D,B08,,73.3,,MAW,PT30M,10YIE-1001A00010,IE
2020-01-01T21:00:00+00:00,Great Island Unit 4,47W0000000001024,B04,,179.2,,MAW,PT30M,10YIE-1001A00010,IE
2020-01-01T21:00:00+00:00,Huntstown CCGT Unit 1,47W000000000095C,B04,,155.88,,MAW,PT30M,10YIE-1001A00010,IE
2020-01-01T21:00:00+00:00,LEE UNIT 1,47W0000000001958,B11,,14.88,,MAW,PT30M,10YIE-1001A00010,IE
2020-01-01T21:00:00+00:00,LEE UNIT 2,47W0000000001966,B11,,4.02,,MAW,PT30M,10YIE-1001A00010,IE
2020-01-01T21:00:00+00:00,LEE UNIT 3,47W0000000001974,B11,,7.95,,MAW,PT30M,10YIE-1001A00010,IE
2020-01-01T21:00:00+00:00,Lanesboro,47W000000000190I,B08,,70.74,,MAW,PT30M,10YIE-1001A00010,IE
2020-01-01T21:00:00+00:00,Liffey Unit 5,47W000000000194A,B11,,1.02,,MAW,PT30M,10YIE-1001A00010,IE
2020-01-01T21:00:00+00:00,Moneypoint Unit 1,47W0000000000889,B05,,85.58,,MAW,PT30M,10YIE-1001A00010,IE
2020-01-01T21:00:00+00:00,Poolbeg A,47W000000000355C,B04,,121.96,,MAW,PT30M,10YIE-1001A00010,IE
2020-01-01T21:00:00+00:00,Sealrock 3,47W000000000177A,B04,,62.12,,MAW,PT30M,10YIE-1001A00010,IE
2020-01-01T21:00:00+00:00,Sealrock 4,47W0000000001788,B04,,61.92,,MAW,PT30M,10YIE-1001A00010,IE
2020-01-01T21:00:00+00:00,Turlough Hill Unit 1,47W0000000001982,B10,,7.34,,MAW,PT30M,10YIE-1001A00010,IE
2020-01-01T21:00:00+00:00,Turlough Hill Unit 2,47W0000000001990,B10,,7.52,,MAW,PT30M,10YIE-1001A00010,IE
2020-01-01T21:00:00+00:00,Turlough Hill Unit 3,47W0000000002004,B10,,6.48,,MAW,PT30M,10YIE-1001A00010,IE
2020-01-01T21:00:00+00:00,Turlough Hill Unit 4,47W0000000002012,B10,,6.78,,MAW,PT30M,10YIE-1001A00010,IE
2020-01-01T21:00:00+00:00,West Offaly,47W000000000094E,B08,,94.24,,MAW,PT30M,10YIE-1001A00010,IE
2020-01-01T21:00:00+00:00,Whitegate Unit 1,47W0000000001040,B04,,209.64,,MAW,PT30M,10YIE-1001A00010,IE
2020-01-01T21:30:00+00:00,Ardnacrusha Unit 1,47W000000000182H,B11,,21.04,,MAW,PT30M,10YIE-1001A00010,IE
2020-01-01T21:30:00+00:00,Ardnacrusha Unit 2,47W000000000183F,B11,,22.04,,MAW,PT30M,10YIE-1001A00010,IE
2020-01-01T21:30:00+00:00,Ardnacrusha Unit 3,47W000000000184D,B11,,18.94,,MAW,PT30M,10YIE-1001A00010,IE
2020-01-01T21:30:00+00:00,Ardnacrusha Unit 4,47W000000000185B,B11,,21.38,,MAW,PT30M,10YIE-1001A00010,IE
2020-01-01T21:30:00+00:00,ERNE UNIT 1,47W0000000001869,B11,,9.43,,MAW,PT30M,10YIE-1001A00010,IE
2020-01-01T21:30:00+00:00,ERNE UNIT 2,47W0000000001877,B11,,9.49,,MAW,PT30M,10YIE-1001A00010,IE
2020-01-01T21:30:00+00:00,ERNE UNIT 3,47W0000000001885,B11,,24.08,,MAW,PT30M,10YIE-1001A00010,IE
2020-01-01T21:30:00+00:00,ERNE UNIT 4,47W0000000001893,B11,,24.32,,MAW,PT30M,10YIE-1001A00010,IE
2020-01-01T21:30:00+00:00,Edenderry Unit 1,47W000000000086D,B08,,71.92,,MAW,PT30M,10YIE-1001A00010,IE
2020-01-01T21:30:00+00:00,Great Island Unit 4,47W0000000001024,B04,,173.38,,MAW,PT30M,10YIE-1001A00010,IE
2020-01-01T21:30:00+00:00,Huntstown CCGT Unit 1,47W000000000095C,B04,,151.56,,MAW,PT30M,10YIE-1001A00010,IE
2020-01-01T21:30:00+00:00,LEE UNIT 1,47W0000000001958,B11,,14.14,,MAW,PT30M,10YIE-1001A00010,IE
2020-01-01T21:30:00+00:00,LEE UNIT 2,47W0000000001966,B11,,3.72,,MAW,PT30M,10YIE-1001A00010,IE
2020-01-01T21:30:00+00:00,LEE UNIT 3,47W0000000001974,B11,,7.36,,MAW,PT30M,10YIE-1001A00010,IE
2020-01-01T21:30:00+00:00,Lanesboro,47W000000000190I,B08,,70.7,,MAW,PT30M,10YIE-1001A00010,IE
2020-01-01T21:30:00+00:00,Moneypoint Unit 1,47W0000000000889,B05,,82.38,,MAW,PT30M,10YIE-1001A00010,IE
2020-01-01T21:30:00+00:00,Poolbeg A,47W000000000355C,B04,,119.78,,MAW,PT30M,10YIE-1001A00010,IE
2020-01-01T21:30:00+00:00,Sealrock 3,47W000000000177A,B04,,61.1,,MAW,PT30M,10YIE-1001A00010,IE
2020-01-01T21:30:00+00:00,Sealrock 4,47W0000000001788,B04,,60.94,,MAW,PT30M,10YIE-1001A00010,IE
2020-01-01T21:30:00+00:00,Turlough Hill Unit 1,47W0000000001982,B10,,6.41,,MAW,PT30M,10YIE-1001A00010,IE
2020-01-01T21:30:00+00:00,Turlough Hill Unit 2,47W0000000001990,B10,,6.59,,MAW,PT30M,10YIE-1001A00010,IE
2020-01-01T21:30:00+00:00,Turlough Hill Unit 3,47W0000000002004,B10,,5.59,,MAW,PT30M,10YIE-1001A00010,IE
2020-01-01T21:30:00+00:00,Turlough Hill Unit 4,47W0000000002012,B10,,5.87,,MAW,PT30M,10YIE-1001A00010,IE
2020-01-01T21:30:00+00:00,West Offaly,47W000000000094E,B08,,93.12,,MAW,PT30M,10YIE-1001A00010,IE
2020-01-01T21:30:00+00:00,Whitegate Unit 1,47W0000000001040,B04,,204.56,,MAW,PT30M,10YIE-1001A00010,IE
2020-01-01T22:00:00+00:00,Ardnacrusha Unit 1,47W000000000182H,B11,,21.22,,MAW,PT30M,10YIE-1001A00010,IE
2020-01-01T22:00:00+00:00,Ardnacrusha Unit 2,47W000000000183F,B11,,22.24,,MAW,PT30M,10YIE-1001A00010,IE
2020-01-01T22:00:00+00:00,Ardnacrusha Unit 3,47W000000000184D,B11,,19.18,,MAW,PT30M,10YIE-1001A00010,IE
2020-01-01T22:00:00+00:00,Ardnacrusha Unit 4,47W000000000185B,B11,,21.66,,MAW,PT30M,10YIE-1001A00010,IE
2020-01-01T22:00:00+00:00,ERNE UNIT 1,47W0000000001869,B11,,9.51,,MAW,PT30M,10YIE-1001A00010,IE
2020-01-01T22:00:00+00:00,ERNE UNIT 2,47W0000000001877,B11,,9.57,,MAW,PT30M,10YIE-1001A00010,IE
2020-01-01T22:00:00+00:00,ERNE UNIT 3,47W0000000001885,B11,,24.22,,MAW,PT30M,10YIE-1001A00010,IE
2020-01-01T22:00:00+00:00,ERNE UNIT 4,47W0000000001893,B11,,24.86,,MAW,PT30M,10YIE-1001A00010,IE
2020-01-01T22:00:00+00:00,Edenderry Unit 1,47W000000000086D,B08,,72.98,,MAW,PT30M,10YIE-1001A00010,IE
2020-01-01T22:00:00+00:00,Great Island Unit 4,47W0000000001024,B04,,176.88,,MAW,PT30M,10YIE-1001A00010,IE
2020-01-01T22:00:00+00:00,Huntstown CCGT Unit 1,47W000000000095C,B04,,155.06,,MAW,PT30M,10YIE-1001A00010,IE
2020-01-01T22:00:00+00:00,LEE UNIT 1,47W0000000001958,B11,,0.16,,MAW,PT30M,10YIE-1001A00010,IE
2020-01-01T22:00:00+00:00,LEE UNIT 2,47W0000000001966,B11,,0.72,,MAW,PT30M,10YIE-1001A00010,IE
2020-01-01T22:00:00+00:00,LEE UNIT 3,47W0000000001974,B11,,0.1,,MAW,PT30M,10YIE-1001A00010,IE
2020-01-01T22:00:00+00:00,Moneypoint Unit 1,47W0000000000889,B05,,84.3,,MAW,PT30M,10YIE-1001A00010,IE
2020-01-01T22:00:00+00:00,Poolbeg A,47W000000000355C,B04,,121.28,,MAW,PT30M,10YIE-1001A00010,IE
2020-01-01T22:00:00+00:00,Sealrock 3,47W000000000177A,B04,,61.82,,MAW,PT30M,10YIE-1001A00010,IE
2020-01-01T22:00:00+00:00,Sealrock 4,47W0000000001788,B04,,61.64,,MAW,PT30M,10YIE-1001A00010,IE
2020-01-01T22:00:00+00:00,Turlough Hill Unit 1,47W0000000001982,B10,,7.03,,MAW,PT30M,10YIE-1001A00010,IE
2020-01-01T22:00:00+00:00,Turlough Hill Unit 2,47W0000000001990,B10,,7.09,,MAW,PT30M,10YIE-1001A00010,IE
2020-01-01T22:00:00+00:00,Turlough Hill Unit 3,47W0000000002004,B10,,6.1,,MAW,PT30M,10YIE-1001A00010,IE
2020-01-01T22:00:00+00:00,Turlough Hill Unit 4,47W0000000002012,B10,,6.36,,MAW,PT30M,10YIE-1001A00010,IE
2020-01-01T22:00:00+00:00,West Offaly,47W000000000094E,B08,,94.22,,MAW,PT30M,10YIE-1001A00010,IE
2020-01-01T22:00:00+00:00,Whitegate Unit 1,47W0000000001040,B04,,208.06,,MAW,PT30M,10YIE-1001A00010,IE
2020-01-01T22:30:00+00:00,Ardnacrusha Unit 1,47W000000000182H,B11,,20.66,,MAW,PT30M,10YIE-1001A00010,IE
2020-01-01T22:30:00+00:00,Ardnacrusha Unit 2,47W000000000183F,B11,,21.66,,MAW,PT30M,10YIE-1001A00010,IE
2020-01-01T22:30:00+00:00,Ardnacrusha Unit 3,47W000000000184D,B11,,18.32,,MAW,PT30M,10YIE-1001A00010,IE
2020-01-01T22:30:00+00:00,Ardnacrusha Unit 4,47W000000000185B,B11,,20.96,,MAW,PT30M,10YIE-1001A00010,IE
2020-01-01T22:30:00+00:00,ERNE UNIT 1,47W0000000001869,B11,,9.23,,MAW,PT30M,10YIE-1001A00010,IE
2020-01-01T22:30:00+00:00,ERNE UNIT 2,47W0000000001877,B11,,9.27,,MAW,PT30M,10YIE-1001A00010,IE
2020-01-01T22:30:00+00:00,ERNE UNIT 3,47W0000000001885,B11,,23.74,,MAW,PT30M,10YIE-1001A00010,IE
2020-01-01T22:30:00+00:00,ERNE UNIT 4,47W0000000001893,B11,,23.76,,MAW,PT30M,10YIE-1001A00010,IE
2020-01-01T22:30:00+00:00,Edenderry Unit 1,47W000000000086D,B08,,55.34,,MAW,PT30M,10YIE-1001A00010,IE
2020-01-01T22:30:00+00:00,Great Island Unit 4,47W0000000001024,B04,,164.22,,MAW,PT30M,10YIE-1001A00010,IE
2020-01-01T22:30:00+00:00,Huntstown CCGT Unit 1,47W000000000095C,B04,,140.22,,MAW,PT30M,10YIE-1001A00010,IE
2020-01-01T22:30:00+00:00,LEE UNIT 1,47W0000000001958,B11,,0.0,,MAW,PT30M,10YIE-1001A00010,IE
2020-01-01T22:30:00+00:00,LEE UNIT 2,47W0000000001966,B11,,0.68,,MAW,PT30M,10YIE-1001A00010,IE
2020-01-01T22:30:00+00:00,LEE UNIT 3,47W0000000001974,B11,,0.0,,MAW,PT30M,10YIE-1001A00010,IE
2020-01-01T22:30:00+00:00,Lanesboro,47W000000000190I,B08,,66.26,,MAW,PT30M,10YIE-1001A00010,IE
2020-01-01T22:30:00+00:00,Liffey Unit 5,47W000000000194A,B11,,0.96,,MAW,PT30M,10YIE-1001A00010,IE
2020-01-01T22:30:00+00:00,Moneypoint Unit 1,47W0000000000889,B05,,79.24,,MAW,PT30M,10YIE-1001A00010,IE
2020-01-01T22:30:00+00:00,Poolbeg A,47W000000000355C,B04,,117.62,,MAW,PT30M,10YIE-1001A00010,IE
2020-01-01T22:30:00+00:00,Sealrock 3,47W000000000177A,B04,,58.96,,MAW,PT30M,10YIE-1001A00010,IE
2020-01-01T22:30:00+00:00,Sealrock 4,47W0000000001788,B04,,58.86,,MAW,PT30M,10YIE-1001A00010,IE
2020-01-01T22:30:00+00:00,Turlough Hill Unit 1,47W0000000001982,B10,,4.93,,MAW,PT30M,10YIE-1001A00010,IE
2020-01-01T22:30:00+00:00,Turlough Hill Unit 2,47W0000000001990,B10,,5.09,,MAW,PT30M,10YIE-1001A00010,IE
2020-01-01T22:30:00+00:00,Turlough Hill Unit 3,47W0000000002004,B10,,4.32,,MAW,PT30M,10YIE-1001A00010,IE
2020-01-01T22:30:00+00:00,Turlough Hill Unit 4,47W0000000002012,B10,,4.6,,MAW,PT30M,10YIE-1001A00010,IE
2020-01-01T22:30:00+00:00,West Offaly,47W000000000094E,B08,,80.32,,MAW,PT30M,10YIE-1001A00010,IE
2020-01-01T22:30:00+00:00,Whitegate Unit 1,47W0000000001040,B04,,194.58,,MAW,PT30M,10YIE-1001A00010,IE
2020-01-01T23:00:00+00:00,Aghada Unit 2,47W0000000001032,B04,,16.76,,MAW,PT30M,10YIE-1001A00010,IE
2020-01-01T23:00:00+00:00,Ardnacrusha Unit 1,47W000000000182H,B11,,20.68,,MAW,PT30M,10YIE-1001A00010,IE
2020-01-01T23:00:00+00:00,Ardnacrusha Unit 2,47W000000000183F,B11,,21.64,,MAW,PT30M,10YIE-1001A00010,IE
2020-01-01T23:00:00+00:00,Ardnacrusha Unit 3,47W000000000184D,B11,,18.38,,MAW,PT30M,10YIE-1001A00010,IE
2020-01-01T23:00:00+00:00,Ardnacrusha Unit 4,47W000000000185B,B11,,20.94,,MAW,PT30M,10YIE-1001A00010,IE
2020-01-01T23:00:00+00:00,ERNE UNIT 1,47W0000000001869,B11,,9.27,,MAW,PT30M,10YIE-1001A00010,IE
2020-01-01T23:00:00+00:00,ERNE UNIT 2,47W0000000001877,B11,,9.31,,MAW,PT30M,10YIE-1001A00010,IE
2020-01-01T23:00:00+00:00,ERNE UNIT 3,47W0000000001885,B11,,23.78,,MAW,PT30M,10YIE-1001A00010,IE
2020-01-01T23:00:00+00:00,ERNE UNIT 4,47W0000000001893,B11,,23.78,,MAW,PT30M,10YIE-1001A00010,IE
2020-01-01T23:00:00+00:00,Edenderry Unit 1,47W000000000086D,B08,,47.32,,MAW,PT30M,10YIE-1001A00010,IE
2020-01-01T23:00:00+00:00,Great Island Unit 4,47W0000000001024,B04,,165.36,,MAW,PT30M,10YIE-1001A00010,IE
2020-01-01T23:00:00+00:00,Huntstown CCGT Unit 1,47W000000000095C,B04,,137.46,,MAW,PT30M,10YIE-1001A00010,IE
2020-01-01T23:00:00+00:00,LEE UNIT 2,47W0000000001966,B11,,0.74,,MAW,PT30M,10YIE-1001A00010,IE
2020-01-01T23:00:00+00:00,Lanesboro,47W000000000190I,B08,,62.72,,MAW,PT30M,10YIE-1001A00010,IE
2020-01-01T23:00:00+00:00,Liffey Unit 5,47W000000000194A,B11,,0.93,,MAW,PT30M,10YIE-1001A00010,IE
2020-01-01T23:00:00+00:00,Moneypoint Unit 1,47W0000000000889,B05,,79.32,,MAW,PT30M,10YIE-1001A00010,IE
2020-01-01T23:00:00+00:00,Poolbeg A,47W000000000355C,B04,,117.64,,MAW,PT30M,10YIE-1001A00010,IE
2020-01-01T23:00:00+00:00,Sealrock 3,47W000000000177A,B04,,59.3,,MAW,PT30M,10YIE-1001A00010,IE
2020-01-01T23:00:00+00:00,Sealrock 4,47W0000000001788,B04,,59.12,,MAW,PT30M,10YIE-1001A00010,IE
2020-01-01T23:00:00+00:00,Turlough Hill Unit 1,47W0000000001982,B10,,5.11,,MAW,PT30M,10YIE-1001A00010,IE
2020-01-01T23:00:00+00:00,Turlough Hill Unit 2,47W0000000001990,B10,,5.29,,MAW,PT30M,10YIE-1001A00010,IE
2020-01-01T23:00:00+00:00,Turlough Hill Unit 3,47W0000000002004,B10,,4.39,,MAW,PT30M,10YIE-1001A00010,IE
2020-01-01T23:00:00+00:00,Turlough Hill Unit 4,47W0000000002012,B10,,4.69,,MAW,PT30M,10YIE-1001A00010,IE
2020-01-01T23:00:00+00:00,West Offaly,47W000000000094E,B08,,56.12,,MAW,PT30M,10YIE-1001A00010,IE
2020-01-01T23:00:00+00:00,Whitegate Unit 1,47W0000000001040,B04,,191.2,,MAW,PT30M,10YIE-1001A00010,IE
2020-01-01T23:30:00+00:00,Aghada Unit 2,47W0000000001032,B04,,45.14,,MAW,PT30M,10YIE-1001A00010,IE
2020-01-01T23:30:00+00:00,Ardnacrusha Unit 1,47W000000000182H,B11,,21.12,,MAW,PT30M,10YIE-1001A00010,IE
2020-01-01T23:30:00+00:00,Ardnacrusha Unit 2,47W000000000183F,B11,,22.16,,MAW,PT30M,10YIE-1001A00010,IE
2020-01-01T23:30:00+00:00,Ardnacrusha Unit 3,47W000000000184D,B11,,17.86,,MAW,PT30M,10YIE-1001A00010,IE
2020-01-01T23:30:00+00:00,Ardnacrusha Unit 4,47W000000000185B,B11,,21.52,,MAW,PT30M,10YIE-1001A00010,IE
2020-01-01T23:30:00+00:00,ERNE UNIT 1,47W0000000001869,B11,,9.46,,MAW,PT30M,10YIE-1001A00010,IE
2020-01-01T23:30:00+00:00,ERNE UNIT 2,47W0000000001877,B11,,9.54,,MAW,PT30M,10YIE-1001A00010,IE
2020-01-01T23:30:00+00:00,ERNE UNIT 3,47W0000000001885,B11,,24.16,,MAW,PT30M,10YIE-1001A00010,IE
2020-01-01T23:30:00+00:00,ERNE UNIT 4,47W0000000001893,B11,,24.24,,MAW,PT30M,10YIE-1001A00010,IE
2020-01-01T23:30:00+00:00,Edenderry Unit 1,47W000000000086D,B08,,47.46,,MAW,PT30M,10YIE-1001A00010,IE
2020-01-01T23:30:00+00:00,Great Island Unit 4,47W0000000001024,B04,,175.7,,MAW,PT30M,10YIE-1001A00010,IE
2020-01-01T23:30:00+00:00,Huntstown CCGT Unit 1,47W000000000095C,B04,,149.74,,MAW,PT30M,10YIE-1001A00010,IE
2020-01-01T23:30:00+00:00,LEE UNIT 2,47W0000000001966,B11,,0.84,,MAW,PT30M,10YIE-1001A00010,IE
2020-01-01T23:30:00+00:00,Lanesboro,47W000000000190I,B08,,62.9,,MAW,PT30M,10YIE-1001A00010,IE
2020-01-01T23:30:00+00:00,Moneypoint Unit 1,47W0000000000889,B05,,83.56,,MAW,PT30M,10YIE-1001A00010,IE
2020-01-01T23:30:00+00:00,Poolbeg A,47W000000000355C,B04,,120.38,,MAW,PT30M,10YIE-1001A00010,IE
2020-01-01T23:30:00+00:00,Sealrock 3,47W000000000177A,B04,,61.5,,MAW,PT30M,10YIE-1001A00010,IE
2020-01-01T23:30:00+00:00,Sealrock 4,47W0000000001788,B04,,61.36,,MAW,PT30M,10YIE-1001A00010,IE
2020-01-01T23:30:00+00:00,Turlough Hill Unit 1,47W0000000001982,B10,,6.81,,MAW,PT30M,10YIE-1001A00010,IE
2020-01-01T23:30:00+00:00,Turlough Hill Unit 2,47W0000000001990,B10,,6.93,,MAW,PT30M,10YIE-1001A00010,IE
2020-01-01T23:30:00+00:00,Turlough Hill Unit 3,47W0000000002004,B10,,5.93,,MAW,PT30M,10YIE-1001A00010,IE
2020-01-01T23:30:00+00:00,Turlough Hill Unit 4,47W0000000002012,B10,,6.15,,MAW,PT30M,10YIE-1001A00010,IE
2020-01-01T23:30:00+00:00,West Offaly,47W000000000094E,B08,,48.4,,MAW,PT30M,10YIE-1001A00010,IE
2020-01-01T23:30:00+00:00,Whitegate Unit 1,47W0000000001040,B04,,201.72,,MAW,PT30M,10YIE-1001A00010,IE
2020-01-01T00:00:00+00:00,UP_ALTOADDA_1,26WUUUALTOADDA15,B10,,0.0,,MAW,PT60M,10YIT-GRTN-----B,IT
2020-01-01T00:00:00+00:00,UP_ALTOMONTE_1,26WUUALTOMONTE1Z,B04,,0.0,,MAW,PT60M,10YIT-GRTN-----B,IT
2020-01-01T00:00:00+00:00,UP_ANAPO_C.L_1,26WUUANAPO-C-L1O,B10,,0.0,,MAW,PT60M,10YIT-GRTN-----B,IT
2020-01-01T00:00:00+00:00,UP_AVISE_1,26WUUUUUUAVISE1Z,B11,,0.0,,MAW,PT60M,10YIT-GRTN-----B,IT
2020-01-01T00:00:00+00:00,UP_AZOTATI_5,26WUUUUAZOTATI5V,B04,,0.0,,MAW,PT60M,10YIT-GRTN-----B,IT
2020-01-01T00:00:00+00:00,UP_BARGI_CEN_1,26WUUBARGI-CEN11,B10,,0.0,,MAW,PT60M,10YIT-GRTN-----B,IT
2020-01-01T00:00:00+00:00,UP_BDDSLDSRDI_1,26WUBDDSLDSRDI17,B19,,20.0,,MAW,PT60M,10YIT-GRTN-----B,IT
2020-01-01T00:00:00+00:00,UP_BRNDSSUDCE_1,26WUBRNDSSUDCE1N,B05,,231.0,,MAW,PT60M,10YIT-GRTN-----B,IT
2020-01-01T00:00:00+00:00,UP_BRNDSSUDCE_2,26WUBRNDSSUDCE2L,B05,,259.0,,MAW,PT60M,10YIT-GRTN-----B,IT
2020-01-01T00:00:00+00:00,UP_BRNDSSUDCE_3,26WUBRNDSSUDCE3J,B05,,259.0,,MAW,PT60M,10YIT-GRTN-----B,IT
2020-01-01T00:00:00+00:00,UP_BRNDSSUDCE_4,26WUBRNDSSUDCE4H,B05,,0.0,,MAW,PT60M,10YIT-GRTN-----B,IT
2020-01-01T00:00:00+00:00,UP_BUSSI_1,26WUUUUUUBUSSI19,B04,,0.0,,MAW,PT60M,10YIT-GRTN-----B,IT
2020-01-01T00:00:00+00:00,UP_CANDELA_1,26WUUUUCANDELA1R,B04,,15.0,,MAW,PT60M,10YIT-GRTN-----B,IT
2020-01-01T00:00:00+00:00,UP_CAPRIATI_1,26WUUUCAPRIATI1B,B10,,0.0,,MAW,PT60M,10YIT-GRTN-----B,IT
2020-01-01T00:00:00+00:00,UP_CARDANO_1,26WUUUUCARDANO16,B11,,52.0,,MAW,PT60M,10YIT-GRTN-----B,IT
2020-01-01T00:00:00+00:00,UP_CASSANO_2,26WUUUUCASSANO2I,B04,,0.0,,MAW,PT60M,10YIT-GRTN-----B,IT
2020-01-01T00:00:00+00:00,UP_CCGTPRILIA_1,26WUCCGTPRILIA15,B04,,195.0,,MAW,PT60M,10YIT-GRTN-----B,IT
2020-01-01T00:00:00+00:00,UP_CET2_1,26WUUUUUUUCET21O,B03,,5.0,,MAW,PT60M,10YIT-GRTN-----B,IT
2020-01-01T00:00:00+00:00,UP_CHIVASSO_1,26WUUUCHIVASSO1V,B04,,0.0,,MAW,PT60M,10YIT-GRTN-----B,IT
2020-01-01T00:00:00+00:00,UP_CHIVASSO_2,26WUUUCHIVASSO2T,B04,,0.0,,MAW,PT60M,10YIT-GRTN-----B,IT
2020-01-01T00:00:00+00:00,UP_CIMEGO_1,26WUUUUUCIMEGO1U,B12,,0.0,,MAW,PT60M,10YIT-GRTN-----B,IT
2020-01-01T00:00:00+00:00,UP_CNTRLDSCND_1,26WUCNTRLDSCND16,B04,,0.0,,MAW,PT60M,10YIT-GRTN-----B,IT
2020-01-01T00:00:00+00:00,UP_CNTRLDSCND_2,26WUCNTRLDSCND24,B04,,260.0,,MAW,PT60M,10YIT-GRTN-----B,IT
2020-01-01T00:00:00+00:00,UP_CNTRLDTRNL_1,26WUCNTRLDTRNL1C,B04,,0.0,,MAW,PT60M,10YIT-GRTN-----B,IT
2020-01-01T00:00:00+00:00,UP_CNTRLDTVRL_1,26WUCNTRLDTVRL1D,B04,,160.0,,MAW,PT60M,10YIT-GRTN-----B,IT
2020-01-01T00:00:00+00:00,UP_CNTRLNTRNO_11,26WCNTRLNTRNO118,B12,,0.0,,MAW,PT60M,10YIT-GRTN-----B,IT
2020-01-01T00:00:00+00:00,UP_CTE_DEL_M_2,26WUUCTE-DEL-M2E,B04,,0.0,,MAW,PT60M,10YIT-GRTN-----B,IT
2020-01-01T00:00:00+00:00,UP_CTNUCENORD_2,26WUCTNUCENORD2R,B04,,100.0,,MAW,PT60M,10YIT-GRTN-----B,IT
2020-01-01T00:00:00+00:00,UP_CTNUCENORD_3,26WUCTNUCENORD3P,B04,,159.0,,MAW,PT60M,10YIT-GRTN-----B,IT
2020-01-01T00:00:00+00:00,UP_CTTAMARETE_1,26WUCTTAMARETE11,B04,,0.0,,MAW,PT60M,10YIT-GRTN-----B,IT
2020-01-01T00:00:00+00:00,UP_DUINO_1,26WUUUUUUDUINO1A,B04,,5.0,,MAW,PT60M,10YIT-GRTN-----B,IT
2020-01-01T00:00:00+00:00,UP_EDOLO_1,26WUUUUUUEDOLO19,B10,,24.0,,MAW,PT60M,10YIT-GRTN-----B,IT
2020-01-01T00:00:00+00:00,UP_ETQCHIOTAS_1,26WUETQCHIOTAS1O,B10,,0.0,,MAW,PT60M,10YIT-GRTN-----B,IT
2020-01-01T00:00:00+00:00,UP_ETQ_ROVINA_1,26WUETQ-ROVINA1Y,B10,,1.0,,MAW,PT60M,10YIT-GRTN-----B,IT
2020-01-01T00:00:00+00:00,UP_FADALTO_1,26WUUUUFADALTO1G,B10,,2.0,,MAW,PT60M,10YIT-GRTN-----B,IT
2020-01-01T00:00:00+00:00,UP_FIUMESANT_3,26WUUFIUMESANT3F,B05,,205.0,,MAW,PT60M,10YIT-GRTN-----B,IT
2020-01-01T00:00:00+00:00,UP_FIUMESANT_4,26WUUFIUMESANT4D,B05,,203.0,,MAW,PT60M,10YIT-GRTN-----B,IT
2020-01-01T00:00:00+00:00,UP_FUSINA_T_1,26WUUUFUSINA-T18,B05,,0.0,,MAW,PT60M,10YIT-GRTN-----B,IT
2020-01-01T00:00:00+00:00,UP_FUSINA_T_2,26WUUUFUSINA-T26,B05,,0.0,,MAW,PT60M,10YIT-GRTN-----B,IT
2020-01-01T00:00:00+00:00,UP_FUSINA_T_3,26WUUUFUSINA-T34,B05,,0.0,,MAW,PT60M,10YIT-GRTN-----B,IT
2020-01-01T00:00:00+00:00,UP_FUSINA_T_4,26WUUUFUSINA-T42,B05,,0.0,,MAW,PT60M,10YIT-GRTN-----B,IT
2020-01-01T00:00:00+00:00,UP_GALLETO_2,26WUUUUGALLETO2T,B11,,34.0,,MAW,PT60M,10YIT-GRTN-----B,IT
2020-01-01T00:00:00+00:00,UP_GARGNANO_1,26WUUUGARGNANO18,B10,,0.0,,MAW,PT60M,10YIT-GRTN-----B,IT
2020-01-01T00:00:00+00:00,UP_GISSI_1,26WUUUUUUGISSI19,B04,,0.0,,MAW,PT60M,10YIT-GRTN-----B,IT
2020-01-01T00:00:00+00:00,UP_GISSI_2,26WUUUUUUGISSI27,B04,,244.0,,MAW,PT60M,10YIT-GRTN-----B,IT
2020-01-01T00:00:00+00:00,UP_IMPSUD_2,26WUUUUUIMPSUD2Q,B04,,42.0,,MAW,PT60M,10YIT-GRTN-----B,IT
2020-01-01T00:00:00+00:00,UP_ISABENERGY_2,26WUISABENERGY2N,B04,,0.0,,MAW,PT60M,10YIT-GRTN-----B,IT
2020-01-01T00:00:00+00:00,UP_ISABENERGY_3,26WUISABENERGY3L,B03,,0.0,,MAW,PT60M,10YIT-GRTN-----B,IT
2020-01-01T00:00:00+00:00,UP_LARINO_TG_1,26WUULARINO-TG1C,B04,,0.0,,MAW,PT60M,10YIT-GRTN-----B,IT
2020-01-01T00:00:00+00:00,UP_LARINO_TG_2,26WUULARINO-TG2A,B04,,0.0,,MAW,PT60M,10YIT-GRTN-----B,IT
2020-01-01T00:00:00+00:00,UP_LA_CASELL_1,26WUULA-CASELL1P,B04,,0.0,,MAW,PT60M,10YIT-GRTN-----B,IT
2020-01-01T00:00:00+00:00,UP_LA_CASELL_2,26WUULA-CASELL2N,B04,,0.0,,MAW,PT60M,10YIT-GRTN-----B,IT
2020-01-01T00:00:00+00:00,UP_LA_CASELL_3,26WUULA-CASELL3L,B04,,0.0,,MAW,PT60M,10YIT-GRTN-----B,IT
2020-01-01T00:00:00+00:00,UP_LA_CASELL_4,26WUULA-CASELL4J,B04,,0.0,,MAW,PT60M,10YIT-GRTN-----B,IT
2020-01-01T00:00:00+00:00,UP_LEINI_1,26WUUUUUULEINI1V,B04,,0.0,,MAW,PT60M,10YIT-GRTN-----B,IT
2020-01-01T00:00:00+00:00,UP_LEVANTE_3,26WUUUULEVANTE35,B04,,170.0,,MAW,PT60M,10YIT-GRTN-----B,IT
2020-01-01T00:00:00+00:00,UP_LEVANTE_4,26WUUUULEVANTE43,B04,,0.0,,MAW,PT60M,10YIT-GRTN-----B,IT
2020-01-01T00:00:00+00:00,UP_LIRO_1,26WUUUUUUULIRO13,B11,,43.0,,MAW,PT60M,10YIT-GRTN-----B,IT
2020-01-01T00:00:00+00:00,UP_LVTRNTCET3_1,26WULVTRNTCET31X,B03,,3.0,,MAW,PT60M,10YIT-GRTN-----B,IT
2020-01-01T00:00:00+00:00,UP_MILAZZO_1,26WUUUUMILAZZO1Z,B04,,107.0,,MAW,PT60M,10YIT-GRTN-----B,IT
2020-01-01T00:00:00+00:00,UP_MONCALIERI_3,26WUMONCALIERI36,B04,,199.0,,MAW,PT60M,10YIT-GRTN-----B,IT
2020-01-01T00:00:00+00:00,UP_MONCALRPW_2,26WUUMONCALRPW2S,B04,,194.0,,MAW,PT60M,10YIT-GRTN-----B,IT
2020-01-01T00:00:00+00:00,UP_MONFALCO_1,26WUUUMONFALCO12,B05,,0.0,,MAW,PT60M,10YIT-GRTN-----B,IT
2020-01-01T00:00:00+00:00,UP_MONFALCO_2,26WUUUMONFALCO20,B05,,0.0,,MAW,PT60M,10YIT-GRTN-----B,IT
2020-01-01T00:00:00+00:00,UP_MONTALTO_1,26WUUUMONTALTO1L,B04,,0.0,,MAW,PT60M,10YIT-GRTN-----B,IT
2020-01-01T00:00:00+00:00,UP_MONTALTO_2,26WUUUMONTALTO2J,B04,,0.0,,MAW,PT60M,10YIT-GRTN-----B,IT
2020-01-01T00:00:00+00:00,UP_MONTALTO_3,26WUUUMONTALTO3H,B04,,0.0,,MAW,PT60M,10YIT-GRTN-----B,IT
2020-01-01T00:00:00+00:00,UP_MONTORIO_1,26WUUUMONTORIO1P,B11,,0.0,,MAW,PT60M,10YIT-GRTN-----B,IT
2020-01-01T00:00:00+00:00,UP_MUCONE_1S_1,26WUUZMUCONE1S1I,B12,,0.0,,MAW,PT60M,10YIT-GRTN-----B,IT
2020-01-01T00:00:00+00:00,UP_NAPOLIL_4,26WUUUUNAPOLIL48,B04,,191.0,,MAW,PT60M,10YIT-GRTN-----B,IT
2020-01-01T00:00:00+00:00,UP_NCTLVRNFRR_1,26WUNCTLVRNFRR1D,B04,,315.0,,MAW,PT60M,10YIT-GRTN-----B,IT
2020-01-01T00:00:00+00:00,UP_NERAVELINO_1,26WUNERAVELINO11,B11,,74.0,,MAW,PT60M,10YIT-GRTN-----B,IT
2020-01-01T00:00:00+00:00,UP_NOCE_1,26WUUUUUUUNOCE1E,B11,,0.0,,MAW,PT60M,10YIT-GRTN-----B,IT
2020-01-01T00:00:00+00:00,UP_NOVEL_1,26WUUUUUUNOVEL1U,B04,,83.0,,MAW,PT60M,10YIT-GRTN-----B,IT
2020-01-01T00:00:00+00:00,UP_NPWRBRNDSI_10,26WNPWRBRNDSI10U,B04,,275.0,,MAW,PT60M,10YIT-GRTN-----B,IT
2020-01-01T00:00:00+00:00,UP_NPWRBRNDSI_8,26WUNPWRBRNDSI82,B04,,0.0,,MAW,PT60M,10YIT-GRTN-----B,IT
2020-01-01T00:00:00+00:00,UP_NPWRBRNDSI_9,26WUNPWRBRNDSI90,B04,,278.0,,MAW,PT60M,10YIT-GRTN-----B,IT
2020-01-01T00:00:00+00:00,UP_NPWRFRRRRB_10,26WNPWRFRRRRB10Q,B04,,139.0,,MAW,PT60M,10YIT-GRTN-----B,IT
2020-01-01T00:00:00+00:00,UP_NPWRFRRRRB_8,26WUNPWRFRRRRB8C,B04,,38.0,,MAW,PT60M,10YIT-GRTN-----B,IT
2020-01-01T00:00:00+00:00,UP_NPWRFRRRRB_9,26WUNPWRFRRRRB9A,B04,,181.0,,MAW,PT60M,10YIT-GRTN-----B,IT
2020-01-01T00:00:00+00:00,UP_NPWRLVORNO_7,26WUNPWRLVORNO77,B04,,85.0,,MAW,PT60M,10YIT-GRTN-----B,IT
2020-01-01T00:00:00+00:00,UP_NPWRMNTOVA_2,26WUNPWRMNTOVA2N,B04,,0.0,,MAW,PT60M,10YIT-GRTN-----B,IT
2020-01-01T00:00:00+00:00,UP_NPWRMNTOVA_3,26WUNPWRMNTOVA3L,B04,,187.0,,MAW,PT60M,10YIT-GRTN-----B,IT
2020-01-01T00:00:00+00:00,UP_NPWRRVENNA_10,26WNPWRRVENNA10P,B04,,267.0,,MAW,PT60M,10YIT-GRTN-----B,IT
2020-01-01T00:00:00+00:00,UP_NPWRRVENNA_11,26WNPWRRVENNA11N,B04,,273.0,,MAW,PT60M,10YIT-GRTN-----B,IT
2020-01-01T00:00:00+00:00,UP_NPWRRVENNA_3,26WUNPWRRVENNA3F,B04,,0.0,,MAW,PT60M,10YIT-GRTN-----B,IT
2020-01-01T00:00:00+00:00,UP_NPWRRVENNA_9,26WUNPWRRVENNA93,B04,,0.0,,MAW,PT60M,10YIT-GRTN-----B,IT
2020-01-01T00:00:00+00:00,UP_NRGAMOLISE_1,26WUNRGAMOLISE1H,B04,,33.0,,MAW,PT60M,10YIT-GRTN-----B,IT
2020-01-01T00:00:00+00:00,UP_ORTICA_1,26WUUUUUORTICA1F,B11,,158.0,,MAW,PT60M,10YIT-GRTN-----B,IT
2020-01-01T00:00:00+00:00,UP_OSTIGLIA_12,26WUUOSTIGLIA12K,B04,,0.0,,MAW,PT60M,10YIT-GRTN-----B,IT
2020-01-01T00:00:00+00:00,UP_OSTIGLIA_3,26WUUUOSTIGLIA33,B04,,0.0,,MAW,PT60M,10YIT-GRTN-----B,IT
2020-01-01T00:00:00+00:00,UP_PIACENZA_4,26WUUUPIACENZA4O,B04,,0.0,,MAW,PT60M,10YIT-GRTN-----B,IT
2020-01-01T00:00:00+00:00,UP_PIETRAFIT_5,26WUUPIETRAFIT51,B04,,0.0,,MAW,PT60M,10YIT-GRTN-----B,IT
2020-01-01T00:00:00+00:00,UP_PMGLNDARCO_1,26WUPZGLNDARCO14,B04,,0.0,,MAW,PT60M,10YIT-GRTN-----B,IT
2020-01-01T00:00:00+00:00,UP_PNRGIAIGCC_1,26WUPNRGIAIGCC1R,B04,,0.0,,MAW,PT60M,10YIT-GRTN-----B,IT
2020-01-01T00:00:00+00:00,UP_PORCARI_1,26WUUUUPORCARI17,B04,,33.0,,MAW,PT60M,10YIT-GRTN-----B,IT
2020-01-01T00:00:00+00:00,UP_PORTO_COR_3,26WUUPORTO-COR3N,B04,,0.0,,MAW,PT60M,10YIT-GRTN-----B,IT
2020-01-01T00:00:00+00:00,UP_PORTO_COR_4,26WUUPORTO-COR4L,B04,,0.0,,MAW,PT60M,10YIT-GRTN-----B,IT
2020-01-01T00:00:00+00:00,UP_PRCLCDLSSI_1,26WUPRCLCDLSSI1T,B19,,1.0,,MAW,PT60M,10YIT-GRTN-----B,IT
2020-01-01T00:00:00+00:00,UP_PREM-GROSIO_1,26WPREM-GROSIO10,B11,,0.0,,MAW,PT60M,10YIT-GRTN-----B,IT
2020-01-01T00:00:00+00:00,UP_PRESENZAN_1,26WUUPRESENZAN11,B10,,89.0,,MAW,PT60M,10YIT-GRTN-----B,IT
2020-01-01T00:00:00+00:00,UP_PRIOLO_C_1,26WUUUPRIOLO-C13,B04,,0.0,,MAW,PT60M,10YIT-GRTN-----B,IT
2020-01-01T00:00:00+00:00,UP_PRIOLO_C_2,26WUUUPRIOLO-C21,B04,,0.0,,MAW,PT60M,10YIT-GRTN-----B,IT
2020-01-01T00:00:00+00:00,UP_PROVVIDEN_1,26WUUPROVVIDEN13,B10,,0.0,,MAW,PT60M,10YIT-GRTN-----B,IT
2020-01-01T00:00:00+00:00,UP_RATINO_1,26WUUUUURATINO1O,B04,,184.0,,MAW,PT60M,10YIT-GRTN-----B,IT
2020-01-01T00:00:00+00:00,UP_RIVADEL_3,26WUUUURIVADEL38,B10,,0.0,,MAW,PT60M,10YIT-GRTN-----B,IT
2020-01-01T00:00:00+00:00,UP_RIZZICONI_1,26WUURIZZICONI1S,B04,,180.0,,MAW,PT60M,10YIT-GRTN-----B,IT
2020-01-01T00:00:00+00:00,UP_RIZZICONI_2,26WUURIZZICONI2Q,B04,,0.0,,MAW,PT60M,10YIT-GRTN-----B,IT
2020-01-01T00:00:00+00:00,UP_RONCOVALG_1,26WUURONCOVALG13,B10,,1.0,,MAW,PT60M,10YIT-GRTN-----B,IT
2020-01-01T00:00:00+00:00,UP_ROSELECTRA_1,26WUROSELECTRA1D,B04,,0.0,,MAW,PT60M,10YIT-GRTN-----B,IT
2020-01-01T00:00:00+00:00,UP_ROSEN_1,26WUUUUUUROSEN1B,B04,,167.0,,MAW,PT60M,10YIT-GRTN-----B,IT
2020-01-01T00:00:00+00:00,UP_ROSONE_1,26WUUUUUROSONE16,B12,,0.0,,MAW,PT60M,10YIT-GRTN-----B,IT
2020-01-01T00:00:00+00:00,UP_ROSSANO_T_1,26WUUROSSANO-T1T,B04,,0.0,,MAW,PT60M,10YIT-GRTN-----B,IT
2020-01-01T00:00:00+00:00,UP_ROSSANO_T_3,26WUUROSSANO-T3P,B04,,0.0,,MAW,PT60M,10YIT-GRTN-----B,IT
2020-01-01T00:00:00+00:00,UP_S.F._DEL_1,26WUUUS-F--DEL16,B06,,0.0,,MAW,PT60M,10YIT-GRTN-----B,IT
2020-01-01T00:00:00+00:00,UP_S.F._DEL_2,26WUUUS-F--DEL24,B06,,0.0,,MAW,PT60M,10YIT-GRTN-----B,IT
2020-01-01T00:00:00+00:00,UP_S.F._DEL_5,26WUUUS-F--DEL5Z,B06,,0.0,,MAW,PT60M,10YIT-GRTN-----B,IT
2020-01-01T00:00:00+00:00,UP_S.F._DEL_6,26WUUUS-F--DEL6X,B06,,0.0,,MAW,PT60M,10YIT-GRTN-----B,IT
2020-01-01T00:00:00+00:00,UP_S.FIORANO_1,26WUUZ-FIORANO1X,B10,,8.0,,MAW,PT60M,10YIT-GRTN-----B,IT
2020-01-01T00:00:00+00:00,UP_S.MASS.CL_1,26WUUS-MASS-CL10,B10,,0.0,,MAW,PT60M,10YIT-GRTN-----B,IT
2020-01-01T00:00:00+00:00,UP_SARLUX_1,26WUUUUUSARLUX1W,B03,,571.0,,MAW,PT60M,10YIT-GRTN-----B,IT
2020-01-01T00:00:00+00:00,UP_SBARBARA_3,26WUUUSBARBARA3W,B04,,0.0,,MAW,PT60M,10YIT-GRTN-----B,IT
2020-01-01T00:00:00+00:00,UP_SCTNPWPFRR_2,26WUSCTNPWPFRR28,B04,,238.0,,MAW,PT60M,10YIT-GRTN-----B,IT
2020-01-01T00:00:00+00:00,UP_SCTNPWPFRR_3,26WUSCTNPWPFRR36,B04,,0.0,,MAW,PT60M,10YIT-GRTN-----B,IT
2020-01-01T00:00:00+00:00,UP_SERMIDE_3,26WUUUUSERMIDE3O,B04,,0.0,,MAW,PT60M,10YIT-GRTN-----B,IT
2020-01-01T00:00:00+00:00,UP_SERMIDE_4,26WUUUUSERMIDE4M,B04,,0.0,,MAW,PT60M,10YIT-GRTN-----B,IT
2020-01-01T00:00:00+00:00,UP_SFLORIANO_2,26WUUSFLORIANO2R,B11,,0.0,,MAW,PT60M,10YIT-GRTN-----B,IT
2020-01-01T00:00:00+00:00,UP_SFRNGNRZNE_2,26WUSZRNGNRZNE21,B12,,7.0,,MAW,PT60M,10YIT-GRTN-----B,IT
2020-01-01T00:00:00+00:00,UP_SGIACOMO_3,26WUUUSGIACOMO3I,B10,,12.0,,MAW,PT60M,10YIT-GRTN-----B,IT
2020-01-01T00:00:00+00:00,UP_SMRICRICHI_1,26WUSMRICRICHI16,B04,,773.0,,MAW,PT60M,10YIT-GRTN-----B,IT
2020-01-01T00:00:00+00:00,UP_SOVERZENE_1,26WUUSOVERZENE1M,B12,,83.0,,MAW,PT60M,10YIT-GRTN-----B,IT
2020-01-01T00:00:00+00:00,UP_SPARANISE_1,26WUUSPARANISE1Q,B04,,219.0,,MAW,PT60M,10YIT-GRTN-----B,IT
2020-01-01T00:00:00+00:00,UP_SPARANISE_2,26WUUSPARANISE2O,B04,,0.0,,MAW,PT60M,10YIT-GRTN-----B,IT
2020-01-01T00:00:00+00:00,UP_SPEZIA_CE_3,26WUUSPEZIA-CE3T,B05,,0.0,,MAW,PT60M,10YIT-GRTN-----B,IT
2020-01-01T00:00:00+00:00,UP_SRGNPGLCNT_1,26WUSRGNPGLCNT1P,B04,,215.0,,MAW,PT60M,10YIT-GRTN-----B,IT
2020-01-01T00:00:00+00:00,UP_STTNNRGSRL_1,26WUSTTNNRGSRL1T,B06,,0.0,,MAW,PT60M,10YIT-GRTN-----B,IT
2020-01-01T00:00:00+00:00,UP_SULCIS_CEN_2,26WUSULCIS-CEN2C,B05,,0.0,,MAW,PT60M,10YIT-GRTN-----B,IT
2020-01-01T00:00:00+00:00,UP_SULCIS_CE_3,26WUUSULCIS-CE3T,B05,,0.0,,MAW,PT60M,10YIT-GRTN-----B,IT
2020-01-01T00:00:00+00:00,UP_TAGLIAMENTO_1,26WTAGLIAMENTO1J,B11,,0.0,,MAW,PT60M,10YIT-GRTN-----B,IT
2020-01-01T00:00:00+00:00,UP_TALORO1_1,26WUUUUTALORO11V,B10,,0.0,,MAW,PT60M,10YIT-GRTN-----B,IT
2020-01-01T00:00:00+00:00,UP_TAVAZZANO_5,26WUUTAVAZZANO5Z,B04,,471.0,,MAW,PT60M,10YIT-GRTN-----B,IT
2020-01-01T00:00:00+00:00,UP_TAVAZZANO_C_6,26WTAVAZZANO-C64,B04,,0.0,,MAW,PT60M,10YIT-GRTN-----B,IT
2020-01-01T00:00:00+00:00,UP_TERMINI_I_4,26WUUTERMINI-I4H,B04,,0.0,,MAW,PT60M,10YIT-GRTN-----B,IT
2020-01-01T00:00:00+00:00,UP_TERMINI_I_42,26WUTERMINI-I42G,B04,,0.0,,MAW,PT60M,10YIT-GRTN-----B,IT
2020-01-01T00:00:00+00:00,UP_TERMINI_I_5,26WUUTERMINI-I5F,B04,,0.0,,MAW,PT60M,10YIT-GRTN-----B,IT
2020-01-01T00:00:00+00:00,UP_TERMINI_I_6,26WUUTERMINI-I6D,B04,,176.0,,MAW,PT60M,10YIT-GRTN-----B,IT
2020-01-01T00:00:00+00:00,UP_TNRSDLMNSP_1,26WUTNRSDLMNSP15,B04,,103.0,,MAW,PT60M,10YIT-GRTN-----B,IT
2020-01-01T00:00:00+00:00,UP_TORBOLE_1,26WUUUUTORBOLE1H,B11,,0.0,,MAW,PT60M,10YIT-GRTN-----B,IT
2020-01-01T00:00:00+00:00,UP_TORINONORD_1,26WUTORINONORD1C,B04,,248.0,,MAW,PT60M,10YIT-GRTN-----B,IT
2020-01-01T00:00:00+00:00,UP_TORREVALD_4,26WUUTORREVALD49,B04,,0.0,,MAW,PT60M,10YIT-GRTN-----B,IT
2020-01-01T00:00:00+00:00,UP_TORREVALN_2,26WUUTORREVALN2K,B05,,0.0,,MAW,PT60M,10YIT-GRTN-----B,IT
2020-01-01T00:00:00+00:00,UP_TORREVALN_3,26WUUTORREVALN3I,B05,,200.0,,MAW,PT60M,10YIT-GRTN-----B,IT
2020-01-01T00:00:00+00:00,UP_TORREVALN_4,26WUUTORREVALN4G,B05,,0.0,,MAW,PT60M,10YIT-GRTN-----B,IT
2020-01-01T00:00:00+00:00,UP_TORVISCOSA_1,26WUTORVISCOSA1F,B04,,288.0,,MAW,PT60M,10YIT-GRTN-----B,IT
2020-01-01T00:00:00+00:00,UP_TRAPANI_C_1,26WUUTRAPANI-C1M,B04,,0.0,,MAW,PT60M,10YIT-GRTN-----B,IT
2020-01-01T00:00:00+00:00,UP_TRAPANI_C_2,26WUUTRAPANI-C2K,B04,,0.0,,MAW,PT60M,10YIT-GRTN-----B,IT
2020-01-01T00:00:00+00:00,UP_TRMVLRZZTR_3,26WUTRMVLRZZTR3M,B20,,83.0,,MAW,PT60M,10YIT-GRTN-----B,IT
2020-01-01T00:00:00+00:00,UP_TRRVLDLIGA_5,26WUTRRVLDLIGA55,B04,,0.0,,MAW,PT60M,10YIT-GRTN-----B,IT
2020-01-01T00:00:00+00:00,UP_TRRVLDLIGA_6,26WUTRRVLDLIGA63,B04,,0.0,,MAW,PT60M,10YIT-GRTN-----B,IT
2020-01-01T00:00:00+00:00,UP_TURBIGO_4,26WUUUUTURBIGO4K,B04,,0.0,,MAW,PT60M,10YIT-GRTN-----B,IT
2020-01-01T00:00:00+00:00,UP_VADOTERM_5,26WUUUVADOTERM5P,B04,,0.0,,MAW,PT60M,10YIT-GRTN-----B,IT
2020-01-01T00:00:00+00:00,UP_VALCAMONICA_1,26WVALCAMONICA1Y,B11,,10.0,,MAW,PT60M,10YIT-GRTN-----B,IT
2020-01-01T00:00:00+00:00,UP_VALLE_SEC_1,26WUUVALLE-SEC1Z,B09,,102.0,,MAW,PT60M,10YIT-GRTN-----B,IT
2020-01-01T00:00:00+00:00,UP_VALMALENCO_1,26WUVALMALENCO17,B11,,0.0,,MAW,PT60M,10YIT-GRTN-----B,IT
2020-01-01T00:00:00+00:00,UP_VALPELLIN_1,26WUUVALPELLIN15,B12,,0.0,,MAW,PT60M,10YIT-GRTN-----B,IT
2020-01-01T00:00:00+00:00,UP_VENAUS_1,26WUUUUUVENAUS10,B12,,0.0,,MAW,PT60M,10YIT-GRTN-----B,IT
2020-01-01T00:00:00+00:00,UP_VERZUOLO_2,26WUUUVERZUOLO2R,B04,,0.0,,MAW,PT60M,10YIT-GRTN-----B,IT
2020-01-01T00:00:00+00:00,UP_VOGHERA_1,26WUUUUVOGHERA14,B04,,206.0,,MAW,PT60M,10YIT-GRTN-----B,IT
2020-01-01T01:00:00+00:00,UP_BDDSLDSRDI_1,26WUBDDSLDSRDI17,B19,,18.0,,MAW,PT60M,10YIT-GRTN-----B,IT
2020-01-01T01:00:00+00:00,UP_BRNDSSUDCE_1,26WUBRNDSSUDCE1N,B05,,232.0,,MAW,PT60M,10YIT-GRTN-----B,IT
2020-01-01T01:00:00+00:00,UP_BRNDSSUDCE_2,26WUBRNDSSUDCE2L,B05,,275.0,,MAW,PT60M,10YIT-GRTN-----B,IT
2020-01-01T01:00:00+00:00,UP_BRNDSSUDCE_3,26WUBRNDSSUDCE3J,B05,,275.0,,MAW,PT60M,10YIT-GRTN-----B,IT
2020-01-01T01:00:00+00:00,UP_CANDELA_1,26WUUUUCANDELA1R,B04,,0.0,,MAW,PT60M,10YIT-GRTN-----B,IT
2020-01-01T01:00:00+00:00,UP_CCGTPRILIA_1,26WUCCGTPRILIA15,B04,,196.0,,MAW,PT60M,10YIT-GRTN-----B,IT
2020-01-01T01:00:00+00:00,UP_CET2_1,26WUUUUUUUCET21O,B03,,4.0,,MAW,PT60M,10YIT-GRTN-----B,IT
2020-01-01T01:00:00+00:00,UP_CNTRLDSCND_2,26WUCNTRLDSCND24,B04,,259.0,,MAW,PT60M,10YIT-GRTN-----B,IT
2020-01-01T01:00:00+00:00,UP_CTNUCENORD_2,26WUCTNUCENORD2R,B04,,103.0,,MAW,PT60M,10YIT-GRTN-----B,IT
2020-01-01T01:00:00+00:00,UP_CTNUCENORD_3,26WUCTNUCENORD3P,B04,,158.0,,MAW,PT60M,10YIT-GRTN-----B,IT
2020-01-01T01:00:00+00:00,UP_EDOLO_1,26WUUUUUUEDOLO19,B10,,137.0,,MAW,PT60M,10YIT-GRTN-----B,IT
2020-01-01T01:00:00+00:00,UP_ETQ_ROVINA_1,26WUETQ-ROVINA1Y,B10,,5.0,,MAW,PT60M,10YIT-GRTN-----B,IT
2020-01-01T01:00:00+00:00,UP_FIUMESANT_3,26WUUFIUMESANT3F,B05,,206.0,,MAW,PT60M,10YIT-GRTN-----B,IT
2020-01-01T01:00:00+00:00,UP_FIUMESANT_4,26WUUFIUMESANT4D,B05,,204.0,,MAW,PT60M,10YIT-GRTN-----B,IT
2020-01-01T01:00:00+00:00,UP_GALLETO_2,26WUUUUGALLETO2T,B11,,0.0,,MAW,PT60M,10YIT-GRTN-----B,IT
2020-01-01T01:00:00+00:00,UP_GISSI_2,26WUUUUUUGISSI27,B04,,245.0,,MAW,PT60M,10YIT-GRTN-----B,IT
2020-01-01T01:00:00+00:00,UP_LIRO_1,26WUUUUUUULIRO13,B11,,0.0,,MAW,PT60M,10YIT-GRTN-----B,IT
2020-01-01T01:00:00+00:00,UP_MONCALIERI_3,26WUMONCALIERI36,B04,,295.0,,MAW,PT60M,10YIT-GRTN-----B,IT
2020-01-01T01:00:00+00:00,UP_MONCALRPW_2,26WUUMONCALRPW2S,B04,,298.0,,MAW,PT60M,10YIT-GRTN-----B,IT
2020-01-01T01:00:00+00:00,UP_NCTLVRNFRR_1,26WUNCTLVRNFRR1D,B04,,313.0,,MAW,PT60M,10YIT-GRTN-----B,IT
2020-01-01T01:00:00+00:00,UP_NERAVELINO_1,26WUNERAVELINO11,B11,,68.0,,MAW,PT60M,10YIT-GRTN-----B,IT
2020-01-01T01:00:00+00:00,UP_NOVEL_1,26WUUUUUUNOVEL1U,B04,,79.0,,MAW,PT60M,10YIT-GRTN-----B,IT
2020-01-01T01:00:00+00:00,UP_NPWRBRNDSI_10,26WNPWRBRNDSI10U,B04,,230.0,,MAW,PT60M,10YIT-GRTN-----B,IT
2020-01-01T01:00:00+00:00,UP_NPWRBRNDSI_9,26WUNPWRBRNDSI90,B04,,221.0,,MAW,PT60M,10YIT-GRTN-----B,IT
2020-01-01T01:00:00+00:00,UP_NPWRFRRRRB_8,26WUNPWRFRRRRB8C,B04,,0.0,,MAW,PT60M,10YIT-GRTN-----B,IT
2020-01-01T01:00:00+00:00,UP_NPWRFRRRRB_9,26WUNPWRFRRRRB9A,B04,,184.0,,MAW,PT60M,10YIT-GRTN-----B,IT
2020-01-01T01:00:00+00:00,UP_NPWRMNTOVA_3,26WUNPWRMNTOVA3L,B04,,170.0,,MAW,PT60M,10YIT-GRTN-----B,IT
2020-01-01T01:00:00+00:00,UP_NPWRRVENNA_10,26WNPWRRVENNA10P,B04,,250.0,,MAW,PT60M,10YIT-GRTN-----B,IT
2020-01-01T01:00:00+00:00,UP_NPWRRVENNA_11,26WNPWRRVENNA11N,B04,,252.0,,MAW,PT60M,10YIT-GRTN-----B,IT
2020-01-01T01:00:00+00:00,UP_NRGAMOLISE_1,26WUNRGAMOLISE1H,B04,,0.0,,MAW,PT60M,10YIT-GRTN-----B,IT
2020-01-01T01:00:00+00:00,UP_ORTICA_1,26WUUUUUORTICA1F,B11,,6.0,,MAW,PT60M,10YIT-GRTN-----B,IT
2020-01-01T01:00:00+00:00,UP_PRCLCDLSSI_1,26WUPRCLCDLSSI1T,B19,,2.0,,MAW,PT60M,10YIT-GRTN-----B,IT
2020-01-01T01:00:00+00:00,UP_PRESENZAN_1,26WUUPRESENZAN11,B10,,256.0,,MAW,PT60M,10YIT-GRTN-----B,IT
2020-01-01T01:00:00+00:00,UP_RATINO_1,26WUUUUURATINO1O,B04,,7.0,,MAW,PT60M,10YIT-GRTN-----B,IT
2020-01-01T01:00:00+00:00,UP_ROSEN_1,26WUUUUUUROSEN1B,B04,,166.0,,MAW,PT60M,10YIT-GRTN-----B,IT
2020-01-01T01:00:00+00:00,UP_S.FIORANO_1,26WUUZ-FIORANO1X,B10,,7.0,,MAW,PT60M,10YIT-GRTN-----B,IT
2020-01-01T01:00:00+00:00,UP_SARLUX_1,26WUUUUUSARLUX1W,B03,,572.0,,MAW,PT60M,10YIT-GRTN-----B,IT
2020-01-01T01:00:00+00:00,UP_SCTNPWPFRR_2,26WUSCTNPWPFRR28,B04,,182.0,,MAW,PT60M,10YIT-GRTN-----B,IT
2020-01-01T01:00:00+00:00,UP_SFRNGNRZNE_2,26WUSZRNGNRZNE21,B12,,6.0,,MAW,PT60M,10YIT-GRTN-----B,IT
2020-01-01T01:00:00+00:00,UP_SGIACOMO_3,26WUUUSGIACOMO3I,B10,,13.0,,MAW,PT60M,10YIT-GRTN-----B,IT
2020-01-01T01:00:00+00:00,UP_SMRICRICHI_1,26WUSMRICRICHI16,B04,,771.0,,MAW,PT60M,10YIT-GRTN-----B,IT
2020-01-01T01:00:00+00:00,UP_SOVERZENE_1,26WUUSOVERZENE1M,B12,,93.0,,MAW,PT60M,10YIT-GRTN-----B,IT
2020-01-01T01:00:00+00:00,UP_SPARANISE_1,26WUUSPARANISE1Q,B04,,220.0,,MAW,PT60M,10YIT-GRTN-----B,IT
2020-01-01T01:00:00+00:00,UP_SRGNPGLCNT_1,26WUSRGNPGLCNT1P,B04,,269.0,,MAW,PT60M,10YIT-GRTN-----B,IT
2020-01-01T01:00:00+00:00,UP_TAVAZZANO_5,26WUUTAVAZZANO5Z,B04,,642.0,,MAW,PT60M,10YIT-GRTN-----B,IT
2020-01-01T01:00:00+00:00,UP_TORINONORD_1,26WUTORINONORD1C,B04,,288.0,,MAW,PT60M,10YIT-GRTN-----B,IT
2020-01-01T01:00:00+00:00,UP_TORREVALN_3,26WUUTORREVALN3I,B05,,201.0,,MAW,PT60M,10YIT-GRTN-----B,IT
2020-01-01T01:00:00+00:00,UP_TORVISCOSA_1,26WUTORVISCOSA1F,B04,,285.0,,MAW,PT60M,10YIT-GRTN-----B,IT
2020-01-01T01:00:00+00:00,UP_TRMVLRZZTR_3,26WUTRMVLRZZTR3M,B20,,82.0,,MAW,PT60M,10YIT-GRTN-----B,IT
2020-01-01T01:00:00+00:00,UP_VALCAMONICA_1,26WVALCAMONICA1Y,B11,,7.0,,MAW,PT60M,10YIT-GRTN-----B,IT
2020-01-01T01:00:00+00:00,UP_VALMALENCO_1,26WUVALMALENCO17,B11,,45.0,,MAW,PT60M,10YIT-GRTN-----B,IT
2020-01-01T01:00:00+00:00,UP_VOGHERA_1,26WUUUUVOGHERA14,B04,,297.0,,MAW,PT60M,10YIT-GRTN-----B,IT
2020-01-01T02:00:00+00:00,UP_BRNDSSUDCE_2,26WUBRNDSSUDCE2L,B05,,279.0,,MAW,PT60M,10YIT-GRTN-----B,IT
2020-01-01T02:00:00+00:00,UP_BRNDSSUDCE_3,26WUBRNDSSUDCE3J,B05,,279.0,,MAW,PT60M,10YIT-GRTN-----B,IT
2020-01-01T02:00:00+00:00,UP_CARDANO_1,26WUUUUCARDANO16,B11,,37.0,,MAW,PT60M,10YIT-GRTN-----B,IT
2020-01-01T02:00:00+00:00,UP_CCGTPRILIA_1,26WUCCGTPRILIA15,B04,,195.0,,MAW,PT60M,10YIT-GRTN-----B,IT
2020-01-01T02:00:00+00:00,UP_CET2_1,26WUUUUUUUCET21O,B03,,6.0,,MAW,PT60M,10YIT-GRTN-----B,IT
2020-01-01T02:00:00+00:00,UP_CNTRLDTVRL_1,26WUCNTRLDTVRL1D,B04,,159.0,,MAW,PT60M,10YIT-GRTN-----B,IT
2020-01-01T02:00:00+00:00,UP_CTNUCENORD_2,26WUCTNUCENORD2R,B04,,102.0,,MAW,PT60M,10YIT-GRTN-----B,IT
2020-01-01T02:00:00+00:00,UP_EDOLO_1,26WUUUUUUEDOLO19,B10,,157.0,,MAW,PT60M,10YIT-GRTN-----B,IT
2020-01-01T02:00:00+00:00,UP_FIUMESANT_3,26WUUFIUMESANT3F,B05,,205.0,,MAW,PT60M,10YIT-GRTN-----B,IT
2020-01-01T02:00:00+00:00,UP_GISSI_2,26WUUUUUUGISSI27,B04,,244.0,,MAW,PT60M,10YIT-GRTN-----B,IT
2020-01-01T02:00:00+00:00,UP_IMPSUD_2,26WUUUUUIMPSUD2Q,B04,,43.0,,MAW,PT60M,10YIT-GRTN-----B,IT
2020-01-01T02:00:00+00:00,UP_LVTRNTCET3_1,26WULVTRNTCET31X,B03,,4.0,,MAW,PT60M,10YIT-GRTN-----B,IT
2020-01-01T02:00:00+00:00,UP_MONCALIERI_3,26WUMONCALIERI36,B04,,297.0,,MAW,PT60M,10YIT-GRTN-----B,IT
2020-01-01T02:00:00+00:00,UP_MONCALRPW_2,26WUUMONCALRPW2S,B04,,301.0,,MAW,PT60M,10YIT-GRTN-----B,IT
2020-01-01T02:00:00+00:00,UP_NAPOLIL_4,26WUUUUNAPOLIL48,B04,,190.0,,MAW,PT60M,10YIT-GRTN-----B,IT
2020-01-01T02:00:00+00:00,UP_NCTLVRNFRR_1,26WUNCTLVRNFRR1D,B04,,243.0,,MAW,PT60M,10YIT-GRTN-----B,IT
2020-01-01T02:00:00+00:00,UP_NERAVELINO_1,26WUNERAVELINO11,B11,,5.0,,MAW,PT60M,10YIT-GRTN-----B,IT
2020-01-01T02:00:00+00:00,UP_NOVEL_1,26WUUUUUUNOVEL1U,B04,,32.0,,MAW,PT60M,10YIT-GRTN-----B,IT
2020-01-01T02:00:00+00:00,UP_NPWRBRNDSI_10,26WNPWRBRNDSI10U,B04,,220.0,,MAW,PT60M,10YIT-GRTN-----B,IT
2020-01-01T02:00:00+00:00,UP_NPWRBRNDSI_9,26WUNPWRBRNDSI90,B04,,210.0,,MAW,PT60M,10YIT-GRTN-----B,IT
2020-01-01T02:00:00+00:00,UP_NPWRFRRRRB_9,26WUNPWRFRRRRB9A,B04,,138.0,,MAW,PT60M,10YIT-GRTN-----B,IT
2020-01-01T02:00:00+00:00,UP_NPWRMNTOVA_3,26WUNPWRMNTOVA3L,B04,,169.0,,MAW,PT60M,10YIT-GRTN-----B,IT
2020-01-01T02:00:00+00:00,UP_NPWRRVENNA_10,26WNPWRRVENNA10P,B04,,154.0,,MAW,PT60M,10YIT-GRTN-----B,IT
2020-01-01T02:00:00+00:00,UP_NPWRRVENNA_11,26WNPWRRVENNA11N,B04,,147.0,,MAW,PT60M,10YIT-GRTN-----B,IT
2020-01-01T02:00:00+00:00,UP_ORTICA_1,26WUUUUUORTICA1F,B11,,0.0,,MAW,PT60M,10YIT-GRTN-----B,IT
2020-01-01T02:00:00+00:00,UP_PRCLCDLSSI_1,26WUPRCLCDLSSI1T,B19,,0.0,,MAW,PT60M,10YIT-GRTN-----B,IT
2020-01-01T02:00:00+00:00,UP_PRESENZAN_1,26WUUPRESENZAN11,B10,,255.0,,MAW,PT60M,10YIT-GRTN-----B,IT
2020-01-01T02:00:00+00:00,UP_RATINO_1,26WUUUUURATINO1O,B04,,0.0,,MAW,PT60M,10YIT-GRTN-----B,IT
2020-01-01T02:00:00+00:00,UP_SCTNPWPFRR_2,26WUSCTNPWPFRR28,B04,,175.0,,MAW,PT60M,10YIT-GRTN-----B,IT
2020-01-01T02:00:00+00:00,UP_SFRNGNRZNE_2,26WUSZRNGNRZNE21,B12,,5.0,,MAW,PT60M,10YIT-GRTN-----B,IT
2020-01-01T02:00:00+00:00,UP_SMRICRICHI_1,26WUSMRICRICHI16,B04,,723.0,,MAW,PT60M,10YIT-GRTN-----B,IT
2020-01-01T02:00:00+00:00,UP_SOVERZENE_1,26WUUSOVERZENE1M,B12,,80.0,,MAW,PT60M,10YIT-GRTN-----B,IT
2020-01-01T02:00:00+00:00,UP_SPARANISE_1,26WUUSPARANISE1Q,B04,,223.0,,MAW,PT60M,10YIT-GRTN-----B,IT
2020-01-01T02:00:00+00:00,UP_SRGNPGLCNT_1,26WUSRGNPGLCNT1P,B04,,370.0,,MAW,PT60M,10YIT-GRTN-----B,IT
2020-01-01T02:00:00+00:00,UP_TAVAZZANO_5,26WUUTAVAZZANO5Z,B04,,648.0,,MAW,PT60M,10YIT-GRTN-----B,IT
2020-01-01T02:00:00+00:00,UP_TORINONORD_1,26WUTORINONORD1C,B04,,244.0,,MAW,PT60M,10YIT-GRTN-----B,IT
2020-01-01T02:00:00+00:00,UP_TORVISCOSA_1,26WUTORVISCOSA1F,B04,,256.0,,MAW,PT60M,10YIT-GRTN-----B,IT
2020-01-01T02:00:00+00:00,UP_VALMALENCO_1,26WUVALMALENCO17,B11,,0.0,,MAW,PT60M,10YIT-GRTN-----B,IT
2020-01-01T02:00:00+00:00,UP_VOGHERA_1,26WUUUUVOGHERA14,B04,,274.0,,MAW,PT60M,10YIT-GRTN-----B,IT
2020-01-01T03:00:00+00:00,UP_BDDSLDSRDI_1,26WUBDDSLDSRDI17,B19,,17.0,,MAW,PT60M,10YIT-GRTN-----B,IT
2020-01-01T03:00:00+00:00,UP_BRNDSSUDCE_1,26WUBRNDSSUDCE1N,B05,,231.0,,MAW,PT60M,10YIT-GRTN-----B,IT
2020-01-01T03:00:00+00:00,UP_BRNDSSUDCE_2,26WUBRNDSSUDCE2L,B05,,263.0,,MAW,PT60M,10YIT-GRTN-----B,IT
2020-01-01T03:00:00+00:00,UP_BRNDSSUDCE_3,26WUBRNDSSUDCE3J,B05,,262.0,,MAW,PT60M,10YIT-GRTN-----B,IT
2020-01-01T03:00:00+00:00,UP_CARDANO_1,26WUUUUCARDANO16,B11,,31.0,,MAW,PT60M,10YIT-GRTN-----B,IT
2020-01-01T03:00:00+00:00,UP_CET2_1,26WUUUUUUUCET21O,B03,,2.0,,MAW,PT60M,10YIT-GRTN-----B,IT
2020-01-01T03:00:00+00:00,UP_CNTRLDSCND_2,26WUCNTRLDSCND24,B04,,263.0,,MAW,PT60M,10YIT-GRTN-----B,IT
2020-01-01T03:00:00+00:00,UP_CNTRLDTVRL_1,26WUCNTRLDTVRL1D,B04,,160.0,,MAW,PT60M,10YIT-GRTN-----B,IT
2020-01-01T03:00:00+00:00,UP_CTNUCENORD_2,26WUCTNUCENORD2R,B04,,103.0,,MAW,PT60M,10YIT-GRTN-----B,IT
2020-01-01T03:00:00+00:00,UP_DUINO_1,26WUUUUUUDUINO1A,B04,,1.0,,MAW,PT60M,10YIT-GRTN-----B,IT
2020-01-01T03:00:00+00:00,UP_EDOLO_1,26WUUUUUUEDOLO19,B10,,274.0,,MAW,PT60M,10YIT-GRTN-----B,IT
2020-01-01T03:00:00+00:00,UP_IMPSUD_2,26WUUUUUIMPSUD2Q,B04,,50.0,,MAW,PT60M,10YIT-GRTN-----B,IT
2020-01-01T03:00:00+00:00,UP_LIRO_1,26WUUUUUUULIRO13,B11,,40.0,,MAW,PT60M,10YIT-GRTN-----B,IT
2020-01-01T03:00:00+00:00,UP_LVTRNTCET3_1,26WULVTRNTCET31X,B03,,2.0,,MAW,PT60M,10YIT-GRTN-----B,IT
2020-01-01T03:00:00+00:00,UP_MILAZZO_1,26WUUUUMILAZZO1Z,B04,,108.0,,MAW,PT60M,10YIT-GRTN-----B,IT
2020-01-01T03:00:00+00:00,UP_MONCALIERI_3,26WUMONCALIERI36,B04,,176.0,,MAW,PT60M,10YIT-GRTN-----B,IT
2020-01-01T03:00:00+00:00,UP_MONCALRPW_2,26WUUMONCALRPW2S,B04,,175.0,,MAW,PT60M,10YIT-GRTN-----B,IT
2020-01-01T03:00:00+00:00,UP_NAPOLIL_4,26WUUUUNAPOLIL48,B04,,191.0,,MAW,PT60M,10YIT-GRTN-----B,IT
2020-01-01T03:00:00+00:00,UP_NCTLVRNFRR_1,26WUNCTLVRNFRR1D,B04,,238.0,,MAW,PT60M,10YIT-GRTN-----B,IT
2020-01-01T03:00:00+00:00,UP_NERAVELINO_1,26WUNERAVELINO11,B11,,1.0,,MAW,PT60M,10YIT-GRTN-----B,IT
2020-01-01T03:00:00+00:00,UP_NPWRBRNDSI_9,26WUNPWRBRNDSI90,B04,,209.0,,MAW,PT60M,10YIT-GRTN-----B,IT
2020-01-01T03:00:00+00:00,UP_NPWRFRRRRB_9,26WUNPWRFRRRRB9A,B04,,143.0,,MAW,PT60M,10YIT-GRTN-----B,IT
2020-01-01T03:00:00+00:00,UP_NPWRMNTOVA_3,26WUNPWRMNTOVA3L,B04,,172.0,,MAW,PT60M,10YIT-GRTN-----B,IT
2020-01-01T03:00:00+00:00,UP_NPWRRVENNA_10,26WNPWRRVENNA10P,B04,,147.0,,MAW,PT60M,10YIT-GRTN-----B,IT
2020-01-01T03:00:00+00:00,UP_ROSEN_1,26WUUUUUUROSEN1B,B04,,157.0,,MAW,PT60M,10YIT-GRTN-----B,IT
2020-01-01T03:00:00+00:00,UP_SARLUX_1,26WUUUUUSARLUX1W,B03,,571.0,,MAW,PT60M,10YIT-GRTN-----B,IT
2020-01-01T03:00:00+00:00,UP_SMRICRICHI_1,26WUSMRICRICHI16,B04,,656.0,,MAW,PT60M,10YIT-GRTN-----B,IT
2020-01-01T03:00:00+00:00,UP_SOVERZENE_1,26WUUSOVERZENE1M,B12,,62.0,,MAW,PT60M,10YIT-GRTN-----B,IT
2020-01-01T03:00:00+00:00,UP_SRGNPGLCNT_1,26WUSRGNPGLCNT1P,B04,,216.0,,MAW,PT60M,10YIT-GRTN-----B,IT
2020-01-01T03:00:00+00:00,UP_TAVAZZANO_5,26WUUTAVAZZANO5Z,B04,,451.0,,MAW,PT60M,10YIT-GRTN-----B,IT
2020-01-01T03:00:00+00:00,UP_TORINONORD_1,26WUTORINONORD1C,B04,,243.0,,MAW,PT60M,10YIT-GRTN-----B,IT
2020-01-01T03:00:00+00:00,UP_TORREVALN_3,26WUUTORREVALN3I,B05,,200.0,,MAW,PT60M,10YIT-GRTN-----B,IT
2020-01-01T03:00:00+00:00,UP_TORVISCOSA_1,26WUTORVISCOSA1F,B04,,412.0,,MAW,PT60M,10YIT-GRTN-----B,IT
2020-01-01T03:00:00+00:00,UP_VALCAMONICA_1,26WVALCAMONICA1Y,B11,,8.0,,MAW,PT60M,10YIT-GRTN-----B,IT
2020-01-01T03:00:00+00:00,UP_VOGHERA_1,26WUUUUVOGHERA14,B04,,273.0,,MAW,PT60M,10YIT-GRTN-----B,IT
2020-01-01T04:00:00+00:00,UP_BDDSLDSRDI_1,26WUBDDSLDSRDI17,B19,,8.0,,MAW,PT60M,10YIT-GRTN-----B,IT
2020-01-01T04:00:00+00:00,UP_BRNDSSUDCE_2,26WUBRNDSSUDCE2L,B05,,262.0,,MAW,PT60M,10YIT-GRTN-----B,IT
2020-01-01T04:00:00+00:00,UP_CARDANO_1,26WUUUUCARDANO16,B11,,33.0,,MAW,PT60M,10YIT-GRTN-----B,IT
2020-01-01T04:00:00+00:00,UP_CET2_1,26WUUUUUUUCET21O,B03,,4.0,,MAW,PT60M,10YIT-GRTN-----B,IT
2020-01-01T04:00:00+00:00,UP_CNTRLDSCND_2,26WUCNTRLDSCND24,B04,,260.0,,MAW,PT60M,10YIT-GRTN-----B,IT
2020-01-01T04:00:00+00:00,UP_FIUMESANT_3,26WUUFIUMESANT3F,B05,,206.0,,MAW,PT60M,10YIT-GRTN-----B,IT
2020-01-01T04:00:00+00:00,UP_GISSI_2,26WUUUUUUGISSI27,B04,,243.0,,MAW,PT60M,10YIT-GRTN-----B,IT
2020-01-01T04:00:00+00:00,UP_LIRO_1,26WUUUUUUULIRO13,B11,,37.0,,MAW,PT60M,10YIT-GRTN-----B,IT
2020-01-01T04:00:00+00:00,UP_LVTRNTCET3_1,26WULVTRNTCET31X,B03,,3.0,,MAW,PT60M,10YIT-GRTN-----B,IT
2020-01-01T04:00:00+00:00,UP_MILAZZO_1,26WUUUUMILAZZO1Z,B04,,107.0,,MAW,PT60M,10YIT-GRTN-----B,IT
2020-01-01T04:00:00+00:00,UP_MONCALIERI_3,26WUMONCALIERI36,B04,,196.0,,MAW,PT60M,10YIT-GRTN-----B,IT
2020-01-01T04:00:00+00:00,UP_MONCALRPW_2,26WUUMONCALRPW2S,B04,,181.0,,MAW,PT60M,10YIT-GRTN-----B,IT
2020-01-01T04:00:00+00:00,UP_NCTLVRNFRR_1,26WUNCTLVRNFRR1D,B04,,218.0,,MAW,PT60M,10YIT-GRTN-----B,IT
2020-01-01T04:00:00+00:00,UP_NPWRFRRRRB_9,26WUNPWRFRRRRB9A,B04,,127.0,,MAW,PT60M,10YIT-GRTN-----B,IT
2020-01-01T04:00:00+00:00,UP_NPWRMNTOVA_3,26WUNPWRMNTOVA3L,B04,,177.0,,MAW,PT60M,10YIT-GRTN-----B,IT
2020-01-01T04:00:00+00:00,UP_NPWRRVENNA_10,26WNPWRRVENNA10P,B04,,150.0,,MAW,PT60M,10YIT-GRTN-----B,IT
2020-01-01T04:00:00+00:00,UP_NPWRRVENNA_11,26WNPWRRVENNA11N,B04,,146.0,,MAW,PT60M,10YIT-GRTN-----B,IT
2020-01-01T04:00:00+00:00,UP_PREM-GROSIO_1,26WPREM-GROSIO10,B11,,2.0,,MAW,PT60M,10YIT-GRTN-----B,IT
2020-01-01T04:00:00+00:00,UP_PRESENZAN_1,26WUUPRESENZAN11,B10,,254.0,,MAW,PT60M,10YIT-GRTN-----B,IT
2020-01-01T04:00:00+00:00,UP_RIZZICONI_1,26WUURIZZICONI1S,B04,,179.0,,MAW,PT60M,10YIT-GRTN-----B,IT
2020-01-01T04:00:00+00:00,UP_RONCOVALG_1,26WUURONCOVALG13,B10,,0.0,,MAW,PT60M,10YIT-GRTN-----B,IT
2020-01-01T04:00:00+00:00,UP_ROSEN_1,26WUUUUUUROSEN1B,B04,,155.0,,MAW,PT60M,10YIT-GRTN-----B,IT
2020-01-01T04:00:00+00:00,UP_SARLUX_1,26WUUUUUSARLUX1W,B03,,572.0,,MAW,PT60M,10YIT-GRTN-----B,IT
2020-01-01T04:00:00+00:00,UP_SCTNPWPFRR_2,26WUSCTNPWPFRR28,B04,,174.0,,MAW,PT60M,10YIT-GRTN-----B,IT
2020-01-01T04:00:00+00:00,UP_SMRICRICHI_1,26WUSMRICRICHI16,B04,,379.0,,MAW,PT60M,10YIT-GRTN-----B,IT
2020-01-01T04:00:00+00:00,UP_SOVERZENE_1,26WUUSOVERZENE1M,B12,,76.0,,MAW,PT60M,10YIT-GRTN-----B,IT
2020-01-01T04:00:00+00:00,UP_SPARANISE_1,26WUUSPARANISE1Q,B04,,224.0,,MAW,PT60M,10YIT-GRTN-----B,IT
2020-01-01T04:00:00+00:00,UP_SRGNPGLCNT_1,26WUSRGNPGLCNT1P,B04,,215.0,,MAW,PT60M,10YIT-GRTN-----B,IT
2020-01-01T04:00:00+00:00,UP_TAVAZZANO_5,26WUUTAVAZZANO5Z,B04,,429.0,,MAW,PT60M,10YIT-GRTN-----B,IT
2020-01-01T04:00:00+00:00,UP_TORINONORD_1,26WUTORINONORD1C,B04,,228.0,,MAW,PT60M,10YIT-GRTN-----B,IT
2020-01-01T04:00:00+00:00,UP_TORVISCOSA_1,26WUTORVISCOSA1F,B04,,724.0,,MAW,PT60M,10YIT-GRTN-----B,IT
2020-01-01T04:00:00+00:00,UP_TRMVLRZZTR_3,26WUTRMVLRZZTR3M,B20,,83.0,,MAW,PT60M,10YIT-GRTN-----B,IT
2020-01-01T04:00:00+00:00,UP_VOGHERA_1,26WUUUUVOGHERA14,B04,,258.0,,MAW,PT60M,10YIT-GRTN-----B,IT
2020-01-01T05:00:00+00:00,UP_BDDSLDSRDI_1,26WUBDDSLDSRDI17,B19,,5.0,,MAW,PT60M,10YIT-GRTN-----B,IT
2020-01-01T05:00:00+00:00,UP_BRNDSSUDCE_2,26WUBRNDSSUDCE2L,B05,,292.0,,MAW,PT60M,10YIT-GRTN-----B,IT
2020-01-01T05:00:00+00:00,UP_BRNDSSUDCE_3,26WUBRNDSSUDCE3J,B05,,292.0,,MAW,PT60M,10YIT-GRTN-----B,IT
2020-01-01T05:00:00+00:00,UP_CARDANO_1,26WUUUUCARDANO16,B11,,34.0,,MAW,PT60M,10YIT-GRTN-----B,IT
2020-01-01T05:00:00+00:00,UP_CET2_1,26WUUUUUUUCET21O,B03,,5.0,,MAW,PT60M,10YIT-GRTN-----B,IT
2020-01-01T05:00:00+00:00,UP_CNTRLDSCND_2,26WUCNTRLDSCND24,B04,,262.0,,MAW,PT60M,10YIT-GRTN-----B,IT
2020-01-01T05:00:00+00:00,UP_EDOLO_1,26WUUUUUUEDOLO19,B10,,171.0,,MAW,PT60M,10YIT-GRTN-----B,IT
2020-01-01T05:00:00+00:00,UP_FADALTO_1,26WUUUUFADALTO1G,B10,,0.0,,MAW,PT60M,10YIT-GRTN-----B,IT
2020-01-01T05:00:00+00:00,UP_FIUMESANT_4,26WUUFIUMESANT4D,B05,,203.0,,MAW,PT60M,10YIT-GRTN-----B,IT
2020-01-01T05:00:00+00:00,UP_GISSI_2,26WUUUUUUGISSI27,B04,,244.0,,MAW,PT60M,10YIT-GRTN-----B,IT
2020-01-01T05:00:00+00:00,UP_LIRO_1,26WUUUUUUULIRO13,B11,,20.0,,MAW,PT60M,10YIT-GRTN-----B,IT
2020-01-01T05:00:00+00:00,UP_LVTRNTCET3_1,26WULVTRNTCET31X,B03,,4.0,,MAW,PT60M,10YIT-GRTN-----B,IT
2020-01-01T05:00:00+00:00,UP_MONCALIERI_3,26WUMONCALIERI36,B04,,195.0,,MAW,PT60M,10YIT-GRTN-----B,IT
2020-01-01T05:00:00+00:00,UP_MONCALRPW_2,26WUUMONCALRPW2S,B04,,190.0,,MAW,PT60M,10YIT-GRTN-----B,IT
2020-01-01T05:00:00+00:00,UP_NCTLVRNFRR_1,26WUNCTLVRNFRR1D,B04,,266.0,,MAW,PT60M,10YIT-GRTN-----B,IT
2020-01-01T05:00:00+00:00,UP_NERAVELINO_1,26WUNERAVELINO11,B11,,3.0,,MAW,PT60M,10YIT-GRTN-----B,IT
2020-01-01T05:00:00+00:00,UP_NOVEL_1,26WUUUUUUNOVEL1U,B04,,31.0,,MAW,PT60M,10YIT-GRTN-----B,IT
2020-01-01T05:00:00+00:00,UP_NPWRFRRRRB_9,26WUNPWRFRRRRB9A,B04,,183.0,,MAW,PT60M,10YIT-GRTN-----B,IT
2020-01-01T05:00:00+00:00,UP_NPWRMNTOVA_3,26WUNPWRMNTOVA3L,B04,,198.0,,MAW,PT60M,10YIT-GRTN-----B,IT
2020-01-01T05:00:00+00:00,UP_NPWRRVENNA_10,26WNPWRRVENNA10P,B04,,199.0,,MAW,PT60M,10YIT-GRTN-----B,IT
2020-01-01T05:00:00+00:00,UP_NPWRRVENNA_11,26WNPWRRVENNA11N,B04,,149.0,,MAW,PT60M,10YIT-GRTN-----B,IT
2020-01-01T05:00:00+00:00,UP_NRGAMOLISE_1,26WUNRGAMOLISE1H,B04,,21.0,,MAW,PT60M,10YIT-GRTN-----B,IT
2020-01-01T05:00:00+00:00,UP_ORTICA_1,26WUUUUUORTICA1F,B11,,1.0,,MAW,PT60M,10YIT-GRTN-----B,IT
2020-01-01T05:00:00+00:00,UP_PREM-GROSIO_1,26WPREM-GROSIO10,B11,,12.0,,MAW,PT60M,10YIT-GRTN-----B,IT
2020-01-01T05:00:00+00:00,UP_RIZZICONI_1,26WUURIZZICONI1S,B04,,180.0,,MAW,PT60M,10YIT-GRTN-----B,IT
2020-01-01T05:00:00+00:00,UP_RONCOVALG_1,26WUURONCOVALG13,B10,,1.0,,MAW,PT60M,10YIT-GRTN-----B,IT
2020-01-01T05:00:00+00:00,UP_ROSEN_1,26WUUUUUUROSEN1B,B04,,158.0,,MAW,PT60M,10YIT-GRTN-----B,IT
2020-01-01T05:00:00+00:00,UP_SCTNPWPFRR_2,26WUSCTNPWPFRR28,B04,,176.0,,MAW,PT60M,10YIT-GRTN-----B,IT
2020-01-01T05:00:00+00:00,UP_SMRICRICHI_1,26WUSMRICRICHI16,B04,,414.0,,MAW,PT60M,10YIT-GRTN-----B,IT
2020-01-01T05:00:00+00:00,UP_SOVERZENE_1,26WUUSOVERZENE1M,B12,,89.0,,MAW,PT60M,10YIT-GRTN-----B,IT
2020-01-01T05:00:00+00:00,UP_SPARANISE_1,26WUUSPARANISE1Q,B04,,225.0,,MAW,PT60M,10YIT-GRTN-----B,IT
2020-01-01T05:00:00+00:00,UP_TAVAZZANO_5,26WUUTAVAZZANO5Z,B04,,535.0,,MAW,PT60M,10YIT-GRTN-----B,IT
2020-01-01T05:00:00+00:00,UP_TNRSDLMNSP_1,26WUTNRSDLMNSP15,B04,,102.0,,MAW,PT60M,10YIT-GRTN-----B,IT
2020-01-01T05:00:00+00:00,UP_TORINONORD_1,26WUTORINONORD1C,B04,,150.0,,MAW,PT60M,10YIT-GRTN-----B,IT
2020-01-01T05:00:00+00:00,UP_TORVISCOSA_1,26WUTORVISCOSA1F,B04,,505.0,,MAW,PT60M,10YIT-GRTN-----B,IT
2020-01-01T05:00:00+00:00,UP_VALCAMONICA_1,26WVALCAMONICA1Y,B11,,9.0,,MAW,PT60M,10YIT-GRTN-----B,IT
2020-01-01T05:00:00+00:00,UP_VOGHERA_1,26WUUUUVOGHERA14,B04,,246.0,,MAW,PT60M,10YIT-GRTN-----B,IT
2020-01-01T06:00:00+00:00,UP_ANAPO_C.L_1,26WUUANAPO-C-L1O,B10,,30.0,,MAW,PT60M,10YIT-GRTN-----B,IT
2020-01-01T06:00:00+00:00,UP_BDDSLDSRDI_1,26WUBDDSLDSRDI17,B19,,3.0,,MAW,PT60M,10YIT-GRTN-----B,IT
2020-01-01T06:00:00+00:00,UP_BRNDSSUDCE_2,26WUBRNDSSUDCE2L,B05,,265.0,,MAW,PT60M,10YIT-GRTN-----B,IT
2020-01-01T06:00:00+00:00,UP_BRNDSSUDCE_3,26WUBRNDSSUDCE3J,B05,,269.0,,MAW,PT60M,10YIT-GRTN-----B,IT
2020-01-01T06:00:00+00:00,UP_CCGTPRILIA_1,26WUCCGTPRILIA15,B04,,194.0,,MAW,PT60M,10YIT-GRTN-----B,IT
2020-01-01T06:00:00+00:00,UP_CET2_1,26WUUUUUUUCET21O,B03,,3.0,,MAW,PT60M,10YIT-GRTN-----B,IT
2020-01-01T06:00:00+00:00,UP_CNTRLDSCND_2,26WUCNTRLDSCND24,B04,,258.0,,MAW,PT60M,10YIT-GRTN-----B,IT
2020-01-01T06:00:00+00:00,UP_CTNUCENORD_2,26WUCTNUCENORD2R,B04,,102.0,,MAW,PT60M,10YIT-GRTN-----B,IT
2020-01-01T06:00:00+00:00,UP_EDOLO_1,26WUUUUUUEDOLO19,B10,,42.0,,MAW,PT60M,10YIT-GRTN-----B,IT
2020-01-01T06:00:00+00:00,UP_FADALTO_1,26WUUUUFADALTO1G,B10,,90.0,,MAW,PT60M,10YIT-GRTN-----B,IT
2020-01-01T06:00:00+00:00,UP_GISSI_2,26WUUUUUUGISSI27,B04,,237.0,,MAW,PT60M,10YIT-GRTN-----B,IT
2020-01-01T06:00:00+00:00,UP_IMPSUD_2,26WUUUUUIMPSUD2Q,B04,,49.0,,MAW,PT60M,10YIT-GRTN-----B,IT
2020-01-01T06:00:00+00:00,UP_LEVANTE_3,26WUUUULEVANTE35,B04,,179.0,,MAW,PT60M,10YIT-GRTN-----B,IT
2020-01-01T06:00:00+00:00,UP_LIRO_1,26WUUUUUUULIRO13,B11,,8.0,,MAW,PT60M,10YIT-GRTN-----B,IT
2020-01-01T06:00:00+00:00,UP_LVTRNTCET3_1,26WULVTRNTCET31X,B03,,2.0,,MAW,PT60M,10YIT-GRTN-----B,IT
2020-01-01T06:00:00+00:00,UP_MONCALIERI_3,26WUMONCALIERI36,B04,,174.0,,MAW,PT60M,10YIT-GRTN-----B,IT
2020-01-01T06:00:00+00:00,UP_MONCALRPW_2,26WUUMONCALRPW2S,B04,,170.0,,MAW,PT60M,10YIT-GRTN-----B,IT
2020-01-01T06:00:00+00:00,UP_NAPOLIL_4,26WUUUUNAPOLIL48,B04,,190.0,,MAW,PT60M,10YIT-GRTN-----B,IT
2020-01-01T06:00:00+00:00,UP_NCTLVRNFRR_1,26WUNCTLVRNFRR1D,B04,,228.0,,MAW,PT60M,10YIT-GRTN-----B,IT
2020-01-01T06:00:00+00:00,UP_NERAVELINO_1,26WUNERAVELINO11,B11,,30.0,,MAW,PT60M,10YIT-GRTN-----B,IT
2020-01-01T06:00:00+00:00,UP_NPWRFRRRRB_9,26WUNPWRFRRRRB9A,B04,,134.0,,MAW,PT60M,10YIT-GRTN-----B,IT
2020-01-01T06:00:00+00:00,UP_NPWRMNTOVA_3,26WUNPWRMNTOVA3L,B04,,176.0,,MAW,PT60M,10YIT-GRTN-----B,IT
2020-01-01T06:00:00+00:00,UP_NPWRRVENNA_10,26WNPWRRVENNA10P,B04,,149.0,,MAW,PT60M,10YIT-GRTN-----B,IT
2020-01-01T06:00:00+00:00,UP_NPWRRVENNA_11,26WNPWRRVENNA11N,B04,,146.0,,MAW,PT60M,10YIT-GRTN-----B,IT
2020-01-01T06:00:00+00:00,UP_NRGAMOLISE_1,26WUNRGAMOLISE1H,B04,,138.0,,MAW,PT60M,10YIT-GRTN-----B,IT
2020-01-01T06:00:00+00:00,UP_ORTICA_1,26WUUUUUORTICA1F,B11,,105.0,,MAW,PT60M,10YIT-GRTN-----B,IT
2020-01-01T06:00:00+00:00,UP_PREM-GROSIO_1,26WPREM-GROSIO10,B11,,14.0,,MAW,PT60M,10YIT-GRTN-----B,IT
2020-01-01T06:00:00+00:00,UP_PRESENZAN_1,26WUUPRESENZAN11,B10,,66.0,,MAW,PT60M,10YIT-GRTN-----B,IT
2020-01-01T06:00:00+00:00,UP_RATINO_1,26WUUUUURATINO1O,B04,,92.0,,MAW,PT60M,10YIT-GRTN-----B,IT
2020-01-01T06:00:00+00:00,UP_RIZZICONI_1,26WUURIZZICONI1S,B04,,179.0,,MAW,PT60M,10YIT-GRTN-----B,IT
2020-01-01T06:00:00+00:00,UP_RONCOVALG_1,26WUURONCOVALG13,B10,,35.0,,MAW,PT60M,10YIT-GRTN-----B,IT
2020-01-01T06:00:00+00:00,UP_ROSEN_1,26WUUUUUUROSEN1B,B04,,160.0,,MAW,PT60M,10YIT-GRTN-----B,IT
2020-01-01T06:00:00+00:00,UP_ROSONE_1,26WUUUUUROSONE16,B12,,48.0,,MAW,PT60M,10YIT-GRTN-----B,IT
2020-01-01T06:00:00+00:00,UP_S.FIORANO_1,26WUUZ-FIORANO1X,B10,,6.0,,MAW,PT60M,10YIT-GRTN-----B,IT
2020-01-01T06:00:00+00:00,UP_SARLUX_1,26WUUUUUSARLUX1W,B03,,573.0,,MAW,PT60M,10YIT-GRTN-----B,IT
2020-01-01T06:00:00+00:00,UP_SCTNPWPFRR_2,26WUSCTNPWPFRR28,B04,,174.0,,MAW,PT60M,10YIT-GRTN-----B,IT
2020-01-01T06:00:00+00:00,UP_SGIACOMO_3,26WUUUSGIACOMO3I,B10,,12.0,,MAW,PT60M,10YIT-GRTN-----B,IT
2020-01-01T06:00:00+00:00,UP_SMRICRICHI_1,26WUSMRICRICHI16,B04,,229.0,,MAW,PT60M,10YIT-GRTN-----B,IT
2020-01-01T06:00:00+00:00,UP_SOVERZENE_1,26WUUSOVERZENE1M,B12,,55.0,,MAW,PT60M,10YIT-GRTN-----B,IT
2020-01-01T06:00:00+00:00,UP_SPARANISE_1,26WUUSPARANISE1Q,B04,,224.0,,MAW,PT60M,10YIT-GRTN-----B,IT
2020-01-01T06:00:00+00:00,UP_SRGNPGLCNT_1,26WUSRGNPGLCNT1P,B04,,214.0,,MAW,PT60M,10YIT-GRTN-----B,IT
2020-01-01T06:00:00+00:00,UP_TAGLIAMENTO_1,26WTAGLIAMENTO1J,B11,,45.0,,MAW,PT60M,10YIT-GRTN-----B,IT
2020-01-01T06:00:00+00:00,UP_TAVAZZANO_5,26WUUTAVAZZANO5Z,B04,,457.0,,MAW,PT60M,10YIT-GRTN-----B,IT
2020-01-01T06:00:00+00:00,UP_TORBOLE_1,26WUUUUTORBOLE1H,B11,,54.0,,MAW,PT60M,10YIT-GRTN-----B,IT
2020-01-01T06:00:00+00:00,UP_TORINONORD_1,26WUTORINONORD1C,B04,,169.0,,MAW,PT60M,10YIT-GRTN-----B,IT
2020-01-01T06:00:00+00:00,UP_TORVISCOSA_1,26WUTORVISCOSA1F,B04,,401.0,,MAW,PT60M,10YIT-GRTN-----B,IT
2020-01-01T06:00:00+00:00,UP_TRMVLRZZTR_3,26WUTRMVLRZZTR3M,B20,,79.0,,MAW,PT60M,10YIT-GRTN-----B,IT
2020-01-01T06:00:00+00:00,UP_VALCAMONICA_1,26WVALCAMONICA1Y,B11,,19.0,,MAW,PT60M,10YIT-GRTN-----B,IT
2020-01-01T06:00:00+00:00,UP_VOGHERA_1,26WUUUUVOGHERA14,B04,,209.0,,MAW,PT60M,10YIT-GRTN-----B,IT
2020-01-01T07:00:00+00:00,UP_ANAPO_C.L_1,26WUUANAPO-C-L1O,B10,,97.0,,MAW,PT60M,10YIT-GRTN-----B,IT
2020-01-01T07:00:00+00:00,UP_BRNDSSUDCE_1,26WUBRNDSSUDCE1N,B05,,230.0,,MAW,PT60M,10YIT-GRTN-----B,IT
2020-01-01T07:00:00+00:00,UP_BRNDSSUDCE_2,26WUBRNDSSUDCE2L,B05,,259.0,,MAW,PT60M,10YIT-GRTN-----B,IT
2020-01-01T07:00:00+00:00,UP_BRNDSSUDCE_3,26WUBRNDSSUDCE3J,B05,,295.0,,MAW,PT60M,10YIT-GRTN-----B,IT
2020-01-01T07:00:00+00:00,UP_CCGTPRILIA_1,26WUCCGTPRILIA15,B04,,195.0,,MAW,PT60M,10YIT-GRTN-----B,IT
2020-01-01T07:00:00+00:00,UP_CET2_1,26WUUUUUUUCET21O,B03,,9.0,,MAW,PT60M,10YIT-GRTN-----B,IT
2020-01-01T07:00:00+00:00,UP_CNTRLDSCND_2,26WUCNTRLDSCND24,B04,,257.0,,MAW,PT60M,10YIT-GRTN-----B,IT
2020-01-01T07:00:00+00:00,UP_CNTRLDTVRL_1,26WUCNTRLDTVRL1D,B04,,71.0,,MAW,PT60M,10YIT-GRTN-----B,IT
2020-01-01T07:00:00+00:00,UP_CTNUCENORD_2,26WUCTNUCENORD2R,B04,,101.0,,MAW,PT60M,10YIT-GRTN-----B,IT
2020-01-01T07:00:00+00:00,UP_CTNUCENORD_3,26WUCTNUCENORD3P,B04,,154.0,,MAW,PT60M,10YIT-GRTN-----B,IT
2020-01-01T07:00:00+00:00,UP_EDOLO_1,26WUUUUUUEDOLO19,B10,,124.0,,MAW,PT60M,10YIT-GRTN-----B,IT
2020-01-01T07:00:00+00:00,UP_FIUMESANT_3,26WUUFIUMESANT3F,B05,,205.0,,MAW,PT60M,10YIT-GRTN-----B,IT
2020-01-01T07:00:00+00:00,UP_GALLETO_2,26WUUUUGALLETO2T,B11,,33.0,,MAW,PT60M,10YIT-GRTN-----B,IT
2020-01-01T07:00:00+00:00,UP_GISSI_2,26WUUUUUUGISSI27,B04,,91.0,,MAW,PT60M,10YIT-GRTN-----B,IT
2020-01-01T07:00:00+00:00,UP_IMPSUD_2,26WUUUUUIMPSUD2Q,B04,,46.0,,MAW,PT60M,10YIT-GRTN-----B,IT
2020-01-01T07:00:00+00:00,UP_LEVANTE_3,26WUUUULEVANTE35,B04,,220.0,,MAW,PT60M,10YIT-GRTN-----B,IT
2020-01-01T07:00:00+00:00,UP_LIRO_1,26WUUUUUUULIRO13,B11,,19.0,,MAW,PT60M,10YIT-GRTN-----B,IT
2020-01-01T07:00:00+00:00,UP_LVTRNTCET3_1,26WULVTRNTCET31X,B03,,7.0,,MAW,PT60M,10YIT-GRTN-----B,IT
2020-01-01T07:00:00+00:00,UP_MONCALIERI_3,26WUMONCALIERI36,B04,,200.0,,MAW,PT60M,10YIT-GRTN-----B,IT
2020-01-01T07:00:00+00:00,UP_MONCALRPW_2,26WUUMONCALRPW2S,B04,,196.0,,MAW,PT60M,10YIT-GRTN-----B,IT
2020-01-01T07:00:00+00:00,UP_MONTORIO_1,26WUUUMONTORIO1P,B11,,20.0,,MAW,PT60M,10YIT-GRTN-----B,IT
2020-01-01T07:00:00+00:00,UP_NAPOLIL_4,26WUUUUNAPOLIL48,B04,,35.0,,MAW,PT60M,10YIT-GRTN-----B,IT
2020-01-01T07:00:00+00:00,UP_NCTLVRNFRR_1,26WUNCTLVRNFRR1D,B04,,280.0,,MAW,PT60M,10YIT-GRTN-----B,IT
2020-01-01T07:00:00+00:00,UP_NERAVELINO_1,26WUNERAVELINO11,B11,,26.0,,MAW,PT60M,10YIT-GRTN-----B,IT
2020-01-01T07:00:00+00:00,UP_NPWRFRRRRB_9,26WUNPWRFRRRRB9A,B04,,158.0,,MAW,PT60M,10YIT-GRTN-----B,IT
2020-01-01T07:00:00+00:00,UP_NPWRMNTOVA_3,26WUNPWRMNTOVA3L,B04,,194.0,,MAW,PT60M,10YIT-GRTN-----B,IT
2020-01-01T07:00:00+00:00,UP_NPWRRVENNA_10,26WNPWRRVENNA10P,B04,,146.0,,MAW,PT60M,10YIT-GRTN-----B,IT
2020-01-01T07:00:00+00:00,UP_NPWRRVENNA_11,26WNPWRRVENNA11N,B04,,189.0,,MAW,PT60M,10YIT-GRTN-----B,IT
2020-01-01T07:00:00+00:00,UP_NRGAMOLISE_1,26WUNRGAMOLISE1H,B04,,180.0,,MAW,PT60M,10YIT-GRTN-----B,IT
2020-01-01T07:00:00+00:00,UP_ORTICA_1,26WUUUUUORTICA1F,B11,,121.0,,MAW,PT60M,10YIT-GRTN-----B,IT
2020-01-01T07:00:00+00:00,UP_PRESENZAN_1,26WUUPRESENZAN11,B10,,182.0,,MAW,PT60M,10YIT-GRTN-----B,IT
2020-01-01T07:00:00+00:00,UP_RATINO_1,26WUUUUURATINO1O,B04,,159.0,,MAW,PT60M,10YIT-GRTN-----B,IT
2020-01-01T07:00:00+00:00,UP_RIZZICONI_1,26WUURIZZICONI1S,B04,,52.0,,MAW,PT60M,10YIT-GRTN-----B,IT
2020-01-01T07:00:00+00:00,UP_RONCOVALG_1,26WUURONCOVALG13,B10,,391.0,,MAW,PT60M,10YIT-GRTN-----B,IT
2020-01-01T07:00:00+00:00,UP_ROSEN_1,26WUUUUUUROSEN1B,B04,,161.0,,MAW,PT60M,10YIT-GRTN-----B,IT
2020-01-01T07:00:00+00:00,UP_S.FIORANO_1,26WUUZ-FIORANO1X,B10,,7.0,,MAW,PT60M,10YIT-GRTN-----B,IT
2020-01-01T07:00:00+00:00,UP_S.MASS.CL_1,26WUUS-MASS-CL10,B10,,21.0,,MAW,PT60M,10YIT-GRTN-----B,IT
2020-01-01T07:00:00+00:00,UP_SGIACOMO_3,26WUUUSGIACOMO3I,B10,,0.0,,MAW,PT60M,10YIT-GRTN-----B,IT
2020-01-01T07:00:00+00:00,UP_SMRICRICHI_1,26WUSMRICRICHI16,B04,,284.0,,MAW,PT60M,10YIT-GRTN-----B,IT
2020-01-01T07:00:00+00:00,UP_SOVERZENE_1,26WUUSOVERZENE1M,B12,,67.0,,MAW,PT60M,10YIT-GRTN-----B,IT
2020-01-01T07:00:00+00:00,UP_SRGNPGLCNT_1,26WUSRGNPGLCNT1P,B04,,78.0,,MAW,PT60M,10YIT-GRTN-----B,IT
2020-01-01T07:00:00+00:00,UP_TAVAZZANO_5,26WUUTAVAZZANO5Z,B04,,535.0,,MAW,PT60M,10YIT-GRTN-----B,IT
2020-01-01T07:00:00+00:00,UP_TNRSDLMNSP_1,26WUTNRSDLMNSP15,B04,,103.0,,MAW,PT60M,10YIT-GRTN-----B,IT
2020-01-01T07:00:00+00:00,UP_TORBOLE_1,26WUUUUTORBOLE1H,B11,,56.0,,MAW,PT60M,10YIT-GRTN-----B,IT
2020-01-01T07:00:00+00:00,UP_TORINONORD_1,26WUTORINONORD1C,B04,,215.0,,MAW,PT60M,10YIT-GRTN-----B,IT
2020-01-01T07:00:00+00:00,UP_TORREVALN_3,26WUUTORREVALN3I,B05,,201.0,,MAW,PT60M,10YIT-GRTN-----B,IT
2020-01-01T07:00:00+00:00,UP_TORVISCOSA_1,26WUTORVISCOSA1F,B04,,399.0,,MAW,PT60M,10YIT-GRTN-----B,IT
2020-01-01T07:00:00+00:00,UP_TRMVLRZZTR_3,26WUTRMVLRZZTR3M,B20,,84.0,,MAW,PT60M,10YIT-GRTN-----B,IT
2020-01-01T07:00:00+00:00,UP_VALCAMONICA_1,26WVALCAMONICA1Y,B11,,25.0,,MAW,PT60M,10YIT-GRTN-----B,IT
2020-01-01T07:00:00+00:00,UP_VOGHERA_1,26WUUUUVOGHERA14,B04,,249.0,,MAW,PT60M,10YIT-GRTN-----B,IT
2020-01-01T08:00:00+00:00,UP_ANAPO_C.L_1,26WUUANAPO-C-L1O,B10,,0.0,,MAW,PT60M,10YIT-GRTN-----B,IT
2020-01-01T08:00:00+00:00,UP_BDDSLDSRDI_1,26WUBDDSLDSRDI17,B19,,2.0,,MAW,PT60M,10YIT-GRTN-----B,IT
2020-01-01T08:00:00+00:00,UP_BRNDSSUDCE_2,26WUBRNDSSUDCE2L,B05,,261.0,,MAW,PT60M,10YIT-GRTN-----B,IT
2020-01-01T08:00:00+00:00,UP_BRNDSSUDCE_3,26WUBRNDSSUDCE3J,B05,,264.0,,MAW,PT60M,10YIT-GRTN-----B,IT
2020-01-01T08:00:00+00:00,UP_CARDANO_1,26WUUUUCARDANO16,B11,,38.0,,MAW,PT60M,10YIT-GRTN-----B,IT
2020-01-01T08:00:00+00:00,UP_CNTRLDTVRL_1,26WUCNTRLDTVRL1D,B04,,0.0,,MAW,PT60M,10YIT-GRTN-----B,IT
2020-01-01T08:00:00+00:00,UP_CTNUCENORD_2,26WUCTNUCENORD2R,B04,,102.0,,MAW,PT60M,10YIT-GRTN-----B,IT
2020-01-01T08:00:00+00:00,UP_CTNUCENORD_3,26WUCTNUCENORD3P,B04,,156.0,,MAW,PT60M,10YIT-GRTN-----B,IT
2020-01-01T08:00:00+00:00,UP_EDOLO_1,26WUUUUUUEDOLO19,B10,,44.0,,MAW,PT60M,10YIT-GRTN-----B,IT
2020-01-01T08:00:00+00:00,UP_FIUMESANT_3,26WUUFIUMESANT3F,B05,,206.0,,MAW,PT60M,10YIT-GRTN-----B,IT
2020-01-01T08:00:00+00:00,UP_GALLETO_2,26WUUUUGALLETO2T,B11,,34.0,,MAW,PT60M,10YIT-GRTN-----B,IT
2020-01-01T08:00:00+00:00,UP_GARGNANO_1,26WUUUGARGNANO18,B10,,2.0,,MAW,PT60M,10YIT-GRTN-----B,IT
2020-01-01T08:00:00+00:00,UP_GISSI_2,26WUUUUUUGISSI27,B04,,0.0,,MAW,PT60M,10YIT-GRTN-----B,IT
2020-01-01T08:00:00+00:00,UP_LEVANTE_3,26WUUUULEVANTE35,B04,,205.0,,MAW,PT60M,10YIT-GRTN-----B,IT
2020-01-01T08:00:00+00:00,UP_LIRO_1,26WUUUUUUULIRO13,B11,,29.0,,MAW,PT60M,10YIT-GRTN-----B,IT
2020-01-01T08:00:00+00:00,UP_LVTRNTCET3_1,26WULVTRNTCET31X,B03,,6.0,,MAW,PT60M,10YIT-GRTN-----B,IT
2020-01-01T08:00:00+00:00,UP_MILAZZO_1,26WUUUUMILAZZO1Z,B04,,106.0,,MAW,PT60M,10YIT-GRTN-----B,IT
2020-01-01T08:00:00+00:00,UP_MONCALIERI_3,26WUMONCALIERI36,B04,,188.0,,MAW,PT60M,10YIT-GRTN-----B,IT
2020-01-01T08:00:00+00:00,UP_MONCALRPW_2,26WUUMONCALRPW2S,B04,,184.0,,MAW,PT60M,10YIT-GRTN-----B,IT
2020-01-01T08:00:00+00:00,UP_NAPOLIL_4,26WUUUUNAPOLIL48,B04,,0.0,,MAW,PT60M,10YIT-GRTN-----B,IT
2020-01-01T08:00:00+00:00,UP_NCTLVRNFRR_1,26WUNCTLVRNFRR1D,B04,,260.0,,MAW,PT60M,10YIT-GRTN-----B,IT
2020-01-01T08:00:00+00:00,UP_NERAVELINO_1,26WUNERAVELINO11,B11,,22.0,,MAW,PT60M,10YIT-GRTN-----B,IT
2020-01-01T08:00:00+00:00,UP_NPWRFRRRRB_9,26WUNPWRFRRRRB9A,B04,,164.0,,MAW,PT60M,10YIT-GRTN-----B,IT
2020-01-01T08:00:00+00:00,UP_NPWRMNTOVA_3,26WUNPWRMNTOVA3L,B04,,191.0,,MAW,PT60M,10YIT-GRTN-----B,IT
2020-01-01T08:00:00+00:00,UP_NPWRRVENNA_11,26WNPWRRVENNA11N,B04,,196.0,,MAW,PT60M,10YIT-GRTN-----B,IT
2020-01-01T08:00:00+00:00,UP_ORTICA_1,26WUUUUUORTICA1F,B11,,4.0,,MAW,PT60M,10YIT-GRTN-----B,IT
2020-01-01T08:00:00+00:00,UP_PRCLCDLSSI_1,26WUPRCLCDLSSI1T,B19,,3.0,,MAW,PT60M,10YIT-GRTN-----B,IT
2020-01-01T08:00:00+00:00,UP_PRESENZAN_1,26WUUPRESENZAN11,B10,,471.0,,MAW,PT60M,10YIT-GRTN-----B,IT
2020-01-01T08:00:00+00:00,UP_RATINO_1,26WUUUUURATINO1O,B04,,160.0,,MAW,PT60M,10YIT-GRTN-----B,IT
2020-01-01T08:00:00+00:00,UP_RIZZICONI_1,26WUURIZZICONI1S,B04,,0.0,,MAW,PT60M,10YIT-GRTN-----B,IT
2020-01-01T08:00:00+00:00,UP_RONCOVALG_1,26WUURONCOVALG13,B10,,403.0,,MAW,PT60M,10YIT-GRTN-----B,IT
2020-01-01T08:00:00+00:00,UP_ROSEN_1,26WUUUUUUROSEN1B,B04,,159.0,,MAW,PT60M,10YIT-GRTN-----B,IT
2020-01-01T08:00:00+00:00,UP_ROSONE_1,26WUUUUUROSONE16,B12,,2.0,,MAW,PT60M,10YIT-GRTN-----B,IT
2020-01-01T08:00:00+00:00,UP_S.MASS.CL_1,26WUUS-MASS-CL10,B10,,28.0,,MAW,PT60M,10YIT-GRTN-----B,IT
2020-01-01T08:00:00+00:00,UP_SARLUX_1,26WUUUUUSARLUX1W,B03,,572.0,,MAW,PT60M,10YIT-GRTN-----B,IT
2020-01-01T08:00:00+00:00,UP_SCTNPWPFRR_2,26WUSCTNPWPFRR28,B04,,175.0,,MAW,PT60M,10YIT-GRTN-----B,IT
2020-01-01T08:00:00+00:00,UP_SGIACOMO_3,26WUUUSGIACOMO3I,B10,,8.0,,MAW,PT60M,10YIT-GRTN-----B,IT
2020-01-01T08:00:00+00:00,UP_SMRICRICHI_1,26WUSMRICRICHI16,B04,,243.0,,MAW,PT60M,10YIT-GRTN-----B,IT
2020-01-01T08:00:00+00:00,UP_SOVERZENE_1,26WUUSOVERZENE1M,B12,,55.0,,MAW,PT60M,10YIT-GRTN-----B,IT
2020-01-01T08:00:00+00:00,UP_SRGNPGLCNT_1,26WUSRGNPGLCNT1P,B04,,0.0,,MAW,PT60M,10YIT-GRTN-----B,IT
2020-01-01T08:00:00+00:00,UP_TAGLIAMENTO_1,26WTAGLIAMENTO1J,B11,,46.0,,MAW,PT60M,10YIT-GRTN-----B,IT
2020-01-01T08:00:00+00:00,UP_TAVAZZANO_5,26WUUTAVAZZANO5Z,B04,,495.0,,MAW,PT60M,10YIT-GRTN-----B,IT
2020-01-01T08:00:00+00:00,UP_TORINONORD_1,26WUTORINONORD1C,B04,,197.0,,MAW,PT60M,10YIT-GRTN-----B,IT
2020-01-01T08:00:00+00:00,UP_TORVISCOSA_1,26WUTORVISCOSA1F,B04,,303.0,,MAW,PT60M,10YIT-GRTN-----B,IT
2020-01-01T08:00:00+00:00,UP_TRMVLRZZTR_3,26WUTRMVLRZZTR3M,B20,,83.0,,MAW,PT60M,10YIT-GRTN-----B,IT
2020-01-01T08:00:00+00:00,UP_VERZUOLO_2,26WUUUVERZUOLO2R,B04,,2.0,,MAW,PT60M,10YIT-GRTN-----B,IT
2020-01-01T08:00:00+00:00,UP_VOGHERA_1,26WUUUUVOGHERA14,B04,,232.0,,MAW,PT60M,10YIT-GRTN-----B,IT
2020-01-01T09:00:00+00:00,UP_ANAPO_C.L_1,26WUUANAPO-C-L1O,B10,,18.0,,MAW,PT60M,10YIT-GRTN-----B,IT
2020-01-01T09:00:00+00:00,UP_BDDSLDSRDI_1,26WUBDDSLDSRDI17,B19,,1.0,,MAW,PT60M,10YIT-GRTN-----B,IT
2020-01-01T09:00:00+00:00,UP_BRNDSSUDCE_2,26WUBRNDSSUDCE2L,B05,,302.0,,MAW,PT60M,10YIT-GRTN-----B,IT
2020-01-01T09:00:00+00:00,UP_BRNDSSUDCE_3,26WUBRNDSSUDCE3J,B05,,302.0,,MAW,PT60M,10YIT-GRTN-----B,IT
2020-01-01T09:00:00+00:00,UP_CARDANO_1,26WUUUUCARDANO16,B11,,55.0,,MAW,PT60M,10YIT-GRTN-----B,IT
2020-01-01T09:00:00+00:00,UP_CET2_1,26WUUUUUUUCET21O,B03,,8.0,,MAW,PT60M,10YIT-GRTN-----B,IT
2020-01-01T09:00:00+00:00,UP_CNTRLDSCND_2,26WUCNTRLDSCND24,B04,,258.0,,MAW,PT60M,10YIT-GRTN-----B,IT
2020-01-01T09:00:00+00:00,UP_CTNUCENORD_3,26WUCTNUCENORD3P,B04,,149.0,,MAW,PT60M,10YIT-GRTN-----B,IT
2020-01-01T09:00:00+00:00,UP_EDOLO_1,26WUUUUUUEDOLO19,B10,,0.0,,MAW,PT60M,10YIT-GRTN-----B,IT
2020-01-01T09:00:00+00:00,UP_IMPSUD_2,26WUUUUUIMPSUD2Q,B04,,45.0,,MAW,PT60M,10YIT-GRTN-----B,IT
2020-01-01T09:00:00+00:00,UP_LEVANTE_3,26WUUUULEVANTE35,B04,,170.0,,MAW,PT60M,10YIT-GRTN-----B,IT
2020-01-01T09:00:00+00:00,UP_LIRO_1,26WUUUUUUULIRO13,B11,,30.0,,MAW,PT60M,10YIT-GRTN-----B,IT
2020-01-01T09:00:00+00:00,UP_MONCALIERI_3,26WUMONCALIERI36,B04,,202.0,,MAW,PT60M,10YIT-GRTN-----B,IT
2020-01-01T09:00:00+00:00,UP_MONCALRPW_2,26WUUMONCALRPW2S,B04,,171.0,,MAW,PT60M,10YIT-GRTN-----B,IT
2020-01-01T09:00:00+00:00,UP_NCTLVRNFRR_1,26WUNCTLVRNFRR1D,B04,,283.0,,MAW,PT60M,10YIT-GRTN-----B,IT
2020-01-01T09:00:00+00:00,UP_NERAVELINO_1,26WUNERAVELINO11,B11,,12.0,,MAW,PT60M,10YIT-GRTN-----B,IT
2020-01-01T09:00:00+00:00,UP_NOCE_1,26WUUUUUUUNOCE1E,B11,,13.0,,MAW,PT60M,10YIT-GRTN-----B,IT
2020-01-01T09:00:00+00:00,UP_NPWRFRRRRB_9,26WUNPWRFRRRRB9A,B04,,169.0,,MAW,PT60M,10YIT-GRTN-----B,IT
2020-01-01T09:00:00+00:00,UP_NPWRMNTOVA_3,26WUNPWRMNTOVA3L,B04,,167.0,,MAW,PT60M,10YIT-GRTN-----B,IT
2020-01-01T09:00:00+00:00,UP_NPWRRVENNA_10,26WNPWRRVENNA10P,B04,,147.0,,MAW,PT60M,10YIT-GRTN-----B,IT
2020-01-01T09:00:00+00:00,UP_NPWRRVENNA_11,26WNPWRRVENNA11N,B04,,147.0,,MAW,PT60M,10YIT-GRTN-----B,IT
2020-01-01T09:00:00+00:00,UP_ORTICA_1,26WUUUUUORTICA1F,B11,,12.0,,MAW,PT60M,10YIT-GRTN-----B,IT
2020-01-01T09:00:00+00:00,UP_PRCLCDLSSI_1,26WUPRCLCDLSSI1T,B19,,4.0,,MAW,PT60M,10YIT-GRTN-----B,IT
2020-01-01T09:00:00+00:00,UP_PRESENZAN_1,26WUUPRESENZAN11,B10,,220.0,,MAW,PT60M,10YIT-GRTN-----B,IT
2020-01-01T09:00:00+00:00,UP_RATINO_1,26WUUUUURATINO1O,B04,,158.0,,MAW,PT60M,10YIT-GRTN-----B,IT
2020-01-01T09:00:00+00:00,UP_ROSEN_1,26WUUUUUUROSEN1B,B04,,157.0,,MAW,PT60M,10YIT-GRTN-----B,IT
2020-01-01T09:00:00+00:00,UP_ROSONE_1,26WUUUUUROSONE16,B12,,0.0,,MAW,PT60M,10YIT-GRTN-----B,IT
2020-01-01T09:00:00+00:00,UP_S.F._DEL_2,26WUUUS-F--DEL24,B06,,7.0,,MAW,PT60M,10YIT-GRTN-----B,IT
2020-01-01T09:00:00+00:00,UP_SARLUX_1,26WUUUUUSARLUX1W,B03,,571.0,,MAW,PT60M,10YIT-GRTN-----B,IT
2020-01-01T09:00:00+00:00,UP_SCTNPWPFRR_2,26WUSCTNPWPFRR28,B04,,176.0,,MAW,PT60M,10YIT-GRTN-----B,IT
2020-01-01T09:00:00+00:00,UP_SGIACOMO_3,26WUUUSGIACOMO3I,B10,,13.0,,MAW,PT60M,10YIT-GRTN-----B,IT
2020-01-01T09:00:00+00:00,UP_SMRICRICHI_1,26WUSMRICRICHI16,B04,,268.0,,MAW,PT60M,10YIT-GRTN-----B,IT
2020-01-01T09:00:00+00:00,UP_SOVERZENE_1,26WUUSOVERZENE1M,B12,,53.0,,MAW,PT60M,10YIT-GRTN-----B,IT
2020-01-01T09:00:00+00:00,UP_SPARANISE_1,26WUUSPARANISE1Q,B04,,225.0,,MAW,PT60M,10YIT-GRTN-----B,IT
2020-01-01T09:00:00+00:00,UP_TAVAZZANO_5,26WUUTAVAZZANO5Z,B04,,534.0,,MAW,PT60M,10YIT-GRTN-----B,IT
2020-01-01T09:00:00+00:00,UP_TORBOLE_1,26WUUUUTORBOLE1H,B11,,55.0,,MAW,PT60M,10YIT-GRTN-----B,IT
2020-01-01T09:00:00+00:00,UP_TORINONORD_1,26WUTORINONORD1C,B04,,219.0,,MAW,PT60M,10YIT-GRTN-----B,IT
2020-01-01T09:00:00+00:00,UP_TORVISCOSA_1,26WUTORVISCOSA1F,B04,,285.0,,MAW,PT60M,10YIT-GRTN-----B,IT
2020-01-01T09:00:00+00:00,UP_TRMVLRZZTR_3,26WUTRMVLRZZTR3M,B20,,80.0,,MAW,PT60M,10YIT-GRTN-----B,IT
2020-01-01T09:00:00+00:00,UP_VERZUOLO_2,26WUUUVERZUOLO2R,B04,,3.0,,MAW,PT60M,10YIT-GRTN-----B,IT
2020-01-01T09:00:00+00:00,UP_VOGHERA_1,26WUUUUVOGHERA14,B04,,254.0,,MAW,PT60M,10YIT-GRTN-----B,IT
2020-01-01T10:00:00+00:00,UP_ANAPO_C.L_1,26WUUANAPO-C-L1O,B10,,273.0,,MAW,PT60M,10YIT-GRTN-----B,IT
2020-01-01T10:00:00+00:00,UP_BDDSLDSRDI_1,26WUBDDSLDSRDI17,B19,,0.0,,MAW,PT60M,10YIT-GRTN-----B,IT
2020-01-01T10:00:00+00:00,UP_BRNDSSUDCE_1,26WUBRNDSSUDCE1N,B05,,231.0,,MAW,PT60M,10YIT-GRTN-----B,IT
2020-01-01T10:00:00+00:00,UP_BRNDSSUDCE_2,26WUBRNDSSUDCE2L,B05,,306.0,,MAW,PT60M,10YIT-GRTN-----B,IT
2020-01-01T10:00:00+00:00,UP_BRNDSSUDCE_3,26WUBRNDSSUDCE3J,B05,,306.0,,MAW,PT60M,10YIT-GRTN-----B,IT
2020-01-01T10:00:00+00:00,UP_CARDANO_1,26WUUUUCARDANO16,B11,,58.0,,MAW,PT60M,10YIT-GRTN-----B,IT
2020-01-01T10:00:00+00:00,UP_CET2_1,26WUUUUUUUCET21O,B03,,7.0,,MAW,PT60M,10YIT-GRTN-----B,IT
2020-01-01T10:00:00+00:00,UP_CNTRLDSCND_2,26WUCNTRLDSCND24,B04,,259.0,,MAW,PT60M,10YIT-GRTN-----B,IT
2020-01-01T10:00:00+00:00,UP_DUINO_1,26WUUUUUUDUINO1A,B04,,5.0,,MAW,PT60M,10YIT-GRTN-----B,IT
2020-01-01T10:00:00+00:00,UP_GALLETO_2,26WUUUUGALLETO2T,B11,,35.0,,MAW,PT60M,10YIT-GRTN-----B,IT
2020-01-01T10:00:00+00:00,UP_IMPSUD_2,26WUUUUUIMPSUD2Q,B04,,44.0,,MAW,PT60M,10YIT-GRTN-----B,IT
2020-01-01T10:00:00+00:00,UP_LIRO_1,26WUUUUUUULIRO13,B11,,11.0,,MAW,PT60M,10YIT-GRTN-----B,IT
2020-01-01T10:00:00+00:00,UP_LVTRNTCET3_1,26WULVTRNTCET31X,B03,,5.0,,MAW,PT60M,10YIT-GRTN-----B,IT
2020-01-01T10:00:00+00:00,UP_MONCALIERI_3,26WUMONCALIERI36,B04,,200.0,,MAW,PT60M,10YIT-GRTN-----B,IT
2020-01-01T10:00:00+00:00,UP_MONCALRPW_2,26WUUMONCALRPW2S,B04,,184.0,,MAW,PT60M,10YIT-GRTN-----B,IT
2020-01-01T10:00:00+00:00,UP_MONTORIO_1,26WUUUMONTORIO1P,B11,,0.0,,MAW,PT60M,10YIT-GRTN-----B,IT
2020-01-01T10:00:00+00:00,UP_NCTLVRNFRR_1,26WUNCTLVRNFRR1D,B04,,291.0,,MAW,PT60M,10YIT-GRTN-----B,IT
2020-01-01T10:00:00+00:00,UP_NERAVELINO_1,26WUNERAVELINO11,B11,,33.0,,MAW,PT60M,10YIT-GRTN-----B,IT
2020-01-01T10:00:00+00:00,UP_NOCE_1,26WUUUUUUUNOCE1E,B11,,140.0,,MAW,PT60M,10YIT-GRTN-----B,IT
2020-01-01T10:00:00+00:00,UP_NOVEL_1,26WUUUUUUNOVEL1U,B04,,32.0,,MAW,PT60M,10YIT-GRTN-----B,IT
2020-01-01T10:00:00+00:00,UP_NPWRFRRRRB_9,26WUNPWRFRRRRB9A,B04,,211.0,,MAW,PT60M,10YIT-GRTN-----B,IT
2020-01-01T10:00:00+00:00,UP_NPWRRVENNA_10,26WNPWRRVENNA10P,B04,,148.0,,MAW,PT60M,10YIT-GRTN-----B,IT
2020-01-01T10:00:00+00:00,UP_NPWRRVENNA_11,26WNPWRRVENNA11N,B04,,146.0,,MAW,PT60M,10YIT-GRTN-----B,IT
2020-01-01T10:00:00+00:00,UP_NRGAMOLISE_1,26WUNRGAMOLISE1H,B04,,181.0,,MAW,PT60M,10YIT-GRTN-----B,IT
2020-01-01T10:00:00+00:00,UP_ORTICA_1,26WUUUUUORTICA1F,B11,,75.0,,MAW,PT60M,10YIT-GRTN-----B,IT
2020-01-01T10:00:00+00:00,UP_PRCLCDLSSI_1,26WUPRCLCDLSSI1T,B19,,2.0,,MAW,PT60M,10YIT-GRTN-----B,IT
2020-01-01T10:00:00+00:00,UP_PREM-GROSIO_1,26WPREM-GROSIO10,B11,,1.0,,MAW,PT60M,10YIT-GRTN-----B,IT
2020-01-01T10:00:00+00:00,UP_PRESENZAN_1,26WUUPRESENZAN11,B10,,1.0,,MAW,PT60M,10YIT-GRTN-----B,IT
2020-01-01T10:00:00+00:00,UP_RATINO_1,26WUUUUURATINO1O,B04,,157.0,,MAW,PT60M,10YIT-GRTN-----B,IT
2020-01-01T10:00:00+00:00,UP_ROSEN_1,26WUUUUUUROSEN1B,B04,,153.0,,MAW,PT60M,10YIT-GRTN-----B,IT
2020-01-01T10:00:00+00:00,UP_S.F._DEL_2,26WUUUS-F--DEL24,B06,,47.0,,MAW,PT60M,10YIT-GRTN-----B,IT
2020-01-01T10:00:00+00:00,UP_S.FIORANO_1,26WUUZ-FIORANO1X,B10,,8.0,,MAW,PT60M,10YIT-GRTN-----B,IT
2020-01-01T10:00:00+00:00,UP_S.MASS.CL_1,26WUUS-MASS-CL10,B10,,27.0,,MAW,PT60M,10YIT-GRTN-----B,IT
2020-01-01T10:00:00+00:00,UP_SARLUX_1,26WUUUUUSARLUX1W,B03,,570.0,,MAW,PT60M,10YIT-GRTN-----B,IT
2020-01-01T10:00:00+00:00,UP_SCTNPWPFRR_2,26WUSCTNPWPFRR28,B04,,177.0,,MAW,PT60M,10YIT-GRTN-----B,IT
2020-01-01T10:00:00+00:00,UP_SMRICRICHI_1,26WUSMRICRICHI16,B04,,274.0,,MAW,PT60M,10YIT-GRTN-----B,IT
2020-01-01T10:00:00+00:00,UP_SOVERZENE_1,26WUUSOVERZENE1M,B12,,70.0,,MAW,PT60M,10YIT-GRTN-----B,IT
2020-01-01T10:00:00+00:00,UP_SPARANISE_1,26WUUSPARANISE1Q,B04,,227.0,,MAW,PT60M,10YIT-GRTN-----B,IT
2020-01-01T10:00:00+00:00,UP_TAGLIAMENTO_1,26WTAGLIAMENTO1J,B11,,2.0,,MAW,PT60M,10YIT-GRTN-----B,IT
2020-01-01T10:00:00+00:00,UP_TAVAZZANO_5,26WUUTAVAZZANO5Z,B04,,584.0,,MAW,PT60M,10YIT-GRTN-----B,IT
2020-01-01T10:00:00+00:00,UP_TNRSDLMNSP_1,26WUTNRSDLMNSP15,B04,,104.0,,MAW,PT60M,10YIT-GRTN-----B,IT
2020-01-01T10:00:00+00:00,UP_TORINONORD_1,26WUTORINONORD1C,B04,,240.0,,MAW,PT60M,10YIT-GRTN-----B,IT
2020-01-01T10:00:00+00:00,UP_TORVISCOSA_1,26WUTORVISCOSA1F,B04,,303.0,,MAW,PT60M,10YIT-GRTN-----B,IT
2020-01-01T10:00:00+00:00,UP_VALLE_SEC_1,26WUUVALLE-SEC1Z,B09,,101.0,,MAW,PT60M,10YIT-GRTN-----B,IT
2020-01-01T10:00:00+00:00,UP_VOGHERA_1,26WUUUUVOGHERA14,B04,,261.0,,MAW,PT60M,10YIT-GRTN-----B,IT
2020-01-01T11:00:00+00:00,UP_ANAPO_C.L_1,26WUUANAPO-C-L1O,B10,,148.0,,MAW,PT60M,10YIT-GRTN-----B,IT
2020-01-01T11:00:00+00:00,UP_BRNDSSUDCE_1,26WUBRNDSSUDCE1N,B05,,233.0,,MAW,PT60M,10YIT-GRTN-----B,IT
2020-01-01T11:00:00+00:00,UP_BRNDSSUDCE_2,26WUBRNDSSUDCE2L,B05,,265.0,,MAW,PT60M,10YIT-GRTN-----B,IT
2020-01-01T11:00:00+00:00,UP_BRNDSSUDCE_3,26WUBRNDSSUDCE3J,B05,,266.0,,MAW,PT60M,10YIT-GRTN-----B,IT
2020-01-01T11:00:00+00:00,UP_CARDANO_1,26WUUUUCARDANO16,B11,,57.0,,MAW,PT60M,10YIT-GRTN-----B,IT
2020-01-01T11:00:00+00:00,UP_CCGTPRILIA_1,26WUCCGTPRILIA15,B04,,196.0,,MAW,PT60M,10YIT-GRTN-----B,IT
2020-01-01T11:00:00+00:00,UP_CET2_1,26WUUUUUUUCET21O,B03,,5.0,,MAW,PT60M,10YIT-GRTN-----B,IT
2020-01-01T11:00:00+00:00,UP_CNTRLDSCND_2,26WUCNTRLDSCND24,B04,,260.0,,MAW,PT60M,10YIT-GRTN-----B,IT
2020-01-01T11:00:00+00:00,UP_CTNUCENORD_3,26WUCTNUCENORD3P,B04,,157.0,,MAW,PT60M,10YIT-GRTN-----B,IT
2020-01-01T11:00:00+00:00,UP_DUINO_1,26WUUUUUUDUINO1A,B04,,2.0,,MAW,PT60M,10YIT-GRTN-----B,IT
2020-01-01T11:00:00+00:00,UP_FADALTO_1,26WUUUUFADALTO1G,B10,,81.0,,MAW,PT60M,10YIT-GRTN-----B,IT
2020-01-01T11:00:00+00:00,UP_GALLETO_2,26WUUUUGALLETO2T,B11,,0.0,,MAW,PT60M,10YIT-GRTN-----B,IT
2020-01-01T11:00:00+00:00,UP_LEVANTE_3,26WUUUULEVANTE35,B04,,313.0,,MAW,PT60M,10YIT-GRTN-----B,IT
2020-01-01T11:00:00+00:00,UP_LIRO_1,26WUUUUUUULIRO13,B11,,18.0,,MAW,PT60M,10YIT-GRTN-----B,IT
2020-01-01T11:00:00+00:00,UP_LVTRNTCET3_1,26WULVTRNTCET31X,B03,,4.0,,MAW,PT60M,10YIT-GRTN-----B,IT
2020-01-01T11:00:00+00:00,UP_MONCALIERI_3,26WUMONCALIERI36,B04,,302.0,,MAW,PT60M,10YIT-GRTN-----B,IT
2020-01-01T11:00:00+00:00,UP_MONCALRPW_2,26WUUMONCALRPW2S,B04,,304.0,,MAW,PT60M,10YIT-GRTN-----B,IT
2020-01-01T11:00:00+00:00,UP_NCTLVRNFRR_1,26WUNCTLVRNFRR1D,B04,,313.0,,MAW,PT60M,10YIT-GRTN-----B,IT
2020-01-01T11:00:00+00:00,UP_NERAVELINO_1,26WUNERAVELINO11,B11,,84.0,,MAW,PT60M,10YIT-GRTN-----B,IT
2020-01-01T11:00:00+00:00,UP_NOCE_1,26WUUUUUUUNOCE1E,B11,,84.0,,MAW,PT60M,10YIT-GRTN-----B,IT
2020-01-01T11:00:00+00:00,UP_NOVEL_1,26WUUUUUUNOVEL1U,B04,,31.0,,MAW,PT60M,10YIT-GRTN-----B,IT
2020-01-01T11:00:00+00:00,UP_NPWRBRNDSI_10,26WNPWRBRNDSI10U,B04,,221.0,,MAW,PT60M,10YIT-GRTN-----B,IT
2020-01-01T11:00:00+00:00,UP_NPWRBRNDSI_9,26WUNPWRBRNDSI90,B04,,210.0,,MAW,PT60M,10YIT-GRTN-----B,IT
2020-01-01T11:00:00+00:00,UP_NPWRFRRRRB_9,26WUNPWRFRRRRB9A,B04,,210.0,,MAW,PT60M,10YIT-GRTN-----B,IT
2020-01-01T11:00:00+00:00,UP_NPWRMNTOVA_3,26WUNPWRMNTOVA3L,B04,,168.0,,MAW,PT60M,10YIT-GRTN-----B,IT
2020-01-01T11:00:00+00:00,UP_NPWRRVENNA_10,26WNPWRRVENNA10P,B04,,188.0,,MAW,PT60M,10YIT-GRTN-----B,IT
2020-01-01T11:00:00+00:00,UP_NPWRRVENNA_11,26WNPWRRVENNA11N,B04,,157.0,,MAW,PT60M,10YIT-GRTN-----B,IT
2020-01-01T11:00:00+00:00,UP_ORTICA_1,26WUUUUUORTICA1F,B11,,3.0,,MAW,PT60M,10YIT-GRTN-----B,IT
2020-01-01T11:00:00+00:00,UP_PRCLCDLSSI_1,26WUPRCLCDLSSI1T,B19,,0.0,,MAW,PT60M,10YIT-GRTN-----B,IT
2020-01-01T11:00:00+00:00,UP_PREM-GROSIO_1,26WPREM-GROSIO10,B11,,0.0,,MAW,PT60M,10YIT-GRTN-----B,IT
2020-01-01T11:00:00+00:00,UP_RATINO_1,26WUUUUURATINO1O,B04,,159.0,,MAW,PT60M,10YIT-GRTN-----B,IT
2020-01-01T11:00:00+00:00,UP_RIZZICONI_1,26WUURIZZICONI1S,B04,,59.0,,MAW,PT60M,10YIT-GRTN-----B,IT
2020-01-01T11:00:00+00:00,UP_RONCOVALG_1,26WUURONCOVALG13,B10,,239.0,,MAW,PT60M,10YIT-GRTN-----B,IT
2020-01-01T11:00:00+00:00,UP_ROSEN_1,26WUUUUUUROSEN1B,B04,,149.0,,MAW,PT60M,10YIT-GRTN-----B,IT
2020-01-01T11:00:00+00:00,UP_S.F._DEL_2,26WUUUS-F--DEL24,B06,,58.0,,MAW,PT60M,10YIT-GRTN-----B,IT
2020-01-01T11:00:00+00:00,UP_SCTNPWPFRR_2,26WUSCTNPWPFRR28,B04,,178.0,,MAW,PT60M,10YIT-GRTN-----B,IT
2020-01-01T11:00:00+00:00,UP_SMRICRICHI_1,26WUSMRICRICHI16,B04,,221.0,,MAW,PT60M,10YIT-GRTN-----B,IT
2020-01-01T11:00:00+00:00,UP_SOVERZENE_1,26WUUSOVERZENE1M,B12,,79.0,,MAW,PT60M,10YIT-GRTN-----B,IT
2020-01-01T11:00:00+00:00,UP_SPARANISE_1,26WUUSPARANISE1Q,B04,,225.0,,MAW,PT60M,10YIT-GRTN-----B,IT
2020-01-01T11:00:00+00:00,UP_TAGLIAMENTO_1,26WTAGLIAMENTO1J,B11,,0.0,,MAW,PT60M,10YIT-GRTN-----B,IT
2020-01-01T11:00:00+00:00,UP_TAVAZZANO_5,26WUUTAVAZZANO5Z,B04,,563.0,,MAW,PT60M,10YIT-GRTN-----B,IT
2020-01-01T11:00:00+00:00,UP_TORBOLE_1,26WUUUUTORBOLE1H,B11,,0.0,,MAW,PT60M,10YIT-GRTN-----B,IT
2020-01-01T11:00:00+00:00,UP_TORINONORD_1,26WUTORINONORD1C,B04,,286.0,,MAW,PT60M,10YIT-GRTN-----B,IT
2020-01-01T11:00:00+00:00,UP_TORREVALN_3,26WUUTORREVALN3I,B05,,202.0,,MAW,PT60M,10YIT-GRTN-----B,IT
2020-01-01T11:00:00+00:00,UP_VALCAMONICA_1,26WVALCAMONICA1Y,B11,,17.0,,MAW,PT60M,10YIT-GRTN-----B,IT
2020-01-01T11:00:00+00:00,UP_VERZUOLO_2,26WUUUVERZUOLO2R,B04,,4.0,,MAW,PT60M,10YIT-GRTN-----B,IT
2020-01-01T11:00:00+00:00,UP_VOGHERA_1,26WUUUUVOGHERA14,B04,,313.0,,MAW,PT60M,10YIT-GRTN-----B,IT
2020-01-01T12:00:00+00:00,UP_ANAPO_C.L_1,26WUUANAPO-C-L1O,B10,,231.0,,MAW,PT60M,10YIT-GRTN-----B,IT
2020-01-01T12:00:00+00:00,UP_BRNDSSUDCE_1,26WUBRNDSSUDCE1N,B05,,232.0,,MAW,PT60M,10YIT-GRTN-----B,IT
2020-01-01T12:00:00+00:00,UP_BRNDSSUDCE_2,26WUBRNDSSUDCE2L,B05,,261.0,,MAW,PT60M,10YIT-GRTN-----B,IT
2020-01-01T12:00:00+00:00,UP_BRNDSSUDCE_3,26WUBRNDSSUDCE3J,B05,,260.0,,MAW,PT60M,10YIT-GRTN-----B,IT
2020-01-01T12:00:00+00:00,UP_CARDANO_1,26WUUUUCARDANO16,B11,,56.0,,MAW,PT60M,10YIT-GRTN-----B,IT
2020-01-01T12:00:00+00:00,UP_CET2_1,26WUUUUUUUCET21O,B03,,7.0,,MAW,PT60M,10YIT-GRTN-----B,IT
2020-01-01T12:00:00+00:00,UP_CNTRLDSCND_2,26WUCNTRLDSCND24,B04,,90.0,,MAW,PT60M,10YIT-GRTN-----B,IT
2020-01-01T12:00:00+00:00,UP_CTNUCENORD_2,26WUCTNUCENORD2R,B04,,100.0,,MAW,PT60M,10YIT-GRTN-----B,IT
2020-01-01T12:00:00+00:00,UP_CTNUCENORD_3,26WUCTNUCENORD3P,B04,,151.0,,MAW,PT60M,10YIT-GRTN-----B,IT
2020-01-01T12:00:00+00:00,UP_DUINO_1,26WUUUUUUDUINO1A,B04,,1.0,,MAW,PT60M,10YIT-GRTN-----B,IT
2020-01-01T12:00:00+00:00,UP_FADALTO_1,26WUUUUFADALTO1G,B10,,2.0,,MAW,PT60M,10YIT-GRTN-----B,IT
2020-01-01T12:00:00+00:00,UP_IMPSUD_2,26WUUUUUIMPSUD2Q,B04,,45.0,,MAW,PT60M,10YIT-GRTN-----B,IT
2020-01-01T12:00:00+00:00,UP_LEVANTE_3,26WUUUULEVANTE35,B04,,191.0,,MAW,PT60M,10YIT-GRTN-----B,IT
2020-01-01T12:00:00+00:00,UP_LIRO_1,26WUUUUUUULIRO13,B11,,20.0,,MAW,PT60M,10YIT-GRTN-----B,IT
2020-01-01T12:00:00+00:00,UP_LVTRNTCET3_1,26WULVTRNTCET31X,B03,,5.0,,MAW,PT60M,10YIT-GRTN-----B,IT
2020-01-01T12:00:00+00:00,UP_MILAZZO_1,26WUUUUMILAZZO1Z,B04,,105.0,,MAW,PT60M,10YIT-GRTN-----B,IT
2020-01-01T12:00:00+00:00,UP_MONCALIERI_3,26WUMONCALIERI36,B04,,340.0,,MAW,PT60M,10YIT-GRTN-----B,IT
2020-01-01T12:00:00+00:00,UP_MONCALRPW_2,26WUUMONCALRPW2S,B04,,347.0,,MAW,PT60M,10YIT-GRTN-----B,IT
2020-01-01T12:00:00+00:00,UP_MUCONE_1S_1,26WUUZMUCONE1S1I,B12,,2.0,,MAW,PT60M,10YIT-GRTN-----B,IT
2020-01-01T12:00:00+00:00,UP_NCTLVRNFRR_1,26WUNCTLVRNFRR1D,B04,,336.0,,MAW,PT60M,10YIT-GRTN-----B,IT
2020-01-01T12:00:00+00:00,UP_NERAVELINO_1,26WUNERAVELINO11,B11,,73.0,,MAW,PT60M,10YIT-GRTN-----B,IT
2020-01-01T12:00:00+00:00,UP_NOCE_1,26WUUUUUUUNOCE1E,B11,,95.0,,MAW,PT60M,10YIT-GRTN-----B,IT
2020-01-01T12:00:00+00:00,UP_NOVEL_1,26WUUUUUUNOVEL1U,B04,,33.0,,MAW,PT60M,10YIT-GRTN-----B,IT
2020-01-01T12:00:00+00:00,UP_NPWRBRNDSI_9,26WUNPWRBRNDSI90,B04,,211.0,,MAW,PT60M,10YIT-GRTN-----B,IT
2020-01-01T12:00:00+00:00,UP_NPWRFRRRRB_9,26WUNPWRFRRRRB9A,B04,,180.0,,MAW,PT60M,10YIT-GRTN-----B,IT
2020-01-01T12:00:00+00:00,UP_NPWRMNTOVA_3,26WUNPWRMNTOVA3L,B04,,167.0,,MAW,PT60M,10YIT-GRTN-----B,IT
2020-01-01T12:00:00+00:00,UP_NPWRRVENNA_10,26WNPWRRVENNA10P,B04,,210.0,,MAW,PT60M,10YIT-GRTN-----B,IT
2020-01-01T12:00:00+00:00,UP_NPWRRVENNA_11,26WNPWRRVENNA11N,B04,,146.0,,MAW,PT60M,10YIT-GRTN-----B,IT
2020-01-01T12:00:00+00:00,UP_ORTICA_1,26WUUUUUORTICA1F,B11,,0.0,,MAW,PT60M,10YIT-GRTN-----B,IT
2020-01-01T12:00:00+00:00,UP_PREM-GROSIO_1,26WPREM-GROSIO10,B11,,2.0,,MAW,PT60M,10YIT-GRTN-----B,IT
2020-01-01T12:00:00+00:00,UP_RATINO_1,26WUUUUURATINO1O,B04,,160.0,,MAW,PT60M,10YIT-GRTN-----B,IT
2020-01-01T12:00:00+00:00,UP_RIZZICONI_1,26WUURIZZICONI1S,B04,,180.0,,MAW,PT60M,10YIT-GRTN-----B,IT
2020-01-01T12:00:00+00:00,UP_RONCOVALG_1,26WUURONCOVALG13,B10,,197.0,,MAW,PT60M,10YIT-GRTN-----B,IT
2020-01-01T12:00:00+00:00,UP_S.F._DEL_2,26WUUUS-F--DEL24,B06,,59.0,,MAW,PT60M,10YIT-GRTN-----B,IT
2020-01-01T12:00:00+00:00,UP_S.FIORANO_1,26WUUZ-FIORANO1X,B10,,7.0,,MAW,PT60M,10YIT-GRTN-----B,IT
2020-01-01T12:00:00+00:00,UP_SCTNPWPFRR_2,26WUSCTNPWPFRR28,B04,,177.0,,MAW,PT60M,10YIT-GRTN-----B,IT
2020-01-01T12:00:00+00:00,UP_SMRICRICHI_1,26WUSMRICRICHI16,B04,,216.0,,MAW,PT60M,10YIT-GRTN-----B,IT
2020-01-01T12:00:00+00:00,UP_SOVERZENE_1,26WUUSOVERZENE1M,B12,,86.0,,MAW,PT60M,10YIT-GRTN-----B,IT
2020-01-01T12:00:00+00:00,UP_SPARANISE_1,26WUUSPARANISE1Q,B04,,221.0,,MAW,PT60M,10YIT-GRTN-----B,IT
2020-01-01T12:00:00+00:00,UP_TAVAZZANO_5,26WUUTAVAZZANO5Z,B04,,659.0,,MAW,PT60M,10YIT-GRTN-----B,IT
2020-01-01T12:00:00+00:00,UP_TORINONORD_1,26WUTORINONORD1C,B04,,321.0,,MAW,PT60M,10YIT-GRTN-----B,IT
2020-01-01T12:00:00+00:00,UP_VALCAMONICA_1,26WVALCAMONICA1Y,B11,,19.0,,MAW,PT60M,10YIT-GRTN-----B,IT
2020-01-01T12:00:00+00:00,UP_VERZUOLO_2,26WUUUVERZUOLO2R,B04,,2.0,,MAW,PT60M,10YIT-GRTN-----B,IT
2020-01-01T12:00:00+00:00,UP_VOGHERA_1,26WUUUUVOGHERA14,B04,,341.0,,MAW,PT60M,10YIT-GRTN-----B,IT
2020-01-01T13:00:00+00:00,UP_ANAPO_C.L_1,26WUUANAPO-C-L1O,B10,,287.0,,MAW,PT60M,10YIT-GRTN-----B,IT
2020-01-01T13:00:00+00:00,UP_CANDELA_1,26WUUUUCANDELA1R,B04,,26.0,,MAW,PT60M,10YIT-GRTN-----B,IT
2020-01-01T13:00:00+00:00,UP_CCGTPRILIA_1,26WUCCGTPRILIA15,B04,,195.0,,MAW,PT60M,10YIT-GRTN-----B,IT
2020-01-01T13:00:00+00:00,UP_CET2_1,26WUUUUUUUCET21O,B03,,6.0,,MAW,PT60M,10YIT-GRTN-----B,IT
2020-01-01T13:00:00+00:00,UP_CNTRLDSCND_2,26WUCNTRLDSCND24,B04,,0.0,,MAW,PT60M,10YIT-GRTN-----B,IT
2020-01-01T13:00:00+00:00,UP_IMPSUD_2,26WUUUUUIMPSUD2Q,B04,,47.0,,MAW,PT60M,10YIT-GRTN-----B,IT
2020-01-01T13:00:00+00:00,UP_LEVANTE_3,26WUUUULEVANTE35,B04,,184.0,,MAW,PT60M,10YIT-GRTN-----B,IT
2020-01-01T13:00:00+00:00,UP_LIRO_1,26WUUUUUUULIRO13,B11,,22.0,,MAW,PT60M,10YIT-GRTN-----B,IT
2020-01-01T13:00:00+00:00,UP_LVTRNTCET3_1,26WULVTRNTCET31X,B03,,4.0,,MAW,PT60M,10YIT-GRTN-----B,IT
2020-01-01T13:00:00+00:00,UP_MONCALIERI_3,26WUMONCALIERI36,B04,,342.0,,MAW,PT60M,10YIT-GRTN-----B,IT
2020-01-01T13:00:00+00:00,UP_MONCALRPW_2,26WUUMONCALRPW2S,B04,,349.0,,MAW,PT60M,10YIT-GRTN-----B,IT
2020-01-01T13:00:00+00:00,UP_MUCONE_1S_1,26WUUZMUCONE1S1I,B12,,7.0,,MAW,PT60M,10YIT-GRTN-----B,IT
2020-01-01T13:00:00+00:00,UP_NCTLVRNFRR_1,26WUNCTLVRNFRR1D,B04,,331.0,,MAW,PT60M,10YIT-GRTN-----B,IT
2020-01-01T13:00:00+00:00,UP_NERAVELINO_1,26WUNERAVELINO11,B11,,84.0,,MAW,PT60M,10YIT-GRTN-----B,IT
2020-01-01T13:00:00+00:00,UP_NOCE_1,26WUUUUUUUNOCE1E,B11,,133.0,,MAW,PT60M,10YIT-GRTN-----B,IT
2020-01-01T13:00:00+00:00,UP_NOVEL_1,26WUUUUUUNOVEL1U,B04,,46.0,,MAW,PT60M,10YIT-GRTN-----B,IT
2020-01-01T13:00:00+00:00,UP_NPWRBRNDSI_9,26WUNPWRBRNDSI90,B04,,209.0,,MAW,PT60M,10YIT-GRTN-----B,IT
2020-01-01T13:00:00+00:00,UP_NPWRFRRRRB_9,26WUNPWRFRRRRB9A,B04,,245.0,,MAW,PT60M,10YIT-GRTN-----B,IT
2020-01-01T13:00:00+00:00,UP_NPWRRVENNA_10,26WNPWRRVENNA10P,B04,,159.0,,MAW,PT60M,10YIT-GRTN-----B,IT
2020-01-01T13:00:00+00:00,UP_PREM-GROSIO_1,26WPREM-GROSIO10,B11,,12.0,,MAW,PT60M,10YIT-GRTN-----B,IT
2020-01-01T13:00:00+00:00,UP_RATINO_1,26WUUUUURATINO1O,B04,,159.0,,MAW,PT60M,10YIT-GRTN-----B,IT
2020-01-01T13:00:00+00:00,UP_RONCOVALG_1,26WUURONCOVALG13,B10,,160.0,,MAW,PT60M,10YIT-GRTN-----B,IT
2020-01-01T13:00:00+00:00,UP_ROSEN_1,26WUUUUUUROSEN1B,B04,,145.0,,MAW,PT60M,10YIT-GRTN-----B,IT
2020-01-01T13:00:00+00:00,UP_S.F._DEL_2,26WUUUS-F--DEL24,B06,,58.0,,MAW,PT60M,10YIT-GRTN-----B,IT
2020-01-01T13:00:00+00:00,UP_S.FIORANO_1,26WUUZ-FIORANO1X,B10,,8.0,,MAW,PT60M,10YIT-GRTN-----B,IT
2020-01-01T13:00:00+00:00,UP_SARLUX_1,26WUUUUUSARLUX1W,B03,,568.0,,MAW,PT60M,10YIT-GRTN-----B,IT
2020-01-01T13:00:00+00:00,UP_SMRICRICHI_1,26WUSMRICRICHI16,B04,,215.0,,MAW,PT60M,10YIT-GRTN-----B,IT
2020-01-01T13:00:00+00:00,UP_SOVERZENE_1,26WUUSOVERZENE1M,B12,,87.0,,MAW,PT60M,10YIT-GRTN-----B,IT
2020-01-01T13:00:00+00:00,UP_TAVAZZANO_5,26WUUTAVAZZANO5Z,B04,,651.0,,MAW,PT60M,10YIT-GRTN-----B,IT
2020-01-01T13:00:00+00:00,UP_TORINONORD_1,26WUTORINONORD1C,B04,,324.0,,MAW,PT60M,10YIT-GRTN-----B,IT
2020-01-01T13:00:00+00:00,UP_TRMVLRZZTR_3,26WUTRMVLRZZTR3M,B20,,81.0,,MAW,PT60M,10YIT-GRTN-----B,IT
2020-01-01T13:00:00+00:00,UP_VOGHERA_1,26WUUUUVOGHERA14,B04,,350.0,,MAW,PT60M,10YIT-GRTN-----B,IT
2020-01-01T14:00:00+00:00,UP_ANAPO_C.L_1,26WUUANAPO-C-L1O,B10,,146.0,,MAW,PT60M,10YIT-GRTN-----B,IT
2020-01-01T14:00:00+00:00,UP_BRNDSSUDCE_3,26WUBRNDSSUDCE3J,B05,,264.0,,MAW,PT60M,10YIT-GRTN-----B,IT
2020-01-01T14:00:00+00:00,UP_CANDELA_1,26WUUUUCANDELA1R,B04,,67.0,,MAW,PT60M,10YIT-GRTN-----B,IT
2020-01-01T14:00:00+00:00,UP_CET2_1,26WUUUUUUUCET21O,B03,,4.0,,MAW,PT60M,10YIT-GRTN-----B,IT
2020-01-01T14:00:00+00:00,UP_CTNUCENORD_2,26WUCTNUCENORD2R,B04,,102.0,,MAW,PT60M,10YIT-GRTN-----B,IT
2020-01-01T14:00:00+00:00,UP_CTNUCENORD_3,26WUCTNUCENORD3P,B04,,159.0,,MAW,PT60M,10YIT-GRTN-----B,IT
2020-01-01T14:00:00+00:00,UP_DUINO_1,26WUUUUUUDUINO1A,B04,,5.0,,MAW,PT60M,10YIT-GRTN-----B,IT
2020-01-01T14:00:00+00:00,UP_ETQCHIOTAS_1,26WUETQCHIOTAS1O,B10,,123.0,,MAW,PT60M,10YIT-GRTN-----B,IT
2020-01-01T14:00:00+00:00,UP_FIUMESANT_4,26WUUFIUMESANT4D,B05,,204.0,,MAW,PT60M,10YIT-GRTN-----B,IT
2020-01-01T14:00:00+00:00,UP_GALLETO_2,26WUUUUGALLETO2T,B11,,34.0,,MAW,PT60M,10YIT-GRTN-----B,IT
2020-01-01T14:00:00+00:00,UP_GISSI_2,26WUUUUUUGISSI27,B04,,20.0,,MAW,PT60M,10YIT-GRTN-----B,IT
2020-01-01T14:00:00+00:00,UP_IMPSUD_2,26WUUUUUIMPSUD2Q,B04,,46.0,,MAW,PT60M,10YIT-GRTN-----B,IT
2020-01-01T14:00:00+00:00,UP_LEVANTE_3,26WUUUULEVANTE35,B04,,233.0,,MAW,PT60M,10YIT-GRTN-----B,IT
2020-01-01T14:00:00+00:00,UP_LIRO_1,26WUUUUUUULIRO13,B11,,47.0,,MAW,PT60M,10YIT-GRTN-----B,IT
2020-01-01T14:00:00+00:00,UP_LVTRNTCET3_1,26WULVTRNTCET31X,B03,,3.0,,MAW,PT60M,10YIT-GRTN-----B,IT
2020-01-01T14:00:00+00:00,UP_MILAZZO_1,26WUUUUMILAZZO1Z,B04,,106.0,,MAW,PT60M,10YIT-GRTN-----B,IT
2020-01-01T14:00:00+00:00,UP_MONCALIERI_3,26WUMONCALIERI36,B04,,282.0,,MAW,PT60M,10YIT-GRTN-----B,IT
2020-01-01T14:00:00+00:00,UP_MONCALRPW_2,26WUUMONCALRPW2S,B04,,291.0,,MAW,PT60M,10YIT-GRTN-----B,IT
2020-01-01T14:00:00+00:00,UP_MUCONE_1S_1,26WUUZMUCONE1S1I,B12,,0.0,,MAW,PT60M,10YIT-GRTN-----B,IT
2020-01-01T14:00:00+00:00,UP_NCTLVRNFRR_1,26WUNCTLVRNFRR1D,B04,,325.0,,MAW,PT60M,10YIT-GRTN-----B,IT
2020-01-01T14:00:00+00:00,UP_NERAVELINO_1,26WUNERAVELINO11,B11,,95.0,,MAW,PT60M,10YIT-GRTN-----B,IT
2020-01-01T14:00:00+00:00,UP_NOCE_1,26WUUUUUUUNOCE1E,B11,,140.0,,MAW,PT60M,10YIT-GRTN-----B,IT
2020-01-01T14:00:00+00:00,UP_NOVEL_1,26WUUUUUUNOVEL1U,B04,,45.0,,MAW,PT60M,10YIT-GRTN-----B,IT
2020-01-01T14:00:00+00:00,UP_NPWRFRRRRB_9,26WUNPWRFRRRRB9A,B04,,243.0,,MAW,PT60M,10YIT-GRTN-----B,IT
2020-01-01T14:00:00+00:00,UP_NPWRMNTOVA_3,26WUNPWRMNTOVA3L,B04,,174.0,,MAW,PT60M,10YIT-GRTN-----B,IT
2020-01-01T14:00:00+00:00,UP_NPWRRVENNA_10,26WNPWRRVENNA10P,B04,,258.0,,MAW,PT60M,10YIT-GRTN-----B,IT
2020-01-01T14:00:00+00:00,UP_NPWRRVENNA_11,26WNPWRRVENNA11N,B04,,173.0,,MAW,PT60M,10YIT-GRTN-----B,IT
2020-01-01T14:00:00+00:00,UP_NRGAMOLISE_1,26WUNRGAMOLISE1H,B04,,175.0,,MAW,PT60M,10YIT-GRTN-----B,IT
2020-01-01T14:00:00+00:00,UP_ORTICA_1,26WUUUUUORTICA1F,B11,,34.0,,MAW,PT60M,10YIT-GRTN-----B,IT
2020-01-01T14:00:00+00:00,UP_PREM-GROSIO_1,26WPREM-GROSIO10,B11,,15.0,,MAW,PT60M,10YIT-GRTN-----B,IT
2020-01-01T14:00:00+00:00,UP_PRESENZAN_1,26WUUPRESENZAN11,B10,,184.0,,MAW,PT60M,10YIT-GRTN-----B,IT
2020-01-01T14:00:00+00:00,UP_RATINO_1,26WUUUUURATINO1O,B04,,160.0,,MAW,PT60M,10YIT-GRTN-----B,IT
2020-01-01T14:00:00+00:00,UP_RIZZICONI_1,26WUURIZZICONI1S,B04,,181.0,,MAW,PT60M,10YIT-GRTN-----B,IT
2020-01-01T14:00:00+00:00,UP_RONCOVALG_1,26WUURONCOVALG13,B10,,0.0,,MAW,PT60M,10YIT-GRTN-----B,IT
2020-01-01T14:00:00+00:00,UP_ROSEN_1,26WUUUUUUROSEN1B,B04,,146.0,,MAW,PT60M,10YIT-GRTN-----B,IT
2020-01-01T14:00:00+00:00,UP_S.F._DEL_2,26WUUUS-F--DEL24,B06,,59.0,,MAW,PT60M,10YIT-GRTN-----B,IT
2020-01-01T14:00:00+00:00,UP_S.FIORANO_1,26WUUZ-FIORANO1X,B10,,13.0,,MAW,PT60M,10YIT-GRTN-----B,IT
2020-01-01T14:00:00+00:00,UP_SARLUX_1,26WUUUUUSARLUX1W,B03,,569.0,,MAW,PT60M,10YIT-GRTN-----B,IT
2020-01-01T14:00:00+00:00,UP_SOVERZENE_1,26WUUSOVERZENE1M,B12,,131.0,,MAW,PT60M,10YIT-GRTN-----B,IT
2020-01-01T14:00:00+00:00,UP_SRGNPGLCNT_1,26WUSRGNPGLCNT1P,B04,,4.0,,MAW,PT60M,10YIT-GRTN-----B,IT
2020-01-01T14:00:00+00:00,UP_TAGLIAMENTO_1,26WTAGLIAMENTO1J,B11,,60.0,,MAW,PT60M,10YIT-GRTN-----B,IT
2020-01-01T14:00:00+00:00,UP_TAVAZZANO_5,26WUUTAVAZZANO5Z,B04,,642.0,,MAW,PT60M,10YIT-GRTN-----B,IT
2020-01-01T14:00:00+00:00,UP_TORINONORD_1,26WUTORINONORD1C,B04,,274.0,,MAW,PT60M,10YIT-GRTN-----B,IT
2020-01-01T14:00:00+00:00,UP_TORREVALN_3,26WUUTORREVALN3I,B05,,205.0,,MAW,PT60M,10YIT-GRTN-----B,IT
2020-01-01T14:00:00+00:00,UP_VALCAMONICA_1,26WVALCAMONICA1Y,B11,,23.0,,MAW,PT60M,10YIT-GRTN-----B,IT
2020-01-01T14:00:00+00:00,UP_VOGHERA_1,26WUUUUVOGHERA14,B04,,347.0,,MAW,PT60M,10YIT-GRTN-----B,IT
2020-01-01T15:00:00+00:00,UP_ALTOADDA_1,26WUUUALTOADDA15,B10,,6.0,,MAW,PT60M,10YIT-GRTN-----B,IT
2020-01-01T15:00:00+00:00,UP_ANAPO_C.L_1,26WUUANAPO-C-L1O,B10,,0.0,,MAW,PT60M,10YIT-GRTN-----B,IT
2020-01-01T15:00:00+00:00,UP_BRNDSSUDCE_1,26WUBRNDSSUDCE1N,B05,,4.0,,MAW,PT60M,10YIT-GRTN-----B,IT
2020-01-01T15:00:00+00:00,UP_BRNDSSUDCE_2,26WUBRNDSSUDCE2L,B05,,280.0,,MAW,PT60M,10YIT-GRTN-----B,IT
2020-01-01T15:00:00+00:00,UP_BRNDSSUDCE_3,26WUBRNDSSUDCE3J,B05,,317.0,,MAW,PT60M,10YIT-GRTN-----B,IT
2020-01-01T15:00:00+00:00,UP_CANDELA_1,26WUUUUCANDELA1R,B04,,160.0,,MAW,PT60M,10YIT-GRTN-----B,IT
2020-01-01T15:00:00+00:00,UP_CARDANO_1,26WUUUUCARDANO16,B11,,57.0,,MAW,PT60M,10YIT-GRTN-----B,IT
2020-01-01T15:00:00+00:00,UP_CET2_1,26WUUUUUUUCET21O,B03,,6.0,,MAW,PT60M,10YIT-GRTN-----B,IT
2020-01-01T15:00:00+00:00,UP_CNTRLNTRNO_11,26WCNTRLNTRNO118,B12,,11.0,,MAW,PT60M,10YIT-GRTN-----B,IT
2020-01-01T15:00:00+00:00,UP_CTNUCENORD_3,26WUCTNUCENORD3P,B04,,165.0,,MAW,PT60M,10YIT-GRTN-----B,IT
2020-01-01T15:00:00+00:00,UP_ETQCHIOTAS_1,26WUETQCHIOTAS1O,B10,,29.0,,MAW,PT60M,10YIT-GRTN-----B,IT
2020-01-01T15:00:00+00:00,UP_FADALTO_1,26WUUUUFADALTO1G,B10,,0.0,,MAW,PT60M,10YIT-GRTN-----B,IT
2020-01-01T15:00:00+00:00,UP_GALLETO_2,26WUUUUGALLETO2T,B11,,49.0,,MAW,PT60M,10YIT-GRTN-----B,IT
2020-01-01T15:00:00+00:00,UP_GISSI_2,26WUUUUUUGISSI27,B04,,136.0,,MAW,PT60M,10YIT-GRTN-----B,IT
2020-01-01T15:00:00+00:00,UP_IMPSUD_2,26WUUUUUIMPSUD2Q,B04,,45.0,,MAW,PT60M,10YIT-GRTN-----B,IT
2020-01-01T15:00:00+00:00,UP_LEVANTE_3,26WUUUULEVANTE35,B04,,172.0,,MAW,PT60M,10YIT-GRTN-----B,IT
2020-01-01T15:00:00+00:00,UP_LIRO_1,26WUUUUUUULIRO13,B11,,118.0,,MAW,PT60M,10YIT-GRTN-----B,IT
2020-01-01T15:00:00+00:00,UP_LVTRNTCET3_1,26WULVTRNTCET31X,B03,,5.0,,MAW,PT60M,10YIT-GRTN-----B,IT
2020-01-01T15:00:00+00:00,UP_MILAZZO_1,26WUUUUMILAZZO1Z,B04,,108.0,,MAW,PT60M,10YIT-GRTN-----B,IT
2020-01-01T15:00:00+00:00,UP_MONCALIERI_3,26WUMONCALIERI36,B04,,323.0,,MAW,PT60M,10YIT-GRTN-----B,IT
2020-01-01T15:00:00+00:00,UP_MONCALRPW_2,26WUUMONCALRPW2S,B04,,335.0,,MAW,PT60M,10YIT-GRTN-----B,IT
2020-01-01T15:00:00+00:00,UP_NCTLVRNFRR_1,26WUNCTLVRNFRR1D,B04,,339.0,,MAW,PT60M,10YIT-GRTN-----B,IT
2020-01-01T15:00:00+00:00,UP_NERAVELINO_1,26WUNERAVELINO11,B11,,121.0,,MAW,PT60M,10YIT-GRTN-----B,IT
2020-01-01T15:00:00+00:00,UP_NOCE_1,26WUUUUUUUNOCE1E,B11,,141.0,,MAW,PT60M,10YIT-GRTN-----B,IT
2020-01-01T15:00:00+00:00,UP_NOVEL_1,26WUUUUUUNOVEL1U,B04,,53.0,,MAW,PT60M,10YIT-GRTN-----B,IT
2020-01-01T15:00:00+00:00,UP_NPWRBRNDSI_10,26WNPWRBRNDSI10U,B04,,228.0,,MAW,PT60M,10YIT-GRTN-----B,IT
2020-01-01T15:00:00+00:00,UP_NPWRBRNDSI_8,26WUNPWRBRNDSI82,B04,,42.0,,MAW,PT60M,10YIT-GRTN-----B,IT
2020-01-01T15:00:00+00:00,UP_NPWRBRNDSI_9,26WUNPWRBRNDSI90,B04,,299.0,,MAW,PT60M,10YIT-GRTN-----B,IT
2020-01-01T15:00:00+00:00,UP_NPWRFRRRRB_10,26WNPWRFRRRRB10Q,B04,,143.0,,MAW,PT60M,10YIT-GRTN-----B,IT
2020-01-01T15:00:00+00:00,UP_NPWRFRRRRB_9,26WUNPWRFRRRRB9A,B04,,283.0,,MAW,PT60M,10YIT-GRTN-----B,IT
2020-01-01T15:00:00+00:00,UP_NPWRMNTOVA_3,26WUNPWRMNTOVA3L,B04,,254.0,,MAW,PT60M,10YIT-GRTN-----B,IT
2020-01-01T15:00:00+00:00,UP_NPWRRVENNA_10,26WNPWRRVENNA10P,B04,,307.0,,MAW,PT60M,10YIT-GRTN-----B,IT
2020-01-01T15:00:00+00:00,UP_NPWRRVENNA_11,26WNPWRRVENNA11N,B04,,311.0,,MAW,PT60M,10YIT-GRTN-----B,IT
2020-01-01T15:00:00+00:00,UP_NRGAMOLISE_1,26WUNRGAMOLISE1H,B04,,4.0,,MAW,PT60M,10YIT-GRTN-----B,IT
2020-01-01T15:00:00+00:00,UP_ORTICA_1,26WUUUUUORTICA1F,B11,,120.0,,MAW,PT60M,10YIT-GRTN-----B,IT
2020-01-01T15:00:00+00:00,UP_PREM-GROSIO_1,26WPREM-GROSIO10,B11,,52.0,,MAW,PT60M,10YIT-GRTN-----B,IT
2020-01-01T15:00:00+00:00,UP_PRESENZAN_1,26WUUPRESENZAN11,B10,,250.0,,MAW,PT60M,10YIT-GRTN-----B,IT
2020-01-01T15:00:00+00:00,UP_RATINO_1,26WUUUUURATINO1O,B04,,181.0,,MAW,PT60M,10YIT-GRTN-----B,IT
2020-01-01T15:00:00+00:00,UP_RIZZICONI_1,26WUURIZZICONI1S,B04,,186.0,,MAW,PT60M,10YIT-GRTN-----B,IT
2020-01-01T15:00:00+00:00,UP_S.FIORANO_1,26WUUZ-FIORANO1X,B10,,72.0,,MAW,PT60M,10YIT-GRTN-----B,IT
2020-01-01T15:00:00+00:00,UP_SARLUX_1,26WUUUUUSARLUX1W,B03,,570.0,,MAW,PT60M,10YIT-GRTN-----B,IT
2020-01-01T15:00:00+00:00,UP_SCTNPWPFRR_2,26WUSCTNPWPFRR28,B04,,195.0,,MAW,PT60M,10YIT-GRTN-----B,IT
2020-01-01T15:00:00+00:00,UP_SFRNGNRZNE_2,26WUSZRNGNRZNE21,B12,,30.0,,MAW,PT60M,10YIT-GRTN-----B,IT
2020-01-01T15:00:00+00:00,UP_SMRICRICHI_1,26WUSMRICRICHI16,B04,,314.0,,MAW,PT60M,10YIT-GRTN-----B,IT
2020-01-01T15:00:00+00:00,UP_SOVERZENE_1,26WUUSOVERZENE1M,B12,,134.0,,MAW,PT60M,10YIT-GRTN-----B,IT
2020-01-01T15:00:00+00:00,UP_SRGNPGLCNT_1,26WUSRGNPGLCNT1P,B04,,48.0,,MAW,PT60M,10YIT-GRTN-----B,IT
2020-01-01T15:00:00+00:00,UP_TAGLIAMENTO_1,26WTAGLIAMENTO1J,B11,,138.0,,MAW,PT60M,10YIT-GRTN-----B,IT
2020-01-01T15:00:00+00:00,UP_TAVAZZANO_5,26WUUTAVAZZANO5Z,B04,,344.0,,MAW,PT60M,10YIT-GRTN-----B,IT
2020-01-01T15:00:00+00:00,UP_TORINONORD_1,26WUTORINONORD1C,B04,,318.0,,MAW,PT60M,10YIT-GRTN-----B,IT
2020-01-01T15:00:00+00:00,UP_TORREVALN_3,26WUUTORREVALN3I,B05,,202.0,,MAW,PT60M,10YIT-GRTN-----B,IT
2020-01-01T15:00:00+00:00,UP_TORVISCOSA_1,26WUTORVISCOSA1F,B04,,278.0,,MAW,PT60M,10YIT-GRTN-----B,IT
2020-01-01T15:00:00+00:00,UP_VALCAMONICA_1,26WVALCAMONICA1Y,B11,,46.0,,MAW,PT60M,10YIT-GRTN-----B,IT
2020-01-01T15:00:00+00:00,UP_VALPELLIN_1,26WUUVALPELLIN15,B12,,1.0,,MAW,PT60M,10YIT-GRTN-----B,IT
2020-01-01T15:00:00+00:00,UP_VOGHERA_1,26WUUUUVOGHERA14,B04,,352.0,,MAW,PT60M,10YIT-GRTN-----B,IT
2020-01-01T16:00:00+00:00,UP_ALTOADDA_1,26WUUUALTOADDA15,B10,,27.0,,MAW,PT60M,10YIT-GRTN-----B,IT
2020-01-01T16:00:00+00:00,UP_BRNDSSUDCE_1,26WUBRNDSSUDCE1N,B05,,0.0,,MAW,PT60M,10YIT-GRTN-----B,IT
2020-01-01T16:00:00+00:00,UP_BRNDSSUDCE_2,26WUBRNDSSUDCE2L,B05,,259.0,,MAW,PT60M,10YIT-GRTN-----B,IT
2020-01-01T16:00:00+00:00,UP_BRNDSSUDCE_3,26WUBRNDSSUDCE3J,B05,,263.0,,MAW,PT60M,10YIT-GRTN-----B,IT
2020-01-01T16:00:00+00:00,UP_CANDELA_1,26WUUUUCANDELA1R,B04,,175.0,,MAW,PT60M,10YIT-GRTN-----B,IT
2020-01-01T16:00:00+00:00,UP_CARDANO_1,26WUUUUCARDANO16,B11,,56.0,,MAW,PT60M,10YIT-GRTN-----B,IT
2020-01-01T16:00:00+00:00,UP_CCGTPRILIA_1,26WUCCGTPRILIA15,B04,,194.0,,MAW,PT60M,10YIT-GRTN-----B,IT
2020-01-01T16:00:00+00:00,UP_CET2_1,26WUUUUUUUCET21O,B03,,2.0,,MAW,PT60M,10YIT-GRTN-----B,IT
2020-01-01T16:00:00+00:00,UP_CNTRLNTRNO_11,26WCNTRLNTRNO118,B12,,55.0,,MAW,PT60M,10YIT-GRTN-----B,IT
2020-01-01T16:00:00+00:00,UP_CTNUCENORD_3,26WUCTNUCENORD3P,B04,,172.0,,MAW,PT60M,10YIT-GRTN-----B,IT
2020-01-01T16:00:00+00:00,UP_ETQCHIOTAS_1,26WUETQCHIOTAS1O,B10,,0.0,,MAW,PT60M,10YIT-GRTN-----B,IT
2020-01-01T16:00:00+00:00,UP_FADALTO_1,26WUUUUFADALTO1G,B10,,90.0,,MAW,PT60M,10YIT-GRTN-----B,IT
2020-01-01T16:00:00+00:00,UP_FIUMESANT_3,26WUUFIUMESANT3F,B05,,220.0,,MAW,PT60M,10YIT-GRTN-----B,IT
2020-01-01T16:00:00+00:00,UP_FIUMESANT_4,26WUUFIUMESANT4D,B05,,211.0,,MAW,PT60M,10YIT-GRTN-----B,IT
2020-01-01T16:00:00+00:00,UP_GALLETO_2,26WUUUUGALLETO2T,B11,,75.0,,MAW,PT60M,10YIT-GRTN-----B,IT
2020-01-01T16:00:00+00:00,UP_GISSI_2,26WUUUUUUGISSI27,B04,,307.0,,MAW,PT60M,10YIT-GRTN-----B,IT
2020-01-01T16:00:00+00:00,UP_IMPSUD_2,26WUUUUUIMPSUD2Q,B04,,44.0,,MAW,PT60M,10YIT-GRTN-----B,IT
2020-01-01T16:00:00+00:00,UP_LEVANTE_3,26WUUUULEVANTE35,B04,,169.0,,MAW,PT60M,10YIT-GRTN-----B,IT
2020-01-01T16:00:00+00:00,UP_LIRO_1,26WUUUUUUULIRO13,B11,,174.0,,MAW,PT60M,10YIT-GRTN-----B,IT
2020-01-01T16:00:00+00:00,UP_LVTRNTCET3_1,26WULVTRNTCET31X,B03,,1.0,,MAW,PT60M,10YIT-GRTN-----B,IT
2020-01-01T16:00:00+00:00,UP_MILAZZO_1,26WUUUUMILAZZO1Z,B04,,116.0,,MAW,PT60M,10YIT-GRTN-----B,IT
2020-01-01T16:00:00+00:00,UP_MONCALIERI_3,26WUMONCALIERI36,B04,,322.0,,MAW,PT60M,10YIT-GRTN-----B,IT
2020-01-01T16:00:00+00:00,UP_MONCALRPW_2,26WUUMONCALRPW2S,B04,,334.0,,MAW,PT60M,10YIT-GRTN-----B,IT
2020-01-01T16:00:00+00:00,UP_NCTLVRNFRR_1,26WUNCTLVRNFRR1D,B04,,326.0,,MAW,PT60M,10YIT-GRTN-----B,IT
2020-01-01T16:00:00+00:00,UP_NERAVELINO_1,26WUNERAVELINO11,B11,,150.0,,MAW,PT60M,10YIT-GRTN-----B,IT
2020-01-01T16:00:00+00:00,UP_NOVEL_1,26WUUUUUUNOVEL1U,B04,,68.0,,MAW,PT60M,10YIT-GRTN-----B,IT
2020-01-01T16:00:00+00:00,UP_NPWRBRNDSI_10,26WNPWRBRNDSI10U,B04,,287.0,,MAW,PT60M,10YIT-GRTN-----B,IT
2020-01-01T16:00:00+00:00,UP_NPWRBRNDSI_8,26WUNPWRBRNDSI82,B04,,142.0,,MAW,PT60M,10YIT-GRTN-----B,IT
2020-01-01T16:00:00+00:00,UP_NPWRBRNDSI_9,26WUNPWRBRNDSI90,B04,,308.0,,MAW,PT60M,10YIT-GRTN-----B,IT
2020-01-01T16:00:00+00:00,UP_NPWRFRRRRB_10,26WNPWRFRRRRB10Q,B04,,170.0,,MAW,PT60M,10YIT-GRTN-----B,IT
2020-01-01T16:00:00+00:00,UP_NPWRFRRRRB_9,26WUNPWRFRRRRB9A,B04,,274.0,,MAW,PT60M,10YIT-GRTN-----B,IT
2020-01-01T16:00:00+00:00,UP_NPWRMNTOVA_3,26WUNPWRMNTOVA3L,B04,,269.0,,MAW,PT60M,10YIT-GRTN-----B,IT
2020-01-01T16:00:00+00:00,UP_NPWRRVENNA_10,26WNPWRRVENNA10P,B04,,287.0,,MAW,PT60M,10YIT-GRTN-----B,IT
2020-01-01T16:00:00+00:00,UP_NPWRRVENNA_11,26WNPWRRVENNA11N,B04,,318.0,,MAW,PT60M,10YIT-GRTN-----B,IT
2020-01-01T16:00:00+00:00,UP_NRGAMOLISE_1,26WUNRGAMOLISE1H,B04,,0.0,,MAW,PT60M,10YIT-GRTN-----B,IT
2020-01-01T16:00:00+00:00,UP_ORTICA_1,26WUUUUUORTICA1F,B11,,273.0,,MAW,PT60M,10YIT-GRTN-----B,IT
2020-01-01T16:00:00+00:00,UP_PREM-GROSIO_1,26WPREM-GROSIO10,B11,,254.0,,MAW,PT60M,10YIT-GRTN-----B,IT
2020-01-01T16:00:00+00:00,UP_PRESENZAN_1,26WUUPRESENZAN11,B10,,36.0,,MAW,PT60M,10YIT-GRTN-----B,IT
2020-01-01T16:00:00+00:00,UP_RATINO_1,26WUUUUURATINO1O,B04,,302.0,,MAW,PT60M,10YIT-GRTN-----B,IT
2020-01-01T16:00:00+00:00,UP_RIVADEL_3,26WUUUURIVADEL38,B10,,55.0,,MAW,PT60M,10YIT-GRTN-----B,IT
2020-01-01T16:00:00+00:00,UP_RIZZICONI_1,26WUURIZZICONI1S,B04,,234.0,,MAW,PT60M,10YIT-GRTN-----B,IT
2020-01-01T16:00:00+00:00,UP_ROSEN_1,26WUUUUUUROSEN1B,B04,,144.0,,MAW,PT60M,10YIT-GRTN-----B,IT
2020-01-01T16:00:00+00:00,UP_ROSONE_1,26WUUUUUROSONE16,B12,,7.0,,MAW,PT60M,10YIT-GRTN-----B,IT
2020-01-01T16:00:00+00:00,UP_S.F._DEL_2,26WUUUS-F--DEL24,B06,,58.0,,MAW,PT60M,10YIT-GRTN-----B,IT
2020-01-01T16:00:00+00:00,UP_S.FIORANO_1,26WUUZ-FIORANO1X,B10,,9.0,,MAW,PT60M,10YIT-GRTN-----B,IT
2020-01-01T16:00:00+00:00,UP_SCTNPWPFRR_2,26WUSCTNPWPFRR28,B04,,305.0,,MAW,PT60M,10YIT-GRTN-----B,IT
2020-01-01T16:00:00+00:00,UP_SFRNGNRZNE_2,26WUSZRNGNRZNE21,B12,,168.0,,MAW,PT60M,10YIT-GRTN-----B,IT
2020-01-01T16:00:00+00:00,UP_SMRICRICHI_1,26WUSMRICRICHI16,B04,,359.0,,MAW,PT60M,10YIT-GRTN-----B,IT
2020-01-01T16:00:00+00:00,UP_SPARANISE_1,26WUUSPARANISE1Q,B04,,224.0,,MAW,PT60M,10YIT-GRTN-----B,IT
2020-01-01T16:00:00+00:00,UP_SRGNPGLCNT_1,26WUSRGNPGLCNT1P,B04,,342.0,,MAW,PT60M,10YIT-GRTN-----B,IT
2020-01-01T16:00:00+00:00,UP_TAGLIAMENTO_1,26WTAGLIAMENTO1J,B11,,151.0,,MAW,PT60M,10YIT-GRTN-----B,IT
2020-01-01T16:00:00+00:00,UP_TAVAZZANO_5,26WUUTAVAZZANO5Z,B04,,321.0,,MAW,PT60M,10YIT-GRTN-----B,IT
2020-01-01T16:00:00+00:00,UP_TNRSDLMNSP_1,26WUTNRSDLMNSP15,B04,,103.0,,MAW,PT60M,10YIT-GRTN-----B,IT
2020-01-01T16:00:00+00:00,UP_TORBOLE_1,26WUUUUTORBOLE1H,B11,,13.0,,MAW,PT60M,10YIT-GRTN-----B,IT
2020-01-01T16:00:00+00:00,UP_TORINONORD_1,26WUTORINONORD1C,B04,,309.0,,MAW,PT60M,10YIT-GRTN-----B,IT
2020-01-01T16:00:00+00:00,UP_TORVISCOSA_1,26WUTORVISCOSA1F,B04,,286.0,,MAW,PT60M,10YIT-GRTN-----B,IT
2020-01-01T16:00:00+00:00,UP_TRMVLRZZTR_3,26WUTRMVLRZZTR3M,B20,,83.0,,MAW,PT60M,10YIT-GRTN-----B,IT
2020-01-01T16:00:00+00:00,UP_VALCAMONICA_1,26WVALCAMONICA1Y,B11,,54.0,,MAW,PT60M,10YIT-GRTN-----B,IT
2020-01-01T16:00:00+00:00,UP_VALPELLIN_1,26WUUVALPELLIN15,B12,,53.0,,MAW,PT60M,10YIT-GRTN-----B,IT
2020-01-01T16:00:00+00:00,UP_VERZUOLO_2,26WUUUVERZUOLO2R,B04,,1.0,,MAW,PT60M,10YIT-GRTN-----B,IT
2020-01-01T16:00:00+00:00,UP_VOGHERA_1,26WUUUUVOGHERA14,B04,,330.0,,MAW,PT60M,10YIT-GRTN-----B,IT
2020-01-01T17:00:00+00:00,UP_ALTOADDA_1,26WUUUALTOADDA15,B10,,47.0,,MAW,PT60M,10YIT-GRTN-----B,IT
2020-01-01T17:00:00+00:00,UP_BDDSLDSRDI_1,26WUBDDSLDSRDI17,B19,,2.0,,MAW,PT60M,10YIT-GRTN-----B,IT
2020-01-01T17:00:00+00:00,UP_BRNDSSUDCE_3,26WUBRNDSSUDCE3J,B05,,259.0,,MAW,PT60M,10YIT-GRTN-----B,IT
2020-01-01T17:00:00+00:00,UP_CANDELA_1,26WUUUUCANDELA1R,B04,,400.0,,MAW,PT60M,10YIT-GRTN-----B,IT
2020-01-01T17:00:00+00:00,UP_CARDANO_1,26WUUUUCARDANO16,B11,,64.0,,MAW,PT60M,10YIT-GRTN-----B,IT
2020-01-01T17:00:00+00:00,UP_CNTRLNTRNO_11,26WCNTRLNTRNO118,B12,,48.0,,MAW,PT60M,10YIT-GRTN-----B,IT
2020-01-01T17:00:00+00:00,UP_CTNUCENORD_3,26WUCTNUCENORD3P,B04,,174.0,,MAW,PT60M,10YIT-GRTN-----B,IT
2020-01-01T17:00:00+00:00,UP_ETQCHIOTAS_1,26WUETQCHIOTAS1O,B10,,232.0,,MAW,PT60M,10YIT-GRTN-----B,IT
2020-01-01T17:00:00+00:00,UP_FIUMESANT_3,26WUUFIUMESANT3F,B05,,268.0,,MAW,PT60M,10YIT-GRTN-----B,IT
2020-01-01T17:00:00+00:00,UP_FIUMESANT_4,26WUUFIUMESANT4D,B05,,241.0,,MAW,PT60M,10YIT-GRTN-----B,IT
2020-01-01T17:00:00+00:00,UP_GALLETO_2,26WUUUUGALLETO2T,B11,,76.0,,MAW,PT60M,10YIT-GRTN-----B,IT
2020-01-01T17:00:00+00:00,UP_GISSI_2,26WUUUUUUGISSI27,B04,,286.0,,MAW,PT60M,10YIT-GRTN-----B,IT
2020-01-01T17:00:00+00:00,UP_IMPSUD_2,26WUUUUUIMPSUD2Q,B04,,45.0,,MAW,PT60M,10YIT-GRTN-----B,IT
2020-01-01T17:00:00+00:00,UP_LEVANTE_3,26WUUUULEVANTE35,B04,,186.0,,MAW,PT60M,10YIT-GRTN-----B,IT
2020-01-01T17:00:00+00:00,UP_LIRO_1,26WUUUUUUULIRO13,B11,,169.0,,MAW,PT60M,10YIT-GRTN-----B,IT
2020-01-01T17:00:00+00:00,UP_MILAZZO_1,26WUUUUMILAZZO1Z,B04,,117.0,,MAW,PT60M,10YIT-GRTN-----B,IT
2020-01-01T17:00:00+00:00,UP_MONCALIERI_3,26WUMONCALIERI36,B04,,323.0,,MAW,PT60M,10YIT-GRTN-----B,IT
2020-01-01T17:00:00+00:00,UP_MONTORIO_1,26WUUUMONTORIO1P,B11,,20.0,,MAW,PT60M,10YIT-GRTN-----B,IT
2020-01-01T17:00:00+00:00,UP_NCTLVRNFRR_1,26WUNCTLVRNFRR1D,B04,,264.0,,MAW,PT60M,10YIT-GRTN-----B,IT
2020-01-01T17:00:00+00:00,UP_NERAVELINO_1,26WUNERAVELINO11,B11,,155.0,,MAW,PT60M,10YIT-GRTN-----B,IT
2020-01-01T17:00:00+00:00,UP_NOCE_1,26WUUUUUUUNOCE1E,B11,,133.0,,MAW,PT60M,10YIT-GRTN-----B,IT
2020-01-01T17:00:00+00:00,UP_NOVEL_1,26WUUUUUUNOVEL1U,B04,,79.0,,MAW,PT60M,10YIT-GRTN-----B,IT
2020-01-01T17:00:00+00:00,UP_NPWRBRNDSI_10,26WNPWRBRNDSI10U,B04,,260.0,,MAW,PT60M,10YIT-GRTN-----B,IT
2020-01-01T17:00:00+00:00,UP_NPWRBRNDSI_8,26WUNPWRBRNDSI82,B04,,217.0,,MAW,PT60M,10YIT-GRTN-----B,IT
2020-01-01T17:00:00+00:00,UP_NPWRBRNDSI_9,26WUNPWRBRNDSI90,B04,,268.0,,MAW,PT60M,10YIT-GRTN-----B,IT
2020-01-01T17:00:00+00:00,UP_NPWRFRRRRB_10,26WNPWRFRRRRB10Q,B04,,168.0,,MAW,PT60M,10YIT-GRTN-----B,IT
2020-01-01T17:00:00+00:00,UP_NPWRFRRRRB_9,26WUNPWRFRRRRB9A,B04,,158.0,,MAW,PT60M,10YIT-GRTN-----B,IT
2020-01-01T17:00:00+00:00,UP_NPWRMNTOVA_3,26WUNPWRMNTOVA3L,B04,,191.0,,MAW,PT60M,10YIT-GRTN-----B,IT
2020-01-01T17:00:00+00:00,UP_NPWRRVENNA_10,26WNPWRRVENNA10P,B04,,182.0,,MAW,PT60M,10YIT-GRTN-----B,IT
2020-01-01T17:00:00+00:00,UP_NPWRRVENNA_11,26WNPWRRVENNA11N,B04,,197.0,,MAW,PT60M,10YIT-GRTN-----B,IT
2020-01-01T17:00:00+00:00,UP_ORTICA_1,26WUUUUUORTICA1F,B11,,297.0,,MAW,PT60M,10YIT-GRTN-----B,IT
2020-01-01T17:00:00+00:00,UP_PREM-GROSIO_1,26WPREM-GROSIO10,B11,,255.0,,MAW,PT60M,10YIT-GRTN-----B,IT
2020-01-01T17:00:00+00:00,UP_PRESENZAN_1,26WUUPRESENZAN11,B10,,1.0,,MAW,PT60M,10YIT-GRTN-----B,IT
2020-01-01T17:00:00+00:00,UP_RATINO_1,26WUUUUURATINO1O,B04,,259.0,,MAW,PT60M,10YIT-GRTN-----B,IT
2020-01-01T17:00:00+00:00,UP_RIZZICONI_1,26WUURIZZICONI1S,B04,,348.0,,MAW,PT60M,10YIT-GRTN-----B,IT
2020-01-01T17:00:00+00:00,UP_ROSEN_1,26WUUUUUUROSEN1B,B04,,148.0,,MAW,PT60M,10YIT-GRTN-----B,IT
2020-01-01T17:00:00+00:00,UP_ROSONE_1,26WUUUUUROSONE16,B12,,24.0,,MAW,PT60M,10YIT-GRTN-----B,IT
2020-01-01T17:00:00+00:00,UP_S.F._DEL_2,26WUUUS-F--DEL24,B06,,59.0,,MAW,PT60M,10YIT-GRTN-----B,IT
2020-01-01T17:00:00+00:00,UP_SARLUX_1,26WUUUUUSARLUX1W,B03,,571.0,,MAW,PT60M,10YIT-GRTN-----B,IT
2020-01-01T17:00:00+00:00,UP_SCTNPWPFRR_2,26WUSCTNPWPFRR28,B04,,259.0,,MAW,PT60M,10YIT-GRTN-----B,IT
2020-01-01T17:00:00+00:00,UP_SFRNGNRZNE_2,26WUSZRNGNRZNE21,B12,,13.0,,MAW,PT60M,10YIT-GRTN-----B,IT
2020-01-01T17:00:00+00:00,UP_SMRICRICHI_1,26WUSMRICRICHI16,B04,,278.0,,MAW,PT60M,10YIT-GRTN-----B,IT
2020-01-01T17:00:00+00:00,UP_SRGNPGLCNT_1,26WUSRGNPGLCNT1P,B04,,248.0,,MAW,PT60M,10YIT-GRTN-----B,IT
2020-01-01T17:00:00+00:00,UP_TAVAZZANO_5,26WUUTAVAZZANO5Z,B04,,263.0,,MAW,PT60M,10YIT-GRTN-----B,IT
2020-01-01T17:00:00+00:00,UP_TORBOLE_1,26WUUUUTORBOLE1H,B11,,55.0,,MAW,PT60M,10YIT-GRTN-----B,IT
2020-01-01T17:00:00+00:00,UP_TORREVALN_3,26WUUTORREVALN3I,B05,,201.0,,MAW,PT60M,10YIT-GRTN-----B,IT
2020-01-01T17:00:00+00:00,UP_TORVISCOSA_1,26WUTORVISCOSA1F,B04,,359.0,,MAW,PT60M,10YIT-GRTN-----B,IT
2020-01-01T17:00:00+00:00,UP_TRMVLRZZTR_3,26WUTRMVLRZZTR3M,B20,,84.0,,MAW,PT60M,10YIT-GRTN-----B,IT
2020-01-01T17:00:00+00:00,UP_VALLE_SEC_1,26WUUVALLE-SEC1Z,B09,,102.0,,MAW,PT60M,10YIT-GRTN-----B,IT
2020-01-01T17:00:00+00:00,UP_VALPELLIN_1,26WUUVALPELLIN15,B12,,41.0,,MAW,PT60M,10YIT-GRTN-----B,IT
2020-01-01T17:00:00+00:00,UP_VERZUOLO_2,26WUUUVERZUOLO2R,B04,,2.0,,MAW,PT60M,10YIT-GRTN-----B,IT
2020-01-01T17:00:00+00:00,UP_VOGHERA_1,26WUUUUVOGHERA14,B04,,258.0,,MAW,PT60M,10YIT-GRTN-----B,IT
2020-01-01T18:00:00+00:00,UP_ANAPO_C.L_1,26WUUANAPO-C-L1O,B10,,56.0,,MAW,PT60M,10YIT-GRTN-----B,IT
2020-01-01T18:00:00+00:00,UP_BDDSLDSRDI_1,26WUBDDSLDSRDI17,B19,,3.0,,MAW,PT60M,10YIT-GRTN-----B,IT
2020-01-01T18:00:00+00:00,UP_BRNDSSUDCE_2,26WUBRNDSSUDCE2L,B05,,260.0,,MAW,PT60M,10YIT-GRTN-----B,IT
2020-01-01T18:00:00+00:00,UP_BRNDSSUDCE_3,26WUBRNDSSUDCE3J,B05,,262.0,,MAW,PT60M,10YIT-GRTN-----B,IT
2020-01-01T18:00:00+00:00,UP_CANDELA_1,26WUUUUCANDELA1R,B04,,326.0,,MAW,PT60M,10YIT-GRTN-----B,IT
2020-01-01T18:00:00+00:00,UP_CARDANO_1,26WUUUUCARDANO16,B11,,77.0,,MAW,PT60M,10YIT-GRTN-----B,IT
2020-01-01T18:00:00+00:00,UP_CCGTPRILIA_1,26WUCCGTPRILIA15,B04,,195.0,,MAW,PT60M,10YIT-GRTN-----B,IT
2020-01-01T18:00:00+00:00,UP_CET2_1,26WUUUUUUUCET21O,B03,,0.0,,MAW,PT60M,10YIT-GRTN-----B,IT
2020-01-01T18:00:00+00:00,UP_CNTRLNTRNO_11,26WCNTRLNTRNO118,B12,,1.0,,MAW,PT60M,10YIT-GRTN-----B,IT
2020-01-01T18:00:00+00:00,UP_CTNUCENORD_3,26WUCTNUCENORD3P,B04,,175.0,,MAW,PT60M,10YIT-GRTN-----B,IT
2020-01-01T18:00:00+00:00,UP_ETQCHIOTAS_1,26WUETQCHIOTAS1O,B10,,7.0,,MAW,PT60M,10YIT-GRTN-----B,IT
2020-01-01T18:00:00+00:00,UP_FIUMESANT_4,26WUUFIUMESANT4D,B05,,266.0,,MAW,PT60M,10YIT-GRTN-----B,IT
2020-01-01T18:00:00+00:00,UP_GALLETO_2,26WUUUUGALLETO2T,B11,,77.0,,MAW,PT60M,10YIT-GRTN-----B,IT
2020-01-01T18:00:00+00:00,UP_GARGNANO_1,26WUUUGARGNANO18,B10,,1.0,,MAW,PT60M,10YIT-GRTN-----B,IT
2020-01-01T18:00:00+00:00,UP_GISSI_2,26WUUUUUUGISSI27,B04,,299.0,,MAW,PT60M,10YIT-GRTN-----B,IT
2020-01-01T18:00:00+00:00,UP_LEVANTE_3,26WUUUULEVANTE35,B04,,292.0,,MAW,PT60M,10YIT-GRTN-----B,IT
2020-01-01T18:00:00+00:00,UP_LIRO_1,26WUUUUUUULIRO13,B11,,141.0,,MAW,PT60M,10YIT-GRTN-----B,IT
2020-01-01T18:00:00+00:00,UP_LVTRNTCET3_1,26WULVTRNTCET31X,B03,,0.0,,MAW,PT60M,10YIT-GRTN-----B,IT
2020-01-01T18:00:00+00:00,UP_MILAZZO_1,26WUUUUMILAZZO1Z,B04,,118.0,,MAW,PT60M,10YIT-GRTN-----B,IT
2020-01-01T18:00:00+00:00,UP_MONCALRPW_2,26WUUMONCALRPW2S,B04,,335.0,,MAW,PT60M,10YIT-GRTN-----B,IT
2020-01-01T18:00:00+00:00,UP_MONTORIO_1,26WUUUMONTORIO1P,B11,,25.0,,MAW,PT60M,10YIT-GRTN-----B,IT
2020-01-01T18:00:00+00:00,UP_NCTLVRNFRR_1,26WUNCTLVRNFRR1D,B04,,286.0,,MAW,PT60M,10YIT-GRTN-----B,IT
2020-01-01T18:00:00+00:00,UP_NOCE_1,26WUUUUUUUNOCE1E,B11,,26.0,,MAW,PT60M,10YIT-GRTN-----B,IT
2020-01-01T18:00:00+00:00,UP_NOVEL_1,26WUUUUUUNOVEL1U,B04,,31.0,,MAW,PT60M,10YIT-GRTN-----B,IT
2020-01-01T18:00:00+00:00,UP_NPWRBRNDSI_10,26WNPWRBRNDSI10U,B04,,266.0,,MAW,PT60M,10YIT-GRTN-----B,IT
2020-01-01T18:00:00+00:00,UP_NPWRBRNDSI_8,26WUNPWRBRNDSI82,B04,,276.0,,MAW,PT60M,10YIT-GRTN-----B,IT
2020-01-01T18:00:00+00:00,UP_NPWRBRNDSI_9,26WUNPWRBRNDSI90,B04,,278.0,,MAW,PT60M,10YIT-GRTN-----B,IT
2020-01-01T18:00:00+00:00,UP_NPWRFRRRRB_10,26WNPWRFRRRRB10Q,B04,,157.0,,MAW,PT60M,10YIT-GRTN-----B,IT
2020-01-01T18:00:00+00:00,UP_NPWRFRRRRB_9,26WUNPWRFRRRRB9A,B04,,197.0,,MAW,PT60M,10YIT-GRTN-----B,IT
2020-01-01T18:00:00+00:00,UP_NPWRMNTOVA_3,26WUNPWRMNTOVA3L,B04,,221.0,,MAW,PT60M,10YIT-GRTN-----B,IT
2020-01-01T18:00:00+00:00,UP_NPWRRVENNA_10,26WNPWRRVENNA10P,B04,,217.0,,MAW,PT60M,10YIT-GRTN-----B,IT
2020-01-01T18:00:00+00:00,UP_NPWRRVENNA_11,26WNPWRRVENNA11N,B04,,227.0,,MAW,PT60M,10YIT-GRTN-----B,IT
2020-01-01T18:00:00+00:00,UP_ORTICA_1,26WUUUUUORTICA1F,B11,,296.0,,MAW,PT60M,10YIT-GRTN-----B,IT
2020-01-01T18:00:00+00:00,UP_PRCLCDLSSI_1,26WUPRCLCDLSSI1T,B19,,1.0,,MAW,PT60M,10YIT-GRTN-----B,IT
2020-01-01T18:00:00+00:00,UP_PREM-GROSIO_1,26WPREM-GROSIO10,B11,,214.0,,MAW,PT60M,10YIT-GRTN-----B,IT
2020-01-01T18:00:00+00:00,UP_RATINO_1,26WUUUUURATINO1O,B04,,267.0,,MAW,PT60M,10YIT-GRTN-----B,IT
2020-01-01T18:00:00+00:00,UP_RIZZICONI_1,26WUURIZZICONI1S,B04,,366.0,,MAW,PT60M,10YIT-GRTN-----B,IT
2020-01-01T18:00:00+00:00,UP_ROSEN_1,26WUUUUUUROSEN1B,B04,,155.0,,MAW,PT60M,10YIT-GRTN-----B,IT
2020-01-01T18:00:00+00:00,UP_ROSONE_1,26WUUUUUROSONE16,B12,,45.0,,MAW,PT60M,10YIT-GRTN-----B,IT
2020-01-01T18:00:00+00:00,UP_SARLUX_1,26WUUUUUSARLUX1W,B03,,572.0,,MAW,PT60M,10YIT-GRTN-----B,IT
2020-01-01T18:00:00+00:00,UP_SCTNPWPFRR_2,26WUSCTNPWPFRR28,B04,,230.0,,MAW,PT60M,10YIT-GRTN-----B,IT
2020-01-01T18:00:00+00:00,UP_SERMIDE_4,26WUUUUSERMIDE4M,B04,,2.0,,MAW,PT60M,10YIT-GRTN-----B,IT
2020-01-01T18:00:00+00:00,UP_SFRNGNRZNE_2,26WUSZRNGNRZNE21,B12,,5.0,,MAW,PT60M,10YIT-GRTN-----B,IT
2020-01-01T18:00:00+00:00,UP_SGIACOMO_3,26WUUUSGIACOMO3I,B10,,4.0,,MAW,PT60M,10YIT-GRTN-----B,IT
2020-01-01T18:00:00+00:00,UP_SMRICRICHI_1,26WUSMRICRICHI16,B04,,316.0,,MAW,PT60M,10YIT-GRTN-----B,IT
2020-01-01T18:00:00+00:00,UP_SOVERZENE_1,26WUUSOVERZENE1M,B12,,135.0,,MAW,PT60M,10YIT-GRTN-----B,IT
2020-01-01T18:00:00+00:00,UP_SRGNPGLCNT_1,26WUSRGNPGLCNT1P,B04,,215.0,,MAW,PT60M,10YIT-GRTN-----B,IT
2020-01-01T18:00:00+00:00,UP_TAVAZZANO_5,26WUUTAVAZZANO5Z,B04,,257.0,,MAW,PT60M,10YIT-GRTN-----B,IT
2020-01-01T18:00:00+00:00,UP_TORINONORD_1,26WUTORINONORD1C,B04,,310.0,,MAW,PT60M,10YIT-GRTN-----B,IT
2020-01-01T18:00:00+00:00,UP_TORREVALN_3,26WUUTORREVALN3I,B05,,202.0,,MAW,PT60M,10YIT-GRTN-----B,IT
2020-01-01T18:00:00+00:00,UP_TORVISCOSA_1,26WUTORVISCOSA1F,B04,,439.0,,MAW,PT60M,10YIT-GRTN-----B,IT
2020-01-01T18:00:00+00:00,UP_TRMVLRZZTR_3,26WUTRMVLRZZTR3M,B20,,83.0,,MAW,PT60M,10YIT-GRTN-----B,IT
2020-01-01T18:00:00+00:00,UP_VALCAMONICA_1,26WVALCAMONICA1Y,B11,,52.0,,MAW,PT60M,10YIT-GRTN-----B,IT
2020-01-01T18:00:00+00:00,UP_VALPELLIN_1,26WUUVALPELLIN15,B12,,15.0,,MAW,PT60M,10YIT-GRTN-----B,IT
2020-01-01T18:00:00+00:00,UP_VOGHERA_1,26WUUUUVOGHERA14,B04,,256.0,,MAW,PT60M,10YIT-GRTN-----B,IT
2020-01-01T19:00:00+00:00,UP_ALTOADDA_1,26WUUUALTOADDA15,B10,,27.0,,MAW,PT60M,10YIT-GRTN-----B,IT
2020-01-01T19:00:00+00:00,UP_ANAPO_C.L_1,26WUUANAPO-C-L1O,B10,,82.0,,MAW,PT60M,10YIT-GRTN-----B,IT
2020-01-01T19:00:00+00:00,UP_BDDSLDSRDI_1,26WUBDDSLDSRDI17,B19,,2.0,,MAW,PT60M,10YIT-GRTN-----B,IT
2020-01-01T19:00:00+00:00,UP_BRNDSSUDCE_2,26WUBRNDSSUDCE2L,B05,,277.0,,MAW,PT60M,10YIT-GRTN-----B,IT
2020-01-01T19:00:00+00:00,UP_BRNDSSUDCE_3,26WUBRNDSSUDCE3J,B05,,300.0,,MAW,PT60M,10YIT-GRTN-----B,IT
2020-01-01T19:00:00+00:00,UP_CANDELA_1,26WUUUUCANDELA1R,B04,,361.0,,MAW,PT60M,10YIT-GRTN-----B,IT
2020-01-01T19:00:00+00:00,UP_CARDANO_1,26WUUUUCARDANO16,B11,,76.0,,MAW,PT60M,10YIT-GRTN-----B,IT
2020-01-01T19:00:00+00:00,UP_CCGTPRILIA_1,26WUCCGTPRILIA15,B04,,194.0,,MAW,PT60M,10YIT-GRTN-----B,IT
2020-01-01T19:00:00+00:00,UP_CNTRLNTRNO_11,26WCNTRLNTRNO118,B12,,11.0,,MAW,PT60M,10YIT-GRTN-----B,IT
2020-01-01T19:00:00+00:00,UP_CTNUCENORD_3,26WUCTNUCENORD3P,B04,,177.0,,MAW,PT60M,10YIT-GRTN-----B,IT
2020-01-01T19:00:00+00:00,UP_ETQCHIOTAS_1,26WUETQCHIOTAS1O,B10,,0.0,,MAW,PT60M,10YIT-GRTN-----B,IT
2020-01-01T19:00:00+00:00,UP_FIUMESANT_3,26WUUFIUMESANT3F,B05,,269.0,,MAW,PT60M,10YIT-GRTN-----B,IT
2020-01-01T19:00:00+00:00,UP_GALLETO_2,26WUUUUGALLETO2T,B11,,76.0,,MAW,PT60M,10YIT-GRTN-----B,IT
2020-01-01T19:00:00+00:00,UP_GARGNANO_1,26WUUUGARGNANO18,B10,,30.0,,MAW,PT60M,10YIT-GRTN-----B,IT
2020-01-01T19:00:00+00:00,UP_GISSI_2,26WUUUUUUGISSI27,B04,,295.0,,MAW,PT60M,10YIT-GRTN-----B,IT
2020-01-01T19:00:00+00:00,UP_LEVANTE_3,26WUUUULEVANTE35,B04,,262.0,,MAW,PT60M,10YIT-GRTN-----B,IT
2020-01-01T19:00:00+00:00,UP_LIRO_1,26WUUUUUUULIRO13,B11,,78.0,,MAW,PT60M,10YIT-GRTN-----B,IT
2020-01-01T19:00:00+00:00,UP_MILAZZO_1,26WUUUUMILAZZO1Z,B04,,117.0,,MAW,PT60M,10YIT-GRTN-----B,IT
2020-01-01T19:00:00+00:00,UP_MONCALIERI_3,26WUMONCALIERI36,B04,,322.0,,MAW,PT60M,10YIT-GRTN-----B,IT
2020-01-01T19:00:00+00:00,UP_MONCALRPW_2,26WUUMONCALRPW2S,B04,,334.0,,MAW,PT60M,10YIT-GRTN-----B,IT
2020-01-01T19:00:00+00:00,UP_MONTORIO_1,26WUUUMONTORIO1P,B11,,54.0,,MAW,PT60M,10YIT-GRTN-----B,IT
2020-01-01T19:00:00+00:00,UP_NCTLVRNFRR_1,26WUNCTLVRNFRR1D,B04,,281.0,,MAW,PT60M,10YIT-GRTN-----B,IT
2020-01-01T19:00:00+00:00,UP_NOCE_1,26WUUUUUUUNOCE1E,B11,,15.0,,MAW,PT60M,10YIT-GRTN-----B,IT
2020-01-01T19:00:00+00:00,UP_NPWRBRNDSI_10,26WNPWRBRNDSI10U,B04,,287.0,,MAW,PT60M,10YIT-GRTN-----B,IT
2020-01-01T19:00:00+00:00,UP_NPWRBRNDSI_8,26WUNPWRBRNDSI82,B04,,279.0,,MAW,PT60M,10YIT-GRTN-----B,IT
2020-01-01T19:00:00+00:00,UP_NPWRBRNDSI_9,26WUNPWRBRNDSI90,B04,,283.0,,MAW,PT60M,10YIT-GRTN-----B,IT
2020-01-01T19:00:00+00:00,UP_NPWRFRRRRB_10,26WNPWRFRRRRB10Q,B04,,155.0,,MAW,PT60M,10YIT-GRTN-----B,IT
2020-01-01T19:00:00+00:00,UP_NPWRFRRRRB_9,26WUNPWRFRRRRB9A,B04,,191.0,,MAW,PT60M,10YIT-GRTN-----B,IT
2020-01-01T19:00:00+00:00,UP_NPWRMNTOVA_3,26WUNPWRMNTOVA3L,B04,,217.0,,MAW,PT60M,10YIT-GRTN-----B,IT
2020-01-01T19:00:00+00:00,UP_NPWRRVENNA_10,26WNPWRRVENNA10P,B04,,212.0,,MAW,PT60M,10YIT-GRTN-----B,IT
2020-01-01T19:00:00+00:00,UP_NPWRRVENNA_11,26WNPWRRVENNA11N,B04,,221.0,,MAW,PT60M,10YIT-GRTN-----B,IT
2020-01-01T19:00:00+00:00,UP_ORTICA_1,26WUUUUUORTICA1F,B11,,295.0,,MAW,PT60M,10YIT-GRTN-----B,IT
2020-01-01T19:00:00+00:00,UP_PRCLCDLSSI_1,26WUPRCLCDLSSI1T,B19,,0.0,,MAW,PT60M,10YIT-GRTN-----B,IT
2020-01-01T19:00:00+00:00,UP_PREM-GROSIO_1,26WPREM-GROSIO10,B11,,56.0,,MAW,PT60M,10YIT-GRTN-----B,IT
2020-01-01T19:00:00+00:00,UP_RATINO_1,26WUUUUURATINO1O,B04,,282.0,,MAW,PT60M,10YIT-GRTN-----B,IT
2020-01-01T19:00:00+00:00,UP_ROSONE_1,26WUUUUUROSONE16,B12,,1.0,,MAW,PT60M,10YIT-GRTN-----B,IT
2020-01-01T19:00:00+00:00,UP_S.FIORANO_1,26WUUZ-FIORANO1X,B10,,10.0,,MAW,PT60M,10YIT-GRTN-----B,IT
2020-01-01T19:00:00+00:00,UP_SCTNPWPFRR_2,26WUSCTNPWPFRR28,B04,,227.0,,MAW,PT60M,10YIT-GRTN-----B,IT
2020-01-01T19:00:00+00:00,UP_SERMIDE_4,26WUUUUSERMIDE4M,B04,,21.0,,MAW,PT60M,10YIT-GRTN-----B,IT
2020-01-01T19:00:00+00:00,UP_SFRNGNRZNE_2,26WUSZRNGNRZNE21,B12,,10.0,,MAW,PT60M,10YIT-GRTN-----B,IT
2020-01-01T19:00:00+00:00,UP_SGIACOMO_3,26WUUUSGIACOMO3I,B10,,0.0,,MAW,PT60M,10YIT-GRTN-----B,IT
2020-01-01T19:00:00+00:00,UP_SMRICRICHI_1,26WUSMRICRICHI16,B04,,350.0,,MAW,PT60M,10YIT-GRTN-----B,IT
2020-01-01T19:00:00+00:00,UP_SOVERZENE_1,26WUUSOVERZENE1M,B12,,134.0,,MAW,PT60M,10YIT-GRTN-----B,IT
2020-01-01T19:00:00+00:00,UP_SPARANISE_1,26WUUSPARANISE1Q,B04,,223.0,,MAW,PT60M,10YIT-GRTN-----B,IT
2020-01-01T19:00:00+00:00,UP_SRGNPGLCNT_1,26WUSRGNPGLCNT1P,B04,,214.0,,MAW,PT60M,10YIT-GRTN-----B,IT
2020-01-01T19:00:00+00:00,UP_TAVAZZANO_5,26WUUTAVAZZANO5Z,B04,,251.0,,MAW,PT60M,10YIT-GRTN-----B,IT
2020-01-01T19:00:00+00:00,UP_TORINONORD_1,26WUTORINONORD1C,B04,,309.0,,MAW,PT60M,10YIT-GRTN-----B,IT
2020-01-01T19:00:00+00:00,UP_TORVISCOSA_1,26WUTORVISCOSA1F,B04,,434.0,,MAW,PT60M,10YIT-GRTN-----B,IT
2020-01-01T19:00:00+00:00,UP_TRMVLRZZTR_3,26WUTRMVLRZZTR3M,B20,,84.0,,MAW,PT60M,10YIT-GRTN-----B,IT
2020-01-01T19:00:00+00:00,UP_VALCAMONICA_1,26WVALCAMONICA1Y,B11,,38.0,,MAW,PT60M,10YIT-GRTN-----B,IT
2020-01-01T19:00:00+00:00,UP_VALMALENCO_1,26WUVALMALENCO17,B11,,67.0,,MAW,PT60M,10YIT-GRTN-----B,IT
2020-01-01T19:00:00+00:00,UP_VALPELLIN_1,26WUUVALPELLIN15,B12,,14.0,,MAW,PT60M,10YIT-GRTN-----B,IT
2020-01-01T19:00:00+00:00,UP_VENAUS_1,26WUUUUUVENAUS10,B12,,40.0,,MAW,PT60M,10YIT-GRTN-----B,IT
2020-01-01T19:00:00+00:00,UP_VOGHERA_1,26WUUUUVOGHERA14,B04,,261.0,,MAW,PT60M,10YIT-GRTN-----B,IT
2020-01-01T20:00:00+00:00,UP_ALTOADDA_1,26WUUUALTOADDA15,B10,,10.0,,MAW,PT60M,10YIT-GRTN-----B,IT
2020-01-01T20:00:00+00:00,UP_ANAPO_C.L_1,26WUUANAPO-C-L1O,B10,,22.0,,MAW,PT60M,10YIT-GRTN-----B,IT
2020-01-01T20:00:00+00:00,UP_BRNDSSUDCE_2,26WUBRNDSSUDCE2L,B05,,290.0,,MAW,PT60M,10YIT-GRTN-----B,IT
2020-01-01T20:00:00+00:00,UP_BRNDSSUDCE_3,26WUBRNDSSUDCE3J,B05,,303.0,,MAW,PT60M,10YIT-GRTN-----B,IT
2020-01-01T20:00:00+00:00,UP_CANDELA_1,26WUUUUCANDELA1R,B04,,228.0,,MAW,PT60M,10YIT-GRTN-----B,IT
2020-01-01T20:00:00+00:00,UP_CCGTPRILIA_1,26WUCCGTPRILIA15,B04,,195.0,,MAW,PT60M,10YIT-GRTN-----B,IT
2020-01-01T20:00:00+00:00,UP_CNTRLNTRNO_11,26WCNTRLNTRNO118,B12,,0.0,,MAW,PT60M,10YIT-GRTN-----B,IT
2020-01-01T20:00:00+00:00,UP_CTNUCENORD_3,26WUCTNUCENORD3P,B04,,176.0,,MAW,PT60M,10YIT-GRTN-----B,IT
2020-01-01T20:00:00+00:00,UP_FIUMESANT_3,26WUUFIUMESANT3F,B05,,268.0,,MAW,PT60M,10YIT-GRTN-----B,IT
2020-01-01T20:00:00+00:00,UP_FIUMESANT_4,26WUUFIUMESANT4D,B05,,265.0,,MAW,PT60M,10YIT-GRTN-----B,IT
2020-01-01T20:00:00+00:00,UP_GALLETO_2,26WUUUUGALLETO2T,B11,,77.0,,MAW,PT60M,10YIT-GRTN-----B,IT
2020-01-01T20:00:00+00:00,UP_GARGNANO_1,26WUUUGARGNANO18,B10,,1.0,,MAW,PT60M,10YIT-GRTN-----B,IT
2020-01-01T20:00:00+00:00,UP_GISSI_2,26WUUUUUUGISSI27,B04,,298.0,,MAW,PT60M,10YIT-GRTN-----B,IT
2020-01-01T20:00:00+00:00,UP_LEVANTE_3,26WUUUULEVANTE35,B04,,182.0,,MAW,PT60M,10YIT-GRTN-----B,IT
2020-01-01T20:00:00+00:00,UP_LIRO_1,26WUUUUUUULIRO13,B11,,65.0,,MAW,PT60M,10YIT-GRTN-----B,IT
2020-01-01T20:00:00+00:00,UP_MILAZZO_1,26WUUUUMILAZZO1Z,B04,,113.0,,MAW,PT60M,10YIT-GRTN-----B,IT
2020-01-01T20:00:00+00:00,UP_MONCALIERI_3,26WUMONCALIERI36,B04,,328.0,,MAW,PT60M,10YIT-GRTN-----B,IT
2020-01-01T20:00:00+00:00,UP_MONCALRPW_2,26WUUMONCALRPW2S,B04,,338.0,,MAW,PT60M,10YIT-GRTN-----B,IT
2020-01-01T20:00:00+00:00,UP_MONTORIO_1,26WUUUMONTORIO1P,B11,,0.0,,MAW,PT60M,10YIT-GRTN-----B,IT
2020-01-01T20:00:00+00:00,UP_NCTLVRNFRR_1,26WUNCTLVRNFRR1D,B04,,285.0,,MAW,PT60M,10YIT-GRTN-----B,IT
2020-01-01T20:00:00+00:00,UP_NERAVELINO_1,26WUNERAVELINO11,B11,,150.0,,MAW,PT60M,10YIT-GRTN-----B,IT
2020-01-01T20:00:00+00:00,UP_NOCE_1,26WUUUUUUUNOCE1E,B11,,11.0,,MAW,PT60M,10YIT-GRTN-----B,IT
2020-01-01T20:00:00+00:00,UP_NOVEL_1,26WUUUUUUNOVEL1U,B04,,32.0,,MAW,PT60M,10YIT-GRTN-----B,IT
2020-01-01T20:00:00+00:00,UP_NPWRBRNDSI_10,26WNPWRBRNDSI10U,B04,,274.0,,MAW,PT60M,10YIT-GRTN-----B,IT
2020-01-01T20:00:00+00:00,UP_NPWRBRNDSI_8,26WUNPWRBRNDSI82,B04,,265.0,,MAW,PT60M,10YIT-GRTN-----B,IT
2020-01-01T20:00:00+00:00,UP_NPWRBRNDSI_9,26WUNPWRBRNDSI90,B04,,278.0,,MAW,PT60M,10YIT-GRTN-----B,IT
2020-01-01T20:00:00+00:00,UP_NPWRFRRRRB_10,26WNPWRFRRRRB10Q,B04,,156.0,,MAW,PT60M,10YIT-GRTN-----B,IT
2020-01-01T20:00:00+00:00,UP_NPWRFRRRRB_9,26WUNPWRFRRRRB9A,B04,,195.0,,MAW,PT60M,10YIT-GRTN-----B,IT
2020-01-01T20:00:00+00:00,UP_NPWRMNTOVA_3,26WUNPWRMNTOVA3L,B04,,221.0,,MAW,PT60M,10YIT-GRTN-----B,IT
2020-01-01T20:00:00+00:00,UP_NPWRRVENNA_10,26WNPWRRVENNA10P,B04,,216.0,,MAW,PT60M,10YIT-GRTN-----B,IT
2020-01-01T20:00:00+00:00,UP_NPWRRVENNA_11,26WNPWRRVENNA11N,B04,,223.0,,MAW,PT60M,10YIT-GRTN-----B,IT
2020-01-01T20:00:00+00:00,UP_PREM-GROSIO_1,26WPREM-GROSIO10,B11,,0.0,,MAW,PT60M,10YIT-GRTN-----B,IT
2020-01-01T20:00:00+00:00,UP_RATINO_1,26WUUUUURATINO1O,B04,,276.0,,MAW,PT60M,10YIT-GRTN-----B,IT
2020-01-01T20:00:00+00:00,UP_RIZZICONI_1,26WUURIZZICONI1S,B04,,350.0,,MAW,PT60M,10YIT-GRTN-----B,IT
2020-01-01T20:00:00+00:00,UP_ROSEN_1,26WUUUUUUROSEN1B,B04,,156.0,,MAW,PT60M,10YIT-GRTN-----B,IT
2020-01-01T20:00:00+00:00,UP_ROSONE_1,26WUUUUUROSONE16,B12,,0.0,,MAW,PT60M,10YIT-GRTN-----B,IT
2020-01-01T20:00:00+00:00,UP_S.FIORANO_1,26WUUZ-FIORANO1X,B10,,7.0,,MAW,PT60M,10YIT-GRTN-----B,IT
2020-01-01T20:00:00+00:00,UP_SARLUX_1,26WUUUUUSARLUX1W,B03,,571.0,,MAW,PT60M,10YIT-GRTN-----B,IT
2020-01-01T20:00:00+00:00,UP_SCTNPWPFRR_2,26WUSCTNPWPFRR28,B04,,229.0,,MAW,PT60M,10YIT-GRTN-----B,IT
2020-01-01T20:00:00+00:00,UP_SFRNGNRZNE_2,26WUSZRNGNRZNE21,B12,,6.0,,MAW,PT60M,10YIT-GRTN-----B,IT
2020-01-01T20:00:00+00:00,UP_SMRICRICHI_1,26WUSMRICRICHI16,B04,,361.0,,MAW,PT60M,10YIT-GRTN-----B,IT
2020-01-01T20:00:00+00:00,UP_SOVERZENE_1,26WUUSOVERZENE1M,B12,,135.0,,MAW,PT60M,10YIT-GRTN-----B,IT
2020-01-01T20:00:00+00:00,UP_SPARANISE_1,26WUUSPARANISE1Q,B04,,224.0,,MAW,PT60M,10YIT-GRTN-----B,IT
2020-01-01T20:00:00+00:00,UP_SRGNPGLCNT_1,26WUSRGNPGLCNT1P,B04,,215.0,,MAW,PT60M,10YIT-GRTN-----B,IT
2020-01-01T20:00:00+00:00,UP_TAGLIAMENTO_1,26WTAGLIAMENTO1J,B11,,6.0,,MAW,PT60M,10YIT-GRTN-----B,IT
2020-01-01T20:00:00+00:00,UP_TAVAZZANO_5,26WUUTAVAZZANO5Z,B04,,255.0,,MAW,PT60M,10YIT-GRTN-----B,IT
2020-01-01T20:00:00+00:00,UP_TORBOLE_1,26WUUUUTORBOLE1H,B11,,56.0,,MAW,PT60M,10YIT-GRTN-----B,IT
2020-01-01T20:00:00+00:00,UP_TORINONORD_1,26WUTORINONORD1C,B04,,316.0,,MAW,PT60M,10YIT-GRTN-----B,IT
2020-01-01T20:00:00+00:00,UP_TORVISCOSA_1,26WUTORVISCOSA1F,B04,,465.0,,MAW,PT60M,10YIT-GRTN-----B,IT
2020-01-01T20:00:00+00:00,UP_TRMVLRZZTR_3,26WUTRMVLRZZTR3M,B20,,83.0,,MAW,PT60M,10YIT-GRTN-----B,IT
2020-01-01T20:00:00+00:00,UP_VALCAMONICA_1,26WVALCAMONICA1Y,B11,,36.0,,MAW,PT60M,10YIT-GRTN-----B,IT
2020-01-01T20:00:00+00:00,UP_VALMALENCO_1,26WUVALMALENCO17,B11,,48.0,,MAW,PT60M,10YIT-GRTN-----B,IT
2020-01-01T20:00:00+00:00,UP_VALPELLIN_1,26WUUVALPELLIN15,B12,,0.0,,MAW,PT60M,10YIT-GRTN-----B,IT
2020-01-01T20:00:00+00:00,UP_VENAUS_1,26WUUUUUVENAUS10,B12,,0.0,,MAW,PT60M,10YIT-GRTN-----B,IT
2020-01-01T20:00:00+00:00,UP_VERZUOLO_2,26WUUUVERZUOLO2R,B04,,5.0,,MAW,PT60M,10YIT-GRTN-----B,IT
2020-01-01T20:00:00+00:00,UP_VOGHERA_1,26WUUUUVOGHERA14,B04,,266.0,,MAW,PT60M,10YIT-GRTN-----B,IT
2020-01-01T21:00:00+00:00,UP_ALTOADDA_1,26WUUUALTOADDA15,B10,,8.0,,MAW,PT60M,10YIT-GRTN-----B,IT
2020-01-01T21:00:00+00:00,UP_ANAPO_C.L_1,26WUUANAPO-C-L1O,B10,,0.0,,MAW,PT60M,10YIT-GRTN-----B,IT
2020-01-01T21:00:00+00:00,UP_BDDSLDSRDI_1,26WUBDDSLDSRDI17,B19,,1.0,,MAW,PT60M,10YIT-GRTN-----B,IT
2020-01-01T21:00:00+00:00,UP_BRNDSSUDCE_2,26WUBRNDSSUDCE2L,B05,,261.0,,MAW,PT60M,10YIT-GRTN-----B,IT
2020-01-01T21:00:00+00:00,UP_BRNDSSUDCE_3,26WUBRNDSSUDCE3J,B05,,262.0,,MAW,PT60M,10YIT-GRTN-----B,IT
2020-01-01T21:00:00+00:00,UP_CANDELA_1,26WUUUUCANDELA1R,B04,,170.0,,MAW,PT60M,10YIT-GRTN-----B,IT
2020-01-01T21:00:00+00:00,UP_CNTRLDSCND_2,26WUCNTRLDSCND24,B04,,1.0,,MAW,PT60M,10YIT-GRTN-----B,IT
2020-01-01T21:00:00+00:00,UP_CTNUCENORD_3,26WUCTNUCENORD3P,B04,,173.0,,MAW,PT60M,10YIT-GRTN-----B,IT
2020-01-01T21:00:00+00:00,UP_FADALTO_1,26WUUUUFADALTO1G,B10,,1.0,,MAW,PT60M,10YIT-GRTN-----B,IT
2020-01-01T21:00:00+00:00,UP_FIUMESANT_3,26WUUFIUMESANT3F,B05,,252.0,,MAW,PT60M,10YIT-GRTN-----B,IT
2020-01-01T21:00:00+00:00,UP_FIUMESANT_4,26WUUFIUMESANT4D,B05,,247.0,,MAW,PT60M,10YIT-GRTN-----B,IT
2020-01-01T21:00:00+00:00,UP_GALLETO_2,26WUUUUGALLETO2T,B11,,50.0,,MAW,PT60M,10YIT-GRTN-----B,IT
2020-01-01T21:00:00+00:00,UP_GARGNANO_1,26WUUUGARGNANO18,B10,,2.0,,MAW,PT60M,10YIT-GRTN-----B,IT
2020-01-01T21:00:00+00:00,UP_GISSI_2,26WUUUUUUGISSI27,B04,,276.0,,MAW,PT60M,10YIT-GRTN-----B,IT
2020-01-01T21:00:00+00:00,UP_LEVANTE_3,26WUUUULEVANTE35,B04,,170.0,,MAW,PT60M,10YIT-GRTN-----B,IT
2020-01-01T21:00:00+00:00,UP_LIRO_1,26WUUUUUUULIRO13,B11,,47.0,,MAW,PT60M,10YIT-GRTN-----B,IT
2020-01-01T21:00:00+00:00,UP_MILAZZO_1,26WUUUUMILAZZO1Z,B04,,109.0,,MAW,PT60M,10YIT-GRTN-----B,IT
2020-01-01T21:00:00+00:00,UP_MONCALIERI_3,26WUMONCALIERI36,B04,,359.0,,MAW,PT60M,10YIT-GRTN-----B,IT
2020-01-01T21:00:00+00:00,UP_MONCALRPW_2,26WUUMONCALRPW2S,B04,,363.0,,MAW,PT60M,10YIT-GRTN-----B,IT
2020-01-01T21:00:00+00:00,UP_NAPOLIL_4,26WUUUUNAPOLIL48,B04,,3.0,,MAW,PT60M,10YIT-GRTN-----B,IT
2020-01-01T21:00:00+00:00,UP_NCTLVRNFRR_1,26WUNCTLVRNFRR1D,B04,,258.0,,MAW,PT60M,10YIT-GRTN-----B,IT
2020-01-01T21:00:00+00:00,UP_NERAVELINO_1,26WUNERAVELINO11,B11,,116.0,,MAW,PT60M,10YIT-GRTN-----B,IT
2020-01-01T21:00:00+00:00,UP_NOCE_1,26WUUUUUUUNOCE1E,B11,,0.0,,MAW,PT60M,10YIT-GRTN-----B,IT
2020-01-01T21:00:00+00:00,UP_NPWRBRNDSI_10,26WNPWRBRNDSI10U,B04,,251.0,,MAW,PT60M,10YIT-GRTN-----B,IT
2020-01-01T21:00:00+00:00,UP_NPWRBRNDSI_8,26WUNPWRBRNDSI82,B04,,237.0,,MAW,PT60M,10YIT-GRTN-----B,IT
2020-01-01T21:00:00+00:00,UP_NPWRBRNDSI_9,26WUNPWRBRNDSI90,B04,,255.0,,MAW,PT60M,10YIT-GRTN-----B,IT
2020-01-01T21:00:00+00:00,UP_NPWRFRRRRB_10,26WNPWRFRRRRB10Q,B04,,142.0,,MAW,PT60M,10YIT-GRTN-----B,IT
2020-01-01T21:00:00+00:00,UP_NPWRFRRRRB_9,26WUNPWRFRRRRB9A,B04,,170.0,,MAW,PT60M,10YIT-GRTN-----B,IT
2020-01-01T21:00:00+00:00,UP_NPWRMNTOVA_3,26WUNPWRMNTOVA3L,B04,,203.0,,MAW,PT60M,10YIT-GRTN-----B,IT
2020-01-01T21:00:00+00:00,UP_NPWRRVENNA_10,26WNPWRRVENNA10P,B04,,192.0,,MAW,PT60M,10YIT-GRTN-----B,IT
2020-01-01T21:00:00+00:00,UP_NPWRRVENNA_11,26WNPWRRVENNA11N,B04,,195.0,,MAW,PT60M,10YIT-GRTN-----B,IT
2020-01-01T21:00:00+00:00,UP_PRCLCDLSSI_1,26WUPRCLCDLSSI1T,B19,,1.0,,MAW,PT60M,10YIT-GRTN-----B,IT
2020-01-01T21:00:00+00:00,UP_PRESENZAN_1,26WUUPRESENZAN11,B10,,39.0,,MAW,PT60M,10YIT-GRTN-----B,IT
2020-01-01T21:00:00+00:00,UP_RATINO_1,26WUUUUURATINO1O,B04,,186.0,,MAW,PT60M,10YIT-GRTN-----B,IT
2020-01-01T21:00:00+00:00,UP_RIZZICONI_1,26WUURIZZICONI1S,B04,,228.0,,MAW,PT60M,10YIT-GRTN-----B,IT
2020-01-01T21:00:00+00:00,UP_SARLUX_1,26WUUUUUSARLUX1W,B03,,572.0,,MAW,PT60M,10YIT-GRTN-----B,IT
2020-01-01T21:00:00+00:00,UP_SCTNPWPFRR_2,26WUSCTNPWPFRR28,B04,,210.0,,MAW,PT60M,10YIT-GRTN-----B,IT
2020-01-01T21:00:00+00:00,UP_SERMIDE_4,26WUUUUSERMIDE4M,B04,,103.0,,MAW,PT60M,10YIT-GRTN-----B,IT
2020-01-01T21:00:00+00:00,UP_SGIACOMO_3,26WUUUSGIACOMO3I,B10,,5.0,,MAW,PT60M,10YIT-GRTN-----B,IT
2020-01-01T21:00:00+00:00,UP_SMRICRICHI_1,26WUSMRICRICHI16,B04,,288.0,,MAW,PT60M,10YIT-GRTN-----B,IT
2020-01-01T21:00:00+00:00,UP_SOVERZENE_1,26WUUSOVERZENE1M,B12,,133.0,,MAW,PT60M,10YIT-GRTN-----B,IT
2020-01-01T21:00:00+00:00,UP_TAGLIAMENTO_1,26WTAGLIAMENTO1J,B11,,0.0,,MAW,PT60M,10YIT-GRTN-----B,IT
2020-01-01T21:00:00+00:00,UP_TAVAZZANO_5,26WUUTAVAZZANO5Z,B04,,229.0,,MAW,PT60M,10YIT-GRTN-----B,IT
2020-01-01T21:00:00+00:00,UP_TORBOLE_1,26WUUUUTORBOLE1H,B11,,55.0,,MAW,PT60M,10YIT-GRTN-----B,IT
2020-01-01T21:00:00+00:00,UP_TORINONORD_1,26WUTORINONORD1C,B04,,348.0,,MAW,PT60M,10YIT-GRTN-----B,IT
2020-01-01T21:00:00+00:00,UP_TORVISCOSA_1,26WUTORVISCOSA1F,B04,,592.0,,MAW,PT60M,10YIT-GRTN-----B,IT
2020-01-01T21:00:00+00:00,UP_TRMVLRZZTR_3,26WUTRMVLRZZTR3M,B20,,82.0,,MAW,PT60M,10YIT-GRTN-----B,IT
2020-01-01T21:00:00+00:00,UP_TRRVLDLIGA_6,26WUTRRVLDLIGA63,B04,,14.0,,MAW,PT60M,10YIT-GRTN-----B,IT
2020-01-01T21:00:00+00:00,UP_VALMALENCO_1,26WUVALMALENCO17,B11,,0.0,,MAW,PT60M,10YIT-GRTN-----B,IT
2020-01-01T21:00:00+00:00,UP_VOGHERA_1,26WUUUUVOGHERA14,B04,,241.0,,MAW,PT60M,10YIT-GRTN-----B,IT
2020-01-01T22:00:00+00:00,UP_ALTOADDA_1,26WUUUALTOADDA15,B10,,0.0,,MAW,PT60M,10YIT-GRTN-----B,IT
2020-01-01T22:00:00+00:00,UP_BDDSLDSRDI_1,26WUBDDSLDSRDI17,B19,,2.0,,MAW,PT60M,10YIT-GRTN-----B,IT
2020-01-01T22:00:00+00:00,UP_BRNDSSUDCE_2,26WUBRNDSSUDCE2L,B05,,258.0,,MAW,PT60M,10YIT-GRTN-----B,IT
2020-01-01T22:00:00+00:00,UP_BRNDSSUDCE_3,26WUBRNDSSUDCE3J,B05,,259.0,,MAW,PT60M,10YIT-GRTN-----B,IT
2020-01-01T22:00:00+00:00,UP_CANDELA_1,26WUUUUCANDELA1R,B04,,164.0,,MAW,PT60M,10YIT-GRTN-----B,IT
2020-01-01T22:00:00+00:00,UP_CCGTPRILIA_1,26WUCCGTPRILIA15,B04,,194.0,,MAW,PT60M,10YIT-GRTN-----B,IT
2020-01-01T22:00:00+00:00,UP_CNTRLDSCND_2,26WUCNTRLDSCND24,B04,,59.0,,MAW,PT60M,10YIT-GRTN-----B,IT
2020-01-01T22:00:00+00:00,UP_CNTRLDTVRL_1,26WUCNTRLDTVRL1D,B04,,74.0,,MAW,PT60M,10YIT-GRTN-----B,IT
2020-01-01T22:00:00+00:00,UP_CTNUCENORD_3,26WUCTNUCENORD3P,B04,,157.0,,MAW,PT60M,10YIT-GRTN-----B,IT
2020-01-01T22:00:00+00:00,UP_FADALTO_1,26WUUUUFADALTO1G,B10,,2.0,,MAW,PT60M,10YIT-GRTN-----B,IT
2020-01-01T22:00:00+00:00,UP_FIUMESANT_3,26WUUFIUMESANT3F,B05,,205.0,,MAW,PT60M,10YIT-GRTN-----B,IT
2020-01-01T22:00:00+00:00,UP_FIUMESANT_4,26WUUFIUMESANT4D,B05,,203.0,,MAW,PT60M,10YIT-GRTN-----B,IT
2020-01-01T22:00:00+00:00,UP_GALLETO_2,26WUUUUGALLETO2T,B11,,34.0,,MAW,PT60M,10YIT-GRTN-----B,IT
2020-01-01T22:00:00+00:00,UP_GARGNANO_1,26WUUUGARGNANO18,B10,,1.0,,MAW,PT60M,10YIT-GRTN-----B,IT
2020-01-01T22:00:00+00:00,UP_GISSI_2,26WUUUUUUGISSI27,B04,,253.0,,MAW,PT60M,10YIT-GRTN-----B,IT
2020-01-01T22:00:00+00:00,UP_LEVANTE_3,26WUUUULEVANTE35,B04,,169.0,,MAW,PT60M,10YIT-GRTN-----B,IT
2020-01-01T22:00:00+00:00,UP_LIRO_1,26WUUUUUUULIRO13,B11,,26.0,,MAW,PT60M,10YIT-GRTN-----B,IT
2020-01-01T22:00:00+00:00,UP_MILAZZO_1,26WUUUUMILAZZO1Z,B04,,108.0,,MAW,PT60M,10YIT-GRTN-----B,IT
2020-01-01T22:00:00+00:00,UP_MONCALIERI_3,26WUMONCALIERI36,B04,,306.0,,MAW,PT60M,10YIT-GRTN-----B,IT
2020-01-01T22:00:00+00:00,UP_MONCALRPW_2,26WUUMONCALRPW2S,B04,,311.0,,MAW,PT60M,10YIT-GRTN-----B,IT
2020-01-01T22:00:00+00:00,UP_NAPOLIL_4,26WUUUUNAPOLIL48,B04,,127.0,,MAW,PT60M,10YIT-GRTN-----B,IT
2020-01-01T22:00:00+00:00,UP_NCTLVRNFRR_1,26WUNCTLVRNFRR1D,B04,,254.0,,MAW,PT60M,10YIT-GRTN-----B,IT
2020-01-01T22:00:00+00:00,UP_NERAVELINO_1,26WUNERAVELINO11,B11,,86.0,,MAW,PT60M,10YIT-GRTN-----B,IT
2020-01-01T22:00:00+00:00,UP_NOVEL_1,26WUUUUUUNOVEL1U,B04,,31.0,,MAW,PT60M,10YIT-GRTN-----B,IT
2020-01-01T22:00:00+00:00,UP_NPWRBRNDSI_10,26WNPWRBRNDSI10U,B04,,220.0,,MAW,PT60M,10YIT-GRTN-----B,IT
2020-01-01T22:00:00+00:00,UP_NPWRBRNDSI_8,26WUNPWRBRNDSI82,B04,,190.0,,MAW,PT60M,10YIT-GRTN-----B,IT
2020-01-01T22:00:00+00:00,UP_NPWRBRNDSI_9,26WUNPWRBRNDSI90,B04,,241.0,,MAW,PT60M,10YIT-GRTN-----B,IT
2020-01-01T22:00:00+00:00,UP_NPWRFRRRRB_10,26WNPWRFRRRRB10Q,B04,,139.0,,MAW,PT60M,10YIT-GRTN-----B,IT
2020-01-01T22:00:00+00:00,UP_NPWRFRRRRB_9,26WUNPWRFRRRRB9A,B04,,167.0,,MAW,PT60M,10YIT-GRTN-----B,IT
2020-01-01T22:00:00+00:00,UP_NPWRMNTOVA_3,26WUNPWRMNTOVA3L,B04,,204.0,,MAW,PT60M,10YIT-GRTN-----B,IT
2020-01-01T22:00:00+00:00,UP_NPWRRVENNA_10,26WNPWRRVENNA10P,B04,,188.0,,MAW,PT60M,10YIT-GRTN-----B,IT
2020-01-01T22:00:00+00:00,UP_NPWRRVENNA_11,26WNPWRRVENNA11N,B04,,193.0,,MAW,PT60M,10YIT-GRTN-----B,IT
2020-01-01T22:00:00+00:00,UP_ORTICA_1,26WUUUUUORTICA1F,B11,,8.0,,MAW,PT60M,10YIT-GRTN-----B,IT
2020-01-01T22:00:00+00:00,UP_PRCLCDLSSI_1,26WUPRCLCDLSSI1T,B19,,2.0,,MAW,PT60M,10YIT-GRTN-----B,IT
2020-01-01T22:00:00+00:00,UP_PRESENZAN_1,26WUUPRESENZAN11,B10,,250.0,,MAW,PT60M,10YIT-GRTN-----B,IT
2020-01-01T22:00:00+00:00,UP_RATINO_1,26WUUUUURATINO1O,B04,,160.0,,MAW,PT60M,10YIT-GRTN-----B,IT
2020-01-01T22:00:00+00:00,UP_RIVADEL_3,26WUUUURIVADEL38,B10,,1.0,,MAW,PT60M,10YIT-GRTN-----B,IT
2020-01-01T22:00:00+00:00,UP_RIZZICONI_1,26WUURIZZICONI1S,B04,,179.0,,MAW,PT60M,10YIT-GRTN-----B,IT
2020-01-01T22:00:00+00:00,UP_ROSEN_1,26WUUUUUUROSEN1B,B04,,157.0,,MAW,PT60M,10YIT-GRTN-----B,IT
2020-01-01T22:00:00+00:00,UP_S.F._DEL_2,26WUUUS-F--DEL24,B06,,58.0,,MAW,PT60M,10YIT-GRTN-----B,IT
2020-01-01T22:00:00+00:00,UP_S.FIORANO_1,26WUUZ-FIORANO1X,B10,,5.0,,MAW,PT60M,10YIT-GRTN-----B,IT
2020-01-01T22:00:00+00:00,UP_SCTNPWPFRR_2,26WUSCTNPWPFRR28,B04,,175.0,,MAW,PT60M,10YIT-GRTN-----B,IT
2020-01-01T22:00:00+00:00,UP_SERMIDE_4,26WUUUUSERMIDE4M,B04,,179.0,,MAW,PT60M,10YIT-GRTN-----B,IT
2020-01-01T22:00:00+00:00,UP_SFRNGNRZNE_2,26WUSZRNGNRZNE21,B12,,5.0,,MAW,PT60M,10YIT-GRTN-----B,IT
2020-01-01T22:00:00+00:00,UP_SGIACOMO_3,26WUUUSGIACOMO3I,B10,,12.0,,MAW,PT60M,10YIT-GRTN-----B,IT
2020-01-01T22:00:00+00:00,UP_SMRICRICHI_1,26WUSMRICRICHI16,B04,,249.0,,MAW,PT60M,10YIT-GRTN-----B,IT
2020-01-01T22:00:00+00:00,UP_SOVERZENE_1,26WUUSOVERZENE1M,B12,,128.0,,MAW,PT60M,10YIT-GRTN-----B,IT
2020-01-01T22:00:00+00:00,UP_SPARANISE_1,26WUUSPARANISE1Q,B04,,225.0,,MAW,PT60M,10YIT-GRTN-----B,IT
2020-01-01T22:00:00+00:00,UP_SRGNPGLCNT_1,26WUSRGNPGLCNT1P,B04,,214.0,,MAW,PT60M,10YIT-GRTN-----B,IT
2020-01-01T22:00:00+00:00,UP_TAVAZZANO_5,26WUUTAVAZZANO5Z,B04,,226.0,,MAW,PT60M,10YIT-GRTN-----B,IT
2020-01-01T22:00:00+00:00,UP_TORBOLE_1,26WUUUUTORBOLE1H,B11,,0.0,,MAW,PT60M,10YIT-GRTN-----B,IT
2020-01-01T22:00:00+00:00,UP_TORINONORD_1,26WUTORINONORD1C,B04,,263.0,,MAW,PT60M,10YIT-GRTN-----B,IT
2020-01-01T22:00:00+00:00,UP_TORVISCOSA_1,26WUTORVISCOSA1F,B04,,507.0,,MAW,PT60M,10YIT-GRTN-----B,IT
2020-01-01T22:00:00+00:00,UP_TRMVLRZZTR_3,26WUTRMVLRZZTR3M,B20,,79.0,,MAW,PT60M,10YIT-GRTN-----B,IT
2020-01-01T22:00:00+00:00,UP_TRRVLDLIGA_6,26WUTRRVLDLIGA63,B04,,85.0,,MAW,PT60M,10YIT-GRTN-----B,IT
2020-01-01T22:00:00+00:00,UP_VALMALENCO_1,26WUVALMALENCO17,B11,,1.0,,MAW,PT60M,10YIT-GRTN-----B,IT
2020-01-01T22:00:00+00:00,UP_VOGHERA_1,26WUUUUVOGHERA14,B04,,240.0,,MAW,PT60M,10YIT-GRTN-----B,IT
2020-01-01T23:00:00+00:00,UP_ANAPO_C.L_1,26WUUANAPO-C-L1O,B10,,149.0,,MAW,PT60M,10YIT-GRTN-----B,IT
2020-01-01T23:00:00+00:00,UP_BDDSLDSRDI_1,26WUBDDSLDSRDI17,B19,,1.0,,MAW,PT60M,10YIT-GRTN-----B,IT
2020-01-01T23:00:00+00:00,UP_CARDANO_1,26WUUUUCARDANO16,B11,,69.0,,MAW,PT60M,10YIT-GRTN-----B,IT
2020-01-01T23:00:00+00:00,UP_CCGTPRILIA_1,26WUCCGTPRILIA15,B04,,193.0,,MAW,PT60M,10YIT-GRTN-----B,IT
2020-01-01T23:00:00+00:00,UP_CET2_1,26WUUUUUUUCET21O,B03,,1.0,,MAW,PT60M,10YIT-GRTN-----B,IT
2020-01-01T23:00:00+00:00,UP_CNTRLDSCND_2,26WUCNTRLDSCND24,B04,,256.0,,MAW,PT60M,10YIT-GRTN-----B,IT
2020-01-01T23:00:00+00:00,UP_CNTRLDTVRL_1,26WUCNTRLDTVRL1D,B04,,159.0,,MAW,PT60M,10YIT-GRTN-----B,IT
2020-01-01T23:00:00+00:00,UP_CTNUCENORD_2,26WUCTNUCENORD2R,B04,,121.0,,MAW,PT60M,10YIT-GRTN-----B,IT
2020-01-01T23:00:00+00:00,UP_CTNUCENORD_3,26WUCTNUCENORD3P,B04,,133.0,,MAW,PT60M,10YIT-GRTN-----B,IT
2020-01-01T23:00:00+00:00,UP_GALLETO_2,26WUUUUGALLETO2T,B11,,0.0,,MAW,PT60M,10YIT-GRTN-----B,IT
2020-01-01T23:00:00+00:00,UP_GARGNANO_1,26WUUUGARGNANO18,B10,,67.0,,MAW,PT60M,10YIT-GRTN-----B,IT
2020-01-01T23:00:00+00:00,UP_GISSI_2,26WUUUUUUGISSI27,B04,,237.0,,MAW,PT60M,10YIT-GRTN-----B,IT
2020-01-01T23:00:00+00:00,UP_LIRO_1,26WUUUUUUULIRO13,B11,,15.0,,MAW,PT60M,10YIT-GRTN-----B,IT
2020-01-01T23:00:00+00:00,UP_MONCALIERI_3,26WUMONCALIERI36,B04,,232.0,,MAW,PT60M,10YIT-GRTN-----B,IT
2020-01-01T23:00:00+00:00,UP_MONCALRPW_2,26WUUMONCALRPW2S,B04,,246.0,,MAW,PT60M,10YIT-GRTN-----B,IT
2020-01-01T23:00:00+00:00,UP_NAPOLIL_4,26WUUUUNAPOLIL48,B04,,190.0,,MAW,PT60M,10YIT-GRTN-----B,IT
2020-01-01T23:00:00+00:00,UP_NCTLVRNFRR_1,26WUNCTLVRNFRR1D,B04,,212.0,,MAW,PT60M,10YIT-GRTN-----B,IT
2020-01-01T23:00:00+00:00,UP_NERAVELINO_1,26WUNERAVELINO11,B11,,8.0,,MAW,PT60M,10YIT-GRTN-----B,IT
2020-01-01T23:00:00+00:00,UP_NPWRBRNDSI_8,26WUNPWRBRNDSI82,B04,,184.0,,MAW,PT60M,10YIT-GRTN-----B,IT
2020-01-01T23:00:00+00:00,UP_NPWRBRNDSI_9,26WUNPWRBRNDSI90,B04,,209.0,,MAW,PT60M,10YIT-GRTN-----B,IT
2020-01-01T23:00:00+00:00,UP_NPWRFRRRRB_9,26WUNPWRFRRRRB9A,B04,,123.0,,MAW,PT60M,10YIT-GRTN-----B,IT
2020-01-01T23:00:00+00:00,UP_NPWRMNTOVA_3,26WUNPWRMNTOVA3L,B04,,169.0,,MAW,PT60M,10YIT-GRTN-----B,IT
2020-01-01T23:00:00+00:00,UP_NPWRRVENNA_10,26WNPWRRVENNA10P,B04,,151.0,,MAW,PT60M,10YIT-GRTN-----B,IT
2020-01-01T23:00:00+00:00,UP_NPWRRVENNA_11,26WNPWRRVENNA11N,B04,,149.0,,MAW,PT60M,10YIT-GRTN-----B,IT
2020-01-01T23:00:00+00:00,UP_ORTICA_1,26WUUUUUORTICA1F,B11,,0.0,,MAW,PT60M,10YIT-GRTN-----B,IT
2020-01-01T23:00:00+00:00,UP_PRCLCDLSSI_1,26WUPRCLCDLSSI1T,B19,,1.0,,MAW,PT60M,10YIT-GRTN-----B,IT
2020-01-01T23:00:00+00:00,UP_RATINO_1,26WUUUUURATINO1O,B04,,17.0,,MAW,PT60M,10YIT-GRTN-----B,IT
2020-01-01T23:00:00+00:00,UP_RIVADEL_3,26WUUUURIVADEL38,B10,,0.0,,MAW,PT60M,10YIT-GRTN-----B,IT
2020-01-01T23:00:00+00:00,UP_RIZZICONI_1,26WUURIZZICONI1S,B04,,178.0,,MAW,PT60M,10YIT-GRTN-----B,IT
2020-01-01T23:00:00+00:00,UP_ROSEN_1,26WUUUUUUROSEN1B,B04,,153.0,,MAW,PT60M,10YIT-GRTN-----B,IT
2020-01-01T23:00:00+00:00,UP_S.F._DEL_2,26WUUUS-F--DEL24,B06,,59.0,,MAW,PT60M,10YIT-GRTN-----B,IT
2020-01-01T23:00:00+00:00,UP_S.FIORANO_1,26WUUZ-FIORANO1X,B10,,6.0,,MAW,PT60M,10YIT-GRTN-----B,IT
2020-01-01T23:00:00+00:00,UP_SERMIDE_4,26WUUUUSERMIDE4M,B04,,181.0,,MAW,PT60M,10YIT-GRTN-----B,IT
2020-01-01T23:00:00+00:00,UP_SFRNGNRZNE_2,26WUSZRNGNRZNE21,B12,,6.0,,MAW,PT60M,10YIT-GRTN-----B,IT
2020-01-01T23:00:00+00:00,UP_SMRICRICHI_1,26WUSMRICRICHI16,B04,,320.0,,MAW,PT60M,10YIT-GRTN-----B,IT
2020-01-01T23:00:00+00:00,UP_SOVERZENE_1,26WUUSOVERZENE1M,B12,,124.0,,MAW,PT60M,10YIT-GRTN-----B,IT
2020-01-01T23:00:00+00:00,UP_SPARANISE_1,26WUUSPARANISE1Q,B04,,13.0,,MAW,PT60M,10YIT-GRTN-----B,IT
2020-01-01T23:00:00+00:00,UP_TAVAZZANO_5,26WUUTAVAZZANO5Z,B04,,238.0,,MAW,PT60M,10YIT-GRTN-----B,IT
2020-01-01T23:00:00+00:00,UP_TERMINI_I_6,26WUUTERMINI-I6D,B04,,19.0,,MAW,PT60M,10YIT-GRTN-----B,IT
2020-01-01T23:00:00+00:00,UP_TORINONORD_1,26WUTORINONORD1C,B04,,185.0,,MAW,PT60M,10YIT-GRTN-----B,IT
2020-01-01T23:00:00+00:00,UP_TORVISCOSA_1,26WUTORVISCOSA1F,B04,,366.0,,MAW,PT60M,10YIT-GRTN-----B,IT
2020-01-01T23:00:00+00:00,UP_TRMVLRZZTR_3,26WUTRMVLRZZTR3M,B20,,81.0,,MAW,PT60M,10YIT-GRTN-----B,IT
2020-01-01T23:00:00+00:00,UP_TRRVLDLIGA_6,26WUTRRVLDLIGA63,B04,,170.0,,MAW,PT60M,10YIT-GRTN-----B,IT
2020-01-01T23:00:00+00:00,UP_VALCAMONICA_1,26WVALCAMONICA1Y,B11,,10.0,,MAW,PT60M,10YIT-GRTN-----B,IT
2020-01-01T23:00:00+00:00,UP_VALMALENCO_1,26WUVALMALENCO17,B11,,84.0,,MAW,PT60M,10YIT-GRTN-----B,IT
2020-01-01T23:00:00+00:00,UP_VOGHERA_1,26WUUUUVOGHERA14,B04,,192.0,,MAW,PT60M,10YIT-GRTN-----B,IT
2020-01-01T00:00:00+00:00,Bełchatów B02,19W000000000020O,B02,,0.0,,MAW,PT60M,10YPL-AREA-----S,PL
2020-01-01T00:00:00+00:00,Bełchatów B03,19W000000000021M,B02,,218.4,,MAW,PT60M,10YPL-AREA-----S,PL
2020-01-01T00:00:00+00:00,Bełchatów B04,19W000000000022K,B02,,236.9,,MAW,PT60M,10YPL-AREA-----S,PL
2020-01-01T00:00:00+00:00,Bełchatów B05,19W000000000023I,B02,,0.0,,MAW,PT60M,10YPL-AREA-----S,PL
2020-01-01T00:00:00+00:00,Bełchatów B06,19W000000000024G,B02,,205.82,,MAW,PT60M,10YPL-AREA-----S,PL
2020-01-01T00:00:00+00:00,Bełchatów B07,19W000000000025E,B02,,0.0,,MAW,PT60M,10YPL-AREA-----S,PL
2020-01-01T00:00:00+00:00,Bełchatów B08,19W000000000026C,B02,,215.4,,MAW,PT60M,10YPL-AREA-----S,PL
2020-01-01T00:00:00+00:00,Bełchatów B09,19W000000000027A,B02,,0.0,,MAW,PT60M,10YPL-AREA-----S,PL
2020-01-01T00:00:00+00:00,Bełchatów B10,19W0000000000288,B02,,223.5,,MAW,PT60M,10YPL-AREA-----S,PL
2020-01-01T00:00:00+00:00,Bełchatów B11,19W0000000000296,B02,,215.48,,MAW,PT60M,10YPL-AREA-----S,PL
2020-01-01T00:00:00+00:00,Bełchatów B12,19W000000000030L,B02,,243.0,,MAW,PT60M,10YPL-AREA-----S,PL
2020-01-01T00:00:00+00:00,Bełchatów B14,19W000000000032H,B02,,0.0,,MAW,PT60M,10YPL-AREA-----S,PL
2020-01-01T00:00:00+00:00,Chorzów B1,19W0000000000377,B05,,77.64,,MAW,PT60M,10YPL-AREA-----S,PL
2020-01-01T00:00:00+00:00,Chorzów B2,19W0000000000385,B05,,72.29,,MAW,PT60M,10YPL-AREA-----S,PL
2020-01-01T00:00:00+00:00,Dolna Odra B1,19W0000000000458,B05,,0.0,,MAW,PT60M,10YPL-AREA-----S,PL
2020-01-01T00:00:00+00:00,Dolna Odra B2,19W0000000000474,B05,,0.0,,MAW,PT60M,10YPL-AREA-----S,PL
2020-01-01T00:00:00+00:00,Dolna Odra B5,19W0000000000490,B05,,108.66,,MAW,PT60M,10YPL-AREA-----S,PL
2020-01-01T00:00:00+00:00,Dolna Odra B6,19W000000000051D,B05,,0.0,,MAW,PT60M,10YPL-AREA-----S,PL
2020-01-01T00:00:00+00:00,Dolna Odra B7,19W0000000000539,B05,,0.0,,MAW,PT60M,10YPL-AREA-----S,PL
2020-01-01T00:00:00+00:00,Dolna Odra B8,19W0000000000555,B05,,126.66,,MAW,PT60M,10YPL-AREA-----S,PL
2020-01-01T00:00:00+00:00,Dychów H1,19W0000000002620,B10,,0.0,,MAW,PT60M,10YPL-AREA-----S,PL
2020-01-01T00:00:00+00:00,Dychów H2,19W000000000263Z,B10,,0.0,,MAW,PT60M,10YPL-AREA-----S,PL
2020-01-01T00:00:00+00:00,Dychów H3,19W000000000273W,B10,,0.0,,MAW,PT60M,10YPL-AREA-----S,PL
2020-01-01T00:00:00+00:00,EC Stalowa Wola B12,19W000000000277O,B04,,0.0,,MAW,PT60M,10YPL-AREA-----S,PL
2020-01-01T00:00:00+00:00,EC Wrotków B1,19W000000000110N,B04,,179.08,,MAW,PT60M,10YPL-AREA-----S,PL
2020-01-01T00:00:00+00:00,EC Włocławek B1,19W000000000257U,B04,,368.49,,MAW,PT60M,10YPL-AREA-----S,PL
2020-01-01T00:00:00+00:00,Jaworzno 2 JWCD B7,19W000000000288J,B05,,0.0,,MAW,PT60M,10YPL-AREA-----S,PL
2020-01-01T00:00:00+00:00,Jaworzno 3 B1,19W0000000000652,B05,,0.0,,MAW,PT60M,10YPL-AREA-----S,PL
2020-01-01T00:00:00+00:00,Jaworzno 3 B2,19W0000000000660,B05,,0.0,,MAW,PT60M,10YPL-AREA-----S,PL
2020-01-01T00:00:00+00:00,Jaworzno 3 B3,19W0000000000644,B05,,0.0,,MAW,PT60M,10YPL-AREA-----S,PL
2020-01-01T00:00:00+00:00,Jaworzno 3 B4,19W000000000067Z,B05,,0.0,,MAW,PT60M,10YPL-AREA-----S,PL
2020-01-01T00:00:00+00:00,Jaworzno 3 B5,19W000000000068X,B05,,141.7,,MAW,PT60M,10YPL-AREA-----S,PL
2020-01-01T00:00:00+00:00,Jaworzno 3 B6,19W000000000069V,B05,,0.0,,MAW,PT60M,10YPL-AREA-----S,PL
2020-01-01T00:00:00+00:00,Karolin B2,19W0000000000709,B05,,61.47,,MAW,PT60M,10YPL-AREA-----S,PL
2020-01-01T00:00:00+00:00,Karolin B3,19W0000000000717,B05,,77.42,,MAW,PT60M,10YPL-AREA-----S,PL
2020-01-01T00:00:00+00:00,Katowice B1,19W000000000077W,B05,,82.92,,MAW,PT60M,10YPL-AREA-----S,PL
2020-01-01T00:00:00+00:00,Kozienice 1 B1,19W000000000098O,B05,,143.74,,MAW,PT60M,10YPL-AREA-----S,PL
2020-01-01T00:00:00+00:00,Kozienice 1 B2,19W000000000096S,B05,,0.0,,MAW,PT60M,10YPL-AREA-----S,PL
2020-01-01T00:00:00+00:00,Kozienice 1 B3,19W000000000099M,B05,,0.0,,MAW,PT60M,10YPL-AREA-----S,PL
2020-01-01T00:00:00+00:00,Kozienice 1 B4,19W000000000100Q,B05,,0.0,,MAW,PT60M,10YPL-AREA-----S,PL
2020-01-01T00:00:00+00:00,Kozienice 1 B5,19W000000000101O,B05,,143.56,,MAW,PT60M,10YPL-AREA-----S,PL
2020-01-01T00:00:00+00:00,Kozienice 1 B6,19W000000000097Q,B05,,139.25,,MAW,PT60M,10YPL-AREA-----S,PL
2020-01-01T00:00:00+00:00,Kozienice 1 B7,19W000000000102M,B05,,0.0,,MAW,PT60M,10YPL-AREA-----S,PL
2020-01-01T00:00:00+00:00,Kozienice 1 B8,19W000000000103K,B05,,142.72,,MAW,PT60M,10YPL-AREA-----S,PL
2020-01-01T00:00:00+00:00,Kozienice 2 B09,19W0000000002329,B05,,0.0,,MAW,PT60M,10YPL-AREA-----S,PL
2020-01-01T00:00:00+00:00,Kozienice 2 B10,19W000000000105G,B05,,0.0,,MAW,PT60M,10YPL-AREA-----S,PL
2020-01-01T00:00:00+00:00,Kozienice 2 B11,19W000000000278M,B05,,0.0,,MAW,PT60M,10YPL-AREA-----S,PL
2020-01-01T00:00:00+00:00,Kraków Łęg B1,19W0000000000830,B05,,0.0,,MAW,PT60M,10YPL-AREA-----S,PL
2020-01-01T00:00:00+00:00,Kraków Łęg B2,19W000000000086V,B05,,72.88,,MAW,PT60M,10YPL-AREA-----S,PL
2020-01-01T00:00:00+00:00,Kraków Łęg B3,19W000000000089P,B05,,78.78,,MAW,PT60M,10YPL-AREA-----S,PL
2020-01-01T00:00:00+00:00,Kraków Łęg B4,19W000000000093Y,B05,,85.94,,MAW,PT60M,10YPL-AREA-----S,PL
2020-01-01T00:00:00+00:00,Opole B1,19W000000000130H,B05,,0.0,,MAW,PT60M,10YPL-AREA-----S,PL
2020-01-01T00:00:00+00:00,Opole B2,19W000000000131F,B05,,182.6,,MAW,PT60M,10YPL-AREA-----S,PL
2020-01-01T00:00:00+00:00,Opole B3,19W000000000132D,B05,,183.84,,MAW,PT60M,10YPL-AREA-----S,PL
2020-01-01T00:00:00+00:00,Opole B4,19W000000000133B,B05,,0.0,,MAW,PT60M,10YPL-AREA-----S,PL
2020-01-01T00:00:00+00:00,Opole B5,19W000000000285P,B05,,0.0,,MAW,PT60M,10YPL-AREA-----S,PL
2020-01-01T00:00:00+00:00,Opole B6,19W000000000286N,B05,,0.0,,MAW,PT60M,10YPL-AREA-----S,PL
2020-01-01T00:00:00+00:00,Ostrołęka B B01,19W0000000001381,B05,,0.0,,MAW,PT60M,10YPL-AREA-----S,PL
2020-01-01T00:00:00+00:00,Ostrołęka B B02,19W000000000141C,B05,,0.0,,MAW,PT60M,10YPL-AREA-----S,PL
2020-01-01T00:00:00+00:00,Ostrołęka B B03,19W0000000001365,B05,,131.06,,MAW,PT60M,10YPL-AREA-----S,PL
2020-01-01T00:00:00+00:00,Porąbka Żar H1,19W000000000248V,B10,,0.0,,MAW,PT60M,10YPL-AREA-----S,PL
2020-01-01T00:00:00+00:00,Porąbka Żar H2,19W000000000249T,B10,,0.0,,MAW,PT60M,10YPL-AREA-----S,PL
2020-01-01T00:00:00+00:00,Porąbka Żar H3,19W0000000002507,B10,,0.0,,MAW,PT60M,10YPL-AREA-----S,PL
2020-01-01T00:00:00+00:00,Porąbka Żar H4,19W0000000002523,B10,,0.0,,MAW,PT60M,10YPL-AREA-----S,PL
2020-01-01T00:00:00+00:00,Połaniec 2 blok 9,19W000000000166X,B01,,188.78,,MAW,PT60M,10YPL-AREA-----S,PL
2020-01-01T00:00:00+00:00,Połaniec B1,19W0000000001535,B05,,0.0,,MAW,PT60M,10YPL-AREA-----S,PL
2020-01-01T00:00:00+00:00,Połaniec B2,19W0000000001551,B05,,176.89,,MAW,PT60M,10YPL-AREA-----S,PL
2020-01-01T00:00:00+00:00,Połaniec B3,19W000000000157Y,B05,,174.2,,MAW,PT60M,10YPL-AREA-----S,PL
2020-01-01T00:00:00+00:00,Połaniec B4,19W000000000158W,B05,,0.0,,MAW,PT60M,10YPL-AREA-----S,PL
2020-01-01T00:00:00+00:00,Połaniec B5,19W0000000001616,B05,,0.0,,MAW,PT60M,10YPL-AREA-----S,PL
2020-01-01T00:00:00+00:00,Połaniec B6,19W0000000001624,B05,,162.34,,MAW,PT60M,10YPL-AREA-----S,PL
2020-01-01T00:00:00+00:00,Połaniec B7,19W0000000001640,B05,,0.0,,MAW,PT60M,10YPL-AREA-----S,PL
2020-01-01T00:00:00+00:00,Pątnów 1 B1,19W0000000001438,B02,,0.0,,MAW,PT60M,10YPL-AREA-----S,PL
2020-01-01T00:00:00+00:00,Pątnów 1 B2,19W0000000001454,B02,,139.86,,MAW,PT60M,10YPL-AREA-----S,PL
2020-01-01T00:00:00+00:00,Pątnów 1 B3,19W0000000001446,B02,,0.0,,MAW,PT60M,10YPL-AREA-----S,PL
2020-01-01T00:00:00+00:00,Pątnów 1 B4,19W0000000001462,B02,,0.0,,MAW,PT60M,10YPL-AREA-----S,PL
2020-01-01T00:00:00+00:00,Pątnów 1 B5,19W0000000001470,B02,,0.0,,MAW,PT60M,10YPL-AREA-----S,PL
2020-01-01T00:00:00+00:00,Pątnów 1 B6,19W000000000148Z,B02,,0.0,,MAW,PT60M,10YPL-AREA-----S,PL
2020-01-01T00:00:00+00:00,Pątnów 2 B9,19W000000000150B,B02,,208.4,,MAW,PT60M,10YPL-AREA-----S,PL
2020-01-01T00:00:00+00:00,Płock B01,19W000000000279K,B04,,323.06,,MAW,PT60M,10YPL-AREA-----S,PL
2020-01-01T00:00:00+00:00,Rybnik B1,19W0000000001721,B05,,0.0,,MAW,PT60M,10YPL-AREA-----S,PL
2020-01-01T00:00:00+00:00,Rybnik B2,19W000000000174Y,B05,,0.0,,MAW,PT60M,10YPL-AREA-----S,PL
2020-01-01T00:00:00+00:00,Rybnik B3,19W000000000175W,B05,,137.3,,MAW,PT60M,10YPL-AREA-----S,PL
2020-01-01T00:00:00+00:00,Rybnik B4,19W000000000176U,B05,,0.0,,MAW,PT60M,10YPL-AREA-----S,PL
2020-01-01T00:00:00+00:00,Rybnik B5,19W000000000177S,B05,,136.8,,MAW,PT60M,10YPL-AREA-----S,PL
2020-01-01T00:00:00+00:00,Rybnik B6,19W000000000178Q,B05,,0.0,,MAW,PT60M,10YPL-AREA-----S,PL
2020-01-01T00:00:00+00:00,Rybnik B7,19W000000000179O,B05,,0.0,,MAW,PT60M,10YPL-AREA-----S,PL
2020-01-01T00:00:00+00:00,Rybnik B8,19W0000000001802,B05,,0.0,,MAW,PT60M,10YPL-AREA-----S,PL
2020-01-01T00:00:00+00:00,Siekierki B07,19W000000000221E,B05,,109.0,,MAW,PT60M,10YPL-AREA-----S,PL
2020-01-01T00:00:00+00:00,Siekierki B08,19W000000000223A,B05,,80.0,,MAW,PT60M,10YPL-AREA-----S,PL
2020-01-01T00:00:00+00:00,Siekierki B09,19W0000000002256,B05,,101.0,,MAW,PT60M,10YPL-AREA-----S,PL
2020-01-01T00:00:00+00:00,Siekierki B10,19W0000000002272,B05,,106.0,,MAW,PT60M,10YPL-AREA-----S,PL
2020-01-01T00:00:00+00:00,Siersza B1,19W0000000001810,B05,,36.6,,MAW,PT60M,10YPL-AREA-----S,PL
2020-01-01T00:00:00+00:00,Siersza B2,19W000000000182Z,B05,,49.3,,MAW,PT60M,10YPL-AREA-----S,PL
2020-01-01T00:00:00+00:00,Siersza B3,19W000000000183X,B05,,0.0,,MAW,PT60M,10YPL-AREA-----S,PL
2020-01-01T00:00:00+00:00,Siersza B6,19W000000000184V,B05,,0.0,,MAW,PT60M,10YPL-AREA-----S,PL
2020-01-01T00:00:00+00:00,Skawina Tg3,19W000000000187P,B05,,0.0,,MAW,PT60M,10YPL-AREA-----S,PL
2020-01-01T00:00:00+00:00,Skawina Tg5,19W000000000191Y,B05,,65.29,,MAW,PT60M,10YPL-AREA-----S,PL
2020-01-01T00:00:00+00:00,Skawina Tg6,19W000000000192W,B05,,68.96,,MAW,PT60M,10YPL-AREA-----S,PL
2020-01-01T00:00:00+00:00,Solina H1,19W000000000264X,B12,,0.0,,MAW,PT60M,10YPL-AREA-----S,PL
2020-01-01T00:00:00+00:00,Solina H2,19W000000000265V,B12,,0.0,,MAW,PT60M,10YPL-AREA-----S,PL
2020-01-01T00:00:00+00:00,Solina H3,19W000000000266T,B10,,0.0,,MAW,PT60M,10YPL-AREA-----S,PL
2020-01-01T00:00:00+00:00,Solina H4,19W000000000267R,B10,,0.0,,MAW,PT60M,10YPL-AREA-----S,PL
2020-01-01T00:00:00+00:00,Stalowa Wola 3 B7,19W000000000194S,B05,,0.0,,MAW,PT60M,10YPL-AREA-----S,PL
2020-01-01T00:00:00+00:00,Stalowa Wola 3 B8,19W000000000196O,B05,,76.85,,MAW,PT60M,10YPL-AREA-----S,PL
2020-01-01T00:00:00+00:00,Turów B01,19W000000000201K,B02,,0.0,,MAW,PT60M,10YPL-AREA-----S,PL
2020-01-01T00:00:00+00:00,Turów B02,19W000000000203G,B02,,0.0,,MAW,PT60M,10YPL-AREA-----S,PL
2020-01-01T00:00:00+00:00,Turów B03,19W000000000205C,B02,,0.0,,MAW,PT60M,10YPL-AREA-----S,PL
2020-01-01T00:00:00+00:00,Turów B04,19W0000000002078,B02,,114.24,,MAW,PT60M,10YPL-AREA-----S,PL
2020-01-01T00:00:00+00:00,Turów B05,19W0000000002094,B02,,98.27,,MAW,PT60M,10YPL-AREA-----S,PL
2020-01-01T00:00:00+00:00,Turów B06,19W000000000211H,B02,,114.6,,MAW,PT60M,10YPL-AREA-----S,PL
2020-01-01T00:00:00+00:00,Wrocław Bl2,19W0000000002159,B05,,75.75,,MAW,PT60M,10YPL-AREA-----S,PL
2020-01-01T00:00:00+00:00,Wrocław Bl3,19W0000000002175,B05,,84.43,,MAW,PT60M,10YPL-AREA-----S,PL
2020-01-01T00:00:00+00:00,Zielona Góra BGP,19W000000000231B,B04,,103.96,,MAW,PT60M,10YPL-AREA-----S,PL
2020-01-01T00:00:00+00:00,Łagisza B10,19W000000000115D,B05,,434.0,,MAW,PT60M,10YPL-AREA-----S,PL
2020-01-01T00:00:00+00:00,Łagisza B6,19W000000000113H,B05,,0.0,,MAW,PT60M,10YPL-AREA-----S,PL
2020-01-01T00:00:00+00:00,Łagisza B7,19W000000000114F,B05,,0.0,,MAW,PT60M,10YPL-AREA-----S,PL
2020-01-01T00:00:00+00:00,Łaziska 3 B09,19W000000000121I,B05,,0.0,,MAW,PT60M,10YPL-AREA-----S,PL
2020-01-01T00:00:00+00:00,Łaziska 3 B10,19W000000000122G,B05,,0.0,,MAW,PT60M,10YPL-AREA-----S,PL
2020-01-01T00:00:00+00:00,Łaziska 3 B11,19W000000000124C,B05,,0.0,,MAW,PT60M,10YPL-AREA-----S,PL
2020-01-01T00:00:00+00:00,Łaziska 3 B12,19W0000000001268,B05,,137.2,,MAW,PT60M,10YPL-AREA-----S,PL
2020-01-01T00:00:00+00:00,Łódź-4 B03,19W000000000108A,B05,,36.4,,MAW,PT60M,10YPL-AREA-----S,PL
2020-01-01T00:00:00+00:00,Żarnowiec H1,19W0000000002434,B10,,0.0,,MAW,PT60M,10YPL-AREA-----S,PL
2020-01-01T00:00:00+00:00,Żarnowiec H2,19W0000000002442,B10,,0.0,,MAW,PT60M,10YPL-AREA-----S,PL
2020-01-01T00:00:00+00:00,Żarnowiec H3,19W0000000002450,B10,,0.0,,MAW,PT60M,10YPL-AREA-----S,PL
2020-01-01T00:00:00+00:00,Żarnowiec H4,19W000000000246Z,B10,,0.0,,MAW,PT60M,10YPL-AREA-----S,PL
2020-01-01T00:00:00+00:00,Żydowo H1,19W000000000268P,B10,,0.0,,MAW,PT60M,10YPL-AREA-----S,PL
2020-01-01T00:00:00+00:00,Żydowo H2,19W000000000269N,B10,,0.0,,MAW,PT60M,10YPL-AREA-----S,PL
2020-01-01T00:00:00+00:00,Żydowo H3,19W0000000002701,B12,,0.0,,MAW,PT60M,10YPL-AREA-----S,PL
2020-01-01T00:00:00+00:00,,19W0000000001179,B05,,0.0,,MAW,PT60M,10YPL-AREA-----S,PL
2020-01-01T00:00:00+00:00,,19W0000000001187,B05,,0.0,,MAW,PT60M,10YPL-AREA-----S,PL
2020-01-01T01:00:00+00:00,Bełchatów B03,19W000000000021M,B02,,195.4,,MAW,PT60M,10YPL-AREA-----S,PL
2020-01-01T01:00:00+00:00,Bełchatów B04,19W000000000022K,B02,,204.9,,MAW,PT60M,10YPL-AREA-----S,PL
2020-01-01T01:00:00+00:00,Bełchatów B06,19W000000000024G,B02,,194.23,,MAW,PT60M,10YPL-AREA-----S,PL
2020-01-01T01:00:00+00:00,Bełchatów B08,19W000000000026C,B02,,227.2,,MAW,PT60M,10YPL-AREA-----S,PL
2020-01-01T01:00:00+00:00,Bełchatów B10,19W0000000000288,B02,,221.7,,MAW,PT60M,10YPL-AREA-----S,PL
2020-01-01T01:00:00+00:00,Bełchatów B11,19W0000000000296,B02,,227.86,,MAW,PT60M,10YPL-AREA-----S,PL
2020-01-01T01:00:00+00:00,Bełchatów B12,19W000000000030L,B02,,240.0,,MAW,PT60M,10YPL-AREA-----S,PL
2020-01-01T01:00:00+00:00,Chorzów B1,19W0000000000377,B05,,74.88,,MAW,PT60M,10YPL-AREA-----S,PL
2020-01-01T01:00:00+00:00,Chorzów B2,19W0000000000385,B05,,75.08,,MAW,PT60M,10YPL-AREA-----S,PL
2020-01-01T01:00:00+00:00,Dolna Odra B5,19W0000000000490,B05,,104.08,,MAW,PT60M,10YPL-AREA-----S,PL
2020-01-01T01:00:00+00:00,Dolna Odra B8,19W0000000000555,B05,,119.82,,MAW,PT60M,10YPL-AREA-----S,PL
2020-01-01T01:00:00+00:00,EC Wrotków B1,19W000000000110N,B04,,179.14,,MAW,PT60M,10YPL-AREA-----S,PL
2020-01-01T01:00:00+00:00,EC Włocławek B1,19W000000000257U,B04,,358.24,,MAW,PT60M,10YPL-AREA-----S,PL
2020-01-01T01:00:00+00:00,Jaworzno 3 B5,19W000000000068X,B05,,137.2,,MAW,PT60M,10YPL-AREA-----S,PL
2020-01-01T01:00:00+00:00,Karolin B2,19W0000000000709,B05,,61.46,,MAW,PT60M,10YPL-AREA-----S,PL
2020-01-01T01:00:00+00:00,Karolin B3,19W0000000000717,B05,,77.64,,MAW,PT60M,10YPL-AREA-----S,PL
2020-01-01T01:00:00+00:00,Katowice B1,19W000000000077W,B05,,82.81,,MAW,PT60M,10YPL-AREA-----S,PL
2020-01-01T01:00:00+00:00,Kozienice 1 B1,19W000000000098O,B05,,139.35,,MAW,PT60M,10YPL-AREA-----S,PL
2020-01-01T01:00:00+00:00,Kozienice 1 B5,19W000000000101O,B05,,139.36,,MAW,PT60M,10YPL-AREA-----S,PL
2020-01-01T01:00:00+00:00,Kozienice 1 B6,19W000000000097Q,B05,,134.66,,MAW,PT60M,10YPL-AREA-----S,PL
2020-01-01T01:00:00+00:00,Kozienice 1 B8,19W000000000103K,B05,,138.28,,MAW,PT60M,10YPL-AREA-----S,PL
2020-01-01T01:00:00+00:00,Kraków Łęg B2,19W000000000086V,B05,,72.44,,MAW,PT60M,10YPL-AREA-----S,PL
2020-01-01T01:00:00+00:00,Kraków Łęg B3,19W000000000089P,B05,,78.9,,MAW,PT60M,10YPL-AREA-----S,PL
2020-01-01T01:00:00+00:00,Kraków Łęg B4,19W000000000093Y,B05,,85.34,,MAW,PT60M,10YPL-AREA-----S,PL
2020-01-01T01:00:00+00:00,Opole B2,19W000000000131F,B05,,176.7,,MAW,PT60M,10YPL-AREA-----S,PL
2020-01-01T01:00:00+00:00,Opole B3,19W000000000132D,B05,,177.82,,MAW,PT60M,10YPL-AREA-----S,PL
2020-01-01T01:00:00+00:00,Ostrołęka B B03,19W0000000001365,B05,,126.31,,MAW,PT60M,10YPL-AREA-----S,PL
2020-01-01T01:00:00+00:00,Połaniec 2 blok 9,19W000000000166X,B01,,189.02,,MAW,PT60M,10YPL-AREA-----S,PL
2020-01-01T01:00:00+00:00,Połaniec B2,19W0000000001551,B05,,176.46,,MAW,PT60M,10YPL-AREA-----S,PL
2020-01-01T01:00:00+00:00,Połaniec B3,19W000000000157Y,B05,,172.96,,MAW,PT60M,10YPL-AREA-----S,PL
2020-01-01T01:00:00+00:00,Połaniec B6,19W0000000001624,B05,,158.58,,MAW,PT60M,10YPL-AREA-----S,PL
2020-01-01T01:00:00+00:00,Pątnów 1 B2,19W0000000001454,B02,,135.93,,MAW,PT60M,10YPL-AREA-----S,PL
2020-01-01T01:00:00+00:00,Pątnów 2 B9,19W000000000150B,B02,,195.6,,MAW,PT60M,10YPL-AREA-----S,PL
2020-01-01T01:00:00+00:00,Płock B01,19W000000000279K,B04,,313.67,,MAW,PT60M,10YPL-AREA-----S,PL
2020-01-01T01:00:00+00:00,Rybnik B3,19W000000000175W,B05,,132.7,,MAW,PT60M,10YPL-AREA-----S,PL
2020-01-01T01:00:00+00:00,Rybnik B5,19W000000000177S,B05,,132.3,,MAW,PT60M,10YPL-AREA-----S,PL
2020-01-01T01:00:00+00:00,Siekierki B07,19W000000000221E,B05,,108.0,,MAW,PT60M,10YPL-AREA-----S,PL
2020-01-01T01:00:00+00:00,Siekierki B08,19W000000000223A,B05,,82.0,,MAW,PT60M,10YPL-AREA-----S,PL
2020-01-01T01:00:00+00:00,Siekierki B10,19W0000000002272,B05,,107.0,,MAW,PT60M,10YPL-AREA-----S,PL
2020-01-01T01:00:00+00:00,Siersza B1,19W0000000001810,B05,,50.0,,MAW,PT60M,10YPL-AREA-----S,PL
2020-01-01T01:00:00+00:00,Siersza B2,19W000000000182Z,B05,,1.6,,MAW,PT60M,10YPL-AREA-----S,PL
2020-01-01T01:00:00+00:00,Skawina Tg5,19W000000000191Y,B05,,65.7,,MAW,PT60M,10YPL-AREA-----S,PL
2020-01-01T01:00:00+00:00,Skawina Tg6,19W000000000192W,B05,,68.76,,MAW,PT60M,10YPL-AREA-----S,PL
2020-01-01T01:00:00+00:00,Stalowa Wola 3 B8,19W000000000196O,B05,,76.86,,MAW,PT60M,10YPL-AREA-----S,PL
2020-01-01T01:00:00+00:00,Turów B04,19W0000000002078,B02,,110.82,,MAW,PT60M,10YPL-AREA-----S,PL
2020-01-01T01:00:00+00:00,Turów B05,19W0000000002094,B02,,94.75,,MAW,PT60M,10YPL-AREA-----S,PL
2020-01-01T01:00:00+00:00,Turów B06,19W000000000211H,B02,,110.8,,MAW,PT60M,10YPL-AREA-----S,PL
2020-01-01T01:00:00+00:00,Wrocław Bl2,19W0000000002159,B05,,75.67,,MAW,PT60M,10YPL-AREA-----S,PL
2020-01-01T01:00:00+00:00,Wrocław Bl3,19W0000000002175,B05,,83.89,,MAW,PT60M,10YPL-AREA-----S,PL
2020-01-01T01:00:00+00:00,Zielona Góra BGP,19W000000000231B,B04,,104.7,,MAW,PT60M,10YPL-AREA-----S,PL
2020-01-01T01:00:00+00:00,Łagisza B10,19W000000000115D,B05,,433.0,,MAW,PT60M,10YPL-AREA-----S,PL
2020-01-01T01:00:00+00:00,Łaziska 3 B12,19W0000000001268,B05,,133.2,,MAW,PT60M,10YPL-AREA-----S,PL
2020-01-01T01:00:00+00:00,Łódź-4 B03,19W000000000108A,B05,,42.2,,MAW,PT60M,10YPL-AREA-----S,PL
2020-01-01T02:00:00+00:00,Bełchatów B03,19W000000000021M,B02,,191.6,,MAW,PT60M,10YPL-AREA-----S,PL
2020-01-01T02:00:00+00:00,Bełchatów B04,19W000000000022K,B02,,191.3,,MAW,PT60M,10YPL-AREA-----S,PL
2020-01-01T02:00:00+00:00,Bełchatów B06,19W000000000024G,B02,,190.0,,MAW,PT60M,10YPL-AREA-----S,PL
2020-01-01T02:00:00+00:00,Bełchatów B08,19W000000000026C,B02,,200.2,,MAW,PT60M,10YPL-AREA-----S,PL
2020-01-01T02:00:00+00:00,Bełchatów B10,19W0000000000288,B02,,201.8,,MAW,PT60M,10YPL-AREA-----S,PL
2020-01-01T02:00:00+00:00,Bełchatów B11,19W0000000000296,B02,,200.52,,MAW,PT60M,10YPL-AREA-----S,PL
2020-01-01T02:00:00+00:00,Bełchatów B12,19W000000000030L,B02,,211.0,,MAW,PT60M,10YPL-AREA-----S,PL
2020-01-01T02:00:00+00:00,Chorzów B1,19W0000000000377,B05,,74.44,,MAW,PT60M,10YPL-AREA-----S,PL
2020-01-01T02:00:00+00:00,Chorzów B2,19W0000000000385,B05,,75.58,,MAW,PT60M,10YPL-AREA-----S,PL
2020-01-01T02:00:00+00:00,Dolna Odra B5,19W0000000000490,B05,,101.9,,MAW,PT60M,10YPL-AREA-----S,PL
2020-01-01T02:00:00+00:00,Dolna Odra B8,19W0000000000555,B05,,114.03,,MAW,PT60M,10YPL-AREA-----S,PL
2020-01-01T02:00:00+00:00,EC Wrotków B1,19W000000000110N,B04,,179.08,,MAW,PT60M,10YPL-AREA-----S,PL
2020-01-01T02:00:00+00:00,EC Włocławek B1,19W000000000257U,B04,,351.19,,MAW,PT60M,10YPL-AREA-----S,PL
2020-01-01T02:00:00+00:00,Jaworzno 3 B5,19W000000000068X,B05,,135.3,,MAW,PT60M,10YPL-AREA-----S,PL
2020-01-01T02:00:00+00:00,Karolin B2,19W0000000000709,B05,,60.9,,MAW,PT60M,10YPL-AREA-----S,PL
2020-01-01T02:00:00+00:00,Karolin B3,19W0000000000717,B05,,77.4,,MAW,PT60M,10YPL-AREA-----S,PL
2020-01-01T02:00:00+00:00,Katowice B1,19W000000000077W,B05,,83.07,,MAW,PT60M,10YPL-AREA-----S,PL
2020-01-01T02:00:00+00:00,Kozienice 1 B1,19W000000000098O,B05,,136.01,,MAW,PT60M,10YPL-AREA-----S,PL
2020-01-01T02:00:00+00:00,Kozienice 1 B5,19W000000000101O,B05,,136.08,,MAW,PT60M,10YPL-AREA-----S,PL
2020-01-01T02:00:00+00:00,Kozienice 1 B6,19W000000000097Q,B05,,131.54,,MAW,PT60M,10YPL-AREA-----S,PL
2020-01-01T02:00:00+00:00,Kozienice 1 B8,19W000000000103K,B05,,135.0,,MAW,PT60M,10YPL-AREA-----S,PL
2020-01-01T02:00:00+00:00,Kraków Łęg B2,19W000000000086V,B05,,72.16,,MAW,PT60M,10YPL-AREA-----S,PL
2020-01-01T02:00:00+00:00,Kraków Łęg B3,19W000000000089P,B05,,79.31,,MAW,PT60M,10YPL-AREA-----S,PL
2020-01-01T02:00:00+00:00,Kraków Łęg B4,19W000000000093Y,B05,,85.94,,MAW,PT60M,10YPL-AREA-----S,PL
2020-01-01T02:00:00+00:00,Opole B2,19W000000000131F,B05,,170.3,,MAW,PT60M,10YPL-AREA-----S,PL
2020-01-01T02:00:00+00:00,Opole B3,19W000000000132D,B05,,171.44,,MAW,PT60M,10YPL-AREA-----S,PL
2020-01-01T02:00:00+00:00,Ostrołęka B B03,19W0000000001365,B05,,126.24,,MAW,PT60M,10YPL-AREA-----S,PL
2020-01-01T02:00:00+00:00,Połaniec 2 blok 9,19W000000000166X,B01,,189.52,,MAW,PT60M,10YPL-AREA-----S,PL
2020-01-01T02:00:00+00:00,Połaniec B2,19W0000000001551,B05,,144.99,,MAW,PT60M,10YPL-AREA-----S,PL
2020-01-01T02:00:00+00:00,Połaniec B3,19W000000000157Y,B05,,149.42,,MAW,PT60M,10YPL-AREA-----S,PL
2020-01-01T02:00:00+00:00,Połaniec B6,19W0000000001624,B05,,153.36,,MAW,PT60M,10YPL-AREA-----S,PL
2020-01-01T02:00:00+00:00,Pątnów 1 B2,19W0000000001454,B02,,125.54,,MAW,PT60M,10YPL-AREA-----S,PL
2020-01-01T02:00:00+00:00,Pątnów 2 B9,19W000000000150B,B02,,180.3,,MAW,PT60M,10YPL-AREA-----S,PL
2020-01-01T02:00:00+00:00,Płock B01,19W000000000279K,B04,,304.01,,MAW,PT60M,10YPL-AREA-----S,PL
2020-01-01T02:00:00+00:00,Rybnik B3,19W000000000175W,B05,,130.2,,MAW,PT60M,10YPL-AREA-----S,PL
2020-01-01T02:00:00+00:00,Rybnik B5,19W000000000177S,B05,,129.6,,MAW,PT60M,10YPL-AREA-----S,PL
2020-01-01T02:00:00+00:00,Siekierki B07,19W000000000221E,B05,,110.0,,MAW,PT60M,10YPL-AREA-----S,PL
2020-01-01T02:00:00+00:00,Siekierki B09,19W0000000002256,B05,,105.0,,MAW,PT60M,10YPL-AREA-----S,PL
2020-01-01T02:00:00+00:00,Siekierki B10,19W0000000002272,B05,,106.0,,MAW,PT60M,10YPL-AREA-----S,PL
2020-01-01T02:00:00+00:00,Siersza B1,19W0000000001810,B05,,49.2,,MAW,PT60M,10YPL-AREA-----S,PL
2020-01-01T02:00:00+00:00,Siersza B2,19W000000000182Z,B05,,0.0,,MAW,PT60M,10YPL-AREA-----S,PL
2020-01-01T02:00:00+00:00,Skawina Tg5,19W000000000191Y,B05,,64.3,,MAW,PT60M,10YPL-AREA-----S,PL
2020-01-01T02:00:00+00:00,Skawina Tg6,19W000000000192W,B05,,69.66,,MAW,PT60M,10YPL-AREA-----S,PL
2020-01-01T02:00:00+00:00,Stalowa Wola 3 B8,19W000000000196O,B05,,76.87,,MAW,PT60M,10YPL-AREA-----S,PL
2020-01-01T02:00:00+00:00,Turów B04,19W0000000002078,B02,,106.88,,MAW,PT60M,10YPL-AREA-----S,PL
2020-01-01T02:00:00+00:00,Turów B05,19W0000000002094,B02,,90.71,,MAW,PT60M,10YPL-AREA-----S,PL
2020-01-01T02:00:00+00:00,Turów B06,19W000000000211H,B02,,106.7,,MAW,PT60M,10YPL-AREA-----S,PL
2020-01-01T02:00:00+00:00,Wrocław Bl2,19W0000000002159,B05,,76.55,,MAW,PT60M,10YPL-AREA-----S,PL
2020-01-01T02:00:00+00:00,Wrocław Bl3,19W0000000002175,B05,,84.38,,MAW,PT60M,10YPL-AREA-----S,PL
2020-01-01T02:00:00+00:00,Zielona Góra BGP,19W000000000231B,B04,,103.44,,MAW,PT60M,10YPL-AREA-----S,PL
2020-01-01T02:00:00+00:00,Łagisza B10,19W000000000115D,B05,,372.0,,MAW,PT60M,10YPL-AREA-----S,PL
2020-01-01T02:00:00+00:00,Łaziska 3 B12,19W0000000001268,B05,,131.4,,MAW,PT60M,10YPL-AREA-----S,PL
2020-01-01T02:00:00+00:00,Łódź-4 B03,19W000000000108A,B05,,42.9,,MAW,PT60M,10YPL-AREA-----S,PL
2020-01-01T03:00:00+00:00,Bełchatów B03,19W000000000021M,B02,,194.7,,MAW,PT60M,10YPL-AREA-----S,PL
2020-01-01T03:00:00+00:00,Bełchatów B04,19W000000000022K,B02,,193.6,,MAW,PT60M,10YPL-AREA-----S,PL
2020-01-01T03:00:00+00:00,Bełchatów B06,19W000000000024G,B02,,192.47,,MAW,PT60M,10YPL-AREA-----S,PL
2020-01-01T03:00:00+00:00,Bełchatów B08,19W000000000026C,B02,,204.2,,MAW,PT60M,10YPL-AREA-----S,PL
2020-01-01T03:00:00+00:00,Bełchatów B10,19W0000000000288,B02,,205.0,,MAW,PT60M,10YPL-AREA-----S,PL
2020-01-01T03:00:00+00:00,Bełchatów B11,19W0000000000296,B02,,203.6,,MAW,PT60M,10YPL-AREA-----S,PL
2020-01-01T03:00:00+00:00,Bełchatów B12,19W000000000030L,B02,,214.0,,MAW,PT60M,10YPL-AREA-----S,PL
2020-01-01T03:00:00+00:00,Chorzów B1,19W0000000000377,B05,,74.18,,MAW,PT60M,10YPL-AREA-----S,PL
2020-01-01T03:00:00+00:00,Chorzów B2,19W0000000000385,B05,,75.78,,MAW,PT60M,10YPL-AREA-----S,PL
2020-01-01T03:00:00+00:00,Dolna Odra B5,19W0000000000490,B05,,102.63,,MAW,PT60M,10YPL-AREA-----S,PL
2020-01-01T03:00:00+00:00,Dolna Odra B8,19W0000000000555,B05,,118.4,,MAW,PT60M,10YPL-AREA-----S,PL
2020-01-01T03:00:00+00:00,EC Wrotków B1,19W000000000110N,B04,,177.65,,MAW,PT60M,10YPL-AREA-----S,PL
2020-01-01T03:00:00+00:00,EC Włocławek B1,19W000000000257U,B04,,356.28,,MAW,PT60M,10YPL-AREA-----S,PL
2020-01-01T03:00:00+00:00,Jaworzno 3 B5,19W000000000068X,B05,,135.7,,MAW,PT60M,10YPL-AREA-----S,PL
2020-01-01T03:00:00+00:00,Karolin B2,19W0000000000709,B05,,51.66,,MAW,PT60M,10YPL-AREA-----S,PL
2020-01-01T03:00:00+00:00,Karolin B3,19W0000000000717,B05,,70.83,,MAW,PT60M,10YPL-AREA-----S,PL
2020-01-01T03:00:00+00:00,Katowice B1,19W000000000077W,B05,,83.09,,MAW,PT60M,10YPL-AREA-----S,PL
2020-01-01T03:00:00+00:00,Kozienice 1 B1,19W000000000098O,B05,,138.45,,MAW,PT60M,10YPL-AREA-----S,PL
2020-01-01T03:00:00+00:00,Kozienice 1 B5,19W000000000101O,B05,,138.34,,MAW,PT60M,10YPL-AREA-----S,PL
2020-01-01T03:00:00+00:00,Kozienice 1 B6,19W000000000097Q,B05,,133.88,,MAW,PT60M,10YPL-AREA-----S,PL
2020-01-01T03:00:00+00:00,Kozienice 1 B8,19W000000000103K,B05,,137.37,,MAW,PT60M,10YPL-AREA-----S,PL
2020-01-01T03:00:00+00:00,Kraków Łęg B2,19W000000000086V,B05,,71.46,,MAW,PT60M,10YPL-AREA-----S,PL
2020-01-01T03:00:00+00:00,Kraków Łęg B3,19W000000000089P,B05,,78.29,,MAW,PT60M,10YPL-AREA-----S,PL
2020-01-01T03:00:00+00:00,Kraków Łęg B4,19W000000000093Y,B05,,85.38,,MAW,PT60M,10YPL-AREA-----S,PL
2020-01-01T03:00:00+00:00,Opole B2,19W000000000131F,B05,,174.8,,MAW,PT60M,10YPL-AREA-----S,PL
2020-01-01T03:00:00+00:00,Opole B3,19W000000000132D,B05,,176.08,,MAW,PT60M,10YPL-AREA-----S,PL
2020-01-01T03:00:00+00:00,Ostrołęka B B03,19W0000000001365,B05,,126.2,,MAW,PT60M,10YPL-AREA-----S,PL
2020-01-01T03:00:00+00:00,Połaniec 2 blok 9,19W000000000166X,B01,,191.91,,MAW,PT60M,10YPL-AREA-----S,PL
2020-01-01T03:00:00+00:00,Połaniec B2,19W0000000001551,B05,,141.31,,MAW,PT60M,10YPL-AREA-----S,PL
2020-01-01T03:00:00+00:00,Połaniec B3,19W000000000157Y,B05,,138.59,,MAW,PT60M,10YPL-AREA-----S,PL
2020-01-01T03:00:00+00:00,Połaniec B6,19W0000000001624,B05,,155.6,,MAW,PT60M,10YPL-AREA-----S,PL
2020-01-01T03:00:00+00:00,Pątnów 1 B2,19W0000000001454,B02,,121.18,,MAW,PT60M,10YPL-AREA-----S,PL
2020-01-01T03:00:00+00:00,Pątnów 2 B9,19W000000000150B,B02,,184.3,,MAW,PT60M,10YPL-AREA-----S,PL
2020-01-01T03:00:00+00:00,Płock B01,19W000000000279K,B04,,310.78,,MAW,PT60M,10YPL-AREA-----S,PL
2020-01-01T03:00:00+00:00,Rybnik B3,19W000000000175W,B05,,131.6,,MAW,PT60M,10YPL-AREA-----S,PL
2020-01-01T03:00:00+00:00,Rybnik B5,19W000000000177S,B05,,130.9,,MAW,PT60M,10YPL-AREA-----S,PL
2020-01-01T03:00:00+00:00,Siekierki B07,19W000000000221E,B05,,112.0,,MAW,PT60M,10YPL-AREA-----S,PL
2020-01-01T03:00:00+00:00,Siekierki B08,19W000000000223A,B05,,80.0,,MAW,PT60M,10YPL-AREA-----S,PL
2020-01-01T03:00:00+00:00,Siekierki B09,19W0000000002256,B05,,104.0,,MAW,PT60M,10YPL-AREA-----S,PL
2020-01-01T03:00:00+00:00,Siekierki B10,19W0000000002272,B05,,104.0,,MAW,PT60M,10YPL-AREA-----S,PL
2020-01-01T03:00:00+00:00,Skawina Tg5,19W000000000191Y,B05,,64.67,,MAW,PT60M,10YPL-AREA-----S,PL
2020-01-01T03:00:00+00:00,Skawina Tg6,19W000000000192W,B05,,70.05,,MAW,PT60M,10YPL-AREA-----S,PL
2020-01-01T03:00:00+00:00,Stalowa Wola 3 B8,19W000000000196O,B05,,76.75,,MAW,PT60M,10YPL-AREA-----S,PL
2020-01-01T03:00:00+00:00,Turów B04,19W0000000002078,B02,,109.1,,MAW,PT60M,10YPL-AREA-----S,PL
2020-01-01T03:00:00+00:00,Turów B05,19W0000000002094,B02,,93.33,,MAW,PT60M,10YPL-AREA-----S,PL
2020-01-01T03:00:00+00:00,Turów B06,19W000000000211H,B02,,109.6,,MAW,PT60M,10YPL-AREA-----S,PL
2020-01-01T03:00:00+00:00,Wrocław Bl2,19W0000000002159,B05,,76.3,,MAW,PT60M,10YPL-AREA-----S,PL
2020-01-01T03:00:00+00:00,Wrocław Bl3,19W0000000002175,B05,,84.22,,MAW,PT60M,10YPL-AREA-----S,PL
2020-01-01T03:00:00+00:00,Zielona Góra BGP,19W000000000231B,B04,,102.85,,MAW,PT60M,10YPL-AREA-----S,PL
2020-01-01T03:00:00+00:00,Łagisza B10,19W000000000115D,B05,,228.0,,MAW,PT60M,10YPL-AREA-----S,PL
2020-01-01T03:00:00+00:00,Łaziska 3 B12,19W0000000001268,B05,,131.8,,MAW,PT60M,10YPL-AREA-----S,PL
2020-01-01T03:00:00+00:00,Łódź-4 B03,19W000000000108A,B05,,44.1,,MAW,PT60M,10YPL-AREA-----S,PL
2020-01-01T04:00:00+00:00,Bełchatów B03,19W000000000021M,B02,,195.6,,MAW,PT60M,10YPL-AREA-----S,PL
2020-01-01T04:00:00+00:00,Bełchatów B04,19W000000000022K,B02,,193.7,,MAW,PT60M,10YPL-AREA-----S,PL
2020-01-01T04:00:00+00:00,Bełchatów B06,19W000000000024G,B02,,193.44,,MAW,PT60M,10YPL-AREA-----S,PL
2020-01-01T04:00:00+00:00,Bełchatów B08,19W000000000026C,B02,,204.1,,MAW,PT60M,10YPL-AREA-----S,PL
2020-01-01T04:00:00+00:00,Bełchatów B10,19W0000000000288,B02,,204.4,,MAW,PT60M,10YPL-AREA-----S,PL
2020-01-01T04:00:00+00:00,Bełchatów B11,19W0000000000296,B02,,203.85,,MAW,PT60M,10YPL-AREA-----S,PL
2020-01-01T04:00:00+00:00,Chorzów B1,19W0000000000377,B05,,74.37,,MAW,PT60M,10YPL-AREA-----S,PL
2020-01-01T04:00:00+00:00,Chorzów B2,19W0000000000385,B05,,75.68,,MAW,PT60M,10YPL-AREA-----S,PL
2020-01-01T04:00:00+00:00,Dolna Odra B5,19W0000000000490,B05,,102.22,,MAW,PT60M,10YPL-AREA-----S,PL
2020-01-01T04:00:00+00:00,Dolna Odra B8,19W0000000000555,B05,,118.36,,MAW,PT60M,10YPL-AREA-----S,PL
2020-01-01T04:00:00+00:00,EC Wrotków B1,19W000000000110N,B04,,175.23,,MAW,PT60M,10YPL-AREA-----S,PL
2020-01-01T04:00:00+00:00,EC Włocławek B1,19W000000000257U,B04,,355.03,,MAW,PT60M,10YPL-AREA-----S,PL
2020-01-01T04:00:00+00:00,Jaworzno 3 B5,19W000000000068X,B05,,135.2,,MAW,PT60M,10YPL-AREA-----S,PL
2020-01-01T04:00:00+00:00,Karolin B2,19W0000000000709,B05,,51.45,,MAW,PT60M,10YPL-AREA-----S,PL
2020-01-01T04:00:00+00:00,Karolin B3,19W0000000000717,B05,,69.88,,MAW,PT60M,10YPL-AREA-----S,PL
2020-01-01T04:00:00+00:00,Katowice B1,19W000000000077W,B05,,84.14,,MAW,PT60M,10YPL-AREA-----S,PL
2020-01-01T04:00:00+00:00,Kozienice 1 B1,19W000000000098O,B05,,137.71,,MAW,PT60M,10YPL-AREA-----S,PL
2020-01-01T04:00:00+00:00,Kozienice 1 B5,19W000000000101O,B05,,137.56,,MAW,PT60M,10YPL-AREA-----S,PL
2020-01-01T04:00:00+00:00,Kozienice 1 B6,19W000000000097Q,B05,,133.31,,MAW,PT60M,10YPL-AREA-----S,PL
2020-01-01T04:00:00+00:00,Kozienice 1 B8,19W000000000103K,B05,,136.97,,MAW,PT60M,10YPL-AREA-----S,PL
2020-01-01T04:00:00+00:00,Kraków Łęg B2,19W000000000086V,B05,,72.49,,MAW,PT60M,10YPL-AREA-----S,PL
2020-01-01T04:00:00+00:00,Kraków Łęg B3,19W000000000089P,B05,,78.78,,MAW,PT60M,10YPL-AREA-----S,PL
2020-01-01T04:00:00+00:00,Kraków Łęg B4,19W000000000093Y,B05,,86.94,,MAW,PT60M,10YPL-AREA-----S,PL
2020-01-01T04:00:00+00:00,Opole B2,19W000000000131F,B05,,175.4,,MAW,PT60M,10YPL-AREA-----S,PL
2020-01-01T04:00:00+00:00,Opole B3,19W000000000132D,B05,,176.43,,MAW,PT60M,10YPL-AREA-----S,PL
2020-01-01T04:00:00+00:00,Ostrołęka B B03,19W0000000001365,B05,,126.21,,MAW,PT60M,10YPL-AREA-----S,PL
2020-01-01T04:00:00+00:00,Połaniec 2 blok 9,19W000000000166X,B01,,200.88,,MAW,PT60M,10YPL-AREA-----S,PL
2020-01-01T04:00:00+00:00,Połaniec B2,19W0000000001551,B05,,140.95,,MAW,PT60M,10YPL-AREA-----S,PL
2020-01-01T04:00:00+00:00,Połaniec B3,19W000000000157Y,B05,,138.9,,MAW,PT60M,10YPL-AREA-----S,PL
2020-01-01T04:00:00+00:00,Pątnów 1 B2,19W0000000001454,B02,,121.54,,MAW,PT60M,10YPL-AREA-----S,PL
2020-01-01T04:00:00+00:00,Pątnów 2 B9,19W000000000150B,B02,,184.8,,MAW,PT60M,10YPL-AREA-----S,PL
2020-01-01T04:00:00+00:00,Płock B01,19W000000000279K,B04,,311.75,,MAW,PT60M,10YPL-AREA-----S,PL
2020-01-01T04:00:00+00:00,Rybnik B3,19W000000000175W,B05,,130.7,,MAW,PT60M,10YPL-AREA-----S,PL
2020-01-01T04:00:00+00:00,Rybnik B5,19W000000000177S,B05,,130.1,,MAW,PT60M,10YPL-AREA-----S,PL
2020-01-01T04:00:00+00:00,Siekierki B07,19W000000000221E,B05,,113.0,,MAW,PT60M,10YPL-AREA-----S,PL
2020-01-01T04:00:00+00:00,Siekierki B08,19W000000000223A,B05,,78.0,,MAW,PT60M,10YPL-AREA-----S,PL
2020-01-01T04:00:00+00:00,Siekierki B09,19W0000000002256,B05,,105.0,,MAW,PT60M,10YPL-AREA-----S,PL
2020-01-01T04:00:00+00:00,Siekierki B10,19W0000000002272,B05,,103.0,,MAW,PT60M,10YPL-AREA-----S,PL
2020-01-01T04:00:00+00:00,Skawina Tg5,19W000000000191Y,B05,,64.95,,MAW,PT60M,10YPL-AREA-----S,PL
2020-01-01T04:00:00+00:00,Skawina Tg6,19W000000000192W,B05,,69.92,,MAW,PT60M,10YPL-AREA-----S,PL
2020-01-01T04:00:00+00:00,Stalowa Wola 3 B8,19W000000000196O,B05,,76.83,,MAW,PT60M,10YPL-AREA-----S,PL
2020-01-01T04:00:00+00:00,Turów B04,19W0000000002078,B02,,109.84,,MAW,PT60M,10YPL-AREA-----S,PL
2020-01-01T04:00:00+00:00,Turów B05,19W0000000002094,B02,,94.12,,MAW,PT60M,10YPL-AREA-----S,PL
2020-01-01T04:00:00+00:00,Turów B06,19W000000000211H,B02,,110.0,,MAW,PT60M,10YPL-AREA-----S,PL
2020-01-01T04:00:00+00:00,Wrocław Bl2,19W0000000002159,B05,,76.89,,MAW,PT60M,10YPL-AREA-----S,PL
2020-01-01T04:00:00+00:00,Wrocław Bl3,19W0000000002175,B05,,83.46,,MAW,PT60M,10YPL-AREA-----S,PL
2020-01-01T04:00:00+00:00,Zielona Góra BGP,19W000000000231B,B04,,102.8,,MAW,PT60M,10YPL-AREA-----S,PL
2020-01-01T04:00:00+00:00,Łagisza B10,19W000000000115D,B05,,222.0,,MAW,PT60M,10YPL-AREA-----S,PL
2020-01-01T04:00:00+00:00,Łaziska 3 B12,19W0000000001268,B05,,131.5,,MAW,PT60M,10YPL-AREA-----S,PL
2020-01-01T04:00:00+00:00,Łódź-4 B03,19W000000000108A,B05,,60.6,,MAW,PT60M,10YPL-AREA-----S,PL
2020-01-01T05:00:00+00:00,Bełchatów B03,19W000000000021M,B02,,195.9,,MAW,PT60M,10YPL-AREA-----S,PL
2020-01-01T05:00:00+00:00,Bełchatów B04,19W000000000022K,B02,,195.0,,MAW,PT60M,10YPL-AREA-----S,PL
2020-01-01T05:00:00+00:00,Bełchatów B06,19W000000000024G,B02,,194.4,,MAW,PT60M,10YPL-AREA-----S,PL
2020-01-01T05:00:00+00:00,Bełchatów B08,19W000000000026C,B02,,206.0,,MAW,PT60M,10YPL-AREA-----S,PL
2020-01-01T05:00:00+00:00,Bełchatów B10,19W0000000000288,B02,,206.5,,MAW,PT60M,10YPL-AREA-----S,PL
2020-01-01T05:00:00+00:00,Bełchatów B11,19W0000000000296,B02,,205.48,,MAW,PT60M,10YPL-AREA-----S,PL
2020-01-01T05:00:00+00:00,Bełchatów B12,19W000000000030L,B02,,215.0,,MAW,PT60M,10YPL-AREA-----S,PL
2020-01-01T05:00:00+00:00,Chorzów B1,19W0000000000377,B05,,74.38,,MAW,PT60M,10YPL-AREA-----S,PL
2020-01-01T05:00:00+00:00,Chorzów B2,19W0000000000385,B05,,75.56,,MAW,PT60M,10YPL-AREA-----S,PL
2020-01-01T05:00:00+00:00,Dolna Odra B5,19W0000000000490,B05,,104.36,,MAW,PT60M,10YPL-AREA-----S,PL
2020-01-01T05:00:00+00:00,Dolna Odra B8,19W0000000000555,B05,,120.85,,MAW,PT60M,10YPL-AREA-----S,PL
2020-01-01T05:00:00+00:00,EC Wrotków B1,19W000000000110N,B04,,175.12,,MAW,PT60M,10YPL-AREA-----S,PL
2020-01-01T05:00:00+00:00,EC Włocławek B1,19W000000000257U,B04,,359.63,,MAW,PT60M,10YPL-AREA-----S,PL
2020-01-01T05:00:00+00:00,Jaworzno 3 B5,19W000000000068X,B05,,137.7,,MAW,PT60M,10YPL-AREA-----S,PL
2020-01-01T05:00:00+00:00,Karolin B2,19W0000000000709,B05,,51.43,,MAW,PT60M,10YPL-AREA-----S,PL
2020-01-01T05:00:00+00:00,Karolin B3,19W0000000000717,B05,,69.82,,MAW,PT60M,10YPL-AREA-----S,PL
2020-01-01T05:00:00+00:00,Katowice B1,19W000000000077W,B05,,85.0,,MAW,PT60M,10YPL-AREA-----S,PL
2020-01-01T05:00:00+00:00,Kozienice 1 B1,19W000000000098O,B05,,139.93,,MAW,PT60M,10YPL-AREA-----S,PL
2020-01-01T05:00:00+00:00,Kozienice 1 B5,19W000000000101O,B05,,139.63,,MAW,PT60M,10YPL-AREA-----S,PL
2020-01-01T05:00:00+00:00,Kozienice 1 B6,19W000000000097Q,B05,,135.23,,MAW,PT60M,10YPL-AREA-----S,PL
2020-01-01T05:00:00+00:00,Kozienice 1 B8,19W000000000103K,B05,,139.28,,MAW,PT60M,10YPL-AREA-----S,PL
2020-01-01T05:00:00+00:00,Kraków Łęg B2,19W000000000086V,B05,,72.02,,MAW,PT60M,10YPL-AREA-----S,PL
2020-01-01T05:00:00+00:00,Kraków Łęg B3,19W000000000089P,B05,,80.29,,MAW,PT60M,10YPL-AREA-----S,PL
2020-01-01T05:00:00+00:00,Kraków Łęg B4,19W000000000093Y,B05,,86.43,,MAW,PT60M,10YPL-AREA-----S,PL
2020-01-01T05:00:00+00:00,Opole B2,19W000000000131F,B05,,177.4,,MAW,PT60M,10YPL-AREA-----S,PL
2020-01-01T05:00:00+00:00,Opole B3,19W000000000132D,B05,,178.71,,MAW,PT60M,10YPL-AREA-----S,PL
2020-01-01T05:00:00+00:00,Ostrołęka B B03,19W0000000001365,B05,,126.38,,MAW,PT60M,10YPL-AREA-----S,PL
2020-01-01T05:00:00+00:00,Połaniec 2 blok 9,19W000000000166X,B01,,203.62,,MAW,PT60M,10YPL-AREA-----S,PL
2020-01-01T05:00:00+00:00,Połaniec B2,19W0000000001551,B05,,143.06,,MAW,PT60M,10YPL-AREA-----S,PL
2020-01-01T05:00:00+00:00,Połaniec B3,19W000000000157Y,B05,,140.5,,MAW,PT60M,10YPL-AREA-----S,PL
2020-01-01T05:00:00+00:00,Połaniec B6,19W0000000001624,B05,,157.21,,MAW,PT60M,10YPL-AREA-----S,PL
2020-01-01T05:00:00+00:00,Pątnów 1 B2,19W0000000001454,B02,,122.95,,MAW,PT60M,10YPL-AREA-----S,PL
2020-01-01T05:00:00+00:00,Pątnów 2 B9,19W000000000150B,B02,,185.3,,MAW,PT60M,10YPL-AREA-----S,PL
2020-01-01T05:00:00+00:00,Płock B01,19W000000000279K,B04,,315.17,,MAW,PT60M,10YPL-AREA-----S,PL
2020-01-01T05:00:00+00:00,Rybnik B3,19W000000000175W,B05,,133.4,,MAW,PT60M,10YPL-AREA-----S,PL
2020-01-01T05:00:00+00:00,Rybnik B5,19W000000000177S,B05,,132.8,,MAW,PT60M,10YPL-AREA-----S,PL
2020-01-01T05:00:00+00:00,Siekierki B07,19W000000000221E,B05,,110.0,,MAW,PT60M,10YPL-AREA-----S,PL
2020-01-01T05:00:00+00:00,Siekierki B08,19W000000000223A,B05,,79.0,,MAW,PT60M,10YPL-AREA-----S,PL
2020-01-01T05:00:00+00:00,Siekierki B10,19W0000000002272,B05,,102.0,,MAW,PT60M,10YPL-AREA-----S,PL
2020-01-01T05:00:00+00:00,Siersza B1,19W0000000001810,B05,,50.5,,MAW,PT60M,10YPL-AREA-----S,PL
2020-01-01T05:00:00+00:00,Skawina Tg5,19W000000000191Y,B05,,64.45,,MAW,PT60M,10YPL-AREA-----S,PL
2020-01-01T05:00:00+00:00,Skawina Tg6,19W000000000192W,B05,,69.69,,MAW,PT60M,10YPL-AREA-----S,PL
2020-01-01T05:00:00+00:00,Stalowa Wola 3 B8,19W000000000196O,B05,,76.82,,MAW,PT60M,10YPL-AREA-----S,PL
2020-01-01T05:00:00+00:00,Turów B04,19W0000000002078,B02,,111.08,,MAW,PT60M,10YPL-AREA-----S,PL
2020-01-01T05:00:00+00:00,Turów B05,19W0000000002094,B02,,95.55,,MAW,PT60M,10YPL-AREA-----S,PL
2020-01-01T05:00:00+00:00,Turów B06,19W000000000211H,B02,,111.3,,MAW,PT60M,10YPL-AREA-----S,PL
2020-01-01T05:00:00+00:00,Wrocław Bl2,19W0000000002159,B05,,75.69,,MAW,PT60M,10YPL-AREA-----S,PL
2020-01-01T05:00:00+00:00,Wrocław Bl3,19W0000000002175,B05,,84.98,,MAW,PT60M,10YPL-AREA-----S,PL
2020-01-01T05:00:00+00:00,Zielona Góra BGP,19W000000000231B,B04,,102.02,,MAW,PT60M,10YPL-AREA-----S,PL
2020-01-01T05:00:00+00:00,Łagisza B10,19W000000000115D,B05,,216.0,,MAW,PT60M,10YPL-AREA-----S,PL
2020-01-01T05:00:00+00:00,Łaziska 3 B12,19W0000000001268,B05,,133.7,,MAW,PT60M,10YPL-AREA-----S,PL
2020-01-01T05:00:00+00:00,Łódź-4 B03,19W000000000108A,B05,,61.5,,MAW,PT60M,10YPL-AREA-----S,PL
2020-01-01T06:00:00+00:00,Bełchatów B03,19W000000000021M,B02,,201.1,,MAW,PT60M,10YPL-AREA-----S,PL
2020-01-01T06:00:00+00:00,Bełchatów B04,19W000000000022K,B02,,199.7,,MAW,PT60M,10YPL-AREA-----S,PL
2020-01-01T06:00:00+00:00,Bełchatów B06,19W000000000024G,B02,,198.91,,MAW,PT60M,10YPL-AREA-----S,PL
2020-01-01T06:00:00+00:00,Bełchatów B08,19W000000000026C,B02,,209.6,,MAW,PT60M,10YPL-AREA-----S,PL
2020-01-01T06:00:00+00:00,Bełchatów B10,19W0000000000288,B02,,210.4,,MAW,PT60M,10YPL-AREA-----S,PL
2020-01-01T06:00:00+00:00,Bełchatów B11,19W0000000000296,B02,,209.59,,MAW,PT60M,10YPL-AREA-----S,PL
2020-01-01T06:00:00+00:00,Bełchatów B12,19W000000000030L,B02,,221.0,,MAW,PT60M,10YPL-AREA-----S,PL
2020-01-01T06:00:00+00:00,Chorzów B1,19W0000000000377,B05,,74.83,,MAW,PT60M,10YPL-AREA-----S,PL
2020-01-01T06:00:00+00:00,Chorzów B2,19W0000000000385,B05,,75.75,,MAW,PT60M,10YPL-AREA-----S,PL
2020-01-01T06:00:00+00:00,Dolna Odra B5,19W0000000000490,B05,,110.38,,MAW,PT60M,10YPL-AREA-----S,PL
2020-01-01T06:00:00+00:00,Dolna Odra B8,19W0000000000555,B05,,128.49,,MAW,PT60M,10YPL-AREA-----S,PL
2020-01-01T06:00:00+00:00,EC Wrotków B1,19W000000000110N,B04,,175.18,,MAW,PT60M,10YPL-AREA-----S,PL
2020-01-01T06:00:00+00:00,EC Włocławek B1,19W000000000257U,B04,,371.05,,MAW,PT60M,10YPL-AREA-----S,PL
2020-01-01T06:00:00+00:00,Jaworzno 3 B5,19W000000000068X,B05,,142.5,,MAW,PT60M,10YPL-AREA-----S,PL
2020-01-01T06:00:00+00:00,Karolin B2,19W0000000000709,B05,,51.36,,MAW,PT60M,10YPL-AREA-----S,PL
2020-01-01T06:00:00+00:00,Karolin B3,19W0000000000717,B05,,69.84,,MAW,PT60M,10YPL-AREA-----S,PL
2020-01-01T06:00:00+00:00,Katowice B1,19W000000000077W,B05,,85.03,,MAW,PT60M,10YPL-AREA-----S,PL
2020-01-01T06:00:00+00:00,Kozienice 1 B1,19W000000000098O,B05,,144.96,,MAW,PT60M,10YPL-AREA-----S,PL
2020-01-01T06:00:00+00:00,Kozienice 1 B5,19W000000000101O,B05,,144.78,,MAW,PT60M,10YPL-AREA-----S,PL
2020-01-01T06:00:00+00:00,Kozienice 1 B6,19W000000000097Q,B05,,140.59,,MAW,PT60M,10YPL-AREA-----S,PL
2020-01-01T06:00:00+00:00,Kozienice 1 B8,19W000000000103K,B05,,144.64,,MAW,PT60M,10YPL-AREA-----S,PL
2020-01-01T06:00:00+00:00,Kraków Łęg B2,19W000000000086V,B05,,72.0,,MAW,PT60M,10YPL-AREA-----S,PL
2020-01-01T06:00:00+00:00,Kraków Łęg B3,19W000000000089P,B05,,78.9,,MAW,PT60M,10YPL-AREA-----S,PL
2020-01-01T06:00:00+00:00,Kraków Łęg B4,19W000000000093Y,B05,,86.31,,MAW,PT60M,10YPL-AREA-----S,PL
2020-01-01T06:00:00+00:00,Opole B2,19W000000000131F,B05,,184.5,,MAW,PT60M,10YPL-AREA-----S,PL
2020-01-01T06:00:00+00:00,Opole B3,19W000000000132D,B05,,185.46,,MAW,PT60M,10YPL-AREA-----S,PL
2020-01-01T06:00:00+00:00,Ostrołęka B B03,19W0000000001365,B05,,131.73,,MAW,PT60M,10YPL-AREA-----S,PL
2020-01-01T06:00:00+00:00,Połaniec 2 blok 9,19W000000000166X,B01,,202.94,,MAW,PT60M,10YPL-AREA-----S,PL
2020-01-01T06:00:00+00:00,Połaniec B2,19W0000000001551,B05,,147.05,,MAW,PT60M,10YPL-AREA-----S,PL
2020-01-01T06:00:00+00:00,Połaniec B3,19W000000000157Y,B05,,145.05,,MAW,PT60M,10YPL-AREA-----S,PL
2020-01-01T06:00:00+00:00,Połaniec B6,19W0000000001624,B05,,161.76,,MAW,PT60M,10YPL-AREA-----S,PL
2020-01-01T06:00:00+00:00,Pątnów 1 B2,19W0000000001454,B02,,132.56,,MAW,PT60M,10YPL-AREA-----S,PL
2020-01-01T06:00:00+00:00,Pątnów 2 B9,19W000000000150B,B02,,190.1,,MAW,PT60M,10YPL-AREA-----S,PL
2020-01-01T06:00:00+00:00,Płock B01,19W000000000279K,B04,,325.39,,MAW,PT60M,10YPL-AREA-----S,PL
2020-01-01T06:00:00+00:00,Rybnik B3,19W000000000175W,B05,,138.8,,MAW,PT60M,10YPL-AREA-----S,PL
2020-01-01T06:00:00+00:00,Rybnik B5,19W000000000177S,B05,,138.6,,MAW,PT60M,10YPL-AREA-----S,PL
2020-01-01T06:00:00+00:00,Siekierki B07,19W000000000221E,B05,,113.0,,MAW,PT60M,10YPL-AREA-----S,PL
2020-01-01T06:00:00+00:00,Siekierki B09,19W0000000002256,B05,,104.0,,MAW,PT60M,10YPL-AREA-----S,PL
2020-01-01T06:00:00+00:00,Siersza B1,19W0000000001810,B05,,55.3,,MAW,PT60M,10YPL-AREA-----S,PL
2020-01-01T06:00:00+00:00,Skawina Tg6,19W000000000192W,B05,,69.6,,MAW,PT60M,10YPL-AREA-----S,PL
2020-01-01T06:00:00+00:00,Stalowa Wola 3 B8,19W000000000196O,B05,,76.86,,MAW,PT60M,10YPL-AREA-----S,PL
2020-01-01T06:00:00+00:00,Turów B04,19W0000000002078,B02,,115.94,,MAW,PT60M,10YPL-AREA-----S,PL
2020-01-01T06:00:00+00:00,Turów B05,19W0000000002094,B02,,100.25,,MAW,PT60M,10YPL-AREA-----S,PL
2020-01-01T06:00:00+00:00,Turów B06,19W000000000211H,B02,,116.3,,MAW,PT60M,10YPL-AREA-----S,PL
2020-01-01T06:00:00+00:00,Wrocław Bl2,19W0000000002159,B05,,75.64,,MAW,PT60M,10YPL-AREA-----S,PL
2020-01-01T06:00:00+00:00,Wrocław Bl3,19W0000000002175,B05,,85.59,,MAW,PT60M,10YPL-AREA-----S,PL
2020-01-01T06:00:00+00:00,Zielona Góra BGP,19W000000000231B,B04,,101.08,,MAW,PT60M,10YPL-AREA-----S,PL
2020-01-01T06:00:00+00:00,Łaziska 3 B12,19W0000000001268,B05,,139.5,,MAW,PT60M,10YPL-AREA-----S,PL
2020-01-01T06:00:00+00:00,Łódź-4 B03,19W000000000108A,B05,,61.7,,MAW,PT60M,10YPL-AREA-----S,PL
2020-01-01T07:00:00+00:00,Bełchatów B03,19W000000000021M,B02,,195.8,,MAW,PT60M,10YPL-AREA-----S,PL
2020-01-01T07:00:00+00:00,Bełchatów B04,19W000000000022K,B02,,194.5,,MAW,PT60M,10YPL-AREA-----S,PL
2020-01-01T07:00:00+00:00,Bełchatów B06,19W000000000024G,B02,,193.28,,MAW,PT60M,10YPL-AREA-----S,PL
2020-01-01T07:00:00+00:00,Bełchatów B08,19W000000000026C,B02,,204.0,,MAW,PT60M,10YPL-AREA-----S,PL
2020-01-01T07:00:00+00:00,Bełchatów B10,19W0000000000288,B02,,204.5,,MAW,PT60M,10YPL-AREA-----S,PL
2020-01-01T07:00:00+00:00,Bełchatów B11,19W0000000000296,B02,,203.96,,MAW,PT60M,10YPL-AREA-----S,PL
2020-01-01T07:00:00+00:00,Bełchatów B12,19W000000000030L,B02,,214.0,,MAW,PT60M,10YPL-AREA-----S,PL
2020-01-01T07:00:00+00:00,Chorzów B1,19W0000000000377,B05,,74.42,,MAW,PT60M,10YPL-AREA-----S,PL
2020-01-01T07:00:00+00:00,Chorzów B2,19W0000000000385,B05,,75.44,,MAW,PT60M,10YPL-AREA-----S,PL
2020-01-01T07:00:00+00:00,Dolna Odra B5,19W0000000000490,B05,,102.19,,MAW,PT60M,10YPL-AREA-----S,PL
2020-01-01T07:00:00+00:00,Dolna Odra B8,19W0000000000555,B05,,117.39,,MAW,PT60M,10YPL-AREA-----S,PL
2020-01-01T07:00:00+00:00,EC Wrotków B1,19W000000000110N,B04,,175.12,,MAW,PT60M,10YPL-AREA-----S,PL
2020-01-01T07:00:00+00:00,EC Włocławek B1,19W000000000257U,B04,,354.39,,MAW,PT60M,10YPL-AREA-----S,PL
2020-01-01T07:00:00+00:00,Jaworzno 3 B5,19W000000000068X,B05,,134.9,,MAW,PT60M,10YPL-AREA-----S,PL
2020-01-01T07:00:00+00:00,Karolin B2,19W0000000000709,B05,,51.27,,MAW,PT60M,10YPL-AREA-----S,PL
2020-01-01T07:00:00+00:00,Karolin B3,19W0000000000717,B05,,69.83,,MAW,PT60M,10YPL-AREA-----S,PL
2020-01-01T07:00:00+00:00,Katowice B1,19W000000000077W,B05,,85.01,,MAW,PT60M,10YPL-AREA-----S,PL
2020-01-01T07:00:00+00:00,Kozienice 1 B1,19W000000000098O,B05,,137.35,,MAW,PT60M,10YPL-AREA-----S,PL
2020-01-01T07:00:00+00:00,Kozienice 1 B5,19W000000000101O,B05,,137.23,,MAW,PT60M,10YPL-AREA-----S,PL
2020-01-01T07:00:00+00:00,Kozienice 1 B6,19W000000000097Q,B05,,132.9,,MAW,PT60M,10YPL-AREA-----S,PL
2020-01-01T07:00:00+00:00,Kozienice 1 B8,19W000000000103K,B05,,136.82,,MAW,PT60M,10YPL-AREA-----S,PL
2020-01-01T07:00:00+00:00,Kraków Łęg B2,19W000000000086V,B05,,72.02,,MAW,PT60M,10YPL-AREA-----S,PL
2020-01-01T07:00:00+00:00,Kraków Łęg B3,19W000000000089P,B05,,80.45,,MAW,PT60M,10YPL-AREA-----S,PL
2020-01-01T07:00:00+00:00,Kraków Łęg B4,19W000000000093Y,B05,,86.57,,MAW,PT60M,10YPL-AREA-----S,PL
2020-01-01T07:00:00+00:00,Opole B2,19W000000000131F,B05,,174.5,,MAW,PT60M,10YPL-AREA-----S,PL
2020-01-01T07:00:00+00:00,Opole B3,19W000000000132D,B05,,175.57,,MAW,PT60M,10YPL-AREA-----S,PL
2020-01-01T07:00:00+00:00,Ostrołęka B B03,19W0000000001365,B05,,131.65,,MAW,PT60M,10YPL-AREA-----S,PL
2020-01-01T07:00:00+00:00,Połaniec 2 blok 9,19W000000000166X,B01,,202.12,,MAW,PT60M,10YPL-AREA-----S,PL
2020-01-01T07:00:00+00:00,Połaniec B2,19W0000000001551,B05,,140.41,,MAW,PT60M,10YPL-AREA-----S,PL
2020-01-01T07:00:00+00:00,Połaniec B3,19W000000000157Y,B05,,138.29,,MAW,PT60M,10YPL-AREA-----S,PL
2020-01-01T07:00:00+00:00,Połaniec B6,19W0000000001624,B05,,155.12,,MAW,PT60M,10YPL-AREA-----S,PL
2020-01-01T07:00:00+00:00,Pątnów 1 B2,19W0000000001454,B02,,136.43,,MAW,PT60M,10YPL-AREA-----S,PL
2020-01-01T07:00:00+00:00,Pątnów 2 B9,19W000000000150B,B02,,183.2,,MAW,PT60M,10YPL-AREA-----S,PL
2020-01-01T07:00:00+00:00,Płock B01,19W000000000279K,B04,,310.58,,MAW,PT60M,10YPL-AREA-----S,PL
2020-01-01T07:00:00+00:00,Rybnik B3,19W000000000175W,B05,,130.9,,MAW,PT60M,10YPL-AREA-----S,PL
2020-01-01T07:00:00+00:00,Rybnik B5,19W000000000177S,B05,,130.6,,MAW,PT60M,10YPL-AREA-----S,PL
2020-01-01T07:00:00+00:00,Siekierki B07,19W000000000221E,B05,,112.0,,MAW,PT60M,10YPL-AREA-----S,PL
2020-01-01T07:00:00+00:00,Siekierki B08,19W000000000223A,B05,,78.0,,MAW,PT60M,10YPL-AREA-----S,PL
2020-01-01T07:00:00+00:00,Siersza B1,19W0000000001810,B05,,49.4,,MAW,PT60M,10YPL-AREA-----S,PL
2020-01-01T07:00:00+00:00,Skawina Tg5,19W000000000191Y,B05,,64.33,,MAW,PT60M,10YPL-AREA-----S,PL
2020-01-01T07:00:00+00:00,Skawina Tg6,19W000000000192W,B05,,69.72,,MAW,PT60M,10YPL-AREA-----S,PL
2020-01-01T07:00:00+00:00,Stalowa Wola 3 B8,19W000000000196O,B05,,76.83,,MAW,PT60M,10YPL-AREA-----S,PL
2020-01-01T07:00:00+00:00,Turów B04,19W0000000002078,B02,,109.36,,MAW,PT60M,10YPL-AREA-----S,PL
2020-01-01T07:00:00+00:00,Turów B05,19W0000000002094,B02,,93.35,,MAW,PT60M,10YPL-AREA-----S,PL
2020-01-01T07:00:00+00:00,Turów B06,19W000000000211H,B02,,109.5,,MAW,PT60M,10YPL-AREA-----S,PL
2020-01-01T07:00:00+00:00,Wrocław Bl2,19W0000000002159,B05,,80.86,,MAW,PT60M,10YPL-AREA-----S,PL
2020-01-01T07:00:00+00:00,Wrocław Bl3,19W0000000002175,B05,,88.82,,MAW,PT60M,10YPL-AREA-----S,PL
2020-01-01T07:00:00+00:00,Zielona Góra BGP,19W000000000231B,B04,,101.05,,MAW,PT60M,10YPL-AREA-----S,PL
2020-01-01T07:00:00+00:00,Łagisza B10,19W000000000115D,B05,,218.0,,MAW,PT60M,10YPL-AREA-----S,PL
2020-01-01T07:00:00+00:00,Łaziska 3 B12,19W0000000001268,B05,,131.6,,MAW,PT60M,10YPL-AREA-----S,PL
2020-01-01T07:00:00+00:00,Łódź-4 B03,19W000000000108A,B05,,53.9,,MAW,PT60M,10YPL-AREA-----S,PL
2020-01-01T08:00:00+00:00,Bełchatów B03,19W000000000021M,B02,,199.4,,MAW,PT60M,10YPL-AREA-----S,PL
2020-01-01T08:00:00+00:00,Bełchatów B04,19W000000000022K,B02,,198.2,,MAW,PT60M,10YPL-AREA-----S,PL
2020-01-01T08:00:00+00:00,Bełchatów B06,19W000000000024G,B02,,197.62,,MAW,PT60M,10YPL-AREA-----S,PL
2020-01-01T08:00:00+00:00,Bełchatów B08,19W000000000026C,B02,,208.7,,MAW,PT60M,10YPL-AREA-----S,PL
2020-01-01T08:00:00+00:00,Bełchatów B10,19W0000000000288,B02,,209.4,,MAW,PT60M,10YPL-AREA-----S,PL
2020-01-01T08:00:00+00:00,Bełchatów B11,19W0000000000296,B02,,208.43,,MAW,PT60M,10YPL-AREA-----S,PL
2020-01-01T08:00:00+00:00,Bełchatów B12,19W000000000030L,B02,,218.0,,MAW,PT60M,10YPL-AREA-----S,PL
2020-01-01T08:00:00+00:00,Chorzów B1,19W0000000000377,B05,,74.44,,MAW,PT60M,10YPL-AREA-----S,PL
2020-01-01T08:00:00+00:00,Chorzów B2,19W0000000000385,B05,,75.59,,MAW,PT60M,10YPL-AREA-----S,PL
2020-01-01T08:00:00+00:00,Dolna Odra B5,19W0000000000490,B05,,107.86,,MAW,PT60M,10YPL-AREA-----S,PL
2020-01-01T08:00:00+00:00,Dolna Odra B8,19W0000000000555,B05,,125.93,,MAW,PT60M,10YPL-AREA-----S,PL
2020-01-01T08:00:00+00:00,EC Wrotków B1,19W000000000110N,B04,,175.18,,MAW,PT60M,10YPL-AREA-----S,PL
2020-01-01T08:00:00+00:00,EC Włocławek B1,19W000000000257U,B04,,367.01,,MAW,PT60M,10YPL-AREA-----S,PL
2020-01-01T08:00:00+00:00,Jaworzno 3 B5,19W000000000068X,B05,,140.8,,MAW,PT60M,10YPL-AREA-----S,PL
2020-01-01T08:00:00+00:00,Karolin B2,19W0000000000709,B05,,51.05,,MAW,PT60M,10YPL-AREA-----S,PL
2020-01-01T08:00:00+00:00,Karolin B3,19W0000000000717,B05,,70.06,,MAW,PT60M,10YPL-AREA-----S,PL
2020-01-01T08:00:00+00:00,Katowice B1,19W000000000077W,B05,,84.92,,MAW,PT60M,10YPL-AREA-----S,PL
2020-01-01T08:00:00+00:00,Kozienice 1 B1,19W000000000098O,B05,,143.22,,MAW,PT60M,10YPL-AREA-----S,PL
2020-01-01T08:00:00+00:00,Kozienice 1 B5,19W000000000101O,B05,,143.03,,MAW,PT60M,10YPL-AREA-----S,PL
2020-01-01T08:00:00+00:00,Kozienice 1 B6,19W000000000097Q,B05,,138.72,,MAW,PT60M,10YPL-AREA-----S,PL
2020-01-01T08:00:00+00:00,Kozienice 1 B8,19W000000000103K,B05,,142.87,,MAW,PT60M,10YPL-AREA-----S,PL
2020-01-01T08:00:00+00:00,Kraków Łęg B2,19W000000000086V,B05,,78.57,,MAW,PT60M,10YPL-AREA-----S,PL
2020-01-01T08:00:00+00:00,Kraków Łęg B3,19W000000000089P,B05,,81.05,,MAW,PT60M,10YPL-AREA-----S,PL
2020-01-01T08:00:00+00:00,Kraków Łęg B4,19W000000000093Y,B05,,78.85,,MAW,PT60M,10YPL-AREA-----S,PL
2020-01-01T08:00:00+00:00,Opole B2,19W000000000131F,B05,,181.8,,MAW,PT60M,10YPL-AREA-----S,PL
2020-01-01T08:00:00+00:00,Opole B3,19W000000000132D,B05,,182.95,,MAW,PT60M,10YPL-AREA-----S,PL
2020-01-01T08:00:00+00:00,Ostrołęka B B03,19W0000000001365,B05,,131.72,,MAW,PT60M,10YPL-AREA-----S,PL
2020-01-01T08:00:00+00:00,Połaniec 2 blok 9,19W000000000166X,B01,,203.38,,MAW,PT60M,10YPL-AREA-----S,PL
2020-01-01T08:00:00+00:00,Połaniec B2,19W0000000001551,B05,,161.18,,MAW,PT60M,10YPL-AREA-----S,PL
2020-01-01T08:00:00+00:00,Połaniec B3,19W000000000157Y,B05,,150.41,,MAW,PT60M,10YPL-AREA-----S,PL
2020-01-01T08:00:00+00:00,Połaniec B6,19W0000000001624,B05,,161.09,,MAW,PT60M,10YPL-AREA-----S,PL
2020-01-01T08:00:00+00:00,Pątnów 1 B2,19W0000000001454,B02,,128.84,,MAW,PT60M,10YPL-AREA-----S,PL
2020-01-01T08:00:00+00:00,Pątnów 2 B9,19W000000000150B,B02,,189.2,,MAW,PT60M,10YPL-AREA-----S,PL
2020-01-01T08:00:00+00:00,Płock B01,19W000000000279K,B04,,321.95,,MAW,PT60M,10YPL-AREA-----S,PL
2020-01-01T08:00:00+00:00,Rybnik B3,19W000000000175W,B05,,136.9,,MAW,PT60M,10YPL-AREA-----S,PL
2020-01-01T08:00:00+00:00,Rybnik B5,19W000000000177S,B05,,136.5,,MAW,PT60M,10YPL-AREA-----S,PL
2020-01-01T08:00:00+00:00,Siekierki B09,19W0000000002256,B05,,103.0,,MAW,PT60M,10YPL-AREA-----S,PL
2020-01-01T08:00:00+00:00,Siekierki B10,19W0000000002272,B05,,103.0,,MAW,PT60M,10YPL-AREA-----S,PL
2020-01-01T08:00:00+00:00,Siersza B1,19W0000000001810,B05,,53.2,,MAW,PT60M,10YPL-AREA-----S,PL
2020-01-01T08:00:00+00:00,Skawina Tg5,19W000000000191Y,B05,,64.34,,MAW,PT60M,10YPL-AREA-----S,PL
2020-01-01T08:00:00+00:00,Skawina Tg6,19W000000000192W,B05,,69.68,,MAW,PT60M,10YPL-AREA-----S,PL
2020-01-01T08:00:00+00:00,Stalowa Wola 3 B8,19W000000000196O,B05,,76.82,,MAW,PT60M,10YPL-AREA-----S,PL
2020-01-01T08:00:00+00:00,Turów B04,19W0000000002078,B02,,114.4,,MAW,PT60M,10YPL-AREA-----S,PL
2020-01-01T08:00:00+00:00,Turów B05,19W0000000002094,B02,,98.67,,MAW,PT60M,10YPL-AREA-----S,PL
2020-01-01T08:00:00+00:00,Turów B06,19W000000000211H,B02,,114.7,,MAW,PT60M,10YPL-AREA-----S,PL
2020-01-01T08:00:00+00:00,Wrocław Bl2,19W0000000002159,B05,,81.25,,MAW,PT60M,10YPL-AREA-----S,PL
2020-01-01T08:00:00+00:00,Wrocław Bl3,19W0000000002175,B05,,88.98,,MAW,PT60M,10YPL-AREA-----S,PL
2020-01-01T08:00:00+00:00,Zielona Góra BGP,19W000000000231B,B04,,101.53,,MAW,PT60M,10YPL-AREA-----S,PL
2020-01-01T08:00:00+00:00,Łagisza B10,19W000000000115D,B05,,309.0,,MAW,PT60M,10YPL-AREA-----S,PL
2020-01-01T08:00:00+00:00,Łaziska 3 B12,19W0000000001268,B05,,137.0,,MAW,PT60M,10YPL-AREA-----S,PL
2020-01-01T08:00:00+00:00,Łódź-4 B03,19W000000000108A,B05,,49.6,,MAW,PT60M,10YPL-AREA-----S,PL
2020-01-01T09:00:00+00:00,Bełchatów B03,19W000000000021M,B02,,201.9,,MAW,PT60M,10YPL-AREA-----S,PL
2020-01-01T09:00:00+00:00,Bełchatów B04,19W000000000022K,B02,,200.9,,MAW,PT60M,10YPL-AREA-----S,PL
2020-01-01T09:00:00+00:00,Bełchatów B06,19W000000000024G,B02,,200.0,,MAW,PT60M,10YPL-AREA-----S,PL
2020-01-01T09:00:00+00:00,Bełchatów B08,19W000000000026C,B02,,211.3,,MAW,PT60M,10YPL-AREA-----S,PL
2020-01-01T09:00:00+00:00,Bełchatów B10,19W0000000000288,B02,,211.7,,MAW,PT60M,10YPL-AREA-----S,PL
2020-01-01T09:00:00+00:00,Bełchatów B11,19W0000000000296,B02,,210.86,,MAW,PT60M,10YPL-AREA-----S,PL
2020-01-01T09:00:00+00:00,Bełchatów B12,19W000000000030L,B02,,221.0,,MAW,PT60M,10YPL-AREA-----S,PL
2020-01-01T09:00:00+00:00,Chorzów B1,19W0000000000377,B05,,74.64,,MAW,PT60M,10YPL-AREA-----S,PL
2020-01-01T09:00:00+00:00,Chorzów B2,19W0000000000385,B05,,75.61,,MAW,PT60M,10YPL-AREA-----S,PL
2020-01-01T09:00:00+00:00,Dolna Odra B5,19W0000000000490,B05,,111.71,,MAW,PT60M,10YPL-AREA-----S,PL
2020-01-01T09:00:00+00:00,Dolna Odra B8,19W0000000000555,B05,,130.01,,MAW,PT60M,10YPL-AREA-----S,PL
2020-01-01T09:00:00+00:00,EC Wrotków B1,19W000000000110N,B04,,175.23,,MAW,PT60M,10YPL-AREA-----S,PL
2020-01-01T09:00:00+00:00,EC Włocławek B1,19W000000000257U,B04,,373.33,,MAW,PT60M,10YPL-AREA-----S,PL
2020-01-01T09:00:00+00:00,Jaworzno 3 B5,19W000000000068X,B05,,144.6,,MAW,PT60M,10YPL-AREA-----S,PL
2020-01-01T09:00:00+00:00,Karolin B2,19W0000000000709,B05,,55.75,,MAW,PT60M,10YPL-AREA-----S,PL
2020-01-01T09:00:00+00:00,Karolin B3,19W0000000000717,B05,,78.77,,MAW,PT60M,10YPL-AREA-----S,PL
2020-01-01T09:00:00+00:00,Katowice B1,19W000000000077W,B05,,84.93,,MAW,PT60M,10YPL-AREA-----S,PL
2020-01-01T09:00:00+00:00,Kozienice 1 B1,19W000000000098O,B05,,146.28,,MAW,PT60M,10YPL-AREA-----S,PL
2020-01-01T09:00:00+00:00,Kozienice 1 B5,19W000000000101O,B05,,146.04,,MAW,PT60M,10YPL-AREA-----S,PL
2020-01-01T09:00:00+00:00,Kozienice 1 B6,19W000000000097Q,B05,,141.6,,MAW,PT60M,10YPL-AREA-----S,PL
2020-01-01T09:00:00+00:00,Kozienice 1 B8,19W000000000103K,B05,,145.92,,MAW,PT60M,10YPL-AREA-----S,PL
2020-01-01T09:00:00+00:00,Kraków Łęg B2,19W000000000086V,B05,,79.75,,MAW,PT60M,10YPL-AREA-----S,PL
2020-01-01T09:00:00+00:00,Kraków Łęg B3,19W000000000089P,B05,,81.7,,MAW,PT60M,10YPL-AREA-----S,PL
2020-01-01T09:00:00+00:00,Kraków Łęg B4,19W000000000093Y,B05,,77.0,,MAW,PT60M,10YPL-AREA-----S,PL
2020-01-01T09:00:00+00:00,Opole B2,19W000000000131F,B05,,185.4,,MAW,PT60M,10YPL-AREA-----S,PL
2020-01-01T09:00:00+00:00,Opole B3,19W000000000132D,B05,,186.6,,MAW,PT60M,10YPL-AREA-----S,PL
2020-01-01T09:00:00+00:00,Ostrołęka B B03,19W0000000001365,B05,,131.64,,MAW,PT60M,10YPL-AREA-----S,PL
2020-01-01T09:00:00+00:00,Połaniec 2 blok 9,19W000000000166X,B01,,204.56,,MAW,PT60M,10YPL-AREA-----S,PL
2020-01-01T09:00:00+00:00,Połaniec B2,19W0000000001551,B05,,148.59,,MAW,PT60M,10YPL-AREA-----S,PL
2020-01-01T09:00:00+00:00,Połaniec B3,19W000000000157Y,B05,,146.25,,MAW,PT60M,10YPL-AREA-----S,PL
2020-01-01T09:00:00+00:00,Połaniec B6,19W0000000001624,B05,,162.94,,MAW,PT60M,10YPL-AREA-----S,PL
2020-01-01T09:00:00+00:00,Pątnów 1 B2,19W0000000001454,B02,,128.64,,MAW,PT60M,10YPL-AREA-----S,PL
2020-01-01T09:00:00+00:00,Pątnów 2 B9,19W000000000150B,B02,,191.9,,MAW,PT60M,10YPL-AREA-----S,PL
2020-01-01T09:00:00+00:00,Płock B01,19W000000000279K,B04,,327.28,,MAW,PT60M,10YPL-AREA-----S,PL
2020-01-01T09:00:00+00:00,Rybnik B3,19W000000000175W,B05,,140.5,,MAW,PT60M,10YPL-AREA-----S,PL
2020-01-01T09:00:00+00:00,Rybnik B5,19W000000000177S,B05,,140.3,,MAW,PT60M,10YPL-AREA-----S,PL
2020-01-01T09:00:00+00:00,Siekierki B07,19W000000000221E,B05,,111.0,,MAW,PT60M,10YPL-AREA-----S,PL
2020-01-01T09:00:00+00:00,Siekierki B08,19W000000000223A,B05,,79.0,,MAW,PT60M,10YPL-AREA-----S,PL
2020-01-01T09:00:00+00:00,Siekierki B10,19W0000000002272,B05,,105.0,,MAW,PT60M,10YPL-AREA-----S,PL
2020-01-01T09:00:00+00:00,Siersza B1,19W0000000001810,B05,,56.5,,MAW,PT60M,10YPL-AREA-----S,PL
2020-01-01T09:00:00+00:00,Skawina Tg5,19W000000000191Y,B05,,63.61,,MAW,PT60M,10YPL-AREA-----S,PL
2020-01-01T09:00:00+00:00,Skawina Tg6,19W000000000192W,B05,,69.62,,MAW,PT60M,10YPL-AREA-----S,PL
2020-01-01T09:00:00+00:00,Turów B04,19W0000000002078,B02,,117.16,,MAW,PT60M,10YPL-AREA-----S,PL
2020-01-01T09:00:00+00:00,Turów B05,19W0000000002094,B02,,101.08,,MAW,PT60M,10YPL-AREA-----S,PL
2020-01-01T09:00:00+00:00,Turów B06,19W000000000211H,B02,,117.2,,MAW,PT60M,10YPL-AREA-----S,PL
2020-01-01T09:00:00+00:00,Wrocław Bl2,19W0000000002159,B05,,81.7,,MAW,PT60M,10YPL-AREA-----S,PL
2020-01-01T09:00:00+00:00,Wrocław Bl3,19W0000000002175,B05,,88.77,,MAW,PT60M,10YPL-AREA-----S,PL
2020-01-01T09:00:00+00:00,Zielona Góra BGP,19W000000000231B,B04,,113.62,,MAW,PT60M,10YPL-AREA-----S,PL
2020-01-01T09:00:00+00:00,Łagisza B10,19W000000000115D,B05,,213.0,,MAW,PT60M,10YPL-AREA-----S,PL
2020-01-01T09:00:00+00:00,Łaziska 3 B12,19W0000000001268,B05,,141.0,,MAW,PT60M,10YPL-AREA-----S,PL
2020-01-01T09:00:00+00:00,Łódź-4 B03,19W000000000108A,B05,,48.2,,MAW,PT60M,10YPL-AREA-----S,PL
2020-01-01T10:00:00+00:00,Bełchatów B03,19W000000000021M,B02,,198.9,,MAW,PT60M,10YPL-AREA-----S,PL
2020-01-01T10:00:00+00:00,Bełchatów B04,19W000000000022K,B02,,198.3,,MAW,PT60M,10YPL-AREA-----S,PL
2020-01-01T10:00:00+00:00,Bełchatów B06,19W000000000024G,B02,,197.02,,MAW,PT60M,10YPL-AREA-----S,PL
2020-01-01T10:00:00+00:00,Bełchatów B08,19W000000000026C,B02,,208.1,,MAW,PT60M,10YPL-AREA-----S,PL
2020-01-01T10:00:00+00:00,Bełchatów B10,19W0000000000288,B02,,209.0,,MAW,PT60M,10YPL-AREA-----S,PL
2020-01-01T10:00:00+00:00,Bełchatów B11,19W0000000000296,B02,,207.83,,MAW,PT60M,10YPL-AREA-----S,PL
2020-01-01T10:00:00+00:00,Bełchatów B12,19W000000000030L,B02,,218.0,,MAW,PT60M,10YPL-AREA-----S,PL
2020-01-01T10:00:00+00:00,Chorzów B1,19W0000000000377,B05,,74.55,,MAW,PT60M,10YPL-AREA-----S,PL
2020-01-01T10:00:00+00:00,Chorzów B2,19W0000000000385,B05,,75.53,,MAW,PT60M,10YPL-AREA-----S,PL
2020-01-01T10:00:00+00:00,Dolna Odra B5,19W0000000000490,B05,,108.57,,MAW,PT60M,10YPL-AREA-----S,PL
2020-01-01T10:00:00+00:00,Dolna Odra B8,19W0000000000555,B05,,126.51,,MAW,PT60M,10YPL-AREA-----S,PL
2020-01-01T10:00:00+00:00,EC Wrotków B1,19W000000000110N,B04,,175.12,,MAW,PT60M,10YPL-AREA-----S,PL
2020-01-01T10:00:00+00:00,EC Włocławek B1,19W000000000257U,B04,,367.64,,MAW,PT60M,10YPL-AREA-----S,PL
2020-01-01T10:00:00+00:00,Jaworzno 3 B5,19W000000000068X,B05,,141.8,,MAW,PT60M,10YPL-AREA-----S,PL
2020-01-01T10:00:00+00:00,Karolin B2,19W0000000000709,B05,,67.64,,MAW,PT60M,10YPL-AREA-----S,PL
2020-01-01T10:00:00+00:00,Karolin B3,19W0000000000717,B05,,74.39,,MAW,PT60M,10YPL-AREA-----S,PL
2020-01-01T10:00:00+00:00,Katowice B1,19W000000000077W,B05,,85.0,,MAW,PT60M,10YPL-AREA-----S,PL
2020-01-01T10:00:00+00:00,Kozienice 1 B1,19W000000000098O,B05,,143.45,,MAW,PT60M,10YPL-AREA-----S,PL
2020-01-01T10:00:00+00:00,Kozienice 1 B5,19W000000000101O,B05,,143.2,,MAW,PT60M,10YPL-AREA-----S,PL
2020-01-01T10:00:00+00:00,Kozienice 1 B6,19W000000000097Q,B05,,138.75,,MAW,PT60M,10YPL-AREA-----S,PL
2020-01-01T10:00:00+00:00,Kozienice 1 B8,19W000000000103K,B05,,143.15,,MAW,PT60M,10YPL-AREA-----S,PL
2020-01-01T10:00:00+00:00,Kraków Łęg B3,19W000000000089P,B05,,81.58,,MAW,PT60M,10YPL-AREA-----S,PL
2020-01-01T10:00:00+00:00,Kraków Łęg B4,19W000000000093Y,B05,,77.19,,MAW,PT60M,10YPL-AREA-----S,PL
2020-01-01T10:00:00+00:00,Opole B2,19W000000000131F,B05,,182.1,,MAW,PT60M,10YPL-AREA-----S,PL
2020-01-01T10:00:00+00:00,Opole B3,19W000000000132D,B05,,183.22,,MAW,PT60M,10YPL-AREA-----S,PL
2020-01-01T10:00:00+00:00,Ostrołęka B B03,19W0000000001365,B05,,131.76,,MAW,PT60M,10YPL-AREA-----S,PL
2020-01-01T10:00:00+00:00,Połaniec 2 blok 9,19W000000000166X,B01,,204.35,,MAW,PT60M,10YPL-AREA-----S,PL
2020-01-01T10:00:00+00:00,Połaniec B2,19W0000000001551,B05,,147.87,,MAW,PT60M,10YPL-AREA-----S,PL
2020-01-01T10:00:00+00:00,Połaniec B3,19W000000000157Y,B05,,155.02,,MAW,PT60M,10YPL-AREA-----S,PL
2020-01-01T10:00:00+00:00,Połaniec B6,19W0000000001624,B05,,160.86,,MAW,PT60M,10YPL-AREA-----S,PL
2020-01-01T10:00:00+00:00,Pątnów 1 B2,19W0000000001454,B02,,128.55,,MAW,PT60M,10YPL-AREA-----S,PL
2020-01-01T10:00:00+00:00,Pątnów 2 B9,19W000000000150B,B02,,189.7,,MAW,PT60M,10YPL-AREA-----S,PL
2020-01-01T10:00:00+00:00,Płock B01,19W000000000279K,B04,,322.35,,MAW,PT60M,10YPL-AREA-----S,PL
2020-01-01T10:00:00+00:00,Rybnik B3,19W000000000175W,B05,,137.5,,MAW,PT60M,10YPL-AREA-----S,PL
2020-01-01T10:00:00+00:00,Rybnik B5,19W000000000177S,B05,,137.2,,MAW,PT60M,10YPL-AREA-----S,PL
2020-01-01T10:00:00+00:00,Siersza B1,19W0000000001810,B05,,53.9,,MAW,PT60M,10YPL-AREA-----S,PL
2020-01-01T10:00:00+00:00,Skawina Tg5,19W000000000191Y,B05,,63.24,,MAW,PT60M,10YPL-AREA-----S,PL
2020-01-01T10:00:00+00:00,Skawina Tg6,19W000000000192W,B05,,70.07,,MAW,PT60M,10YPL-AREA-----S,PL
2020-01-01T10:00:00+00:00,Stalowa Wola 3 B8,19W000000000196O,B05,,76.83,,MAW,PT60M,10YPL-AREA-----S,PL
2020-01-01T10:00:00+00:00,Turów B04,19W0000000002078,B02,,114.64,,MAW,PT60M,10YPL-AREA-----S,PL
2020-01-01T10:00:00+00:00,Turów B05,19W0000000002094,B02,,98.06,,MAW,PT60M,10YPL-AREA-----S,PL
2020-01-01T10:00:00+00:00,Turów B06,19W000000000211H,B02,,114.3,,MAW,PT60M,10YPL-AREA-----S,PL
2020-01-01T10:00:00+00:00,Wrocław Bl2,19W0000000002159,B05,,77.68,,MAW,PT60M,10YPL-AREA-----S,PL
2020-01-01T10:00:00+00:00,Wrocław Bl3,19W0000000002175,B05,,88.39,,MAW,PT60M,10YPL-AREA-----S,PL
2020-01-01T10:00:00+00:00,Zielona Góra BGP,19W000000000231B,B04,,114.7,,MAW,PT60M,10YPL-AREA-----S,PL
2020-01-01T10:00:00+00:00,Łagisza B10,19W000000000115D,B05,,262.0,,MAW,PT60M,10YPL-AREA-----S,PL
2020-01-01T10:00:00+00:00,Łaziska 3 B12,19W0000000001268,B05,,138.0,,MAW,PT60M,10YPL-AREA-----S,PL
2020-01-01T10:00:00+00:00,Łódź-4 B03,19W000000000108A,B05,,48.9,,MAW,PT60M,10YPL-AREA-----S,PL
2020-01-01T11:00:00+00:00,Bełchatów B03,19W000000000021M,B02,,195.4,,MAW,PT60M,10YPL-AREA-----S,PL
2020-01-01T11:00:00+00:00,Bełchatów B04,19W000000000022K,B02,,195.1,,MAW,PT60M,10YPL-AREA-----S,PL
2020-01-01T11:00:00+00:00,Bełchatów B06,19W000000000024G,B02,,193.83,,MAW,PT60M,10YPL-AREA-----S,PL
2020-01-01T11:00:00+00:00,Bełchatów B08,19W000000000026C,B02,,205.4,,MAW,PT60M,10YPL-AREA-----S,PL
2020-01-01T11:00:00+00:00,Bełchatów B10,19W0000000000288,B02,,206.2,,MAW,PT60M,10YPL-AREA-----S,PL
2020-01-01T11:00:00+00:00,Bełchatów B11,19W0000000000296,B02,,205.04,,MAW,PT60M,10YPL-AREA-----S,PL
2020-01-01T11:00:00+00:00,Bełchatów B12,19W000000000030L,B02,,214.0,,MAW,PT60M,10YPL-AREA-----S,PL
2020-01-01T11:00:00+00:00,Chorzów B1,19W0000000000377,B05,,74.66,,MAW,PT60M,10YPL-AREA-----S,PL
2020-01-01T11:00:00+00:00,Chorzów B2,19W0000000000385,B05,,75.49,,MAW,PT60M,10YPL-AREA-----S,PL
2020-01-01T11:00:00+00:00,Dolna Odra B5,19W0000000000490,B05,,104.8,,MAW,PT60M,10YPL-AREA-----S,PL
2020-01-01T11:00:00+00:00,Dolna Odra B8,19W0000000000555,B05,,120.68,,MAW,PT60M,10YPL-AREA-----S,PL
2020-01-01T11:00:00+00:00,EC Wrotków B1,19W000000000110N,B04,,175.23,,MAW,PT60M,10YPL-AREA-----S,PL
2020-01-01T11:00:00+00:00,EC Włocławek B1,19W000000000257U,B04,,359.78,,MAW,PT60M,10YPL-AREA-----S,PL
2020-01-01T11:00:00+00:00,Jaworzno 3 B5,19W000000000068X,B05,,138.6,,MAW,PT60M,10YPL-AREA-----S,PL
2020-01-01T11:00:00+00:00,Karolin B2,19W0000000000709,B05,,74.83,,MAW,PT60M,10YPL-AREA-----S,PL
2020-01-01T11:00:00+00:00,Karolin B3,19W0000000000717,B05,,69.62,,MAW,PT60M,10YPL-AREA-----S,PL
2020-01-01T11:00:00+00:00,Katowice B1,19W000000000077W,B05,,85.03,,MAW,PT60M,10YPL-AREA-----S,PL
2020-01-01T11:00:00+00:00,Kozienice 1 B1,19W000000000098O,B05,,140.18,,MAW,PT60M,10YPL-AREA-----S,PL
2020-01-01T11:00:00+00:00,Kozienice 1 B5,19W000000000101O,B05,,140.07,,MAW,PT60M,10YPL-AREA-----S,PL
2020-01-01T11:00:00+00:00,Kozienice 1 B6,19W000000000097Q,B05,,135.33,,MAW,PT60M,10YPL-AREA-----S,PL
2020-01-01T11:00:00+00:00,Kozienice 1 B8,19W000000000103K,B05,,139.87,,MAW,PT60M,10YPL-AREA-----S,PL
2020-01-01T11:00:00+00:00,Kraków Łęg B2,19W000000000086V,B05,,79.78,,MAW,PT60M,10YPL-AREA-----S,PL
2020-01-01T11:00:00+00:00,Kraków Łęg B3,19W000000000089P,B05,,81.49,,MAW,PT60M,10YPL-AREA-----S,PL
2020-01-01T11:00:00+00:00,Kraków Łęg B4,19W000000000093Y,B05,,77.21,,MAW,PT60M,10YPL-AREA-----S,PL
2020-01-01T11:00:00+00:00,Opole B2,19W000000000131F,B05,,176.3,,MAW,PT60M,10YPL-AREA-----S,PL
2020-01-01T11:00:00+00:00,Opole B3,19W000000000132D,B05,,177.48,,MAW,PT60M,10YPL-AREA-----S,PL
2020-01-01T11:00:00+00:00,Ostrołęka B B03,19W0000000001365,B05,,131.73,,MAW,PT60M,10YPL-AREA-----S,PL
2020-01-01T11:00:00+00:00,Połaniec 2 blok 9,19W000000000166X,B01,,203.92,,MAW,PT60M,10YPL-AREA-----S,PL
2020-01-01T11:00:00+00:00,Połaniec B2,19W0000000001551,B05,,145.07,,MAW,PT60M,10YPL-AREA-----S,PL
2020-01-01T11:00:00+00:00,Połaniec B3,19W000000000157Y,B05,,145.81,,MAW,PT60M,10YPL-AREA-----S,PL
2020-01-01T11:00:00+00:00,Połaniec B6,19W0000000001624,B05,,157.18,,MAW,PT60M,10YPL-AREA-----S,PL
2020-01-01T11:00:00+00:00,Pątnów 1 B2,19W0000000001454,B02,,133.08,,MAW,PT60M,10YPL-AREA-----S,PL
2020-01-01T11:00:00+00:00,Pątnów 2 B9,19W000000000150B,B02,,184.9,,MAW,PT60M,10YPL-AREA-----S,PL
2020-01-01T11:00:00+00:00,Płock B01,19W000000000279K,B04,,313.66,,MAW,PT60M,10YPL-AREA-----S,PL
2020-01-01T11:00:00+00:00,Rybnik B3,19W000000000175W,B05,,134.1,,MAW,PT60M,10YPL-AREA-----S,PL
2020-01-01T11:00:00+00:00,Rybnik B5,19W000000000177S,B05,,133.9,,MAW,PT60M,10YPL-AREA-----S,PL
2020-01-01T11:00:00+00:00,Siekierki B08,19W000000000223A,B05,,77.0,,MAW,PT60M,10YPL-AREA-----S,PL
2020-01-01T11:00:00+00:00,Siekierki B09,19W0000000002256,B05,,102.0,,MAW,PT60M,10YPL-AREA-----S,PL
2020-01-01T11:00:00+00:00,Siekierki B10,19W0000000002272,B05,,102.0,,MAW,PT60M,10YPL-AREA-----S,PL
2020-01-01T11:00:00+00:00,Siersza B1,19W0000000001810,B05,,51.1,,MAW,PT60M,10YPL-AREA-----S,PL
2020-01-01T11:00:00+00:00,Skawina Tg5,19W000000000191Y,B05,,63.32,,MAW,PT60M,10YPL-AREA-----S,PL
2020-01-01T11:00:00+00:00,Skawina Tg6,19W000000000192W,B05,,69.74,,MAW,PT60M,10YPL-AREA-----S,PL
2020-01-01T11:00:00+00:00,Stalowa Wola 3 B8,19W000000000196O,B05,,76.52,,MAW,PT60M,10YPL-AREA-----S,PL
2020-01-01T11:00:00+00:00,Turów B04,19W0000000002078,B02,,110.72,,MAW,PT60M,10YPL-AREA-----S,PL
2020-01-01T11:00:00+00:00,Turów B05,19W0000000002094,B02,,94.69,,MAW,PT60M,10YPL-AREA-----S,PL
2020-01-01T11:00:00+00:00,Turów B06,19W000000000211H,B02,,110.7,,MAW,PT60M,10YPL-AREA-----S,PL
2020-01-01T11:00:00+00:00,Wrocław Bl2,19W0000000002159,B05,,75.69,,MAW,PT60M,10YPL-AREA-----S,PL
2020-01-01T11:00:00+00:00,Wrocław Bl3,19W0000000002175,B05,,86.87,,MAW,PT60M,10YPL-AREA-----S,PL
2020-01-01T11:00:00+00:00,Łagisza B10,19W000000000115D,B05,,317.0,,MAW,PT60M,10YPL-AREA-----S,PL
2020-01-01T11:00:00+00:00,Łaziska 3 B12,19W0000000001268,B05,,134.5,,MAW,PT60M,10YPL-AREA-----S,PL
2020-01-01T11:00:00+00:00,Łódź-4 B03,19W000000000108A,B05,,48.8,,MAW,PT60M,10YPL-AREA-----S,PL
2020-01-01T12:00:00+00:00,Bełchatów B03,19W000000000021M,B02,,210.3,,MAW,PT60M,10YPL-AREA-----S,PL
2020-01-01T12:00:00+00:00,Bełchatów B04,19W000000000022K,B02,,209.9,,MAW,PT60M,10YPL-AREA-----S,PL
2020-01-01T12:00:00+00:00,Bełchatów B06,19W000000000024G,B02,,208.11,,MAW,PT60M,10YPL-AREA-----S,PL
2020-01-01T12:00:00+00:00,Bełchatów B08,19W000000000026C,B02,,219.9,,MAW,PT60M,10YPL-AREA-----S,PL
2020-01-01T12:00:00+00:00,Bełchatów B10,19W0000000000288,B02,,220.7,,MAW,PT60M,10YPL-AREA-----S,PL
2020-01-01T12:00:00+00:00,Bełchatów B11,19W0000000000296,B02,,219.42,,MAW,PT60M,10YPL-AREA-----S,PL
2020-01-01T12:00:00+00:00,Bełchatów B12,19W000000000030L,B02,,230.0,,MAW,PT60M,10YPL-AREA-----S,PL
2020-01-01T12:00:00+00:00,Chorzów B1,19W0000000000377,B05,,72.66,,MAW,PT60M,10YPL-AREA-----S,PL
2020-01-01T12:00:00+00:00,Chorzów B2,19W0000000000385,B05,,77.42,,MAW,PT60M,10YPL-AREA-----S,PL
2020-01-01T12:00:00+00:00,Dolna Odra B5,19W0000000000490,B05,,114.78,,MAW,PT60M,10YPL-AREA-----S,PL
2020-01-01T12:00:00+00:00,Dolna Odra B8,19W0000000000555,B05,,133.23,,MAW,PT60M,10YPL-AREA-----S,PL
2020-01-01T12:00:00+00:00,EC Wrotków B1,19W000000000110N,B04,,175.18,,MAW,PT60M,10YPL-AREA-----S,PL
2020-01-01T12:00:00+00:00,EC Włocławek B1,19W000000000257U,B04,,376.49,,MAW,PT60M,10YPL-AREA-----S,PL
2020-01-01T12:00:00+00:00,Jaworzno 3 B5,19W000000000068X,B05,,148.2,,MAW,PT60M,10YPL-AREA-----S,PL
2020-01-01T12:00:00+00:00,Karolin B2,19W0000000000709,B05,,79.3,,MAW,PT60M,10YPL-AREA-----S,PL
2020-01-01T12:00:00+00:00,Karolin B3,19W0000000000717,B05,,69.61,,MAW,PT60M,10YPL-AREA-----S,PL
2020-01-01T12:00:00+00:00,Katowice B1,19W000000000077W,B05,,85.12,,MAW,PT60M,10YPL-AREA-----S,PL
2020-01-01T12:00:00+00:00,Kozienice 1 B1,19W000000000098O,B05,,149.86,,MAW,PT60M,10YPL-AREA-----S,PL
2020-01-01T12:00:00+00:00,Kozienice 1 B5,19W000000000101O,B05,,150.0,,MAW,PT60M,10YPL-AREA-----S,PL
2020-01-01T12:00:00+00:00,Kozienice 1 B6,19W000000000097Q,B05,,145.34,,MAW,PT60M,10YPL-AREA-----S,PL
2020-01-01T12:00:00+00:00,Kozienice 1 B8,19W000000000103K,B05,,149.75,,MAW,PT60M,10YPL-AREA-----S,PL
2020-01-01T12:00:00+00:00,Kraków Łęg B2,19W000000000086V,B05,,79.71,,MAW,PT60M,10YPL-AREA-----S,PL
2020-01-01T12:00:00+00:00,Kraków Łęg B4,19W000000000093Y,B05,,77.05,,MAW,PT60M,10YPL-AREA-----S,PL
2020-01-01T12:00:00+00:00,Opole B2,19W000000000131F,B05,,188.6,,MAW,PT60M,10YPL-AREA-----S,PL
2020-01-01T12:00:00+00:00,Opole B3,19W000000000132D,B05,,189.86,,MAW,PT60M,10YPL-AREA-----S,PL
2020-01-01T12:00:00+00:00,Ostrołęka B B03,19W0000000001365,B05,,131.67,,MAW,PT60M,10YPL-AREA-----S,PL
2020-01-01T12:00:00+00:00,Połaniec 2 blok 9,19W000000000166X,B01,,202.0,,MAW,PT60M,10YPL-AREA-----S,PL
2020-01-01T12:00:00+00:00,Połaniec B2,19W0000000001551,B05,,153.72,,MAW,PT60M,10YPL-AREA-----S,PL
2020-01-01T12:00:00+00:00,Połaniec B3,19W000000000157Y,B05,,151.21,,MAW,PT60M,10YPL-AREA-----S,PL
2020-01-01T12:00:00+00:00,Połaniec B6,19W0000000001624,B05,,167.82,,MAW,PT60M,10YPL-AREA-----S,PL
2020-01-01T12:00:00+00:00,Pątnów 1 B2,19W0000000001454,B02,,137.03,,MAW,PT60M,10YPL-AREA-----S,PL
2020-01-01T12:00:00+00:00,Pątnów 2 B9,19W000000000150B,B02,,196.5,,MAW,PT60M,10YPL-AREA-----S,PL
2020-01-01T12:00:00+00:00,Płock B01,19W000000000279K,B04,,330.58,,MAW,PT60M,10YPL-AREA-----S,PL
2020-01-01T12:00:00+00:00,Rybnik B3,19W000000000175W,B05,,143.9,,MAW,PT60M,10YPL-AREA-----S,PL
2020-01-01T12:00:00+00:00,Rybnik B5,19W000000000177S,B05,,143.7,,MAW,PT60M,10YPL-AREA-----S,PL
2020-01-01T12:00:00+00:00,Siekierki B08,19W000000000223A,B05,,76.0,,MAW,PT60M,10YPL-AREA-----S,PL
2020-01-01T12:00:00+00:00,Siekierki B09,19W0000000002256,B05,,103.0,,MAW,PT60M,10YPL-AREA-----S,PL
2020-01-01T12:00:00+00:00,Siekierki B10,19W0000000002272,B05,,101.0,,MAW,PT60M,10YPL-AREA-----S,PL
2020-01-01T12:00:00+00:00,Siersza B1,19W0000000001810,B05,,59.8,,MAW,PT60M,10YPL-AREA-----S,PL
2020-01-01T12:00:00+00:00,Skawina Tg5,19W000000000191Y,B05,,64.41,,MAW,PT60M,10YPL-AREA-----S,PL
2020-01-01T12:00:00+00:00,Skawina Tg6,19W000000000192W,B05,,69.83,,MAW,PT60M,10YPL-AREA-----S,PL
2020-01-01T12:00:00+00:00,Stalowa Wola 3 B8,19W000000000196O,B05,,76.42,,MAW,PT60M,10YPL-AREA-----S,PL
2020-01-01T12:00:00+00:00,Turów B04,19W0000000002078,B02,,121.7,,MAW,PT60M,10YPL-AREA-----S,PL
2020-01-01T12:00:00+00:00,Turów B05,19W0000000002094,B02,,106.33,,MAW,PT60M,10YPL-AREA-----S,PL
2020-01-01T12:00:00+00:00,Turów B06,19W000000000211H,B02,,122.4,,MAW,PT60M,10YPL-AREA-----S,PL
2020-01-01T12:00:00+00:00,Wrocław Bl2,19W0000000002159,B05,,75.56,,MAW,PT60M,10YPL-AREA-----S,PL
2020-01-01T12:00:00+00:00,Wrocław Bl3,19W0000000002175,B05,,87.81,,MAW,PT60M,10YPL-AREA-----S,PL
2020-01-01T12:00:00+00:00,Zielona Góra BGP,19W000000000231B,B04,,115.36,,MAW,PT60M,10YPL-AREA-----S,PL
2020-01-01T12:00:00+00:00,Łagisza B10,19W000000000115D,B05,,249.0,,MAW,PT60M,10YPL-AREA-----S,PL
2020-01-01T12:00:00+00:00,Łaziska 3 B12,19W0000000001268,B05,,144.2,,MAW,PT60M,10YPL-AREA-----S,PL
2020-01-01T12:00:00+00:00,Łódź-4 B03,19W000000000108A,B05,,49.2,,MAW,PT60M,10YPL-AREA-----S,PL
2020-01-01T13:00:00+00:00,Bełchatów B03,19W000000000021M,B02,,208.8,,MAW,PT60M,10YPL-AREA-----S,PL
2020-01-01T13:00:00+00:00,Bełchatów B04,19W000000000022K,B02,,208.3,,MAW,PT60M,10YPL-AREA-----S,PL
2020-01-01T13:00:00+00:00,Bełchatów B06,19W000000000024G,B02,,206.29,,MAW,PT60M,10YPL-AREA-----S,PL
2020-01-01T13:00:00+00:00,Bełchatów B08,19W000000000026C,B02,,217.5,,MAW,PT60M,10YPL-AREA-----S,PL
2020-01-01T13:00:00+00:00,Bełchatów B10,19W0000000000288,B02,,218.5,,MAW,PT60M,10YPL-AREA-----S,PL
2020-01-01T13:00:00+00:00,Bełchatów B11,19W0000000000296,B02,,217.14,,MAW,PT60M,10YPL-AREA-----S,PL
2020-01-01T13:00:00+00:00,Bełchatów B12,19W000000000030L,B02,,227.0,,MAW,PT60M,10YPL-AREA-----S,PL
2020-01-01T13:00:00+00:00,Chorzów B1,19W0000000000377,B05,,72.02,,MAW,PT60M,10YPL-AREA-----S,PL
2020-01-01T13:00:00+00:00,Chorzów B2,19W0000000000385,B05,,77.97,,MAW,PT60M,10YPL-AREA-----S,PL
2020-01-01T13:00:00+00:00,Dolna Odra B5,19W0000000000490,B05,,114.36,,MAW,PT60M,10YPL-AREA-----S,PL
2020-01-01T13:00:00+00:00,Dolna Odra B8,19W0000000000555,B05,,132.75,,MAW,PT60M,10YPL-AREA-----S,PL
2020-01-01T13:00:00+00:00,Dychów H2,19W000000000263Z,B10,,0.02,,MAW,PT60M,10YPL-AREA-----S,PL
2020-01-01T13:00:00+00:00,Dychów H3,19W000000000273W,B10,,0.01,,MAW,PT60M,10YPL-AREA-----S,PL
2020-01-01T13:00:00+00:00,EC Wrotków B1,19W000000000110N,B04,,175.12,,MAW,PT60M,10YPL-AREA-----S,PL
2020-01-01T13:00:00+00:00,EC Włocławek B1,19W000000000257U,B04,,376.22,,MAW,PT60M,10YPL-AREA-----S,PL
2020-01-01T13:00:00+00:00,Jaworzno 3 B5,19W000000000068X,B05,,147.7,,MAW,PT60M,10YPL-AREA-----S,PL
2020-01-01T13:00:00+00:00,Karolin B2,19W0000000000709,B05,,79.45,,MAW,PT60M,10YPL-AREA-----S,PL
2020-01-01T13:00:00+00:00,Karolin B3,19W0000000000717,B05,,71.81,,MAW,PT60M,10YPL-AREA-----S,PL
2020-01-01T13:00:00+00:00,Katowice B1,19W000000000077W,B05,,85.07,,MAW,PT60M,10YPL-AREA-----S,PL
2020-01-01T13:00:00+00:00,Kozienice 1 B1,19W000000000098O,B05,,149.3,,MAW,PT60M,10YPL-AREA-----S,PL
2020-01-01T13:00:00+00:00,Kozienice 1 B5,19W000000000101O,B05,,149.28,,MAW,PT60M,10YPL-AREA-----S,PL
2020-01-01T13:00:00+00:00,Kozienice 1 B6,19W000000000097Q,B05,,144.85,,MAW,PT60M,10YPL-AREA-----S,PL
2020-01-01T13:00:00+00:00,Kozienice 1 B8,19W000000000103K,B05,,149.04,,MAW,PT60M,10YPL-AREA-----S,PL
2020-01-01T13:00:00+00:00,Kraków Łęg B2,19W000000000086V,B05,,79.46,,MAW,PT60M,10YPL-AREA-----S,PL
2020-01-01T13:00:00+00:00,Kraków Łęg B3,19W000000000089P,B05,,81.24,,MAW,PT60M,10YPL-AREA-----S,PL
2020-01-01T13:00:00+00:00,Kraków Łęg B4,19W000000000093Y,B05,,77.37,,MAW,PT60M,10YPL-AREA-----S,PL
2020-01-01T13:00:00+00:00,Opole B2,19W000000000131F,B05,,188.1,,MAW,PT60M,10YPL-AREA-----S,PL
2020-01-01T13:00:00+00:00,Opole B3,19W000000000132D,B05,,189.73,,MAW,PT60M,10YPL-AREA-----S,PL
2020-01-01T13:00:00+00:00,Ostrołęka B B03,19W0000000001365,B05,,131.79,,MAW,PT60M,10YPL-AREA-----S,PL
2020-01-01T13:00:00+00:00,Połaniec 2 blok 9,19W000000000166X,B01,,204.68,,MAW,PT60M,10YPL-AREA-----S,PL
2020-01-01T13:00:00+00:00,Połaniec B2,19W0000000001551,B05,,152.18,,MAW,PT60M,10YPL-AREA-----S,PL
2020-01-01T13:00:00+00:00,Połaniec B3,19W000000000157Y,B05,,149.95,,MAW,PT60M,10YPL-AREA-----S,PL
2020-01-01T13:00:00+00:00,Połaniec B6,19W0000000001624,B05,,166.88,,MAW,PT60M,10YPL-AREA-----S,PL
2020-01-01T13:00:00+00:00,Pątnów 1 B2,19W0000000001454,B02,,132.12,,MAW,PT60M,10YPL-AREA-----S,PL
2020-01-01T13:00:00+00:00,Pątnów 2 B9,19W000000000150B,B02,,194.8,,MAW,PT60M,10YPL-AREA-----S,PL
2020-01-01T13:00:00+00:00,Płock B01,19W000000000279K,B04,,330.34,,MAW,PT60M,10YPL-AREA-----S,PL
2020-01-01T13:00:00+00:00,Rybnik B3,19W000000000175W,B05,,143.3,,MAW,PT60M,10YPL-AREA-----S,PL
2020-01-01T13:00:00+00:00,Rybnik B5,19W000000000177S,B05,,143.1,,MAW,PT60M,10YPL-AREA-----S,PL
2020-01-01T13:00:00+00:00,Siekierki B08,19W000000000223A,B05,,75.0,,MAW,PT60M,10YPL-AREA-----S,PL
2020-01-01T13:00:00+00:00,Siekierki B09,19W0000000002256,B05,,102.0,,MAW,PT60M,10YPL-AREA-----S,PL
2020-01-01T13:00:00+00:00,Siekierki B10,19W0000000002272,B05,,103.0,,MAW,PT60M,10YPL-AREA-----S,PL
2020-01-01T13:00:00+00:00,Siersza B1,19W0000000001810,B05,,59.2,,MAW,PT60M,10YPL-AREA-----S,PL
2020-01-01T13:00:00+00:00,Skawina Tg5,19W000000000191Y,B05,,64.28,,MAW,PT60M,10YPL-AREA-----S,PL
2020-01-01T13:00:00+00:00,Skawina Tg6,19W000000000192W,B05,,69.64,,MAW,PT60M,10YPL-AREA-----S,PL
2020-01-01T13:00:00+00:00,Stalowa Wola 3 B8,19W000000000196O,B05,,77.06,,MAW,PT60M,10YPL-AREA-----S,PL
2020-01-01T13:00:00+00:00,Turów B04,19W0000000002078,B02,,120.62,,MAW,PT60M,10YPL-AREA-----S,PL
2020-01-01T13:00:00+00:00,Turów B05,19W0000000002094,B02,,105.07,,MAW,PT60M,10YPL-AREA-----S,PL
2020-01-01T13:00:00+00:00,Turów B06,19W000000000211H,B02,,121.5,,MAW,PT60M,10YPL-AREA-----S,PL
2020-01-01T13:00:00+00:00,Wrocław Bl2,19W0000000002159,B05,,76.95,,MAW,PT60M,10YPL-AREA-----S,PL
2020-01-01T13:00:00+00:00,Wrocław Bl3,19W0000000002175,B05,,88.55,,MAW,PT60M,10YPL-AREA-----S,PL
2020-01-01T13:00:00+00:00,Zielona Góra BGP,19W000000000231B,B04,,115.32,,MAW,PT60M,10YPL-AREA-----S,PL
2020-01-01T13:00:00+00:00,Łagisza B10,19W000000000115D,B05,,310.0,,MAW,PT60M,10YPL-AREA-----S,PL
2020-01-01T13:00:00+00:00,Łaziska 3 B12,19W0000000001268,B05,,143.7,,MAW,PT60M,10YPL-AREA-----S,PL
2020-01-01T13:00:00+00:00,Łódź-4 B03,19W000000000108A,B05,,41.3,,MAW,PT60M,10YPL-AREA-----S,PL
2020-01-01T13:00:00+00:00,Żarnowiec H2,19W0000000002442,B10,,138.84,,MAW,PT60M,10YPL-AREA-----S,PL
2020-01-01T14:00:00+00:00,Bełchatów B03,19W000000000021M,B02,,195.0,,MAW,PT60M,10YPL-AREA-----S,PL
2020-01-01T14:00:00+00:00,Bełchatów B04,19W000000000022K,B02,,196.5,,MAW,PT60M,10YPL-AREA-----S,PL
2020-01-01T14:00:00+00:00,Bełchatów B06,19W000000000024G,B02,,194.67,,MAW,PT60M,10YPL-AREA-----S,PL
2020-01-01T14:00:00+00:00,Bełchatów B08,19W000000000026C,B02,,197.5,,MAW,PT60M,10YPL-AREA-----S,PL
2020-01-01T14:00:00+00:00,Bełchatów B10,19W0000000000288,B02,,197.9,,MAW,PT60M,10YPL-AREA-----S,PL
2020-01-01T14:00:00+00:00,Bełchatów B11,19W0000000000296,B02,,197.5,,MAW,PT60M,10YPL-AREA-----S,PL
2020-01-01T14:00:00+00:00,Bełchatów B12,19W000000000030L,B02,,216.0,,MAW,PT60M,10YPL-AREA-----S,PL
2020-01-01T14:00:00+00:00,Chorzów B1,19W0000000000377,B05,,71.66,,MAW,PT60M,10YPL-AREA-----S,PL
2020-01-01T14:00:00+00:00,Chorzów B2,19W0000000000385,B05,,78.2,,MAW,PT60M,10YPL-AREA-----S,PL
2020-01-01T14:00:00+00:00,Dolna Odra B5,19W0000000000490,B05,,104.78,,MAW,PT60M,10YPL-AREA-----S,PL
2020-01-01T14:00:00+00:00,Dolna Odra B8,19W0000000000555,B05,,121.22,,MAW,PT60M,10YPL-AREA-----S,PL
2020-01-01T14:00:00+00:00,Dychów H2,19W000000000263Z,B10,,19.9,,MAW,PT60M,10YPL-AREA-----S,PL
2020-01-01T14:00:00+00:00,Dychów H3,19W000000000273W,B10,,19.96,,MAW,PT60M,10YPL-AREA-----S,PL
2020-01-01T14:00:00+00:00,EC Włocławek B1,19W000000000257U,B04,,371.57,,MAW,PT60M,10YPL-AREA-----S,PL
2020-01-01T14:00:00+00:00,Jaworzno 3 B5,19W000000000068X,B05,,138.4,,MAW,PT60M,10YPL-AREA-----S,PL
2020-01-01T14:00:00+00:00,Karolin B2,19W0000000000709,B05,,82.01,,MAW,PT60M,10YPL-AREA-----S,PL
2020-01-01T14:00:00+00:00,Karolin B3,19W0000000000717,B05,,80.14,,MAW,PT60M,10YPL-AREA-----S,PL
2020-01-01T14:00:00+00:00,Katowice B1,19W000000000077W,B05,,90.2,,MAW,PT60M,10YPL-AREA-----S,PL
2020-01-01T14:00:00+00:00,Kozienice 1 B1,19W000000000098O,B05,,136.88,,MAW,PT60M,10YPL-AREA-----S,PL
2020-01-01T14:00:00+00:00,Kozienice 1 B5,19W000000000101O,B05,,140.14,,MAW,PT60M,10YPL-AREA-----S,PL
2020-01-01T14:00:00+00:00,Kozienice 1 B6,19W000000000097Q,B05,,139.98,,MAW,PT60M,10YPL-AREA-----S,PL
2020-01-01T14:00:00+00:00,Kozienice 1 B8,19W000000000103K,B05,,139.65,,MAW,PT60M,10YPL-AREA-----S,PL
2020-01-01T14:00:00+00:00,Kraków Łęg B2,19W000000000086V,B05,,77.46,,MAW,PT60M,10YPL-AREA-----S,PL
2020-01-01T14:00:00+00:00,Kraków Łęg B3,19W000000000089P,B05,,81.35,,MAW,PT60M,10YPL-AREA-----S,PL
2020-01-01T14:00:00+00:00,Kraków Łęg B4,19W000000000093Y,B05,,81.35,,MAW,PT60M,10YPL-AREA-----S,PL
2020-01-01T14:00:00+00:00,Opole B2,19W000000000131F,B05,,177.5,,MAW,PT60M,10YPL-AREA-----S,PL
2020-01-01T14:00:00+00:00,Opole B3,19W000000000132D,B05,,197.83,,MAW,PT60M,10YPL-AREA-----S,PL
2020-01-01T14:00:00+00:00,Ostrołęka B B03,19W0000000001365,B05,,131.8,,MAW,PT60M,10YPL-AREA-----S,PL
2020-01-01T14:00:00+00:00,Połaniec 2 blok 9,19W000000000166X,B01,,202.07,,MAW,PT60M,10YPL-AREA-----S,PL
2020-01-01T14:00:00+00:00,Połaniec B2,19W0000000001551,B05,,135.5,,MAW,PT60M,10YPL-AREA-----S,PL
2020-01-01T14:00:00+00:00,Połaniec B3,19W000000000157Y,B05,,140.67,,MAW,PT60M,10YPL-AREA-----S,PL
2020-01-01T14:00:00+00:00,Połaniec B6,19W0000000001624,B05,,157.62,,MAW,PT60M,10YPL-AREA-----S,PL
2020-01-01T14:00:00+00:00,Pątnów 1 B2,19W0000000001454,B02,,123.03,,MAW,PT60M,10YPL-AREA-----S,PL
2020-01-01T14:00:00+00:00,Pątnów 2 B9,19W000000000150B,B02,,210.2,,MAW,PT60M,10YPL-AREA-----S,PL
2020-01-01T14:00:00+00:00,Płock B01,19W000000000279K,B04,,330.55,,MAW,PT60M,10YPL-AREA-----S,PL
2020-01-01T14:00:00+00:00,Rybnik B3,19W000000000175W,B05,,133.9,,MAW,PT60M,10YPL-AREA-----S,PL
2020-01-01T14:00:00+00:00,Rybnik B5,19W000000000177S,B05,,128.6,,MAW,PT60M,10YPL-AREA-----S,PL
2020-01-01T14:00:00+00:00,Siekierki B07,19W000000000221E,B05,,113.0,,MAW,PT60M,10YPL-AREA-----S,PL
2020-01-01T14:00:00+00:00,Siekierki B08,19W000000000223A,B05,,76.0,,MAW,PT60M,10YPL-AREA-----S,PL
2020-01-01T14:00:00+00:00,Siekierki B09,19W0000000002256,B05,,104.0,,MAW,PT60M,10YPL-AREA-----S,PL
2020-01-01T14:00:00+00:00,Siekierki B10,19W0000000002272,B05,,104.0,,MAW,PT60M,10YPL-AREA-----S,PL
2020-01-01T14:00:00+00:00,Siersza B1,19W0000000001810,B05,,51.3,,MAW,PT60M,10YPL-AREA-----S,PL
2020-01-01T14:00:00+00:00,Skawina Tg5,19W000000000191Y,B05,,63.77,,MAW,PT60M,10YPL-AREA-----S,PL
2020-01-01T14:00:00+00:00,Skawina Tg6,19W000000000192W,B05,,69.42,,MAW,PT60M,10YPL-AREA-----S,PL
2020-01-01T14:00:00+00:00,Stalowa Wola 3 B8,19W000000000196O,B05,,77.04,,MAW,PT60M,10YPL-AREA-----S,PL
2020-01-01T14:00:00+00:00,Turów B04,19W0000000002078,B02,,111.46,,MAW,PT60M,10YPL-AREA-----S,PL
2020-01-01T14:00:00+00:00,Turów B05,19W0000000002094,B02,,95.56,,MAW,PT60M,10YPL-AREA-----S,PL
2020-01-01T14:00:00+00:00,Turów B06,19W000000000211H,B02,,111.5,,MAW,PT60M,10YPL-AREA-----S,PL
2020-01-01T14:00:00+00:00,Wrocław Bl2,19W0000000002159,B05,,77.37,,MAW,PT60M,10YPL-AREA-----S,PL
2020-01-01T14:00:00+00:00,Wrocław Bl3,19W0000000002175,B05,,87.31,,MAW,PT60M,10YPL-AREA-----S,PL
2020-01-01T14:00:00+00:00,Zielona Góra BGP,19W000000000231B,B04,,116.62,,MAW,PT60M,10YPL-AREA-----S,PL
2020-01-01T14:00:00+00:00,Łagisza B10,19W000000000115D,B05,,204.0,,MAW,PT60M,10YPL-AREA-----S,PL
2020-01-01T14:00:00+00:00,Łaziska 3 B12,19W0000000001268,B05,,134.4,,MAW,PT60M,10YPL-AREA-----S,PL
2020-01-01T14:00:00+00:00,Łódź-4 B03,19W000000000108A,B05,,34.7,,MAW,PT60M,10YPL-AREA-----S,PL
2020-01-01T14:00:00+00:00,Żarnowiec H2,19W0000000002442,B10,,3.82,,MAW,PT60M,10YPL-AREA-----S,PL
2020-01-01T15:00:00+00:00,Bełchatów B03,19W000000000021M,B02,,228.5,,MAW,PT60M,10YPL-AREA-----S,PL
2020-01-01T15:00:00+00:00,Bełchatów B04,19W000000000022K,B02,,247.4,,MAW,PT60M,10YPL-AREA-----S,PL
2020-01-01T15:00:00+00:00,Bełchatów B06,19W000000000024G,B02,,201.52,,MAW,PT60M,10YPL-AREA-----S,PL
2020-01-01T15:00:00+00:00,Bełchatów B08,19W000000000026C,B02,,246.7,,MAW,PT60M,10YPL-AREA-----S,PL
2020-01-01T15:00:00+00:00,Bełchatów B10,19W0000000000288,B02,,259.0,,MAW,PT60M,10YPL-AREA-----S,PL
2020-01-01T15:00:00+00:00,Bełchatów B11,19W0000000000296,B02,,250.69,,MAW,PT60M,10YPL-AREA-----S,PL
2020-01-01T15:00:00+00:00,Bełchatów B12,19W000000000030L,B02,,257.0,,MAW,PT60M,10YPL-AREA-----S,PL
2020-01-01T15:00:00+00:00,Chorzów B1,19W0000000000377,B05,,70.0,,MAW,PT60M,10YPL-AREA-----S,PL
2020-01-01T15:00:00+00:00,Chorzów B2,19W0000000000385,B05,,80.47,,MAW,PT60M,10YPL-AREA-----S,PL
2020-01-01T15:00:00+00:00,Dolna Odra B5,19W0000000000490,B05,,111.21,,MAW,PT60M,10YPL-AREA-----S,PL
2020-01-01T15:00:00+00:00,Dolna Odra B8,19W0000000000555,B05,,129.4,,MAW,PT60M,10YPL-AREA-----S,PL
2020-01-01T15:00:00+00:00,Dychów H2,19W000000000263Z,B10,,20.03,,MAW,PT60M,10YPL-AREA-----S,PL
2020-01-01T15:00:00+00:00,Dychów H3,19W000000000273W,B10,,20.15,,MAW,PT60M,10YPL-AREA-----S,PL
2020-01-01T15:00:00+00:00,EC Wrotków B1,19W000000000110N,B04,,175.18,,MAW,PT60M,10YPL-AREA-----S,PL
2020-01-01T15:00:00+00:00,EC Włocławek B1,19W000000000257U,B04,,384.32,,MAW,PT60M,10YPL-AREA-----S,PL
2020-01-01T15:00:00+00:00,Jaworzno 3 B5,19W000000000068X,B05,,144.8,,MAW,PT60M,10YPL-AREA-----S,PL
2020-01-01T15:00:00+00:00,Karolin B2,19W0000000000709,B05,,83.64,,MAW,PT60M,10YPL-AREA-----S,PL
2020-01-01T15:00:00+00:00,Karolin B3,19W0000000000717,B05,,80.01,,MAW,PT60M,10YPL-AREA-----S,PL
2020-01-01T15:00:00+00:00,Katowice B1,19W000000000077W,B05,,96.27,,MAW,PT60M,10YPL-AREA-----S,PL
2020-01-01T15:00:00+00:00,Kozienice 1 B1,19W000000000098O,B05,,141.57,,MAW,PT60M,10YPL-AREA-----S,PL
2020-01-01T15:00:00+00:00,Kozienice 1 B5,19W000000000101O,B05,,146.34,,MAW,PT60M,10YPL-AREA-----S,PL
2020-01-01T15:00:00+00:00,Kozienice 1 B6,19W000000000097Q,B05,,146.23,,MAW,PT60M,10YPL-AREA-----S,PL
2020-01-01T15:00:00+00:00,Kozienice 1 B8,19W000000000103K,B05,,145.88,,MAW,PT60M,10YPL-AREA-----S,PL
2020-01-01T15:00:00+00:00,Kraków Łęg B2,19W000000000086V,B05,,80.87,,MAW,PT60M,10YPL-AREA-----S,PL
2020-01-01T15:00:00+00:00,Kraków Łęg B3,19W000000000089P,B05,,87.7,,MAW,PT60M,10YPL-AREA-----S,PL
2020-01-01T15:00:00+00:00,Kraków Łęg B4,19W000000000093Y,B05,,90.85,,MAW,PT60M,10YPL-AREA-----S,PL
2020-01-01T15:00:00+00:00,Opole B2,19W000000000131F,B05,,185.2,,MAW,PT60M,10YPL-AREA-----S,PL
2020-01-01T15:00:00+00:00,Opole B3,19W000000000132D,B05,,205.99,,MAW,PT60M,10YPL-AREA-----S,PL
2020-01-01T15:00:00+00:00,Ostrołęka B B03,19W0000000001365,B05,,131.89,,MAW,PT60M,10YPL-AREA-----S,PL
2020-01-01T15:00:00+00:00,Porąbka Żar H3,19W0000000002507,B10,,83.0,,MAW,PT60M,10YPL-AREA-----S,PL
2020-01-01T15:00:00+00:00,Połaniec 2 blok 9,19W000000000166X,B01,,203.07,,MAW,PT60M,10YPL-AREA-----S,PL
2020-01-01T15:00:00+00:00,Połaniec B2,19W0000000001551,B05,,166.88,,MAW,PT60M,10YPL-AREA-----S,PL
2020-01-01T15:00:00+00:00,Połaniec B3,19W000000000157Y,B05,,166.96,,MAW,PT60M,10YPL-AREA-----S,PL
2020-01-01T15:00:00+00:00,Połaniec B6,19W0000000001624,B05,,168.27,,MAW,PT60M,10YPL-AREA-----S,PL
2020-01-01T15:00:00+00:00,Pątnów 1 B2,19W0000000001454,B02,,128.8,,MAW,PT60M,10YPL-AREA-----S,PL
2020-01-01T15:00:00+00:00,Pątnów 2 B9,19W000000000150B,B02,,220.3,,MAW,PT60M,10YPL-AREA-----S,PL
2020-01-01T15:00:00+00:00,Płock B01,19W000000000279K,B04,,356.88,,MAW,PT60M,10YPL-AREA-----S,PL
2020-01-01T15:00:00+00:00,Rybnik B3,19W000000000175W,B05,,140.3,,MAW,PT60M,10YPL-AREA-----S,PL
2020-01-01T15:00:00+00:00,Rybnik B5,19W000000000177S,B05,,135.2,,MAW,PT60M,10YPL-AREA-----S,PL
2020-01-01T15:00:00+00:00,Siekierki B09,19W0000000002256,B05,,105.0,,MAW,PT60M,10YPL-AREA-----S,PL
2020-01-01T15:00:00+00:00,Siekierki B10,19W0000000002272,B05,,105.0,,MAW,PT60M,10YPL-AREA-----S,PL
2020-01-01T15:00:00+00:00,Siersza B1,19W0000000001810,B05,,56.5,,MAW,PT60M,10YPL-AREA-----S,PL
2020-01-01T15:00:00+00:00,Skawina Tg5,19W000000000191Y,B05,,63.49,,MAW,PT60M,10YPL-AREA-----S,PL
2020-01-01T15:00:00+00:00,Skawina Tg6,19W000000000192W,B05,,69.16,,MAW,PT60M,10YPL-AREA-----S,PL
2020-01-01T15:00:00+00:00,Stalowa Wola 3 B8,19W000000000196O,B05,,76.28,,MAW,PT60M,10YPL-AREA-----S,PL
2020-01-01T15:00:00+00:00,Turów B04,19W0000000002078,B02,,117.82,,MAW,PT60M,10YPL-AREA-----S,PL
2020-01-01T15:00:00+00:00,Turów B05,19W0000000002094,B02,,102.46,,MAW,PT60M,10YPL-AREA-----S,PL
2020-01-01T15:00:00+00:00,Turów B06,19W000000000211H,B02,,118.4,,MAW,PT60M,10YPL-AREA-----S,PL
2020-01-01T15:00:00+00:00,Wrocław Bl2,19W0000000002159,B05,,80.72,,MAW,PT60M,10YPL-AREA-----S,PL
2020-01-01T15:00:00+00:00,Wrocław Bl3,19W0000000002175,B05,,89.23,,MAW,PT60M,10YPL-AREA-----S,PL
2020-01-01T15:00:00+00:00,Zielona Góra BGP,19W000000000231B,B04,,119.2,,MAW,PT60M,10YPL-AREA-----S,PL
2020-01-01T15:00:00+00:00,Łagisza B10,19W000000000115D,B05,,335.0,,MAW,PT60M,10YPL-AREA-----S,PL
2020-01-01T15:00:00+00:00,Łaziska 3 B12,19W0000000001268,B05,,140.9,,MAW,PT60M,10YPL-AREA-----S,PL
2020-01-01T15:00:00+00:00,Łódź-4 B03,19W000000000108A,B05,,35.6,,MAW,PT60M,10YPL-AREA-----S,PL
2020-01-01T15:00:00+00:00,Żarnowiec H2,19W0000000002442,B10,,159.18,,MAW,PT60M,10YPL-AREA-----S,PL
2020-01-01T16:00:00+00:00,Bełchatów B03,19W000000000021M,B02,,320.5,,MAW,PT60M,10YPL-AREA-----S,PL
2020-01-01T16:00:00+00:00,Bełchatów B04,19W000000000022K,B02,,326.5,,MAW,PT60M,10YPL-AREA-----S,PL
2020-01-01T16:00:00+00:00,Bełchatów B06,19W000000000024G,B02,,277.06,,MAW,PT60M,10YPL-AREA-----S,PL
2020-01-01T16:00:00+00:00,Bełchatów B08,19W000000000026C,B02,,331.4,,MAW,PT60M,10YPL-AREA-----S,PL
2020-01-01T16:00:00+00:00,Bełchatów B10,19W0000000000288,B02,,339.0,,MAW,PT60M,10YPL-AREA-----S,PL
2020-01-01T16:00:00+00:00,Bełchatów B11,19W0000000000296,B02,,319.29,,MAW,PT60M,10YPL-AREA-----S,PL
2020-01-01T16:00:00+00:00,Bełchatów B12,19W000000000030L,B02,,338.0,,MAW,PT60M,10YPL-AREA-----S,PL
2020-01-01T16:00:00+00:00,Chorzów B1,19W0000000000377,B05,,72.37,,MAW,PT60M,10YPL-AREA-----S,PL
2020-01-01T16:00:00+00:00,Chorzów B2,19W0000000000385,B05,,77.48,,MAW,PT60M,10YPL-AREA-----S,PL
2020-01-01T16:00:00+00:00,Dolna Odra B5,19W0000000000490,B05,,104.35,,MAW,PT60M,10YPL-AREA-----S,PL
2020-01-01T16:00:00+00:00,Dolna Odra B8,19W0000000000555,B05,,122.35,,MAW,PT60M,10YPL-AREA-----S,PL
2020-01-01T16:00:00+00:00,EC Wrotków B1,19W000000000110N,B04,,175.12,,MAW,PT60M,10YPL-AREA-----S,PL
2020-01-01T16:00:00+00:00,EC Włocławek B1,19W000000000257U,B04,,372.3,,MAW,PT60M,10YPL-AREA-----S,PL
2020-01-01T16:00:00+00:00,Jaworzno 3 B5,19W000000000068X,B05,,137.4,,MAW,PT60M,10YPL-AREA-----S,PL
2020-01-01T16:00:00+00:00,Karolin B2,19W0000000000709,B05,,84.56,,MAW,PT60M,10YPL-AREA-----S,PL
2020-01-01T16:00:00+00:00,Karolin B3,19W0000000000717,B05,,79.97,,MAW,PT60M,10YPL-AREA-----S,PL
2020-01-01T16:00:00+00:00,Katowice B1,19W000000000077W,B05,,98.77,,MAW,PT60M,10YPL-AREA-----S,PL
2020-01-01T16:00:00+00:00,Kozienice 1 B1,19W000000000098O,B05,,135.89,,MAW,PT60M,10YPL-AREA-----S,PL
2020-01-01T16:00:00+00:00,Kozienice 1 B5,19W000000000101O,B05,,140.32,,MAW,PT60M,10YPL-AREA-----S,PL
2020-01-01T16:00:00+00:00,Kozienice 1 B6,19W000000000097Q,B05,,140.18,,MAW,PT60M,10YPL-AREA-----S,PL
2020-01-01T16:00:00+00:00,Kozienice 1 B8,19W000000000103K,B05,,139.81,,MAW,PT60M,10YPL-AREA-----S,PL
2020-01-01T16:00:00+00:00,Kraków Łęg B2,19W000000000086V,B05,,88.69,,MAW,PT60M,10YPL-AREA-----S,PL
2020-01-01T16:00:00+00:00,Kraków Łęg B3,19W000000000089P,B05,,89.95,,MAW,PT60M,10YPL-AREA-----S,PL
2020-01-01T16:00:00+00:00,Kraków Łęg B4,19W000000000093Y,B05,,90.87,,MAW,PT60M,10YPL-AREA-----S,PL
2020-01-01T16:00:00+00:00,Opole B2,19W000000000131F,B05,,178.5,,MAW,PT60M,10YPL-AREA-----S,PL
2020-01-01T16:00:00+00:00,Opole B3,19W000000000132D,B05,,199.88,,MAW,PT60M,10YPL-AREA-----S,PL
2020-01-01T16:00:00+00:00,Ostrołęka B B03,19W0000000001365,B05,,131.83,,MAW,PT60M,10YPL-AREA-----S,PL
2020-01-01T16:00:00+00:00,Porąbka Żar H3,19W0000000002507,B10,,130.6,,MAW,PT60M,10YPL-AREA-----S,PL
2020-01-01T16:00:00+00:00,Połaniec 2 blok 9,19W000000000166X,B01,,203.05,,MAW,PT60M,10YPL-AREA-----S,PL
2020-01-01T16:00:00+00:00,Połaniec B2,19W0000000001551,B05,,176.81,,MAW,PT60M,10YPL-AREA-----S,PL
2020-01-01T16:00:00+00:00,Połaniec B3,19W000000000157Y,B05,,173.76,,MAW,PT60M,10YPL-AREA-----S,PL
2020-01-01T16:00:00+00:00,Połaniec B6,19W0000000001624,B05,,165.96,,MAW,PT60M,10YPL-AREA-----S,PL
2020-01-01T16:00:00+00:00,Pątnów 1 B2,19W0000000001454,B02,,138.59,,MAW,PT60M,10YPL-AREA-----S,PL
2020-01-01T16:00:00+00:00,Pątnów 2 B9,19W000000000150B,B02,,219.7,,MAW,PT60M,10YPL-AREA-----S,PL
2020-01-01T16:00:00+00:00,Płock B01,19W000000000279K,B04,,421.85,,MAW,PT60M,10YPL-AREA-----S,PL
2020-01-01T16:00:00+00:00,Rybnik B3,19W000000000175W,B05,,133.4,,MAW,PT60M,10YPL-AREA-----S,PL
2020-01-01T16:00:00+00:00,Rybnik B5,19W000000000177S,B05,,128.6,,MAW,PT60M,10YPL-AREA-----S,PL
2020-01-01T16:00:00+00:00,Siekierki B07,19W000000000221E,B05,,112.0,,MAW,PT60M,10YPL-AREA-----S,PL
2020-01-01T16:00:00+00:00,Siekierki B08,19W000000000223A,B05,,77.0,,MAW,PT60M,10YPL-AREA-----S,PL
2020-01-01T16:00:00+00:00,Siekierki B09,19W0000000002256,B05,,104.0,,MAW,PT60M,10YPL-AREA-----S,PL
2020-01-01T16:00:00+00:00,Siekierki B10,19W0000000002272,B05,,106.0,,MAW,PT60M,10YPL-AREA-----S,PL
2020-01-01T16:00:00+00:00,Siersza B1,19W0000000001810,B05,,50.7,,MAW,PT60M,10YPL-AREA-----S,PL
2020-01-01T16:00:00+00:00,Skawina Tg5,19W000000000191Y,B05,,63.21,,MAW,PT60M,10YPL-AREA-----S,PL
2020-01-01T16:00:00+00:00,Skawina Tg6,19W000000000192W,B05,,68.94,,MAW,PT60M,10YPL-AREA-----S,PL
2020-01-01T16:00:00+00:00,Solina H1,19W000000000264X,B12,,59.19,,MAW,PT60M,10YPL-AREA-----S,PL
2020-01-01T16:00:00+00:00,Stalowa Wola 3 B8,19W000000000196O,B05,,76.53,,MAW,PT60M,10YPL-AREA-----S,PL
2020-01-01T16:00:00+00:00,Turów B04,19W0000000002078,B02,,152.04,,MAW,PT60M,10YPL-AREA-----S,PL
2020-01-01T16:00:00+00:00,Turów B05,19W0000000002094,B02,,152.35,,MAW,PT60M,10YPL-AREA-----S,PL
2020-01-01T16:00:00+00:00,Turów B06,19W000000000211H,B02,,184.7,,MAW,PT60M,10YPL-AREA-----S,PL
2020-01-01T16:00:00+00:00,Wrocław Bl2,19W0000000002159,B05,,81.58,,MAW,PT60M,10YPL-AREA-----S,PL
2020-01-01T16:00:00+00:00,Wrocław Bl3,19W0000000002175,B05,,90.07,,MAW,PT60M,10YPL-AREA-----S,PL
2020-01-01T16:00:00+00:00,Zielona Góra BGP,19W000000000231B,B04,,121.98,,MAW,PT60M,10YPL-AREA-----S,PL
2020-01-01T16:00:00+00:00,Łagisza B10,19W000000000115D,B05,,426.0,,MAW,PT60M,10YPL-AREA-----S,PL
2020-01-01T16:00:00+00:00,Łaziska 3 B12,19W0000000001268,B05,,133.5,,MAW,PT60M,10YPL-AREA-----S,PL
2020-01-01T16:00:00+00:00,Łódź-4 B03,19W000000000108A,B05,,53.1,,MAW,PT60M,10YPL-AREA-----S,PL
2020-01-01T16:00:00+00:00,Żarnowiec H2,19W0000000002442,B10,,177.43,,MAW,PT60M,10YPL-AREA-----S,PL
2020-01-01T17:00:00+00:00,Bełchatów B03,19W000000000021M,B02,,328.6,,MAW,PT60M,10YPL-AREA-----S,PL
2020-01-01T17:00:00+00:00,Bełchatów B04,19W000000000022K,B02,,327.5,,MAW,PT60M,10YPL-AREA-----S,PL
2020-01-01T17:00:00+00:00,Bełchatów B06,19W000000000024G,B02,,321.96,,MAW,PT60M,10YPL-AREA-----S,PL
2020-01-01T17:00:00+00:00,Bełchatów B08,19W000000000026C,B02,,339.4,,MAW,PT60M,10YPL-AREA-----S,PL
2020-01-01T17:00:00+00:00,Bełchatów B10,19W0000000000288,B02,,340.6,,MAW,PT60M,10YPL-AREA-----S,PL
2020-01-01T17:00:00+00:00,Bełchatów B11,19W0000000000296,B02,,324.5,,MAW,PT60M,10YPL-AREA-----S,PL
2020-01-01T17:00:00+00:00,Bełchatów B12,19W000000000030L,B02,,340.0,,MAW,PT60M,10YPL-AREA-----S,PL
2020-01-01T17:00:00+00:00,Chorzów B1,19W0000000000377,B05,,70.62,,MAW,PT60M,10YPL-AREA-----S,PL
2020-01-01T17:00:00+00:00,Chorzów B2,19W0000000000385,B05,,77.03,,MAW,PT60M,10YPL-AREA-----S,PL
2020-01-01T17:00:00+00:00,Dolna Odra B5,19W0000000000490,B05,,102.7,,MAW,PT60M,10YPL-AREA-----S,PL
2020-01-01T17:00:00+00:00,Dolna Odra B8,19W0000000000555,B05,,119.55,,MAW,PT60M,10YPL-AREA-----S,PL
2020-01-01T17:00:00+00:00,Dychów H2,19W000000000263Z,B10,,20.02,,MAW,PT60M,10YPL-AREA-----S,PL
2020-01-01T17:00:00+00:00,Dychów H3,19W000000000273W,B10,,0.2,,MAW,PT60M,10YPL-AREA-----S,PL
2020-01-01T17:00:00+00:00,EC Wrotków B1,19W000000000110N,B04,,175.23,,MAW,PT60M,10YPL-AREA-----S,PL
2020-01-01T17:00:00+00:00,EC Włocławek B1,19W000000000257U,B04,,368.0,,MAW,PT60M,10YPL-AREA-----S,PL
2020-01-01T17:00:00+00:00,Jaworzno 3 B5,19W000000000068X,B05,,136.0,,MAW,PT60M,10YPL-AREA-----S,PL
2020-01-01T17:00:00+00:00,Karolin B2,19W0000000000709,B05,,84.24,,MAW,PT60M,10YPL-AREA-----S,PL
2020-01-01T17:00:00+00:00,Karolin B3,19W0000000000717,B05,,79.89,,MAW,PT60M,10YPL-AREA-----S,PL
2020-01-01T17:00:00+00:00,Katowice B1,19W000000000077W,B05,,98.95,,MAW,PT60M,10YPL-AREA-----S,PL
2020-01-01T17:00:00+00:00,Kozienice 1 B1,19W000000000098O,B05,,134.06,,MAW,PT60M,10YPL-AREA-----S,PL
2020-01-01T17:00:00+00:00,Kozienice 1 B5,19W000000000101O,B05,,138.43,,MAW,PT60M,10YPL-AREA-----S,PL
2020-01-01T17:00:00+00:00,Kozienice 1 B6,19W000000000097Q,B05,,138.38,,MAW,PT60M,10YPL-AREA-----S,PL
2020-01-01T17:00:00+00:00,Kozienice 1 B8,19W000000000103K,B05,,137.94,,MAW,PT60M,10YPL-AREA-----S,PL
2020-01-01T17:00:00+00:00,Kraków Łęg B2,19W000000000086V,B05,,91.45,,MAW,PT60M,10YPL-AREA-----S,PL
2020-01-01T17:00:00+00:00,Kraków Łęg B3,19W000000000089P,B05,,89.9,,MAW,PT60M,10YPL-AREA-----S,PL
2020-01-01T17:00:00+00:00,Kraków Łęg B4,19W000000000093Y,B05,,90.76,,MAW,PT60M,10YPL-AREA-----S,PL
2020-01-01T17:00:00+00:00,Opole B2,19W000000000131F,B05,,176.1,,MAW,PT60M,10YPL-AREA-----S,PL
2020-01-01T17:00:00+00:00,Opole B3,19W000000000132D,B05,,261.11,,MAW,PT60M,10YPL-AREA-----S,PL
2020-01-01T17:00:00+00:00,Ostrołęka B B03,19W0000000001365,B05,,131.81,,MAW,PT60M,10YPL-AREA-----S,PL
2020-01-01T17:00:00+00:00,Porąbka Żar H3,19W0000000002507,B10,,116.2,,MAW,PT60M,10YPL-AREA-----S,PL
2020-01-01T17:00:00+00:00,Połaniec 2 blok 9,19W000000000166X,B01,,202.91,,MAW,PT60M,10YPL-AREA-----S,PL
2020-01-01T17:00:00+00:00,Połaniec B2,19W0000000001551,B05,,175.27,,MAW,PT60M,10YPL-AREA-----S,PL
2020-01-01T17:00:00+00:00,Połaniec B3,19W000000000157Y,B05,,172.35,,MAW,PT60M,10YPL-AREA-----S,PL
2020-01-01T17:00:00+00:00,Połaniec B6,19W0000000001624,B05,,158.97,,MAW,PT60M,10YPL-AREA-----S,PL
2020-01-01T17:00:00+00:00,Pątnów 1 B2,19W0000000001454,B02,,143.99,,MAW,PT60M,10YPL-AREA-----S,PL
2020-01-01T17:00:00+00:00,Pątnów 2 B9,19W000000000150B,B02,,218.4,,MAW,PT60M,10YPL-AREA-----S,PL
2020-01-01T17:00:00+00:00,Płock B01,19W000000000279K,B04,,327.4,,MAW,PT60M,10YPL-AREA-----S,PL
2020-01-01T17:00:00+00:00,Rybnik B3,19W000000000175W,B05,,131.6,,MAW,PT60M,10YPL-AREA-----S,PL
2020-01-01T17:00:00+00:00,Rybnik B5,19W000000000177S,B05,,126.8,,MAW,PT60M,10YPL-AREA-----S,PL
2020-01-01T17:00:00+00:00,Siekierki B07,19W000000000221E,B05,,113.0,,MAW,PT60M,10YPL-AREA-----S,PL
2020-01-01T17:00:00+00:00,Siekierki B08,19W000000000223A,B05,,75.0,,MAW,PT60M,10YPL-AREA-----S,PL
2020-01-01T17:00:00+00:00,Siekierki B10,19W0000000002272,B05,,105.0,,MAW,PT60M,10YPL-AREA-----S,PL
2020-01-01T17:00:00+00:00,Siersza B1,19W0000000001810,B05,,49.9,,MAW,PT60M,10YPL-AREA-----S,PL
2020-01-01T17:00:00+00:00,Skawina Tg5,19W000000000191Y,B05,,63.53,,MAW,PT60M,10YPL-AREA-----S,PL
2020-01-01T17:00:00+00:00,Skawina Tg6,19W000000000192W,B05,,69.32,,MAW,PT60M,10YPL-AREA-----S,PL
2020-01-01T17:00:00+00:00,Solina H1,19W000000000264X,B12,,60.62,,MAW,PT60M,10YPL-AREA-----S,PL
2020-01-01T17:00:00+00:00,Stalowa Wola 3 B8,19W000000000196O,B05,,76.52,,MAW,PT60M,10YPL-AREA-----S,PL
2020-01-01T17:00:00+00:00,Turów B04,19W0000000002078,B02,,139.98,,MAW,PT60M,10YPL-AREA-----S,PL
2020-01-01T17:00:00+00:00,Turów B05,19W0000000002094,B02,,158.31,,MAW,PT60M,10YPL-AREA-----S,PL
2020-01-01T17:00:00+00:00,Turów B06,19W000000000211H,B02,,187.7,,MAW,PT60M,10YPL-AREA-----S,PL
2020-01-01T17:00:00+00:00,Wrocław Bl2,19W0000000002159,B05,,81.53,,MAW,PT60M,10YPL-AREA-----S,PL
2020-01-01T17:00:00+00:00,Wrocław Bl3,19W0000000002175,B05,,90.21,,MAW,PT60M,10YPL-AREA-----S,PL
2020-01-01T17:00:00+00:00,Zielona Góra BGP,19W000000000231B,B04,,121.2,,MAW,PT60M,10YPL-AREA-----S,PL
2020-01-01T17:00:00+00:00,Łagisza B10,19W000000000115D,B05,,429.0,,MAW,PT60M,10YPL-AREA-----S,PL
2020-01-01T17:00:00+00:00,Łaziska 3 B12,19W0000000001268,B05,,132.0,,MAW,PT60M,10YPL-AREA-----S,PL
2020-01-01T17:00:00+00:00,Łódź-4 B03,19W000000000108A,B05,,79.0,,MAW,PT60M,10YPL-AREA-----S,PL
2020-01-01T17:00:00+00:00,Żarnowiec H2,19W0000000002442,B10,,160.04,,MAW,PT60M,10YPL-AREA-----S,PL
2020-01-01T18:00:00+00:00,Bełchatów B03,19W000000000021M,B02,,338.5,,MAW,PT60M,10YPL-AREA-----S,PL
2020-01-01T18:00:00+00:00,Bełchatów B04,19W000000000022K,B02,,333.9,,MAW,PT60M,10YPL-AREA-----S,PL
2020-01-01T18:00:00+00:00,Bełchatów B06,19W000000000024G,B02,,345.04,,MAW,PT60M,10YPL-AREA-----S,PL
2020-01-01T18:00:00+00:00,Bełchatów B08,19W000000000026C,B02,,345.8,,MAW,PT60M,10YPL-AREA-----S,PL
2020-01-01T18:00:00+00:00,Bełchatów B10,19W0000000000288,B02,,346.2,,MAW,PT60M,10YPL-AREA-----S,PL
2020-01-01T18:00:00+00:00,Bełchatów B11,19W0000000000296,B02,,330.73,,MAW,PT60M,10YPL-AREA-----S,PL
2020-01-01T18:00:00+00:00,Bełchatów B12,19W000000000030L,B02,,358.0,,MAW,PT60M,10YPL-AREA-----S,PL
2020-01-01T18:00:00+00:00,Chorzów B1,19W0000000000377,B05,,69.46,,MAW,PT60M,10YPL-AREA-----S,PL
2020-01-01T18:00:00+00:00,Chorzów B2,19W0000000000385,B05,,79.82,,MAW,PT60M,10YPL-AREA-----S,PL
2020-01-01T18:00:00+00:00,Dolna Odra B5,19W0000000000490,B05,,113.39,,MAW,PT60M,10YPL-AREA-----S,PL
2020-01-01T18:00:00+00:00,Dolna Odra B8,19W0000000000555,B05,,131.75,,MAW,PT60M,10YPL-AREA-----S,PL
2020-01-01T18:00:00+00:00,Dychów H2,19W000000000263Z,B10,,0.21,,MAW,PT60M,10YPL-AREA-----S,PL
2020-01-01T18:00:00+00:00,Dychów H3,19W000000000273W,B10,,0.0,,MAW,PT60M,10YPL-AREA-----S,PL
2020-01-01T18:00:00+00:00,EC Wrotków B1,19W000000000110N,B04,,175.12,,MAW,PT60M,10YPL-AREA-----S,PL
2020-01-01T18:00:00+00:00,EC Włocławek B1,19W000000000257U,B04,,387.07,,MAW,PT60M,10YPL-AREA-----S,PL
2020-01-01T18:00:00+00:00,Jaworzno 3 B5,19W000000000068X,B05,,146.6,,MAW,PT60M,10YPL-AREA-----S,PL
2020-01-01T18:00:00+00:00,Karolin B3,19W0000000000717,B05,,61.86,,MAW,PT60M,10YPL-AREA-----S,PL
2020-01-01T18:00:00+00:00,Katowice B1,19W000000000077W,B05,,99.73,,MAW,PT60M,10YPL-AREA-----S,PL
2020-01-01T18:00:00+00:00,Kozienice 1 B1,19W000000000098O,B05,,143.78,,MAW,PT60M,10YPL-AREA-----S,PL
2020-01-01T18:00:00+00:00,Kozienice 1 B5,19W000000000101O,B05,,147.92,,MAW,PT60M,10YPL-AREA-----S,PL
2020-01-01T18:00:00+00:00,Kozienice 1 B6,19W000000000097Q,B05,,148.04,,MAW,PT60M,10YPL-AREA-----S,PL
2020-01-01T18:00:00+00:00,Kozienice 1 B8,19W000000000103K,B05,,147.63,,MAW,PT60M,10YPL-AREA-----S,PL
2020-01-01T18:00:00+00:00,Kraków Łęg B2,19W000000000086V,B05,,91.26,,MAW,PT60M,10YPL-AREA-----S,PL
2020-01-01T18:00:00+00:00,Kraków Łęg B3,19W000000000089P,B05,,91.61,,MAW,PT60M,10YPL-AREA-----S,PL
2020-01-01T18:00:00+00:00,Kraków Łęg B4,19W000000000093Y,B05,,91.1,,MAW,PT60M,10YPL-AREA-----S,PL
2020-01-01T18:00:00+00:00,Opole B2,19W000000000131F,B05,,187.2,,MAW,PT60M,10YPL-AREA-----S,PL
2020-01-01T18:00:00+00:00,Opole B3,19W000000000132D,B05,,285.76,,MAW,PT60M,10YPL-AREA-----S,PL
2020-01-01T18:00:00+00:00,Ostrołęka B B03,19W0000000001365,B05,,131.67,,MAW,PT60M,10YPL-AREA-----S,PL
2020-01-01T18:00:00+00:00,Porąbka Żar H3,19W0000000002507,B10,,132.2,,MAW,PT60M,10YPL-AREA-----S,PL
2020-01-01T18:00:00+00:00,Połaniec 2 blok 9,19W000000000166X,B01,,201.94,,MAW,PT60M,10YPL-AREA-----S,PL
2020-01-01T18:00:00+00:00,Połaniec B2,19W0000000001551,B05,,183.97,,MAW,PT60M,10YPL-AREA-----S,PL
2020-01-01T18:00:00+00:00,Połaniec B3,19W000000000157Y,B05,,181.06,,MAW,PT60M,10YPL-AREA-----S,PL
2020-01-01T18:00:00+00:00,Połaniec B6,19W0000000001624,B05,,167.83,,MAW,PT60M,10YPL-AREA-----S,PL
2020-01-01T18:00:00+00:00,Pątnów 1 B2,19W0000000001454,B02,,147.48,,MAW,PT60M,10YPL-AREA-----S,PL
2020-01-01T18:00:00+00:00,Pątnów 2 B9,19W000000000150B,B02,,213.5,,MAW,PT60M,10YPL-AREA-----S,PL
2020-01-01T18:00:00+00:00,Płock B01,19W000000000279K,B04,,343.84,,MAW,PT60M,10YPL-AREA-----S,PL
2020-01-01T18:00:00+00:00,Rybnik B3,19W000000000175W,B05,,142.3,,MAW,PT60M,10YPL-AREA-----S,PL
2020-01-01T18:00:00+00:00,Rybnik B5,19W000000000177S,B05,,137.3,,MAW,PT60M,10YPL-AREA-----S,PL
2020-01-01T18:00:00+00:00,Siekierki B07,19W000000000221E,B05,,114.0,,MAW,PT60M,10YPL-AREA-----S,PL
2020-01-01T18:00:00+00:00,Siekierki B08,19W000000000223A,B05,,74.0,,MAW,PT60M,10YPL-AREA-----S,PL
2020-01-01T18:00:00+00:00,Siekierki B09,19W0000000002256,B05,,105.0,,MAW,PT60M,10YPL-AREA-----S,PL
2020-01-01T18:00:00+00:00,Siekierki B10,19W0000000002272,B05,,106.0,,MAW,PT60M,10YPL-AREA-----S,PL
2020-01-01T18:00:00+00:00,Siersza B1,19W0000000001810,B05,,58.5,,MAW,PT60M,10YPL-AREA-----S,PL
2020-01-01T18:00:00+00:00,Skawina Tg5,19W000000000191Y,B05,,63.03,,MAW,PT60M,10YPL-AREA-----S,PL
2020-01-01T18:00:00+00:00,Skawina Tg6,19W000000000192W,B05,,69.35,,MAW,PT60M,10YPL-AREA-----S,PL
2020-01-01T18:00:00+00:00,Solina H1,19W000000000264X,B12,,1.59,,MAW,PT60M,10YPL-AREA-----S,PL
2020-01-01T18:00:00+00:00,Stalowa Wola 3 B8,19W000000000196O,B05,,76.65,,MAW,PT60M,10YPL-AREA-----S,PL
2020-01-01T18:00:00+00:00,Turów B04,19W0000000002078,B02,,130.16,,MAW,PT60M,10YPL-AREA-----S,PL
2020-01-01T18:00:00+00:00,Turów B05,19W0000000002094,B02,,178.25,,MAW,PT60M,10YPL-AREA-----S,PL
2020-01-01T18:00:00+00:00,Turów B06,19W000000000211H,B02,,232.5,,MAW,PT60M,10YPL-AREA-----S,PL
2020-01-01T18:00:00+00:00,Wrocław Bl2,19W0000000002159,B05,,82.07,,MAW,PT60M,10YPL-AREA-----S,PL
2020-01-01T18:00:00+00:00,Wrocław Bl3,19W0000000002175,B05,,90.3,,MAW,PT60M,10YPL-AREA-----S,PL
2020-01-01T18:00:00+00:00,Zielona Góra BGP,19W000000000231B,B04,,119.29,,MAW,PT60M,10YPL-AREA-----S,PL
2020-01-01T18:00:00+00:00,Łagisza B10,19W000000000115D,B05,,428.0,,MAW,PT60M,10YPL-AREA-----S,PL
2020-01-01T18:00:00+00:00,Łaziska 3 B12,19W0000000001268,B05,,142.8,,MAW,PT60M,10YPL-AREA-----S,PL
2020-01-01T18:00:00+00:00,Łódź-4 B03,19W000000000108A,B05,,79.5,,MAW,PT60M,10YPL-AREA-----S,PL
2020-01-01T18:00:00+00:00,Żarnowiec H2,19W0000000002442,B10,,174.21,,MAW,PT60M,10YPL-AREA-----S,PL
2020-01-01T19:00:00+00:00,Bełchatów B03,19W000000000021M,B02,,288.3,,MAW,PT60M,10YPL-AREA-----S,PL
2020-01-01T19:00:00+00:00,Bełchatów B04,19W000000000022K,B02,,334.6,,MAW,PT60M,10YPL-AREA-----S,PL
2020-01-01T19:00:00+00:00,Bełchatów B06,19W000000000024G,B02,,294.56,,MAW,PT60M,10YPL-AREA-----S,PL
2020-01-01T19:00:00+00:00,Bełchatów B08,19W000000000026C,B02,,344.1,,MAW,PT60M,10YPL-AREA-----S,PL
2020-01-01T19:00:00+00:00,Bełchatów B10,19W0000000000288,B02,,340.6,,MAW,PT60M,10YPL-AREA-----S,PL
2020-01-01T19:00:00+00:00,Bełchatów B11,19W0000000000296,B02,,329.29,,MAW,PT60M,10YPL-AREA-----S,PL
2020-01-01T19:00:00+00:00,Bełchatów B12,19W000000000030L,B02,,364.0,,MAW,PT60M,10YPL-AREA-----S,PL
2020-01-01T19:00:00+00:00,Chorzów B1,19W0000000000377,B05,,73.12,,MAW,PT60M,10YPL-AREA-----S,PL
2020-01-01T19:00:00+00:00,Chorzów B2,19W0000000000385,B05,,76.9,,MAW,PT60M,10YPL-AREA-----S,PL
2020-01-01T19:00:00+00:00,Dolna Odra B5,19W0000000000490,B05,,111.88,,MAW,PT60M,10YPL-AREA-----S,PL
2020-01-01T19:00:00+00:00,Dolna Odra B8,19W0000000000555,B05,,130.16,,MAW,PT60M,10YPL-AREA-----S,PL
2020-01-01T19:00:00+00:00,Dychów H2,19W000000000263Z,B10,,0.0,,MAW,PT60M,10YPL-AREA-----S,PL
2020-01-01T19:00:00+00:00,EC Włocławek B1,19W000000000257U,B04,,383.86,,MAW,PT60M,10YPL-AREA-----S,PL
2020-01-01T19:00:00+00:00,Jaworzno 3 B5,19W000000000068X,B05,,144.6,,MAW,PT60M,10YPL-AREA-----S,PL
2020-01-01T19:00:00+00:00,Karolin B2,19W0000000000709,B05,,83.94,,MAW,PT60M,10YPL-AREA-----S,PL
2020-01-01T19:00:00+00:00,Karolin B3,19W0000000000717,B05,,58.63,,MAW,PT60M,10YPL-AREA-----S,PL
2020-01-01T19:00:00+00:00,Katowice B1,19W000000000077W,B05,,100.15,,MAW,PT60M,10YPL-AREA-----S,PL
2020-01-01T19:00:00+00:00,Kozienice 1 B1,19W000000000098O,B05,,142.38,,MAW,PT60M,10YPL-AREA-----S,PL
2020-01-01T19:00:00+00:00,Kozienice 1 B5,19W000000000101O,B05,,146.66,,MAW,PT60M,10YPL-AREA-----S,PL
2020-01-01T19:00:00+00:00,Kozienice 1 B6,19W000000000097Q,B05,,146.67,,MAW,PT60M,10YPL-AREA-----S,PL
2020-01-01T19:00:00+00:00,Kozienice 1 B8,19W000000000103K,B05,,146.26,,MAW,PT60M,10YPL-AREA-----S,PL
2020-01-01T19:00:00+00:00,Kraków Łęg B2,19W000000000086V,B05,,90.99,,MAW,PT60M,10YPL-AREA-----S,PL
2020-01-01T19:00:00+00:00,Kraków Łęg B3,19W000000000089P,B05,,91.34,,MAW,PT60M,10YPL-AREA-----S,PL
2020-01-01T19:00:00+00:00,Kraków Łęg B4,19W000000000093Y,B05,,91.05,,MAW,PT60M,10YPL-AREA-----S,PL
2020-01-01T19:00:00+00:00,Opole B2,19W000000000131F,B05,,185.7,,MAW,PT60M,10YPL-AREA-----S,PL
2020-01-01T19:00:00+00:00,Opole B3,19W000000000132D,B05,,245.81,,MAW,PT60M,10YPL-AREA-----S,PL
2020-01-01T19:00:00+00:00,Ostrołęka B B03,19W0000000001365,B05,,131.64,,MAW,PT60M,10YPL-AREA-----S,PL
2020-01-01T19:00:00+00:00,Porąbka Żar H3,19W0000000002507,B10,,113.2,,MAW,PT60M,10YPL-AREA-----S,PL
2020-01-01T19:00:00+00:00,Połaniec 2 blok 9,19W000000000166X,B01,,202.89,,MAW,PT60M,10YPL-AREA-----S,PL
2020-01-01T19:00:00+00:00,Połaniec B2,19W0000000001551,B05,,183.1,,MAW,PT60M,10YPL-AREA-----S,PL
2020-01-01T19:00:00+00:00,Połaniec B3,19W000000000157Y,B05,,180.04,,MAW,PT60M,10YPL-AREA-----S,PL
2020-01-01T19:00:00+00:00,Połaniec B6,19W0000000001624,B05,,166.75,,MAW,PT60M,10YPL-AREA-----S,PL
2020-01-01T19:00:00+00:00,Pątnów 1 B2,19W0000000001454,B02,,145.62,,MAW,PT60M,10YPL-AREA-----S,PL
2020-01-01T19:00:00+00:00,Pątnów 2 B9,19W000000000150B,B02,,205.0,,MAW,PT60M,10YPL-AREA-----S,PL
2020-01-01T19:00:00+00:00,Płock B01,19W000000000279K,B04,,340.96,,MAW,PT60M,10YPL-AREA-----S,PL
2020-01-01T19:00:00+00:00,Rybnik B3,19W000000000175W,B05,,140.7,,MAW,PT60M,10YPL-AREA-----S,PL
2020-01-01T19:00:00+00:00,Rybnik B5,19W000000000177S,B05,,135.8,,MAW,PT60M,10YPL-AREA-----S,PL
2020-01-01T19:00:00+00:00,Siekierki B07,19W000000000221E,B05,,113.0,,MAW,PT60M,10YPL-AREA-----S,PL
2020-01-01T19:00:00+00:00,Siekierki B10,19W0000000002272,B05,,104.0,,MAW,PT60M,10YPL-AREA-----S,PL
2020-01-01T19:00:00+00:00,Siersza B1,19W0000000001810,B05,,57.2,,MAW,PT60M,10YPL-AREA-----S,PL
2020-01-01T19:00:00+00:00,Skawina Tg5,19W000000000191Y,B05,,62.94,,MAW,PT60M,10YPL-AREA-----S,PL
2020-01-01T19:00:00+00:00,Skawina Tg6,19W000000000192W,B05,,69.18,,MAW,PT60M,10YPL-AREA-----S,PL
2020-01-01T19:00:00+00:00,Solina H1,19W000000000264X,B12,,0.0,,MAW,PT60M,10YPL-AREA-----S,PL
2020-01-01T19:00:00+00:00,Stalowa Wola 3 B8,19W000000000196O,B05,,76.71,,MAW,PT60M,10YPL-AREA-----S,PL
2020-01-01T19:00:00+00:00,Turów B04,19W0000000002078,B02,,119.74,,MAW,PT60M,10YPL-AREA-----S,PL
2020-01-01T19:00:00+00:00,Turów B05,19W0000000002094,B02,,142.67,,MAW,PT60M,10YPL-AREA-----S,PL
2020-01-01T19:00:00+00:00,Turów B06,19W000000000211H,B02,,217.4,,MAW,PT60M,10YPL-AREA-----S,PL
2020-01-01T19:00:00+00:00,Wrocław Bl2,19W0000000002159,B05,,81.67,,MAW,PT60M,10YPL-AREA-----S,PL
2020-01-01T19:00:00+00:00,Wrocław Bl3,19W0000000002175,B05,,90.09,,MAW,PT60M,10YPL-AREA-----S,PL
2020-01-01T19:00:00+00:00,Zielona Góra BGP,19W000000000231B,B04,,118.79,,MAW,PT60M,10YPL-AREA-----S,PL
2020-01-01T19:00:00+00:00,Łagisza B10,19W000000000115D,B05,,430.0,,MAW,PT60M,10YPL-AREA-----S,PL
2020-01-01T19:00:00+00:00,Łaziska 3 B12,19W0000000001268,B05,,141.2,,MAW,PT60M,10YPL-AREA-----S,PL
2020-01-01T19:00:00+00:00,Łódź-4 B03,19W000000000108A,B05,,79.7,,MAW,PT60M,10YPL-AREA-----S,PL
2020-01-01T19:00:00+00:00,Żarnowiec H2,19W0000000002442,B10,,93.91,,MAW,PT60M,10YPL-AREA-----S,PL
2020-01-01T20:00:00+00:00,Bełchatów B03,19W000000000021M,B02,,207.4,,MAW,PT60M,10YPL-AREA-----S,PL
2020-01-01T20:00:00+00:00,Bełchatów B04,19W000000000022K,B02,,332.2,,MAW,PT60M,10YPL-AREA-----S,PL
2020-01-01T20:00:00+00:00,Bełchatów B06,19W000000000024G,B02,,209.34,,MAW,PT60M,10YPL-AREA-----S,PL
2020-01-01T20:00:00+00:00,Bełchatów B08,19W000000000026C,B02,,346.0,,MAW,PT60M,10YPL-AREA-----S,PL
2020-01-01T20:00:00+00:00,Bełchatów B10,19W0000000000288,B02,,340.3,,MAW,PT60M,10YPL-AREA-----S,PL
2020-01-01T20:00:00+00:00,Bełchatów B11,19W0000000000296,B02,,331.03,,MAW,PT60M,10YPL-AREA-----S,PL
2020-01-01T20:00:00+00:00,Bełchatów B12,19W000000000030L,B02,,366.0,,MAW,PT60M,10YPL-AREA-----S,PL
2020-01-01T20:00:00+00:00,Chorzów B1,19W0000000000377,B05,,72.99,,MAW,PT60M,10YPL-AREA-----S,PL
2020-01-01T20:00:00+00:00,Chorzów B2,19W0000000000385,B05,,76.92,,MAW,PT60M,10YPL-AREA-----S,PL
2020-01-01T20:00:00+00:00,Dolna Odra B5,19W0000000000490,B05,,112.15,,MAW,PT60M,10YPL-AREA-----S,PL
2020-01-01T20:00:00+00:00,Dolna Odra B8,19W0000000000555,B05,,130.4,,MAW,PT60M,10YPL-AREA-----S,PL
2020-01-01T20:00:00+00:00,EC Wrotków B1,19W000000000110N,B04,,175.18,,MAW,PT60M,10YPL-AREA-----S,PL
2020-01-01T20:00:00+00:00,EC Włocławek B1,19W000000000257U,B04,,384.47,,MAW,PT60M,10YPL-AREA-----S,PL
2020-01-01T20:00:00+00:00,Jaworzno 3 B5,19W000000000068X,B05,,145.2,,MAW,PT60M,10YPL-AREA-----S,PL
2020-01-01T20:00:00+00:00,Karolin B2,19W0000000000709,B05,,83.69,,MAW,PT60M,10YPL-AREA-----S,PL
2020-01-01T20:00:00+00:00,Karolin B3,19W0000000000717,B05,,59.02,,MAW,PT60M,10YPL-AREA-----S,PL
2020-01-01T20:00:00+00:00,Katowice B1,19W000000000077W,B05,,100.02,,MAW,PT60M,10YPL-AREA-----S,PL
2020-01-01T20:00:00+00:00,Kozienice 1 B1,19W000000000098O,B05,,143.0,,MAW,PT60M,10YPL-AREA-----S,PL
2020-01-01T20:00:00+00:00,Kozienice 1 B5,19W000000000101O,B05,,147.57,,MAW,PT60M,10YPL-AREA-----S,PL
2020-01-01T20:00:00+00:00,Kozienice 1 B6,19W000000000097Q,B05,,147.57,,MAW,PT60M,10YPL-AREA-----S,PL
2020-01-01T20:00:00+00:00,Kozienice 1 B8,19W000000000103K,B05,,147.2,,MAW,PT60M,10YPL-AREA-----S,PL
2020-01-01T20:00:00+00:00,Kraków Łęg B2,19W000000000086V,B05,,91.33,,MAW,PT60M,10YPL-AREA-----S,PL
2020-01-01T20:00:00+00:00,Kraków Łęg B3,19W000000000089P,B05,,90.57,,MAW,PT60M,10YPL-AREA-----S,PL
2020-01-01T20:00:00+00:00,Kraków Łęg B4,19W000000000093Y,B05,,91.63,,MAW,PT60M,10YPL-AREA-----S,PL
2020-01-01T20:00:00+00:00,Opole B2,19W000000000131F,B05,,186.1,,MAW,PT60M,10YPL-AREA-----S,PL
2020-01-01T20:00:00+00:00,Opole B3,19W000000000132D,B05,,188.13,,MAW,PT60M,10YPL-AREA-----S,PL
2020-01-01T20:00:00+00:00,Ostrołęka B B03,19W0000000001365,B05,,131.73,,MAW,PT60M,10YPL-AREA-----S,PL
2020-01-01T20:00:00+00:00,Porąbka Żar H3,19W0000000002507,B10,,35.7,,MAW,PT60M,10YPL-AREA-----S,PL
2020-01-01T20:00:00+00:00,Połaniec 2 blok 9,19W000000000166X,B01,,202.42,,MAW,PT60M,10YPL-AREA-----S,PL
2020-01-01T20:00:00+00:00,Połaniec B2,19W0000000001551,B05,,183.97,,MAW,PT60M,10YPL-AREA-----S,PL
2020-01-01T20:00:00+00:00,Połaniec B3,19W000000000157Y,B05,,181.48,,MAW,PT60M,10YPL-AREA-----S,PL
2020-01-01T20:00:00+00:00,Połaniec B6,19W0000000001624,B05,,168.08,,MAW,PT60M,10YPL-AREA-----S,PL
2020-01-01T20:00:00+00:00,Pątnów 1 B2,19W0000000001454,B02,,146.54,,MAW,PT60M,10YPL-AREA-----S,PL
2020-01-01T20:00:00+00:00,Pątnów 2 B9,19W000000000150B,B02,,217.8,,MAW,PT60M,10YPL-AREA-----S,PL
2020-01-01T20:00:00+00:00,Płock B01,19W000000000279K,B04,,352.08,,MAW,PT60M,10YPL-AREA-----S,PL
2020-01-01T20:00:00+00:00,Rybnik B3,19W000000000175W,B05,,141.2,,MAW,PT60M,10YPL-AREA-----S,PL
2020-01-01T20:00:00+00:00,Rybnik B5,19W000000000177S,B05,,136.1,,MAW,PT60M,10YPL-AREA-----S,PL
2020-01-01T20:00:00+00:00,Siekierki B07,19W000000000221E,B05,,112.0,,MAW,PT60M,10YPL-AREA-----S,PL
2020-01-01T20:00:00+00:00,Siekierki B08,19W000000000223A,B05,,76.0,,MAW,PT60M,10YPL-AREA-----S,PL
2020-01-01T20:00:00+00:00,Siekierki B09,19W0000000002256,B05,,103.0,,MAW,PT60M,10YPL-AREA-----S,PL
2020-01-01T20:00:00+00:00,Siersza B1,19W0000000001810,B05,,57.6,,MAW,PT60M,10YPL-AREA-----S,PL
2020-01-01T20:00:00+00:00,Skawina Tg5,19W000000000191Y,B05,,63.04,,MAW,PT60M,10YPL-AREA-----S,PL
2020-01-01T20:00:00+00:00,Skawina Tg6,19W000000000192W,B05,,69.03,,MAW,PT60M,10YPL-AREA-----S,PL
2020-01-01T20:00:00+00:00,Turów B04,19W0000000002078,B02,,119.72,,MAW,PT60M,10YPL-AREA-----S,PL
2020-01-01T20:00:00+00:00,Turów B05,19W0000000002094,B02,,103.96,,MAW,PT60M,10YPL-AREA-----S,PL
2020-01-01T20:00:00+00:00,Turów B06,19W000000000211H,B02,,129.0,,MAW,PT60M,10YPL-AREA-----S,PL
2020-01-01T20:00:00+00:00,Wrocław Bl2,19W0000000002159,B05,,81.42,,MAW,PT60M,10YPL-AREA-----S,PL
2020-01-01T20:00:00+00:00,Wrocław Bl3,19W0000000002175,B05,,89.26,,MAW,PT60M,10YPL-AREA-----S,PL
2020-01-01T20:00:00+00:00,Zielona Góra BGP,19W000000000231B,B04,,117.73,,MAW,PT60M,10YPL-AREA-----S,PL
2020-01-01T20:00:00+00:00,Łagisza B10,19W000000000115D,B05,,431.0,,MAW,PT60M,10YPL-AREA-----S,PL
2020-01-01T20:00:00+00:00,Łaziska 3 B12,19W0000000001268,B05,,141.8,,MAW,PT60M,10YPL-AREA-----S,PL
2020-01-01T20:00:00+00:00,Łódź-4 B03,19W000000000108A,B05,,80.1,,MAW,PT60M,10YPL-AREA-----S,PL
2020-01-01T20:00:00+00:00,Żarnowiec H2,19W0000000002442,B10,,0.0,,MAW,PT60M,10YPL-AREA-----S,PL
2020-01-01T21:00:00+00:00,Bełchatów B03,19W000000000021M,B02,,212.6,,MAW,PT60M,10YPL-AREA-----S,PL
2020-01-01T21:00:00+00:00,Bełchatów B04,19W000000000022K,B02,,318.6,,MAW,PT60M,10YPL-AREA-----S,PL
2020-01-01T21:00:00+00:00,Bełchatów B06,19W000000000024G,B02,,210.73,,MAW,PT60M,10YPL-AREA-----S,PL
2020-01-01T21:00:00+00:00,Bełchatów B08,19W000000000026C,B02,,342.9,,MAW,PT60M,10YPL-AREA-----S,PL
2020-01-01T21:00:00+00:00,Bełchatów B10,19W0000000000288,B02,,339.5,,MAW,PT60M,10YPL-AREA-----S,PL
2020-01-01T21:00:00+00:00,Bełchatów B11,19W0000000000296,B02,,328.83,,MAW,PT60M,10YPL-AREA-----S,PL
2020-01-01T21:00:00+00:00,Bełchatów B12,19W000000000030L,B02,,345.0,,MAW,PT60M,10YPL-AREA-----S,PL
2020-01-01T21:00:00+00:00,Chorzów B1,19W0000000000377,B05,,73.09,,MAW,PT60M,10YPL-AREA-----S,PL
2020-01-01T21:00:00+00:00,Chorzów B2,19W0000000000385,B05,,76.99,,MAW,PT60M,10YPL-AREA-----S,PL
2020-01-01T21:00:00+00:00,Dolna Odra B5,19W0000000000490,B05,,115.06,,MAW,PT60M,10YPL-AREA-----S,PL
2020-01-01T21:00:00+00:00,Dolna Odra B8,19W0000000000555,B05,,133.31,,MAW,PT60M,10YPL-AREA-----S,PL
2020-01-01T21:00:00+00:00,EC Włocławek B1,19W000000000257U,B04,,388.2,,MAW,PT60M,10YPL-AREA-----S,PL
2020-01-01T21:00:00+00:00,Jaworzno 3 B5,19W000000000068X,B05,,157.5,,MAW,PT60M,10YPL-AREA-----S,PL
2020-01-01T21:00:00+00:00,Karolin B2,19W0000000000709,B05,,83.9,,MAW,PT60M,10YPL-AREA-----S,PL
2020-01-01T21:00:00+00:00,Karolin B3,19W0000000000717,B05,,59.08,,MAW,PT60M,10YPL-AREA-----S,PL
2020-01-01T21:00:00+00:00,Katowice B1,19W000000000077W,B05,,99.78,,MAW,PT60M,10YPL-AREA-----S,PL
2020-01-01T21:00:00+00:00,Kozienice 1 B1,19W000000000098O,B05,,145.85,,MAW,PT60M,10YPL-AREA-----S,PL
2020-01-01T21:00:00+00:00,Kozienice 1 B5,19W000000000101O,B05,,150.32,,MAW,PT60M,10YPL-AREA-----S,PL
2020-01-01T21:00:00+00:00,Kozienice 1 B6,19W000000000097Q,B05,,150.35,,MAW,PT60M,10YPL-AREA-----S,PL
2020-01-01T21:00:00+00:00,Kozienice 1 B8,19W000000000103K,B05,,150.03,,MAW,PT60M,10YPL-AREA-----S,PL
2020-01-01T21:00:00+00:00,Kraków Łęg B2,19W000000000086V,B05,,91.15,,MAW,PT60M,10YPL-AREA-----S,PL
2020-01-01T21:00:00+00:00,Kraków Łęg B3,19W000000000089P,B05,,91.71,,MAW,PT60M,10YPL-AREA-----S,PL
2020-01-01T21:00:00+00:00,Kraków Łęg B4,19W000000000093Y,B05,,93.02,,MAW,PT60M,10YPL-AREA-----S,PL
2020-01-01T21:00:00+00:00,Opole B2,19W000000000131F,B05,,189.2,,MAW,PT60M,10YPL-AREA-----S,PL
2020-01-01T21:00:00+00:00,Opole B3,19W000000000132D,B05,,201.65,,MAW,PT60M,10YPL-AREA-----S,PL
2020-01-01T21:00:00+00:00,Ostrołęka B B03,19W0000000001365,B05,,127.05,,MAW,PT60M,10YPL-AREA-----S,PL
2020-01-01T21:00:00+00:00,Porąbka Żar H3,19W0000000002507,B10,,0.0,,MAW,PT60M,10YPL-AREA-----S,PL
2020-01-01T21:00:00+00:00,Połaniec 2 blok 9,19W000000000166X,B01,,203.14,,MAW,PT60M,10YPL-AREA-----S,PL
2020-01-01T21:00:00+00:00,Połaniec B2,19W0000000001551,B05,,182.93,,MAW,PT60M,10YPL-AREA-----S,PL
2020-01-01T21:00:00+00:00,Połaniec B3,19W000000000157Y,B05,,183.57,,MAW,PT60M,10YPL-AREA-----S,PL
2020-01-01T21:00:00+00:00,Połaniec B6,19W0000000001624,B05,,170.13,,MAW,PT60M,10YPL-AREA-----S,PL
2020-01-01T21:00:00+00:00,Pątnów 1 B2,19W0000000001454,B02,,148.03,,MAW,PT60M,10YPL-AREA-----S,PL
2020-01-01T21:00:00+00:00,Pątnów 2 B9,19W000000000150B,B02,,209.4,,MAW,PT60M,10YPL-AREA-----S,PL
2020-01-01T21:00:00+00:00,Płock B01,19W000000000279K,B04,,404.57,,MAW,PT60M,10YPL-AREA-----S,PL
2020-01-01T21:00:00+00:00,Rybnik B3,19W000000000175W,B05,,144.0,,MAW,PT60M,10YPL-AREA-----S,PL
2020-01-01T21:00:00+00:00,Rybnik B5,19W000000000177S,B05,,139.1,,MAW,PT60M,10YPL-AREA-----S,PL
2020-01-01T21:00:00+00:00,Siekierki B07,19W000000000221E,B05,,107.0,,MAW,PT60M,10YPL-AREA-----S,PL
2020-01-01T21:00:00+00:00,Siekierki B09,19W0000000002256,B05,,100.0,,MAW,PT60M,10YPL-AREA-----S,PL
2020-01-01T21:00:00+00:00,Siersza B1,19W0000000001810,B05,,60.3,,MAW,PT60M,10YPL-AREA-----S,PL
2020-01-01T21:00:00+00:00,Skawina Tg5,19W000000000191Y,B05,,64.26,,MAW,PT60M,10YPL-AREA-----S,PL
2020-01-01T21:00:00+00:00,Skawina Tg6,19W000000000192W,B05,,68.44,,MAW,PT60M,10YPL-AREA-----S,PL
2020-01-01T21:00:00+00:00,Stalowa Wola 3 B8,19W000000000196O,B05,,76.69,,MAW,PT60M,10YPL-AREA-----S,PL
2020-01-01T21:00:00+00:00,Turów B04,19W0000000002078,B02,,122.76,,MAW,PT60M,10YPL-AREA-----S,PL
2020-01-01T21:00:00+00:00,Turów B05,19W0000000002094,B02,,107.27,,MAW,PT60M,10YPL-AREA-----S,PL
2020-01-01T21:00:00+00:00,Turów B06,19W000000000211H,B02,,123.9,,MAW,PT60M,10YPL-AREA-----S,PL
2020-01-01T21:00:00+00:00,Wrocław Bl2,19W0000000002159,B05,,81.0,,MAW,PT60M,10YPL-AREA-----S,PL
2020-01-01T21:00:00+00:00,Wrocław Bl3,19W0000000002175,B05,,89.81,,MAW,PT60M,10YPL-AREA-----S,PL
2020-01-01T21:00:00+00:00,Zielona Góra BGP,19W000000000231B,B04,,115.99,,MAW,PT60M,10YPL-AREA-----S,PL
2020-01-01T21:00:00+00:00,Łagisza B10,19W000000000115D,B05,,430.0,,MAW,PT60M,10YPL-AREA-----S,PL
2020-01-01T21:00:00+00:00,Łaziska 3 B12,19W0000000001268,B05,,144.3,,MAW,PT60M,10YPL-AREA-----S,PL
2020-01-01T21:00:00+00:00,Łódź-4 B03,19W000000000108A,B05,,72.8,,MAW,PT60M,10YPL-AREA-----S,PL
2020-01-01T22:00:00+00:00,Bełchatów B03,19W000000000021M,B02,,213.0,,MAW,PT60M,10YPL-AREA-----S,PL
2020-01-01T22:00:00+00:00,Bełchatów B04,19W000000000022K,B02,,221.1,,MAW,PT60M,10YPL-AREA-----S,PL
2020-01-01T22:00:00+00:00,Bełchatów B06,19W000000000024G,B02,,210.47,,MAW,PT60M,10YPL-AREA-----S,PL
2020-01-01T22:00:00+00:00,Bełchatów B08,19W000000000026C,B02,,306.3,,MAW,PT60M,10YPL-AREA-----S,PL
2020-01-01T22:00:00+00:00,Bełchatów B10,19W0000000000288,B02,,307.9,,MAW,PT60M,10YPL-AREA-----S,PL
2020-01-01T22:00:00+00:00,Bełchatów B11,19W0000000000296,B02,,303.89,,MAW,PT60M,10YPL-AREA-----S,PL
2020-01-01T22:00:00+00:00,Bełchatów B12,19W000000000030L,B02,,243.0,,MAW,PT60M,10YPL-AREA-----S,PL
2020-01-01T22:00:00+00:00,Chorzów B1,19W0000000000377,B05,,73.15,,MAW,PT60M,10YPL-AREA-----S,PL
2020-01-01T22:00:00+00:00,Chorzów B2,19W0000000000385,B05,,76.92,,MAW,PT60M,10YPL-AREA-----S,PL
2020-01-01T22:00:00+00:00,Dolna Odra B5,19W0000000000490,B05,,115.09,,MAW,PT60M,10YPL-AREA-----S,PL
2020-01-01T22:00:00+00:00,Dolna Odra B8,19W0000000000555,B05,,133.09,,MAW,PT60M,10YPL-AREA-----S,PL
2020-01-01T22:00:00+00:00,EC Włocławek B1,19W000000000257U,B04,,387.0,,MAW,PT60M,10YPL-AREA-----S,PL
2020-01-01T22:00:00+00:00,Jaworzno 3 B5,19W000000000068X,B05,,165.8,,MAW,PT60M,10YPL-AREA-----S,PL
2020-01-01T22:00:00+00:00,Karolin B2,19W0000000000709,B05,,84.0,,MAW,PT60M,10YPL-AREA-----S,PL
2020-01-01T22:00:00+00:00,Karolin B3,19W0000000000717,B05,,59.25,,MAW,PT60M,10YPL-AREA-----S,PL
2020-01-01T22:00:00+00:00,Katowice B1,19W000000000077W,B05,,98.56,,MAW,PT60M,10YPL-AREA-----S,PL
2020-01-01T22:00:00+00:00,Kozienice 1 B1,19W000000000098O,B05,,145.84,,MAW,PT60M,10YPL-AREA-----S,PL
2020-01-01T22:00:00+00:00,Kozienice 1 B5,19W000000000101O,B05,,149.87,,MAW,PT60M,10YPL-AREA-----S,PL
2020-01-01T22:00:00+00:00,Kozienice 1 B6,19W000000000097Q,B05,,150.01,,MAW,PT60M,10YPL-AREA-----S,PL
2020-01-01T22:00:00+00:00,Kozienice 1 B8,19W000000000103K,B05,,149.44,,MAW,PT60M,10YPL-AREA-----S,PL
2020-01-01T22:00:00+00:00,Kraków Łęg B2,19W000000000086V,B05,,90.25,,MAW,PT60M,10YPL-AREA-----S,PL
2020-01-01T22:00:00+00:00,Kraków Łęg B3,19W000000000089P,B05,,92.47,,MAW,PT60M,10YPL-AREA-----S,PL
2020-01-01T22:00:00+00:00,Kraków Łęg B4,19W000000000093Y,B05,,93.28,,MAW,PT60M,10YPL-AREA-----S,PL
2020-01-01T22:00:00+00:00,Opole B2,19W000000000131F,B05,,189.1,,MAW,PT60M,10YPL-AREA-----S,PL
2020-01-01T22:00:00+00:00,Opole B3,19W000000000132D,B05,,195.33,,MAW,PT60M,10YPL-AREA-----S,PL
2020-01-01T22:00:00+00:00,Ostrołęka B B03,19W0000000001365,B05,,126.76,,MAW,PT60M,10YPL-AREA-----S,PL
2020-01-01T22:00:00+00:00,Połaniec 2 blok 9,19W000000000166X,B01,,202.97,,MAW,PT60M,10YPL-AREA-----S,PL
2020-01-01T22:00:00+00:00,Połaniec B2,19W0000000001551,B05,,179.24,,MAW,PT60M,10YPL-AREA-----S,PL
2020-01-01T22:00:00+00:00,Połaniec B3,19W000000000157Y,B05,,184.02,,MAW,PT60M,10YPL-AREA-----S,PL
2020-01-01T22:00:00+00:00,Połaniec B6,19W0000000001624,B05,,172.18,,MAW,PT60M,10YPL-AREA-----S,PL
2020-01-01T22:00:00+00:00,Pątnów 1 B2,19W0000000001454,B02,,147.78,,MAW,PT60M,10YPL-AREA-----S,PL
2020-01-01T22:00:00+00:00,Pątnów 2 B9,19W000000000150B,B02,,206.9,,MAW,PT60M,10YPL-AREA-----S,PL
2020-01-01T22:00:00+00:00,Płock B01,19W000000000279K,B04,,360.63,,MAW,PT60M,10YPL-AREA-----S,PL
2020-01-01T22:00:00+00:00,Rybnik B3,19W000000000175W,B05,,143.5,,MAW,PT60M,10YPL-AREA-----S,PL
2020-01-01T22:00:00+00:00,Siekierki B07,19W000000000221E,B05,,108.0,,MAW,PT60M,10YPL-AREA-----S,PL
2020-01-01T22:00:00+00:00,Siekierki B08,19W000000000223A,B05,,77.0,,MAW,PT60M,10YPL-AREA-----S,PL
2020-01-01T22:00:00+00:00,Siekierki B09,19W0000000002256,B05,,103.0,,MAW,PT60M,10YPL-AREA-----S,PL
2020-01-01T22:00:00+00:00,Siekierki B10,19W0000000002272,B05,,103.0,,MAW,PT60M,10YPL-AREA-----S,PL
2020-01-01T22:00:00+00:00,Siersza B1,19W0000000001810,B05,,60.5,,MAW,PT60M,10YPL-AREA-----S,PL
2020-01-01T22:00:00+00:00,Skawina Tg5,19W000000000191Y,B05,,66.35,,MAW,PT60M,10YPL-AREA-----S,PL
2020-01-01T22:00:00+00:00,Skawina Tg6,19W000000000192W,B05,,68.34,,MAW,PT60M,10YPL-AREA-----S,PL
2020-01-01T22:00:00+00:00,Stalowa Wola 3 B8,19W000000000196O,B05,,76.65,,MAW,PT60M,10YPL-AREA-----S,PL
2020-01-01T22:00:00+00:00,Turów B04,19W0000000002078,B02,,123.02,,MAW,PT60M,10YPL-AREA-----S,PL
2020-01-01T22:00:00+00:00,Turów B05,19W0000000002094,B02,,107.48,,MAW,PT60M,10YPL-AREA-----S,PL
2020-01-01T22:00:00+00:00,Wrocław Bl2,19W0000000002159,B05,,80.15,,MAW,PT60M,10YPL-AREA-----S,PL
2020-01-01T22:00:00+00:00,Wrocław Bl3,19W0000000002175,B05,,88.36,,MAW,PT60M,10YPL-AREA-----S,PL
2020-01-01T22:00:00+00:00,Zielona Góra BGP,19W000000000231B,B04,,102.76,,MAW,PT60M,10YPL-AREA-----S,PL
2020-01-01T22:00:00+00:00,Łagisza B10,19W000000000115D,B05,,352.0,,MAW,PT60M,10YPL-AREA-----S,PL
2020-01-01T22:00:00+00:00,Łaziska 3 B12,19W0000000001268,B05,,143.6,,MAW,PT60M,10YPL-AREA-----S,PL
2020-01-01T22:00:00+00:00,Łódź-4 B03,19W000000000108A,B05,,66.8,,MAW,PT60M,10YPL-AREA-----S,PL
2020-01-01T23:00:00+00:00,Bełchatów B03,19W000000000021M,B02,,209.2,,MAW,PT60M,10YPL-AREA-----S,PL
2020-01-01T23:00:00+00:00,Bełchatów B04,19W000000000022K,B02,,284.5,,MAW,PT60M,10YPL-AREA-----S,PL
2020-01-01T23:00:00+00:00,Bełchatów B06,19W000000000024G,B02,,206.03,,MAW,PT60M,10YPL-AREA-----S,PL
2020-01-01T23:00:00+00:00,Bełchatów B08,19W000000000026C,B02,,334.8,,MAW,PT60M,10YPL-AREA-----S,PL
2020-01-01T23:00:00+00:00,Bełchatów B10,19W0000000000288,B02,,344.3,,MAW,PT60M,10YPL-AREA-----S,PL
2020-01-01T23:00:00+00:00,Bełchatów B11,19W0000000000296,B02,,334.82,,MAW,PT60M,10YPL-AREA-----S,PL
2020-01-01T23:00:00+00:00,Bełchatów B12,19W000000000030L,B02,,316.0,,MAW,PT60M,10YPL-AREA-----S,PL
2020-01-01T23:00:00+00:00,Chorzów B1,19W0000000000377,B05,,73.01,,MAW,PT60M,10YPL-AREA-----S,PL
2020-01-01T23:00:00+00:00,Chorzów B2,19W0000000000385,B05,,76.97,,MAW,PT60M,10YPL-AREA-----S,PL
2020-01-01T23:00:00+00:00,Dolna Odra B5,19W0000000000490,B05,,113.73,,MAW,PT60M,10YPL-AREA-----S,PL
2020-01-01T23:00:00+00:00,Dolna Odra B8,19W0000000000555,B05,,131.63,,MAW,PT60M,10YPL-AREA-----S,PL
2020-01-01T23:00:00+00:00,EC Rzeszów B1,19W0000000001705,B04,,89.55,,MAW,PT60M,10YPL-AREA-----S,PL
2020-01-01T23:00:00+00:00,EC Włocławek B1,19W000000000257U,B04,,375.29,,MAW,PT60M,10YPL-AREA-----S,PL
2020-01-01T23:00:00+00:00,Jaworzno 3 B5,19W000000000068X,B05,,164.1,,MAW,PT60M,10YPL-AREA-----S,PL
2020-01-01T23:00:00+00:00,Karolin B2,19W0000000000709,B05,,83.94,,MAW,PT60M,10YPL-AREA-----S,PL
2020-01-01T23:00:00+00:00,Karolin B3,19W0000000000717,B05,,78.4,,MAW,PT60M,10YPL-AREA-----S,PL
2020-01-01T23:00:00+00:00,Katowice B1,19W000000000077W,B05,,96.58,,MAW,PT60M,10YPL-AREA-----S,PL
2020-01-01T23:00:00+00:00,Kozienice 1 B1,19W000000000098O,B05,,148.79,,MAW,PT60M,10YPL-AREA-----S,PL
2020-01-01T23:00:00+00:00,Kozienice 1 B5,19W000000000101O,B05,,152.21,,MAW,PT60M,10YPL-AREA-----S,PL
2020-01-01T23:00:00+00:00,Kozienice 1 B6,19W000000000097Q,B05,,152.01,,MAW,PT60M,10YPL-AREA-----S,PL
2020-01-01T23:00:00+00:00,Kozienice 1 B8,19W000000000103K,B05,,150.81,,MAW,PT60M,10YPL-AREA-----S,PL
2020-01-01T23:00:00+00:00,Kraków Łęg B2,19W000000000086V,B05,,90.2,,MAW,PT60M,10YPL-AREA-----S,PL
2020-01-01T23:00:00+00:00,Kraków Łęg B3,19W000000000089P,B05,,86.13,,MAW,PT60M,10YPL-AREA-----S,PL
2020-01-01T23:00:00+00:00,Kraków Łęg B4,19W000000000093Y,B05,,92.07,,MAW,PT60M,10YPL-AREA-----S,PL
2020-01-01T23:00:00+00:00,Opole B2,19W000000000131F,B05,,187.5,,MAW,PT60M,10YPL-AREA-----S,PL
2020-01-01T23:00:00+00:00,Opole B3,19W000000000132D,B05,,188.75,,MAW,PT60M,10YPL-AREA-----S,PL
2020-01-01T23:00:00+00:00,Ostrołęka B B03,19W0000000001365,B05,,142.82,,MAW,PT60M,10YPL-AREA-----S,PL
2020-01-01T23:00:00+00:00,Połaniec 2 blok 9,19W000000000166X,B01,,196.05,,MAW,PT60M,10YPL-AREA-----S,PL
2020-01-01T23:00:00+00:00,Połaniec B2,19W0000000001551,B05,,211.73,,MAW,PT60M,10YPL-AREA-----S,PL
2020-01-01T23:00:00+00:00,Połaniec B3,19W000000000157Y,B05,,206.93,,MAW,PT60M,10YPL-AREA-----S,PL
2020-01-01T23:00:00+00:00,Połaniec B6,19W0000000001624,B05,,195.79,,MAW,PT60M,10YPL-AREA-----S,PL
2020-01-01T23:00:00+00:00,Pątnów 1 B2,19W0000000001454,B02,,150.61,,MAW,PT60M,10YPL-AREA-----S,PL
2020-01-01T23:00:00+00:00,Pątnów 2 B9,19W000000000150B,B02,,216.0,,MAW,PT60M,10YPL-AREA-----S,PL
2020-01-01T23:00:00+00:00,Płock B01,19W000000000279K,B04,,455.05,,MAW,PT60M,10YPL-AREA-----S,PL
2020-01-01T23:00:00+00:00,Rybnik B3,19W000000000175W,B05,,137.9,,MAW,PT60M,10YPL-AREA-----S,PL
2020-01-01T23:00:00+00:00,Rybnik B5,19W000000000177S,B05,,137.6,,MAW,PT60M,10YPL-AREA-----S,PL
2020-01-01T23:00:00+00:00,Siekierki B09,19W0000000002256,B05,,104.0,,MAW,PT60M,10YPL-AREA-----S,PL
2020-01-01T23:00:00+00:00,Siekierki B10,19W0000000002272,B05,,101.0,,MAW,PT60M,10YPL-AREA-----S,PL
2020-01-01T23:00:00+00:00,Siersza B1,19W0000000001810,B05,,58.9,,MAW,PT60M,10YPL-AREA-----S,PL
2020-01-01T23:00:00+00:00,Skawina Tg6,19W000000000192W,B05,,68.68,,MAW,PT60M,10YPL-AREA-----S,PL
2020-01-01T23:00:00+00:00,Stalowa Wola 3 B8,19W000000000196O,B05,,76.58,,MAW,PT60M,10YPL-AREA-----S,PL
2020-01-01T23:00:00+00:00,Turów B04,19W0000000002078,B02,,120.42,,MAW,PT60M,10YPL-AREA-----S,PL
2020-01-01T23:00:00+00:00,Turów B05,19W0000000002094,B02,,105.02,,MAW,PT60M,10YPL-AREA-----S,PL
2020-01-01T23:00:00+00:00,Turów B06,19W000000000211H,B02,,121.4,,MAW,PT60M,10YPL-AREA-----S,PL
2020-01-01T23:00:00+00:00,Wrocław Bl2,19W0000000002159,B05,,80.08,,MAW,PT60M,10YPL-AREA-----S,PL
2020-01-01T23:00:00+00:00,Wrocław Bl3,19W0000000002175,B05,,88.29,,MAW,PT60M,10YPL-AREA-----S,PL
2020-01-01T23:00:00+00:00,Zielona Góra BGP,19W000000000231B,B04,,102.48,,MAW,PT60M,10YPL-AREA-----S,PL
2020-01-01T23:00:00+00:00,Łagisza B10,19W000000000115D,B05,,418.0,,MAW,PT60M,10YPL-AREA-----S,PL
2020-01-01T23:00:00+00:00,Łaziska 3 B12,19W0000000001268,B05,,142.6,,MAW,PT60M,10YPL-AREA-----S,PL
2020-01-01T23:00:00+00:00,Łódź-4 B03,19W000000000108A,B05,,54.1,,MAW,PT60M,10YPL-AREA-----S,PL
2020-01-01T00:00:00+00:00,	CetCraiova2_CRAI2_CA,30WCRAICRA22---T,B02,,0.0,,MAW,PT60M,10YRO-TEL------P,RO
2020-01-01T00:00:00+00:00,CETBrazi__BRAZ5_CA,30WBRAZBRAZ5---1,B04,,72.42,,MAW,PT60M,10YRO-TEL------P,RO
2020-01-01T00:00:00+00:00,CETBrazi__BRAZ6_CA,30WBRAZBRAZ6---X,B04,,0.0,,MAW,PT60M,10YRO-TEL------P,RO
2020-01-01T00:00:00+00:00,CET_MINT2_CA,30WMINTMINT2---1,B05,,0.0,,MAW,PT60M,10YRO-TEL------P,RO
2020-01-01T00:00:00+00:00,CET_MINT3_CA,30WMINTMINT3---X,B05,,66.51,,MAW,PT60M,10YRO-TEL------P,RO
2020-01-01T00:00:00+00:00,CET_MINT4_CA,30WMINTMINT4---S,B05,,0.0,,MAW,PT60M,10YRO-TEL------P,RO
2020-01-01T00:00:00+00:00,CET_MINT5_CA,30WMINTMINT5---N,B05,,0.0,,MAW,PT60M,10YRO-TEL------P,RO
2020-01-01T00:00:00+00:00,CET_MINT6_CA,30WMINTMINT6---I,B05,,0.0,,MAW,PT60M,10YRO-TEL------P,RO
2020-01-01T00:00:00+00:00,CET_Paroseni_CA,30WTE-PARO124--W,B05,,0.0,,MAW,PT60M,10YRO-TEL------P,RO
2020-01-01T00:00:00+00:00,CHE_Lotru_LOTR1_CA,30WHIDRLOTR1---C,B12,,0.0,,MAW,PT60M,10YRO-TEL------P,RO
2020-01-01T00:00:00+00:00,CHE_Lotru_LOTR2_CA,30WHIDRLOTR2---G,B12,,0.0,,MAW,PT60M,10YRO-TEL------P,RO
2020-01-01T00:00:00+00:00,CHE_Lotru_LOTR3_CA,30WHIDRLOTR3---B,B12,,45.89,,MAW,PT60M,10YRO-TEL------P,RO
2020-01-01T00:00:00+00:00,CetCraiova2_CRAI1_CA,30WCRAICRA21---Y,B02,,95.8,,MAW,PT60M,10YRO-TEL------P,RO
2020-01-01T00:00:00+00:00,CetGalati_GALA3_CA,30WGALATGALA3--G,B04,,0.0,,MAW,PT60M,10YRO-TEL------P,RO
2020-01-01T00:00:00+00:00,CetGalati_GALA5_CA,30WGALAGALA5---Q,B04,,0.0,,MAW,PT60M,10YRO-TEL------P,RO
2020-01-01T00:00:00+00:00,CetGalati_GALA6_CA,30WGALAGALA6---L,B04,,0.0,,MAW,PT60M,10YRO-TEL------P,RO
2020-01-01T00:00:00+00:00,ChePortileDeFier_PFIERI1_CA,30WHIDRPDFE1---R,B11,,137.71,,MAW,PT60M,10YRO-TEL------P,RO
2020-01-01T00:00:00+00:00,ChePortileDeFier_PFIERI2_CA,30WHIDRPDFE2---M,B11,,109.69,,MAW,PT60M,10YRO-TEL------P,RO
2020-01-01T00:00:00+00:00,ChePortileDeFier_PFIERI3_CA,30WHIDRPDFE3---H,B11,,0.0,,MAW,PT60M,10YRO-TEL------P,RO
2020-01-01T00:00:00+00:00,ChePortileDeFier_PFIERI4_CA,30WHIDRPDFE4---C,B11,,0.0,,MAW,PT60M,10YRO-TEL------P,RO
2020-01-01T00:00:00+00:00,ChePortileDeFier_PFIERI5_CA,30WHIDRPDFE5---7,B11,,109.81,,MAW,PT60M,10YRO-TEL------P,RO
2020-01-01T00:00:00+00:00,ChePortileDeFier_PFIERI6_CA,30WHIDRPDFE6---2,B11,,187.85,,MAW,PT60M,10YRO-TEL------P,RO
2020-01-01T00:00:00+00:00,CheRetezat_RIUM1_CA,30WHIDRRIUM1---1,B12,,0.0,,MAW,PT60M,10YRO-TEL------P,RO
2020-01-01T00:00:00+00:00,CheRetezat_RIUM2_CA,30WHIDRRIUM2---W,B12,,0.0,,MAW,PT60M,10YRO-TEL------P,RO
2020-01-01T00:00:00+00:00,Iernut_IERN4_CA,30WELCENIERN4--M,B04,,0.0,,MAW,PT60M,10YRO-TEL------P,RO
2020-01-01T00:00:00+00:00,Iernut_IERN5_CA,30WELCEIERN5---V,B04,,136.2,,MAW,PT60M,10YRO-TEL------P,RO
2020-01-01T00:00:00+00:00,Isalnita_ISAL7_CA,30WCRAIISAL7---D,B02,,129.3,,MAW,PT60M,10YRO-TEL------P,RO
2020-01-01T00:00:00+00:00,Isalnita_ISAL8_CA,30WCRAIISAL8---8,B02,,0.0,,MAW,PT60M,10YRO-TEL------P,RO
2020-01-01T00:00:00+00:00,,30W-PETR-BRAZ1-W,B04,,0.0,,MAW,PT60M,10YRO-TEL------P,RO
2020-01-01T00:00:00+00:00,,30WCERNCERN1---Y,B14,,660.6,,MAW,PT60M,10YRO-TEL------P,RO
2020-01-01T00:00:00+00:00,,30WCERNCERN2---T,B14,,651.2,,MAW,PT60M,10YRO-TEL------P,RO
2020-01-01T00:00:00+00:00,,30WELCEBUCU3---2,B04,,81.8,,MAW,PT60M,10YRO-TEL------P,RO
2020-01-01T00:00:00+00:00,,30WELCEBUCU4---Y,B04,,69.7,,MAW,PT60M,10YRO-TEL------P,RO
2020-01-01T00:00:00+00:00,,30WELCEBUCV3---X,B04,,158.92,,MAW,PT60M,10YRO-TEL------P,RO
2020-01-01T00:00:00+00:00,,30WROVIROVI3---K,B02,,9.5,,MAW,PT60M,10YRO-TEL------P,RO
2020-01-01T00:00:00+00:00,,30WROVIROVI4---F,B02,,251.1,,MAW,PT60M,10YRO-TEL------P,RO
2020-01-01T00:00:00+00:00,,30WROVIROVI6---5,B02,,0.0,,MAW,PT60M,10YRO-TEL------P,RO
2020-01-01T00:00:00+00:00,,30WTURCTURC3---O,B02,,25.4,,MAW,PT60M,10YRO-TEL------P,RO
2020-01-01T00:00:00+00:00,,30WTURCTURC4---J,B02,,0.0,,MAW,PT60M,10YRO-TEL------P,RO
2020-01-01T00:00:00+00:00,,30WTURCTURC5---E,B02,,215.8,,MAW,PT60M,10YRO-TEL------P,RO
2020-01-01T00:00:00+00:00,,30WTURCTURC7---4,B02,,0.0,,MAW,PT60M,10YRO-TEL------P,RO
2020-01-01T01:00:00+00:00,CETBrazi__BRAZ5_CA,30WBRAZBRAZ5---1,B04,,72.06,,MAW,PT60M,10YRO-TEL------P,RO
2020-01-01T01:00:00+00:00,CET_MINT3_CA,30WMINTMINT3---X,B05,,65.22,,MAW,PT60M,10YRO-TEL------P,RO
2020-01-01T01:00:00+00:00,CHE_Lotru_LOTR3_CA,30WHIDRLOTR3---B,B12,,28.95,,MAW,PT60M,10YRO-TEL------P,RO
2020-01-01T01:00:00+00:00,CetCraiova2_CRAI1_CA,30WCRAICRA21---Y,B02,,96.3,,MAW,PT60M,10YRO-TEL------P,RO
2020-01-01T01:00:00+00:00,ChePortileDeFier_PFIERI1_CA,30WHIDRPDFE1---R,B11,,115.14,,MAW,PT60M,10YRO-TEL------P,RO
2020-01-01T01:00:00+00:00,ChePortileDeFier_PFIERI2_CA,30WHIDRPDFE2---M,B11,,87.3,,MAW,PT60M,10YRO-TEL------P,RO
2020-01-01T01:00:00+00:00,ChePortileDeFier_PFIERI5_CA,30WHIDRPDFE5---7,B11,,87.27,,MAW,PT60M,10YRO-TEL------P,RO
2020-01-01T01:00:00+00:00,ChePortileDeFier_PFIERI6_CA,30WHIDRPDFE6---2,B11,,187.84,,MAW,PT60M,10YRO-TEL------P,RO
2020-01-01T01:00:00+00:00,Iernut_IERN5_CA,30WELCEIERN5---V,B04,,135.9,,MAW,PT60M,10YRO-TEL------P,RO
2020-01-01T01:00:00+00:00,Isalnita_ISAL7_CA,30WCRAIISAL7---D,B02,,122.9,,MAW,PT60M,10YRO-TEL------P,RO
2020-01-01T01:00:00+00:00,,30WCERNCERN1---Y,B14,,660.7,,MAW,PT60M,10YRO-TEL------P,RO
2020-01-01T01:00:00+00:00,,30WCERNCERN2---T,B14,,651.4,,MAW,PT60M,10YRO-TEL------P,RO
2020-01-01T01:00:00+00:00,,30WELCEBUCU3---2,B04,,81.6,,MAW,PT60M,10YRO-TEL------P,RO
2020-01-01T01:00:00+00:00,,30WELCEBUCU4---Y,B04,,70.7,,MAW,PT60M,10YRO-TEL------P,RO
2020-01-01T01:00:00+00:00,,30WELCEBUCV3---X,B04,,159.36,,MAW,PT60M,10YRO-TEL------P,RO
2020-01-01T01:00:00+00:00,,30WROVIROVI3---K,B02,,0.0,,MAW,PT60M,10YRO-TEL------P,RO
2020-01-01T01:00:00+00:00,,30WROVIROVI4---F,B02,,242.8,,MAW,PT60M,10YRO-TEL------P,RO
2020-01-01T01:00:00+00:00,,30WTURCTURC3---O,B02,,0.0,,MAW,PT60M,10YRO-TEL------P,RO
2020-01-01T01:00:00+00:00,,30WTURCTURC5---E,B02,,210.4,,MAW,PT60M,10YRO-TEL------P,RO
2020-01-01T02:00:00+00:00,CETBrazi__BRAZ5_CA,30WBRAZBRAZ5---1,B04,,71.96,,MAW,PT60M,10YRO-TEL------P,RO
2020-01-01T02:00:00+00:00,CET_MINT3_CA,30WMINTMINT3---X,B05,,65.84,,MAW,PT60M,10YRO-TEL------P,RO
2020-01-01T02:00:00+00:00,CHE_Lotru_LOTR3_CA,30WHIDRLOTR3---B,B12,,19.82,,MAW,PT60M,10YRO-TEL------P,RO
2020-01-01T02:00:00+00:00,CetCraiova2_CRAI1_CA,30WCRAICRA21---Y,B02,,95.8,,MAW,PT60M,10YRO-TEL------P,RO
2020-01-01T02:00:00+00:00,ChePortileDeFier_PFIERI1_CA,30WHIDRPDFE1---R,B11,,102.94,,MAW,PT60M,10YRO-TEL------P,RO
2020-01-01T02:00:00+00:00,ChePortileDeFier_PFIERI2_CA,30WHIDRPDFE2---M,B11,,102.43,,MAW,PT60M,10YRO-TEL------P,RO
2020-01-01T02:00:00+00:00,ChePortileDeFier_PFIERI5_CA,30WHIDRPDFE5---7,B11,,75.23,,MAW,PT60M,10YRO-TEL------P,RO
2020-01-01T02:00:00+00:00,ChePortileDeFier_PFIERI6_CA,30WHIDRPDFE6---2,B11,,179.13,,MAW,PT60M,10YRO-TEL------P,RO
2020-01-01T02:00:00+00:00,Iernut_IERN5_CA,30WELCEIERN5---V,B04,,136.7,,MAW,PT60M,10YRO-TEL------P,RO
2020-01-01T02:00:00+00:00,Isalnita_ISAL7_CA,30WCRAIISAL7---D,B02,,113.7,,MAW,PT60M,10YRO-TEL------P,RO
2020-01-01T02:00:00+00:00,,30WCERNCERN1---Y,B14,,660.3,,MAW,PT60M,10YRO-TEL------P,RO
2020-01-01T02:00:00+00:00,,30WCERNCERN2---T,B14,,651.3,,MAW,PT60M,10YRO-TEL------P,RO
2020-01-01T02:00:00+00:00,,30WELCEBUCU3---2,B04,,81.5,,MAW,PT60M,10YRO-TEL------P,RO
2020-01-01T02:00:00+00:00,,30WELCEBUCU4---Y,B04,,70.4,,MAW,PT60M,10YRO-TEL------P,RO
2020-01-01T02:00:00+00:00,,30WELCEBUCV3---X,B04,,159.47,,MAW,PT60M,10YRO-TEL------P,RO
2020-01-01T02:00:00+00:00,,30WROVIROVI4---F,B02,,166.5,,MAW,PT60M,10YRO-TEL------P,RO
2020-01-01T02:00:00+00:00,,30WTURCTURC5---E,B02,,183.9,,MAW,PT60M,10YRO-TEL------P,RO
2020-01-01T03:00:00+00:00,CETBrazi__BRAZ5_CA,30WBRAZBRAZ5---1,B04,,71.98,,MAW,PT60M,10YRO-TEL------P,RO
2020-01-01T03:00:00+00:00,CET_MINT3_CA,30WMINTMINT3---X,B05,,66.89,,MAW,PT60M,10YRO-TEL------P,RO
2020-01-01T03:00:00+00:00,CHE_Lotru_LOTR3_CA,30WHIDRLOTR3---B,B12,,16.71,,MAW,PT60M,10YRO-TEL------P,RO
2020-01-01T03:00:00+00:00,CetCraiova2_CRAI1_CA,30WCRAICRA21---Y,B02,,96.0,,MAW,PT60M,10YRO-TEL------P,RO
2020-01-01T03:00:00+00:00,ChePortileDeFier_PFIERI1_CA,30WHIDRPDFE1---R,B11,,81.77,,MAW,PT60M,10YRO-TEL------P,RO
2020-01-01T03:00:00+00:00,ChePortileDeFier_PFIERI2_CA,30WHIDRPDFE2---M,B11,,72.1,,MAW,PT60M,10YRO-TEL------P,RO
2020-01-01T03:00:00+00:00,ChePortileDeFier_PFIERI5_CA,30WHIDRPDFE5---7,B11,,71.67,,MAW,PT60M,10YRO-TEL------P,RO
2020-01-01T03:00:00+00:00,ChePortileDeFier_PFIERI6_CA,30WHIDRPDFE6---2,B11,,66.19,,MAW,PT60M,10YRO-TEL------P,RO
2020-01-01T03:00:00+00:00,Iernut_IERN5_CA,30WELCEIERN5---V,B04,,136.8,,MAW,PT60M,10YRO-TEL------P,RO
2020-01-01T03:00:00+00:00,Isalnita_ISAL7_CA,30WCRAIISAL7---D,B02,,113.3,,MAW,PT60M,10YRO-TEL------P,RO
2020-01-01T03:00:00+00:00,,30WELCEBUCU3---2,B04,,81.3,,MAW,PT60M,10YRO-TEL------P,RO
2020-01-01T03:00:00+00:00,,30WELCEBUCU4---Y,B04,,70.1,,MAW,PT60M,10YRO-TEL------P,RO
2020-01-01T03:00:00+00:00,,30WELCEBUCV3---X,B04,,159.37,,MAW,PT60M,10YRO-TEL------P,RO
2020-01-01T03:00:00+00:00,,30WROVIROVI4---F,B02,,155.9,,MAW,PT60M,10YRO-TEL------P,RO
2020-01-01T03:00:00+00:00,,30WTURCTURC5---E,B02,,181.5,,MAW,PT60M,10YRO-TEL------P,RO
2020-01-01T04:00:00+00:00,CETBrazi__BRAZ5_CA,30WBRAZBRAZ5---1,B04,,72.24,,MAW,PT60M,10YRO-TEL------P,RO
2020-01-01T04:00:00+00:00,CET_MINT3_CA,30WMINTMINT3---X,B05,,66.9,,MAW,PT60M,10YRO-TEL------P,RO
2020-01-01T04:00:00+00:00,CHE_Lotru_LOTR3_CA,30WHIDRLOTR3---B,B12,,38.8,,MAW,PT60M,10YRO-TEL------P,RO
2020-01-01T04:00:00+00:00,CetCraiova2_CRAI1_CA,30WCRAICRA21---Y,B02,,96.5,,MAW,PT60M,10YRO-TEL------P,RO
2020-01-01T04:00:00+00:00,ChePortileDeFier_PFIERI1_CA,30WHIDRPDFE1---R,B11,,101.63,,MAW,PT60M,10YRO-TEL------P,RO
2020-01-01T04:00:00+00:00,ChePortileDeFier_PFIERI2_CA,30WHIDRPDFE2---M,B11,,100.53,,MAW,PT60M,10YRO-TEL------P,RO
2020-01-01T04:00:00+00:00,ChePortileDeFier_PFIERI5_CA,30WHIDRPDFE5---7,B11,,100.47,,MAW,PT60M,10YRO-TEL------P,RO
2020-01-01T04:00:00+00:00,ChePortileDeFier_PFIERI6_CA,30WHIDRPDFE6---2,B11,,0.0,,MAW,PT60M,10YRO-TEL------P,RO
2020-01-01T04:00:00+00:00,Iernut_IERN5_CA,30WELCEIERN5---V,B04,,136.5,,MAW,PT60M,10YRO-TEL------P,RO
2020-01-01T04:00:00+00:00,Isalnita_ISAL7_CA,30WCRAIISAL7---D,B02,,113.9,,MAW,PT60M,10YRO-TEL------P,RO
2020-01-01T04:00:00+00:00,,30WCERNCERN1---Y,B14,,660.7,,MAW,PT60M,10YRO-TEL------P,RO
2020-01-01T04:00:00+00:00,,30WCERNCERN2---T,B14,,651.4,,MAW,PT60M,10YRO-TEL------P,RO
2020-01-01T04:00:00+00:00,,30WELCEBUCU3---2,B04,,81.4,,MAW,PT60M,10YRO-TEL------P,RO
2020-01-01T04:00:00+00:00,,30WELCEBUCU4---Y,B04,,69.0,,MAW,PT60M,10YRO-TEL------P,RO
2020-01-01T04:00:00+00:00,,30WELCEBUCV3---X,B04,,159.42,,MAW,PT60M,10YRO-TEL------P,RO
2020-01-01T04:00:00+00:00,,30WROVIROVI4---F,B02,,165.4,,MAW,PT60M,10YRO-TEL------P,RO
2020-01-01T04:00:00+00:00,,30WTURCTURC5---E,B02,,189.3,,MAW,PT60M,10YRO-TEL------P,RO
2020-01-01T05:00:00+00:00,CETBrazi__BRAZ5_CA,30WBRAZBRAZ5---1,B04,,71.46,,MAW,PT60M,10YRO-TEL------P,RO
2020-01-01T05:00:00+00:00,CET_MINT3_CA,30WMINTMINT3---X,B05,,65.02,,MAW,PT60M,10YRO-TEL------P,RO
2020-01-01T05:00:00+00:00,CHE_Lotru_LOTR3_CA,30WHIDRLOTR3---B,B12,,61.22,,MAW,PT60M,10YRO-TEL------P,RO
2020-01-01T05:00:00+00:00,CetCraiova2_CRAI1_CA,30WCRAICRA21---Y,B02,,95.9,,MAW,PT60M,10YRO-TEL------P,RO
2020-01-01T05:00:00+00:00,ChePortileDeFier_PFIERI1_CA,30WHIDRPDFE1---R,B11,,103.68,,MAW,PT60M,10YRO-TEL------P,RO
2020-01-01T05:00:00+00:00,ChePortileDeFier_PFIERI2_CA,30WHIDRPDFE2---M,B11,,102.56,,MAW,PT60M,10YRO-TEL------P,RO
2020-01-01T05:00:00+00:00,ChePortileDeFier_PFIERI5_CA,30WHIDRPDFE5---7,B11,,102.53,,MAW,PT60M,10YRO-TEL------P,RO
2020-01-01T05:00:00+00:00,Iernut_IERN5_CA,30WELCEIERN5---V,B04,,136.6,,MAW,PT60M,10YRO-TEL------P,RO
2020-01-01T05:00:00+00:00,Isalnita_ISAL7_CA,30WCRAIISAL7---D,B02,,116.0,,MAW,PT60M,10YRO-TEL------P,RO
2020-01-01T05:00:00+00:00,,30WCERNCERN1---Y,B14,,660.9,,MAW,PT60M,10YRO-TEL------P,RO
2020-01-01T05:00:00+00:00,,30WCERNCERN2---T,B14,,651.3,,MAW,PT60M,10YRO-TEL------P,RO
2020-01-01T05:00:00+00:00,,30WELCEBUCU3---2,B04,,80.0,,MAW,PT60M,10YRO-TEL------P,RO
2020-01-01T05:00:00+00:00,,30WELCEBUCU4---Y,B04,,67.6,,MAW,PT60M,10YRO-TEL------P,RO
2020-01-01T05:00:00+00:00,,30WELCEBUCV3---X,B04,,159.1,,MAW,PT60M,10YRO-TEL------P,RO
2020-01-01T05:00:00+00:00,,30WROVIROVI4---F,B02,,166.1,,MAW,PT60M,10YRO-TEL------P,RO
2020-01-01T05:00:00+00:00,,30WTURCTURC5---E,B02,,189.7,,MAW,PT60M,10YRO-TEL------P,RO
2020-01-01T06:00:00+00:00,CETBrazi__BRAZ5_CA,30WBRAZBRAZ5---1,B04,,72.49,,MAW,PT60M,10YRO-TEL------P,RO
2020-01-01T06:00:00+00:00,CET_MINT3_CA,30WMINTMINT3---X,B05,,66.83,,MAW,PT60M,10YRO-TEL------P,RO
2020-01-01T06:00:00+00:00,CHE_Lotru_LOTR2_CA,30WHIDRLOTR2---G,B12,,18.6,,MAW,PT60M,10YRO-TEL------P,RO
2020-01-01T06:00:00+00:00,CHE_Lotru_LOTR3_CA,30WHIDRLOTR3---B,B12,,41.01,,MAW,PT60M,10YRO-TEL------P,RO
2020-01-01T06:00:00+00:00,CetCraiova2_CRAI1_CA,30WCRAICRA21---Y,B02,,95.0,,MAW,PT60M,10YRO-TEL------P,RO
2020-01-01T06:00:00+00:00,ChePortileDeFier_PFIERI1_CA,30WHIDRPDFE1---R,B11,,109.34,,MAW,PT60M,10YRO-TEL------P,RO
2020-01-01T06:00:00+00:00,ChePortileDeFier_PFIERI2_CA,30WHIDRPDFE2---M,B11,,188.79,,MAW,PT60M,10YRO-TEL------P,RO
2020-01-01T06:00:00+00:00,ChePortileDeFier_PFIERI5_CA,30WHIDRPDFE5---7,B11,,108.17,,MAW,PT60M,10YRO-TEL------P,RO
2020-01-01T06:00:00+00:00,ChePortileDeFier_PFIERI6_CA,30WHIDRPDFE6---2,B11,,46.02,,MAW,PT60M,10YRO-TEL------P,RO
2020-01-01T06:00:00+00:00,Iernut_IERN5_CA,30WELCEIERN5---V,B04,,138.8,,MAW,PT60M,10YRO-TEL------P,RO
2020-01-01T06:00:00+00:00,Isalnita_ISAL7_CA,30WCRAIISAL7---D,B02,,118.9,,MAW,PT60M,10YRO-TEL------P,RO
2020-01-01T06:00:00+00:00,,30WCERNCERN1---Y,B14,,661.05,,MAW,PT60M,10YRO-TEL------P,RO
2020-01-01T06:00:00+00:00,,30WCERNCERN2---T,B14,,651.05,,MAW,PT60M,10YRO-TEL------P,RO
2020-01-01T06:00:00+00:00,,30WELCEBUCU3---2,B04,,81.3,,MAW,PT60M,10YRO-TEL------P,RO
2020-01-01T06:00:00+00:00,,30WELCEBUCU4---Y,B04,,68.7,,MAW,PT60M,10YRO-TEL------P,RO
2020-01-01T06:00:00+00:00,,30WELCEBUCV3---X,B04,,159.52,,MAW,PT60M,10YRO-TEL------P,RO
2020-01-01T06:00:00+00:00,,30WROVIROVI4---F,B02,,159.6,,MAW,PT60M,10YRO-TEL------P,RO
2020-01-01T06:00:00+00:00,,30WTURCTURC5---E,B02,,185.2,,MAW,PT60M,10YRO-TEL------P,RO
2020-01-01T07:00:00+00:00,CETBrazi__BRAZ5_CA,30WBRAZBRAZ5---1,B04,,72.07,,MAW,PT60M,10YRO-TEL------P,RO
2020-01-01T07:00:00+00:00,CET_MINT3_CA,30WMINTMINT3---X,B05,,67.22,,MAW,PT60M,10YRO-TEL------P,RO
2020-01-01T07:00:00+00:00,CHE_Lotru_LOTR2_CA,30WHIDRLOTR2---G,B12,,15.58,,MAW,PT60M,10YRO-TEL------P,RO
2020-01-01T07:00:00+00:00,CHE_Lotru_LOTR3_CA,30WHIDRLOTR3---B,B12,,31.79,,MAW,PT60M,10YRO-TEL------P,RO
2020-01-01T07:00:00+00:00,CetCraiova2_CRAI1_CA,30WCRAICRA21---Y,B02,,95.2,,MAW,PT60M,10YRO-TEL------P,RO
2020-01-01T07:00:00+00:00,ChePortileDeFier_PFIERI1_CA,30WHIDRPDFE1---R,B11,,102.88,,MAW,PT60M,10YRO-TEL------P,RO
2020-01-01T07:00:00+00:00,ChePortileDeFier_PFIERI2_CA,30WHIDRPDFE2---M,B11,,189.18,,MAW,PT60M,10YRO-TEL------P,RO
2020-01-01T07:00:00+00:00,ChePortileDeFier_PFIERI5_CA,30WHIDRPDFE5---7,B11,,102.57,,MAW,PT60M,10YRO-TEL------P,RO
2020-01-01T07:00:00+00:00,ChePortileDeFier_PFIERI6_CA,30WHIDRPDFE6---2,B11,,61.31,,MAW,PT60M,10YRO-TEL------P,RO
2020-01-01T07:00:00+00:00,Iernut_IERN5_CA,30WELCEIERN5---V,B04,,138.4,,MAW,PT60M,10YRO-TEL------P,RO
2020-01-01T07:00:00+00:00,Isalnita_ISAL7_CA,30WCRAIISAL7---D,B02,,116.4,,MAW,PT60M,10YRO-TEL------P,RO
2020-01-01T07:00:00+00:00,,30WCERNCERN1---Y,B14,,660.9,,MAW,PT60M,10YRO-TEL------P,RO
2020-01-01T07:00:00+00:00,,30WCERNCERN2---T,B14,,650.9,,MAW,PT60M,10YRO-TEL------P,RO
2020-01-01T07:00:00+00:00,,30WELCEBUCU3---2,B04,,82.8,,MAW,PT60M,10YRO-TEL------P,RO
2020-01-01T07:00:00+00:00,,30WELCEBUCU4---Y,B04,,70.0,,MAW,PT60M,10YRO-TEL------P,RO
2020-01-01T07:00:00+00:00,,30WELCEBUCV3---X,B04,,159.02,,MAW,PT60M,10YRO-TEL------P,RO
2020-01-01T07:00:00+00:00,,30WROVIROVI4---F,B02,,156.3,,MAW,PT60M,10YRO-TEL------P,RO
2020-01-01T07:00:00+00:00,,30WTURCTURC5---E,B02,,182.6,,MAW,PT60M,10YRO-TEL------P,RO
2020-01-01T08:00:00+00:00,CETBrazi__BRAZ5_CA,30WBRAZBRAZ5---1,B04,,71.54,,MAW,PT60M,10YRO-TEL------P,RO
2020-01-01T08:00:00+00:00,CET_MINT3_CA,30WMINTMINT3---X,B05,,66.15,,MAW,PT60M,10YRO-TEL------P,RO
2020-01-01T08:00:00+00:00,CHE_Lotru_LOTR2_CA,30WHIDRLOTR2---G,B12,,17.16,,MAW,PT60M,10YRO-TEL------P,RO
2020-01-01T08:00:00+00:00,CHE_Lotru_LOTR3_CA,30WHIDRLOTR3---B,B12,,36.87,,MAW,PT60M,10YRO-TEL------P,RO
2020-01-01T08:00:00+00:00,CetCraiova2_CRAI1_CA,30WCRAICRA21---Y,B02,,95.8,,MAW,PT60M,10YRO-TEL------P,RO
2020-01-01T08:00:00+00:00,ChePortileDeFier_PFIERI1_CA,30WHIDRPDFE1---R,B11,,105.91,,MAW,PT60M,10YRO-TEL------P,RO
2020-01-01T08:00:00+00:00,ChePortileDeFier_PFIERI2_CA,30WHIDRPDFE2---M,B11,,189.16,,MAW,PT60M,10YRO-TEL------P,RO
2020-01-01T08:00:00+00:00,ChePortileDeFier_PFIERI3_CA,30WHIDRPDFE3---H,B11,,2.88,,MAW,PT60M,10YRO-TEL------P,RO
2020-01-01T08:00:00+00:00,ChePortileDeFier_PFIERI5_CA,30WHIDRPDFE5---7,B11,,105.75,,MAW,PT60M,10YRO-TEL------P,RO
2020-01-01T08:00:00+00:00,ChePortileDeFier_PFIERI6_CA,30WHIDRPDFE6---2,B11,,61.27,,MAW,PT60M,10YRO-TEL------P,RO
2020-01-01T08:00:00+00:00,Iernut_IERN5_CA,30WELCEIERN5---V,B04,,138.7,,MAW,PT60M,10YRO-TEL------P,RO
2020-01-01T08:00:00+00:00,Isalnita_ISAL7_CA,30WCRAIISAL7---D,B02,,116.5,,MAW,PT60M,10YRO-TEL------P,RO
2020-01-01T08:00:00+00:00,,30WCERNCERN1---Y,B14,,661.0,,MAW,PT60M,10YRO-TEL------P,RO
2020-01-01T08:00:00+00:00,,30WCERNCERN2---T,B14,,651.4,,MAW,PT60M,10YRO-TEL------P,RO
2020-01-01T08:00:00+00:00,,30WELCEBUCU3---2,B04,,83.4,,MAW,PT60M,10YRO-TEL------P,RO
2020-01-01T08:00:00+00:00,,30WELCEBUCU4---Y,B04,,71.1,,MAW,PT60M,10YRO-TEL------P,RO
2020-01-01T08:00:00+00:00,,30WELCEBUCV3---X,B04,,159.04,,MAW,PT60M,10YRO-TEL------P,RO
2020-01-01T08:00:00+00:00,,30WROVIROVI4---F,B02,,156.9,,MAW,PT60M,10YRO-TEL------P,RO
2020-01-01T08:00:00+00:00,,30WTURCTURC5---E,B02,,183.6,,MAW,PT60M,10YRO-TEL------P,RO
2020-01-01T09:00:00+00:00,CETBrazi__BRAZ5_CA,30WBRAZBRAZ5---1,B04,,71.55,,MAW,PT60M,10YRO-TEL------P,RO
2020-01-01T09:00:00+00:00,CET_MINT3_CA,30WMINTMINT3---X,B05,,65.32,,MAW,PT60M,10YRO-TEL------P,RO
2020-01-01T09:00:00+00:00,CHE_Lotru_LOTR2_CA,30WHIDRLOTR2---G,B12,,0.0,,MAW,PT60M,10YRO-TEL------P,RO
2020-01-01T09:00:00+00:00,CHE_Lotru_LOTR3_CA,30WHIDRLOTR3---B,B12,,71.17,,MAW,PT60M,10YRO-TEL------P,RO
2020-01-01T09:00:00+00:00,CetCraiova2_CRAI1_CA,30WCRAICRA21---Y,B02,,94.4,,MAW,PT60M,10YRO-TEL------P,RO
2020-01-01T09:00:00+00:00,ChePortileDeFier_PFIERI1_CA,30WHIDRPDFE1---R,B11,,127.24,,MAW,PT60M,10YRO-TEL------P,RO
2020-01-01T09:00:00+00:00,ChePortileDeFier_PFIERI2_CA,30WHIDRPDFE2---M,B11,,189.11,,MAW,PT60M,10YRO-TEL------P,RO
2020-01-01T09:00:00+00:00,ChePortileDeFier_PFIERI3_CA,30WHIDRPDFE3---H,B11,,189.33,,MAW,PT60M,10YRO-TEL------P,RO
2020-01-01T09:00:00+00:00,ChePortileDeFier_PFIERI5_CA,30WHIDRPDFE5---7,B11,,126.96,,MAW,PT60M,10YRO-TEL------P,RO
2020-01-01T09:00:00+00:00,ChePortileDeFier_PFIERI6_CA,30WHIDRPDFE6---2,B11,,61.28,,MAW,PT60M,10YRO-TEL------P,RO
2020-01-01T09:00:00+00:00,Iernut_IERN5_CA,30WELCEIERN5---V,B04,,143.1,,MAW,PT60M,10YRO-TEL------P,RO
2020-01-01T09:00:00+00:00,Isalnita_ISAL7_CA,30WCRAIISAL7---D,B02,,116.1,,MAW,PT60M,10YRO-TEL------P,RO
2020-01-01T09:00:00+00:00,,30WCERNCERN1---Y,B14,,661.3,,MAW,PT60M,10YRO-TEL------P,RO
2020-01-01T09:00:00+00:00,,30WCERNCERN2---T,B14,,651.3,,MAW,PT60M,10YRO-TEL------P,RO
2020-01-01T09:00:00+00:00,,30WELCEBUCU3---2,B04,,82.4,,MAW,PT60M,10YRO-TEL------P,RO
2020-01-01T09:00:00+00:00,,30WELCEBUCU4---Y,B04,,71.8,,MAW,PT60M,10YRO-TEL------P,RO
2020-01-01T09:00:00+00:00,,30WELCEBUCV3---X,B04,,159.09,,MAW,PT60M,10YRO-TEL------P,RO
2020-01-01T09:00:00+00:00,,30WROVIROVI4---F,B02,,165.3,,MAW,PT60M,10YRO-TEL------P,RO
2020-01-01T09:00:00+00:00,,30WTURCTURC5---E,B02,,191.3,,MAW,PT60M,10YRO-TEL------P,RO
2020-01-01T10:00:00+00:00,CETBrazi__BRAZ5_CA,30WBRAZBRAZ5---1,B04,,71.73,,MAW,PT60M,10YRO-TEL------P,RO
2020-01-01T10:00:00+00:00,CET_MINT3_CA,30WMINTMINT3---X,B05,,66.12,,MAW,PT60M,10YRO-TEL------P,RO
2020-01-01T10:00:00+00:00,CHE_Lotru_LOTR3_CA,30WHIDRLOTR3---B,B12,,80.12,,MAW,PT60M,10YRO-TEL------P,RO
2020-01-01T10:00:00+00:00,CetCraiova2_CRAI1_CA,30WCRAICRA21---Y,B02,,95.3,,MAW,PT60M,10YRO-TEL------P,RO
2020-01-01T10:00:00+00:00,ChePortileDeFier_PFIERI1_CA,30WHIDRPDFE1---R,B11,,133.08,,MAW,PT60M,10YRO-TEL------P,RO
2020-01-01T10:00:00+00:00,ChePortileDeFier_PFIERI2_CA,30WHIDRPDFE2---M,B11,,189.18,,MAW,PT60M,10YRO-TEL------P,RO
2020-01-01T10:00:00+00:00,ChePortileDeFier_PFIERI3_CA,30WHIDRPDFE3---H,B11,,189.57,,MAW,PT60M,10YRO-TEL------P,RO
2020-01-01T10:00:00+00:00,ChePortileDeFier_PFIERI5_CA,30WHIDRPDFE5---7,B11,,132.8,,MAW,PT60M,10YRO-TEL------P,RO
2020-01-01T10:00:00+00:00,ChePortileDeFier_PFIERI6_CA,30WHIDRPDFE6---2,B11,,171.7,,MAW,PT60M,10YRO-TEL------P,RO
2020-01-01T10:00:00+00:00,Iernut_IERN5_CA,30WELCEIERN5---V,B04,,146.0,,MAW,PT60M,10YRO-TEL------P,RO
2020-01-01T10:00:00+00:00,Isalnita_ISAL7_CA,30WCRAIISAL7---D,B02,,117.2,,MAW,PT60M,10YRO-TEL------P,RO
2020-01-01T10:00:00+00:00,,30WCERNCERN1---Y,B14,,661.5,,MAW,PT60M,10YRO-TEL------P,RO
2020-01-01T10:00:00+00:00,,30WCERNCERN2---T,B14,,651.4,,MAW,PT60M,10YRO-TEL------P,RO
2020-01-01T10:00:00+00:00,,30WELCEBUCU3---2,B04,,81.6,,MAW,PT60M,10YRO-TEL------P,RO
2020-01-01T10:00:00+00:00,,30WELCEBUCU4---Y,B04,,71.5,,MAW,PT60M,10YRO-TEL------P,RO
2020-01-01T10:00:00+00:00,,30WELCEBUCV3---X,B04,,159.24,,MAW,PT60M,10YRO-TEL------P,RO
2020-01-01T10:00:00+00:00,,30WROVIROVI4---F,B02,,168.4,,MAW,PT60M,10YRO-TEL------P,RO
2020-01-01T10:00:00+00:00,,30WTURCTURC5---E,B02,,193.5,,MAW,PT60M,10YRO-TEL------P,RO
2020-01-01T11:00:00+00:00,CETBrazi__BRAZ5_CA,30WBRAZBRAZ5---1,B04,,71.99,,MAW,PT60M,10YRO-TEL------P,RO
2020-01-01T11:00:00+00:00,CET_MINT3_CA,30WMINTMINT3---X,B05,,67.06,,MAW,PT60M,10YRO-TEL------P,RO
2020-01-01T11:00:00+00:00,CHE_Lotru_LOTR3_CA,30WHIDRLOTR3---B,B12,,49.72,,MAW,PT60M,10YRO-TEL------P,RO
2020-01-01T11:00:00+00:00,CetCraiova2_CRAI1_CA,30WCRAICRA21---Y,B02,,95.6,,MAW,PT60M,10YRO-TEL------P,RO
2020-01-01T11:00:00+00:00,ChePortileDeFier_PFIERI1_CA,30WHIDRPDFE1---R,B11,,114.12,,MAW,PT60M,10YRO-TEL------P,RO
2020-01-01T11:00:00+00:00,ChePortileDeFier_PFIERI2_CA,30WHIDRPDFE2---M,B11,,189.23,,MAW,PT60M,10YRO-TEL------P,RO
2020-01-01T11:00:00+00:00,ChePortileDeFier_PFIERI3_CA,30WHIDRPDFE3---H,B11,,137.41,,MAW,PT60M,10YRO-TEL------P,RO
2020-01-01T11:00:00+00:00,ChePortileDeFier_PFIERI5_CA,30WHIDRPDFE5---7,B11,,113.99,,MAW,PT60M,10YRO-TEL------P,RO
2020-01-01T11:00:00+00:00,ChePortileDeFier_PFIERI6_CA,30WHIDRPDFE6---2,B11,,186.88,,MAW,PT60M,10YRO-TEL------P,RO
2020-01-01T11:00:00+00:00,Iernut_IERN5_CA,30WELCEIERN5---V,B04,,142.0,,MAW,PT60M,10YRO-TEL------P,RO
2020-01-01T11:00:00+00:00,Isalnita_ISAL7_CA,30WCRAIISAL7---D,B02,,117.0,,MAW,PT60M,10YRO-TEL------P,RO
2020-01-01T11:00:00+00:00,,30WCERNCERN1---Y,B14,,661.0,,MAW,PT60M,10YRO-TEL------P,RO
2020-01-01T11:00:00+00:00,,30WCERNCERN2---T,B14,,651.3,,MAW,PT60M,10YRO-TEL------P,RO
2020-01-01T11:00:00+00:00,,30WELCEBUCU3---2,B04,,81.8,,MAW,PT60M,10YRO-TEL------P,RO
2020-01-01T11:00:00+00:00,,30WELCEBUCU4---Y,B04,,71.8,,MAW,PT60M,10YRO-TEL------P,RO
2020-01-01T11:00:00+00:00,,30WELCEBUCV3---X,B04,,159.42,,MAW,PT60M,10YRO-TEL------P,RO
2020-01-01T11:00:00+00:00,,30WROVIROVI4---F,B02,,163.8,,MAW,PT60M,10YRO-TEL------P,RO
2020-01-01T11:00:00+00:00,,30WTURCTURC5---E,B02,,189.8,,MAW,PT60M,10YRO-TEL------P,RO
2020-01-01T12:00:00+00:00,CETBrazi__BRAZ5_CA,30WBRAZBRAZ5---1,B04,,70.81,,MAW,PT60M,10YRO-TEL------P,RO
2020-01-01T12:00:00+00:00,CET_MINT3_CA,30WMINTMINT3---X,B05,,67.23,,MAW,PT60M,10YRO-TEL------P,RO
2020-01-01T12:00:00+00:00,CHE_Lotru_LOTR3_CA,30WHIDRLOTR3---B,B12,,19.34,,MAW,PT60M,10YRO-TEL------P,RO
2020-01-01T12:00:00+00:00,CetCraiova2_CRAI1_CA,30WCRAICRA21---Y,B02,,95.7,,MAW,PT60M,10YRO-TEL------P,RO
2020-01-01T12:00:00+00:00,ChePortileDeFier_PFIERI1_CA,30WHIDRPDFE1---R,B11,,81.12,,MAW,PT60M,10YRO-TEL------P,RO
2020-01-01T12:00:00+00:00,ChePortileDeFier_PFIERI2_CA,30WHIDRPDFE2---M,B11,,85.66,,MAW,PT60M,10YRO-TEL------P,RO
2020-01-01T12:00:00+00:00,ChePortileDeFier_PFIERI3_CA,30WHIDRPDFE3---H,B11,,61.11,,MAW,PT60M,10YRO-TEL------P,RO
2020-01-01T12:00:00+00:00,ChePortileDeFier_PFIERI5_CA,30WHIDRPDFE5---7,B11,,80.18,,MAW,PT60M,10YRO-TEL------P,RO
2020-01-01T12:00:00+00:00,ChePortileDeFier_PFIERI6_CA,30WHIDRPDFE6---2,B11,,186.1,,MAW,PT60M,10YRO-TEL------P,RO
2020-01-01T12:00:00+00:00,Iernut_IERN5_CA,30WELCEIERN5---V,B04,,139.2,,MAW,PT60M,10YRO-TEL------P,RO
2020-01-01T12:00:00+00:00,Isalnita_ISAL7_CA,30WCRAIISAL7---D,B02,,120.7,,MAW,PT60M,10YRO-TEL------P,RO
2020-01-01T12:00:00+00:00,,30WCERNCERN1---Y,B14,,661.05,,MAW,PT60M,10YRO-TEL------P,RO
2020-01-01T12:00:00+00:00,,30WCERNCERN2---T,B14,,651.35,,MAW,PT60M,10YRO-TEL------P,RO
2020-01-01T12:00:00+00:00,,30WELCEBUCU3---2,B04,,82.0,,MAW,PT60M,10YRO-TEL------P,RO
2020-01-01T12:00:00+00:00,,30WELCEBUCU4---Y,B04,,71.9,,MAW,PT60M,10YRO-TEL------P,RO
2020-01-01T12:00:00+00:00,,30WELCEBUCV3---X,B04,,159.72,,MAW,PT60M,10YRO-TEL------P,RO
2020-01-01T12:00:00+00:00,,30WROVIROVI4---F,B02,,158.7,,MAW,PT60M,10YRO-TEL------P,RO
2020-01-01T12:00:00+00:00,,30WTURCTURC5---E,B02,,186.5,,MAW,PT60M,10YRO-TEL------P,RO
2020-01-01T13:00:00+00:00,CETBrazi__BRAZ5_CA,30WBRAZBRAZ5---1,B04,,69.99,,MAW,PT60M,10YRO-TEL------P,RO
2020-01-01T13:00:00+00:00,CET_MINT3_CA,30WMINTMINT3---X,B05,,65.94,,MAW,PT60M,10YRO-TEL------P,RO
2020-01-01T13:00:00+00:00,CHE_Lotru_LOTR3_CA,30WHIDRLOTR3---B,B12,,30.54,,MAW,PT60M,10YRO-TEL------P,RO
2020-01-01T13:00:00+00:00,CetCraiova2_CRAI1_CA,30WCRAICRA21---Y,B02,,96.1,,MAW,PT60M,10YRO-TEL------P,RO
2020-01-01T13:00:00+00:00,ChePortileDeFier_PFIERI1_CA,30WHIDRPDFE1---R,B11,,101.08,,MAW,PT60M,10YRO-TEL------P,RO
2020-01-01T13:00:00+00:00,ChePortileDeFier_PFIERI2_CA,30WHIDRPDFE2---M,B11,,99.95,,MAW,PT60M,10YRO-TEL------P,RO
2020-01-01T13:00:00+00:00,ChePortileDeFier_PFIERI3_CA,30WHIDRPDFE3---H,B11,,61.53,,MAW,PT60M,10YRO-TEL------P,RO
2020-01-01T13:00:00+00:00,ChePortileDeFier_PFIERI5_CA,30WHIDRPDFE5---7,B11,,99.94,,MAW,PT60M,10YRO-TEL------P,RO
2020-01-01T13:00:00+00:00,ChePortileDeFier_PFIERI6_CA,30WHIDRPDFE6---2,B11,,168.14,,MAW,PT60M,10YRO-TEL------P,RO
2020-01-01T13:00:00+00:00,Iernut_IERN5_CA,30WELCEIERN5---V,B04,,142.4,,MAW,PT60M,10YRO-TEL------P,RO
2020-01-01T13:00:00+00:00,Isalnita_ISAL7_CA,30WCRAIISAL7---D,B02,,117.1,,MAW,PT60M,10YRO-TEL------P,RO
2020-01-01T13:00:00+00:00,,30WCERNCERN1---Y,B14,,661.35,,MAW,PT60M,10YRO-TEL------P,RO
2020-01-01T13:00:00+00:00,,30WCERNCERN2---T,B14,,651.15,,MAW,PT60M,10YRO-TEL------P,RO
2020-01-01T13:00:00+00:00,,30WELCEBUCU3---2,B04,,81.9,,MAW,PT60M,10YRO-TEL------P,RO
2020-01-01T13:00:00+00:00,,30WELCEBUCU4---Y,B04,,71.8,,MAW,PT60M,10YRO-TEL------P,RO
2020-01-01T13:00:00+00:00,,30WELCEBUCV3---X,B04,,159.6,,MAW,PT60M,10YRO-TEL------P,RO
2020-01-01T13:00:00+00:00,,30WROVIROVI4---F,B02,,165.6,,MAW,PT60M,10YRO-TEL------P,RO
2020-01-01T13:00:00+00:00,,30WTURCTURC5---E,B02,,192.3,,MAW,PT60M,10YRO-TEL------P,RO
2020-01-01T14:00:00+00:00,CETBrazi__BRAZ5_CA,30WBRAZBRAZ5---1,B04,,70.19,,MAW,PT60M,10YRO-TEL------P,RO
2020-01-01T14:00:00+00:00,CET_MINT3_CA,30WMINTMINT3---X,B05,,66.81,,MAW,PT60M,10YRO-TEL------P,RO
2020-01-01T14:00:00+00:00,CHE_Lotru_LOTR3_CA,30WHIDRLOTR3---B,B12,,41.97,,MAW,PT60M,10YRO-TEL------P,RO
2020-01-01T14:00:00+00:00,CetCraiova2_CRAI1_CA,30WCRAICRA21---Y,B02,,97.0,,MAW,PT60M,10YRO-TEL------P,RO
2020-01-01T14:00:00+00:00,ChePortileDeFier_PFIERI1_CA,30WHIDRPDFE1---R,B11,,128.1,,MAW,PT60M,10YRO-TEL------P,RO
2020-01-01T14:00:00+00:00,ChePortileDeFier_PFIERI2_CA,30WHIDRPDFE2---M,B11,,126.8,,MAW,PT60M,10YRO-TEL------P,RO
2020-01-01T14:00:00+00:00,ChePortileDeFier_PFIERI3_CA,30WHIDRPDFE3---H,B11,,107.86,,MAW,PT60M,10YRO-TEL------P,RO
2020-01-01T14:00:00+00:00,ChePortileDeFier_PFIERI4_CA,30WHIDRPDFE4---C,B11,,1.05,,MAW,PT60M,10YRO-TEL------P,RO
2020-01-01T14:00:00+00:00,ChePortileDeFier_PFIERI5_CA,30WHIDRPDFE5---7,B11,,126.72,,MAW,PT60M,10YRO-TEL------P,RO
2020-01-01T14:00:00+00:00,ChePortileDeFier_PFIERI6_CA,30WHIDRPDFE6---2,B11,,189.43,,MAW,PT60M,10YRO-TEL------P,RO
2020-01-01T14:00:00+00:00,Iernut_IERN5_CA,30WELCEIERN5---V,B04,,148.4,,MAW,PT60M,10YRO-TEL------P,RO
2020-01-01T14:00:00+00:00,Isalnita_ISAL7_CA,30WCRAIISAL7---D,B02,,115.6,,MAW,PT60M,10YRO-TEL------P,RO
2020-01-01T14:00:00+00:00,,30WCERNCERN1---Y,B14,,661.3,,MAW,PT60M,10YRO-TEL------P,RO
2020-01-01T14:00:00+00:00,,30WCERNCERN2---T,B14,,651.1,,MAW,PT60M,10YRO-TEL------P,RO
2020-01-01T14:00:00+00:00,,30WELCEBUCU3---2,B04,,81.8,,MAW,PT60M,10YRO-TEL------P,RO
2020-01-01T14:00:00+00:00,,30WELCEBUCU4---Y,B04,,71.5,,MAW,PT60M,10YRO-TEL------P,RO
2020-01-01T14:00:00+00:00,,30WELCEBUCV3---X,B04,,159.68,,MAW,PT60M,10YRO-TEL------P,RO
2020-01-01T14:00:00+00:00,,30WROVIROVI4---F,B02,,174.3,,MAW,PT60M,10YRO-TEL------P,RO
2020-01-01T14:00:00+00:00,,30WTURCTURC5---E,B02,,198.8,,MAW,PT60M,10YRO-TEL------P,RO
2020-01-01T15:00:00+00:00,CETBrazi__BRAZ5_CA,30WBRAZBRAZ5---1,B04,,71.28,,MAW,PT60M,10YRO-TEL------P,RO
2020-01-01T15:00:00+00:00,CET_MINT3_CA,30WMINTMINT3---X,B05,,66.33,,MAW,PT60M,10YRO-TEL------P,RO
2020-01-01T15:00:00+00:00,CHE_Lotru_LOTR2_CA,30WHIDRLOTR2---G,B12,,36.92,,MAW,PT60M,10YRO-TEL------P,RO
2020-01-01T15:00:00+00:00,CHE_Lotru_LOTR3_CA,30WHIDRLOTR3---B,B12,,100.1,,MAW,PT60M,10YRO-TEL------P,RO
2020-01-01T15:00:00+00:00,CetCraiova2_CRAI1_CA,30WCRAICRA21---Y,B02,,98.7,,MAW,PT60M,10YRO-TEL------P,RO
2020-01-01T15:00:00+00:00,ChePortileDeFier_PFIERI1_CA,30WHIDRPDFE1---R,B11,,147.43,,MAW,PT60M,10YRO-TEL------P,RO
2020-01-01T15:00:00+00:00,ChePortileDeFier_PFIERI2_CA,30WHIDRPDFE2---M,B11,,187.92,,MAW,PT60M,10YRO-TEL------P,RO
2020-01-01T15:00:00+00:00,ChePortileDeFier_PFIERI3_CA,30WHIDRPDFE3---H,B11,,189.07,,MAW,PT60M,10YRO-TEL------P,RO
2020-01-01T15:00:00+00:00,ChePortileDeFier_PFIERI4_CA,30WHIDRPDFE4---C,B11,,184.5,,MAW,PT60M,10YRO-TEL------P,RO
2020-01-01T15:00:00+00:00,ChePortileDeFier_PFIERI5_CA,30WHIDRPDFE5---7,B11,,146.11,,MAW,PT60M,10YRO-TEL------P,RO
2020-01-01T15:00:00+00:00,ChePortileDeFier_PFIERI6_CA,30WHIDRPDFE6---2,B11,,168.12,,MAW,PT60M,10YRO-TEL------P,RO
2020-01-01T15:00:00+00:00,Iernut_IERN5_CA,30WELCEIERN5---V,B04,,147.5,,MAW,PT60M,10YRO-TEL------P,RO
2020-01-01T15:00:00+00:00,Isalnita_ISAL7_CA,30WCRAIISAL7---D,B02,,115.0,,MAW,PT60M,10YRO-TEL------P,RO
2020-01-01T15:00:00+00:00,,30WCERNCERN1---Y,B14,,661.0,,MAW,PT60M,10YRO-TEL------P,RO
2020-01-01T15:00:00+00:00,,30WCERNCERN2---T,B14,,651.3,,MAW,PT60M,10YRO-TEL------P,RO
2020-01-01T15:00:00+00:00,,30WELCEBUCU3---2,B04,,82.2,,MAW,PT60M,10YRO-TEL------P,RO
2020-01-01T15:00:00+00:00,,30WELCEBUCU4---Y,B04,,70.3,,MAW,PT60M,10YRO-TEL------P,RO
2020-01-01T15:00:00+00:00,,30WELCEBUCV3---X,B04,,159.71,,MAW,PT60M,10YRO-TEL------P,RO
2020-01-01T15:00:00+00:00,,30WROVIROVI4---F,B02,,173.6,,MAW,PT60M,10YRO-TEL------P,RO
2020-01-01T15:00:00+00:00,,30WTURCTURC5---E,B02,,198.0,,MAW,PT60M,10YRO-TEL------P,RO
2020-01-01T16:00:00+00:00,CETBrazi__BRAZ5_CA,30WBRAZBRAZ5---1,B04,,71.38,,MAW,PT60M,10YRO-TEL------P,RO
2020-01-01T16:00:00+00:00,CET_MINT3_CA,30WMINTMINT3---X,B05,,66.6,,MAW,PT60M,10YRO-TEL------P,RO
2020-01-01T16:00:00+00:00,CHE_Lotru_LOTR2_CA,30WHIDRLOTR2---G,B12,,53.52,,MAW,PT60M,10YRO-TEL------P,RO
2020-01-01T16:00:00+00:00,CHE_Lotru_LOTR3_CA,30WHIDRLOTR3---B,B12,,155.47,,MAW,PT60M,10YRO-TEL------P,RO
2020-01-01T16:00:00+00:00,CetCraiova2_CRAI1_CA,30WCRAICRA21---Y,B02,,98.2,,MAW,PT60M,10YRO-TEL------P,RO
2020-01-01T16:00:00+00:00,ChePortileDeFier_PFIERI1_CA,30WHIDRPDFE1---R,B11,,182.15,,MAW,PT60M,10YRO-TEL------P,RO
2020-01-01T16:00:00+00:00,ChePortileDeFier_PFIERI2_CA,30WHIDRPDFE2---M,B11,,188.64,,MAW,PT60M,10YRO-TEL------P,RO
2020-01-01T16:00:00+00:00,ChePortileDeFier_PFIERI3_CA,30WHIDRPDFE3---H,B11,,189.04,,MAW,PT60M,10YRO-TEL------P,RO
2020-01-01T16:00:00+00:00,ChePortileDeFier_PFIERI4_CA,30WHIDRPDFE4---C,B11,,189.65,,MAW,PT60M,10YRO-TEL------P,RO
2020-01-01T16:00:00+00:00,ChePortileDeFier_PFIERI5_CA,30WHIDRPDFE5---7,B11,,180.95,,MAW,PT60M,10YRO-TEL------P,RO
2020-01-01T16:00:00+00:00,ChePortileDeFier_PFIERI6_CA,30WHIDRPDFE6---2,B11,,188.75,,MAW,PT60M,10YRO-TEL------P,RO
2020-01-01T16:00:00+00:00,CheRetezat_RIUM2_CA,30WHIDRRIUM2---W,B12,,28.2,,MAW,PT60M,10YRO-TEL------P,RO
2020-01-01T16:00:00+00:00,Iernut_IERN5_CA,30WELCEIERN5---V,B04,,154.5,,MAW,PT60M,10YRO-TEL------P,RO
2020-01-01T16:00:00+00:00,Isalnita_ISAL7_CA,30WCRAIISAL7---D,B02,,115.2,,MAW,PT60M,10YRO-TEL------P,RO
2020-01-01T16:00:00+00:00,,30WCERNCERN1---Y,B14,,661.15,,MAW,PT60M,10YRO-TEL------P,RO
2020-01-01T16:00:00+00:00,,30WCERNCERN2---T,B14,,651.15,,MAW,PT60M,10YRO-TEL------P,RO
2020-01-01T16:00:00+00:00,,30WELCEBUCU3---2,B04,,82.0,,MAW,PT60M,10YRO-TEL------P,RO
2020-01-01T16:00:00+00:00,,30WELCEBUCU4---Y,B04,,70.0,,MAW,PT60M,10YRO-TEL------P,RO
2020-01-01T16:00:00+00:00,,30WELCEBUCV3---X,B04,,159.66,,MAW,PT60M,10YRO-TEL------P,RO
2020-01-01T16:00:00+00:00,,30WROVIROVI4---F,B02,,187.4,,MAW,PT60M,10YRO-TEL------P,RO
2020-01-01T16:00:00+00:00,,30WTURCTURC5---E,B02,,207.8,,MAW,PT60M,10YRO-TEL------P,RO
2020-01-01T17:00:00+00:00,CETBrazi__BRAZ5_CA,30WBRAZBRAZ5---1,B04,,71.68,,MAW,PT60M,10YRO-TEL------P,RO
2020-01-01T17:00:00+00:00,CET_MINT3_CA,30WMINTMINT3---X,B05,,65.88,,MAW,PT60M,10YRO-TEL------P,RO
2020-01-01T17:00:00+00:00,CHE_Lotru_LOTR2_CA,30WHIDRLOTR2---G,B12,,11.08,,MAW,PT60M,10YRO-TEL------P,RO
2020-01-01T17:00:00+00:00,CHE_Lotru_LOTR3_CA,30WHIDRLOTR3---B,B12,,17.0,,MAW,PT60M,10YRO-TEL------P,RO
2020-01-01T17:00:00+00:00,CetCraiova2_CRAI1_CA,30WCRAICRA21---Y,B02,,99.7,,MAW,PT60M,10YRO-TEL------P,RO
2020-01-01T17:00:00+00:00,ChePortileDeFier_PFIERI1_CA,30WHIDRPDFE1---R,B11,,94.13,,MAW,PT60M,10YRO-TEL------P,RO
2020-01-01T17:00:00+00:00,ChePortileDeFier_PFIERI2_CA,30WHIDRPDFE2---M,B11,,188.48,,MAW,PT60M,10YRO-TEL------P,RO
2020-01-01T17:00:00+00:00,ChePortileDeFier_PFIERI3_CA,30WHIDRPDFE3---H,B11,,188.89,,MAW,PT60M,10YRO-TEL------P,RO
2020-01-01T17:00:00+00:00,ChePortileDeFier_PFIERI4_CA,30WHIDRPDFE4---C,B11,,189.5,,MAW,PT60M,10YRO-TEL------P,RO
2020-01-01T17:00:00+00:00,ChePortileDeFier_PFIERI5_CA,30WHIDRPDFE5---7,B11,,93.0,,MAW,PT60M,10YRO-TEL------P,RO
2020-01-01T17:00:00+00:00,ChePortileDeFier_PFIERI6_CA,30WHIDRPDFE6---2,B11,,188.88,,MAW,PT60M,10YRO-TEL------P,RO
2020-01-01T17:00:00+00:00,CheRetezat_RIUM2_CA,30WHIDRRIUM2---W,B12,,98.58,,MAW,PT60M,10YRO-TEL------P,RO
2020-01-01T17:00:00+00:00,Iernut_IERN5_CA,30WELCEIERN5---V,B04,,150.7,,MAW,PT60M,10YRO-TEL------P,RO
2020-01-01T17:00:00+00:00,Isalnita_ISAL7_CA,30WCRAIISAL7---D,B02,,115.6,,MAW,PT60M,10YRO-TEL------P,RO
2020-01-01T17:00:00+00:00,,30WCERNCERN1---Y,B14,,660.85,,MAW,PT60M,10YRO-TEL------P,RO
2020-01-01T17:00:00+00:00,,30WELCEBUCU3---2,B04,,81.8,,MAW,PT60M,10YRO-TEL------P,RO
2020-01-01T17:00:00+00:00,,30WELCEBUCU4---Y,B04,,69.5,,MAW,PT60M,10YRO-TEL------P,RO
2020-01-01T17:00:00+00:00,,30WELCEBUCV3---X,B04,,159.32,,MAW,PT60M,10YRO-TEL------P,RO
2020-01-01T17:00:00+00:00,,30WROVIROVI4---F,B02,,152.9,,MAW,PT60M,10YRO-TEL------P,RO
2020-01-01T17:00:00+00:00,,30WTURCTURC5---E,B02,,183.6,,MAW,PT60M,10YRO-TEL------P,RO
2020-01-01T18:00:00+00:00,CETBrazi__BRAZ5_CA,30WBRAZBRAZ5---1,B04,,71.54,,MAW,PT60M,10YRO-TEL------P,RO
2020-01-01T18:00:00+00:00,CET_MINT3_CA,30WMINTMINT3---X,B05,,66.96,,MAW,PT60M,10YRO-TEL------P,RO
2020-01-01T18:00:00+00:00,CHE_Lotru_LOTR2_CA,30WHIDRLOTR2---G,B12,,18.4,,MAW,PT60M,10YRO-TEL------P,RO
2020-01-01T18:00:00+00:00,CHE_Lotru_LOTR3_CA,30WHIDRLOTR3---B,B12,,40.93,,MAW,PT60M,10YRO-TEL------P,RO
2020-01-01T18:00:00+00:00,CetCraiova2_CRAI1_CA,30WCRAICRA21---Y,B02,,96.8,,MAW,PT60M,10YRO-TEL------P,RO
2020-01-01T18:00:00+00:00,ChePortileDeFier_PFIERI1_CA,30WHIDRPDFE1---R,B11,,109.41,,MAW,PT60M,10YRO-TEL------P,RO
2020-01-01T18:00:00+00:00,ChePortileDeFier_PFIERI2_CA,30WHIDRPDFE2---M,B11,,188.64,,MAW,PT60M,10YRO-TEL------P,RO
2020-01-01T18:00:00+00:00,ChePortileDeFier_PFIERI3_CA,30WHIDRPDFE3---H,B11,,189.05,,MAW,PT60M,10YRO-TEL------P,RO
2020-01-01T18:00:00+00:00,ChePortileDeFier_PFIERI4_CA,30WHIDRPDFE4---C,B11,,189.65,,MAW,PT60M,10YRO-TEL------P,RO
2020-01-01T18:00:00+00:00,ChePortileDeFier_PFIERI5_CA,30WHIDRPDFE5---7,B11,,108.12,,MAW,PT60M,10YRO-TEL------P,RO
2020-01-01T18:00:00+00:00,CheRetezat_RIUM2_CA,30WHIDRRIUM2---W,B12,,98.08,,MAW,PT60M,10YRO-TEL------P,RO
2020-01-01T18:00:00+00:00,Iernut_IERN5_CA,30WELCEIERN5---V,B04,,139.9,,MAW,PT60M,10YRO-TEL------P,RO
2020-01-01T18:00:00+00:00,Isalnita_ISAL7_CA,30WCRAIISAL7---D,B02,,117.5,,MAW,PT60M,10YRO-TEL------P,RO
2020-01-01T18:00:00+00:00,,30WCERNCERN1---Y,B14,,660.0,,MAW,PT60M,10YRO-TEL------P,RO
2020-01-01T18:00:00+00:00,,30WCERNCERN2---T,B14,,651.3,,MAW,PT60M,10YRO-TEL------P,RO
2020-01-01T18:00:00+00:00,,30WELCEBUCU3---2,B04,,81.4,,MAW,PT60M,10YRO-TEL------P,RO
2020-01-01T18:00:00+00:00,,30WELCEBUCU4---Y,B04,,70.0,,MAW,PT60M,10YRO-TEL------P,RO
2020-01-01T18:00:00+00:00,,30WELCEBUCV3---X,B04,,159.29,,MAW,PT60M,10YRO-TEL------P,RO
2020-01-01T18:00:00+00:00,,30WROVIROVI4---F,B02,,157.4,,MAW,PT60M,10YRO-TEL------P,RO
2020-01-01T18:00:00+00:00,,30WTURCTURC5---E,B02,,186.3,,MAW,PT60M,10YRO-TEL------P,RO
2020-01-01T19:00:00+00:00,CETBrazi__BRAZ5_CA,30WBRAZBRAZ5---1,B04,,71.83,,MAW,PT60M,10YRO-TEL------P,RO
2020-01-01T19:00:00+00:00,CET_MINT3_CA,30WMINTMINT3---X,B05,,65.85,,MAW,PT60M,10YRO-TEL------P,RO
2020-01-01T19:00:00+00:00,CHE_Lotru_LOTR2_CA,30WHIDRLOTR2---G,B12,,23.13,,MAW,PT60M,10YRO-TEL------P,RO
2020-01-01T19:00:00+00:00,CHE_Lotru_LOTR3_CA,30WHIDRLOTR3---B,B12,,56.42,,MAW,PT60M,10YRO-TEL------P,RO
2020-01-01T19:00:00+00:00,CetCraiova2_CRAI1_CA,30WCRAICRA21---Y,B02,,96.0,,MAW,PT60M,10YRO-TEL------P,RO
2020-01-01T19:00:00+00:00,ChePortileDeFier_PFIERI1_CA,30WHIDRPDFE1---R,B11,,119.23,,MAW,PT60M,10YRO-TEL------P,RO
2020-01-01T19:00:00+00:00,ChePortileDeFier_PFIERI2_CA,30WHIDRPDFE2---M,B11,,188.65,,MAW,PT60M,10YRO-TEL------P,RO
2020-01-01T19:00:00+00:00,ChePortileDeFier_PFIERI3_CA,30WHIDRPDFE3---H,B11,,189.01,,MAW,PT60M,10YRO-TEL------P,RO
2020-01-01T19:00:00+00:00,ChePortileDeFier_PFIERI4_CA,30WHIDRPDFE4---C,B11,,189.6,,MAW,PT60M,10YRO-TEL------P,RO
2020-01-01T19:00:00+00:00,ChePortileDeFier_PFIERI5_CA,30WHIDRPDFE5---7,B11,,117.89,,MAW,PT60M,10YRO-TEL------P,RO
2020-01-01T19:00:00+00:00,CheRetezat_RIUM2_CA,30WHIDRRIUM2---W,B12,,82.11,,MAW,PT60M,10YRO-TEL------P,RO
2020-01-01T19:00:00+00:00,Iernut_IERN5_CA,30WELCEIERN5---V,B04,,142.2,,MAW,PT60M,10YRO-TEL------P,RO
2020-01-01T19:00:00+00:00,Isalnita_ISAL7_CA,30WCRAIISAL7---D,B02,,114.7,,MAW,PT60M,10YRO-TEL------P,RO
2020-01-01T19:00:00+00:00,,30WCERNCERN1---Y,B14,,660.1,,MAW,PT60M,10YRO-TEL------P,RO
2020-01-01T19:00:00+00:00,,30WCERNCERN2---T,B14,,651.7,,MAW,PT60M,10YRO-TEL------P,RO
2020-01-01T19:00:00+00:00,,30WELCEBUCU3---2,B04,,81.5,,MAW,PT60M,10YRO-TEL------P,RO
2020-01-01T19:00:00+00:00,,30WROVIROVI4---F,B02,,161.8,,MAW,PT60M,10YRO-TEL------P,RO
2020-01-01T19:00:00+00:00,,30WTURCTURC5---E,B02,,188.4,,MAW,PT60M,10YRO-TEL------P,RO
2020-01-01T20:00:00+00:00,CETBrazi__BRAZ5_CA,30WBRAZBRAZ5---1,B04,,71.85,,MAW,PT60M,10YRO-TEL------P,RO
2020-01-01T20:00:00+00:00,CET_MINT3_CA,30WMINTMINT3---X,B05,,66.82,,MAW,PT60M,10YRO-TEL------P,RO
2020-01-01T20:00:00+00:00,CHE_Lotru_LOTR2_CA,30WHIDRLOTR2---G,B12,,18.38,,MAW,PT60M,10YRO-TEL------P,RO
2020-01-01T20:00:00+00:00,CHE_Lotru_LOTR3_CA,30WHIDRLOTR3---B,B12,,31.63,,MAW,PT60M,10YRO-TEL------P,RO
2020-01-01T20:00:00+00:00,CetCraiova2_CRAI1_CA,30WCRAICRA21---Y,B02,,96.8,,MAW,PT60M,10YRO-TEL------P,RO
2020-01-01T20:00:00+00:00,ChePortileDeFier_PFIERI1_CA,30WHIDRPDFE1---R,B11,,103.59,,MAW,PT60M,10YRO-TEL------P,RO
2020-01-01T20:00:00+00:00,ChePortileDeFier_PFIERI2_CA,30WHIDRPDFE2---M,B11,,188.64,,MAW,PT60M,10YRO-TEL------P,RO
2020-01-01T20:00:00+00:00,ChePortileDeFier_PFIERI3_CA,30WHIDRPDFE3---H,B11,,189.05,,MAW,PT60M,10YRO-TEL------P,RO
2020-01-01T20:00:00+00:00,ChePortileDeFier_PFIERI5_CA,30WHIDRPDFE5---7,B11,,102.37,,MAW,PT60M,10YRO-TEL------P,RO
2020-01-01T20:00:00+00:00,ChePortileDeFier_PFIERI6_CA,30WHIDRPDFE6---2,B11,,186.83,,MAW,PT60M,10YRO-TEL------P,RO
2020-01-01T20:00:00+00:00,CheRetezat_RIUM2_CA,30WHIDRRIUM2---W,B12,,0.0,,MAW,PT60M,10YRO-TEL------P,RO
2020-01-01T20:00:00+00:00,Iernut_IERN5_CA,30WELCEIERN5---V,B04,,136.1,,MAW,PT60M,10YRO-TEL------P,RO
2020-01-01T20:00:00+00:00,Isalnita_ISAL7_CA,30WCRAIISAL7---D,B02,,115.6,,MAW,PT60M,10YRO-TEL------P,RO
2020-01-01T20:00:00+00:00,,30WCERNCERN1---Y,B14,,660.2,,MAW,PT60M,10YRO-TEL------P,RO
2020-01-01T20:00:00+00:00,,30WCERNCERN2---T,B14,,651.3,,MAW,PT60M,10YRO-TEL------P,RO
2020-01-01T20:00:00+00:00,,30WELCEBUCU3---2,B04,,81.3,,MAW,PT60M,10YRO-TEL------P,RO
2020-01-01T20:00:00+00:00,,30WELCEBUCU4---Y,B04,,69.5,,MAW,PT60M,10YRO-TEL------P,RO
2020-01-01T20:00:00+00:00,,30WELCEBUCV3---X,B04,,159.21,,MAW,PT60M,10YRO-TEL------P,RO
2020-01-01T20:00:00+00:00,,30WROVIROVI4---F,B02,,155.2,,MAW,PT60M,10YRO-TEL------P,RO
2020-01-01T20:00:00+00:00,,30WTURCTURC5---E,B02,,184.3,,MAW,PT60M,10YRO-TEL------P,RO
2020-01-01T21:00:00+00:00,CETBrazi__BRAZ5_CA,30WBRAZBRAZ5---1,B04,,71.94,,MAW,PT60M,10YRO-TEL------P,RO
2020-01-01T21:00:00+00:00,CET_MINT3_CA,30WMINTMINT3---X,B05,,64.47,,MAW,PT60M,10YRO-TEL------P,RO
2020-01-01T21:00:00+00:00,CHE_Lotru_LOTR2_CA,30WHIDRLOTR2---G,B12,,15.22,,MAW,PT60M,10YRO-TEL------P,RO
2020-01-01T21:00:00+00:00,CHE_Lotru_LOTR3_CA,30WHIDRLOTR3---B,B12,,64.97,,MAW,PT60M,10YRO-TEL------P,RO
2020-01-01T21:00:00+00:00,CetCraiova2_CRAI1_CA,30WCRAICRA21---Y,B02,,97.3,,MAW,PT60M,10YRO-TEL------P,RO
2020-01-01T21:00:00+00:00,ChePortileDeFier_PFIERI1_CA,30WHIDRPDFE1---R,B11,,124.73,,MAW,PT60M,10YRO-TEL------P,RO
2020-01-01T21:00:00+00:00,ChePortileDeFier_PFIERI2_CA,30WHIDRPDFE2---M,B11,,188.84,,MAW,PT60M,10YRO-TEL------P,RO
2020-01-01T21:00:00+00:00,ChePortileDeFier_PFIERI3_CA,30WHIDRPDFE3---H,B11,,190.23,,MAW,PT60M,10YRO-TEL------P,RO
2020-01-01T21:00:00+00:00,ChePortileDeFier_PFIERI4_CA,30WHIDRPDFE4---C,B11,,189.75,,MAW,PT60M,10YRO-TEL------P,RO
2020-01-01T21:00:00+00:00,ChePortileDeFier_PFIERI5_CA,30WHIDRPDFE5---7,B11,,123.4,,MAW,PT60M,10YRO-TEL------P,RO
2020-01-01T21:00:00+00:00,ChePortileDeFier_PFIERI6_CA,30WHIDRPDFE6---2,B11,,187.98,,MAW,PT60M,10YRO-TEL------P,RO
2020-01-01T21:00:00+00:00,Iernut_IERN5_CA,30WELCEIERN5---V,B04,,135.1,,MAW,PT60M,10YRO-TEL------P,RO
2020-01-01T21:00:00+00:00,Isalnita_ISAL7_CA,30WCRAIISAL7---D,B02,,114.6,,MAW,PT60M,10YRO-TEL------P,RO
2020-01-01T21:00:00+00:00,,30WCERNCERN1---Y,B14,,660.35,,MAW,PT60M,10YRO-TEL------P,RO
2020-01-01T21:00:00+00:00,,30WCERNCERN2---T,B14,,651.25,,MAW,PT60M,10YRO-TEL------P,RO
2020-01-01T21:00:00+00:00,,30WELCEBUCU3---2,B04,,81.8,,MAW,PT60M,10YRO-TEL------P,RO
2020-01-01T21:00:00+00:00,,30WELCEBUCU4---Y,B04,,70.3,,MAW,PT60M,10YRO-TEL------P,RO
2020-01-01T21:00:00+00:00,,30WELCEBUCV3---X,B04,,160.88,,MAW,PT60M,10YRO-TEL------P,RO
2020-01-01T21:00:00+00:00,,30WROVIROVI4---F,B02,,163.6,,MAW,PT60M,10YRO-TEL------P,RO
2020-01-01T21:00:00+00:00,,30WTURCTURC5---E,B02,,190.1,,MAW,PT60M,10YRO-TEL------P,RO
2020-01-01T22:00:00+00:00,CETBrazi__BRAZ5_CA,30WBRAZBRAZ5---1,B04,,72.74,,MAW,PT60M,10YRO-TEL------P,RO
2020-01-01T22:00:00+00:00,CET_MINT3_CA,30WMINTMINT3---X,B05,,66.12,,MAW,PT60M,10YRO-TEL------P,RO
2020-01-01T22:00:00+00:00,CHE_Lotru_LOTR2_CA,30WHIDRLOTR2---G,B12,,17.89,,MAW,PT60M,10YRO-TEL------P,RO
2020-01-01T22:00:00+00:00,CHE_Lotru_LOTR3_CA,30WHIDRLOTR3---B,B12,,89.13,,MAW,PT60M,10YRO-TEL------P,RO
2020-01-01T22:00:00+00:00,ChePortileDeFier_PFIERI1_CA,30WHIDRPDFE1---R,B11,,140.01,,MAW,PT60M,10YRO-TEL------P,RO
2020-01-01T22:00:00+00:00,ChePortileDeFier_PFIERI2_CA,30WHIDRPDFE2---M,B11,,188.67,,MAW,PT60M,10YRO-TEL------P,RO
2020-01-01T22:00:00+00:00,ChePortileDeFier_PFIERI3_CA,30WHIDRPDFE3---H,B11,,190.05,,MAW,PT60M,10YRO-TEL------P,RO
2020-01-01T22:00:00+00:00,ChePortileDeFier_PFIERI4_CA,30WHIDRPDFE4---C,B11,,26.57,,MAW,PT60M,10YRO-TEL------P,RO
2020-01-01T22:00:00+00:00,ChePortileDeFier_PFIERI5_CA,30WHIDRPDFE5---7,B11,,138.57,,MAW,PT60M,10YRO-TEL------P,RO
2020-01-01T22:00:00+00:00,ChePortileDeFier_PFIERI6_CA,30WHIDRPDFE6---2,B11,,187.71,,MAW,PT60M,10YRO-TEL------P,RO
2020-01-01T22:00:00+00:00,Iernut_IERN5_CA,30WELCEIERN5---V,B04,,135.4,,MAW,PT60M,10YRO-TEL------P,RO
2020-01-01T22:00:00+00:00,Isalnita_ISAL7_CA,30WCRAIISAL7---D,B02,,114.4,,MAW,PT60M,10YRO-TEL------P,RO
2020-01-01T22:00:00+00:00,,30WCERNCERN1---Y,B14,,660.15,,MAW,PT60M,10YRO-TEL------P,RO
2020-01-01T22:00:00+00:00,,30WCERNCERN2---T,B14,,651.55,,MAW,PT60M,10YRO-TEL------P,RO
2020-01-01T22:00:00+00:00,,30WELCEBUCU3---2,B04,,82.4,,MAW,PT60M,10YRO-TEL------P,RO
2020-01-01T22:00:00+00:00,,30WELCEBUCU4---Y,B04,,70.2,,MAW,PT60M,10YRO-TEL------P,RO
2020-01-01T22:00:00+00:00,,30WELCEBUCV3---X,B04,,162.25,,MAW,PT60M,10YRO-TEL------P,RO
2020-01-01T22:00:00+00:00,,30WROVIROVI4---F,B02,,170.0,,MAW,PT60M,10YRO-TEL------P,RO
2020-01-01T22:00:00+00:00,,30WTURCTURC5---E,B02,,194.3,,MAW,PT60M,10YRO-TEL------P,RO
2020-01-01T23:00:00+00:00,CETBrazi__BRAZ5_CA,30WBRAZBRAZ5---1,B04,,72.41,,MAW,PT60M,10YRO-TEL------P,RO
2020-01-01T23:00:00+00:00,CET_MINT3_CA,30WMINTMINT3---X,B05,,66.53,,MAW,PT60M,10YRO-TEL------P,RO
2020-01-01T23:00:00+00:00,CHE_Lotru_LOTR2_CA,30WHIDRLOTR2---G,B12,,0.0,,MAW,PT60M,10YRO-TEL------P,RO
2020-01-01T23:00:00+00:00,CHE_Lotru_LOTR3_CA,30WHIDRLOTR3---B,B12,,53.46,,MAW,PT60M,10YRO-TEL------P,RO
2020-01-01T23:00:00+00:00,CetCraiova2_CRAI1_CA,30WCRAICRA21---Y,B02,,96.9,,MAW,PT60M,10YRO-TEL------P,RO
2020-01-01T23:00:00+00:00,ChePortileDeFier_PFIERI1_CA,30WHIDRPDFE1---R,B11,,148.58,,MAW,PT60M,10YRO-TEL------P,RO
2020-01-01T23:00:00+00:00,ChePortileDeFier_PFIERI2_CA,30WHIDRPDFE2---M,B11,,148.27,,MAW,PT60M,10YRO-TEL------P,RO
2020-01-01T23:00:00+00:00,ChePortileDeFier_PFIERI3_CA,30WHIDRPDFE3---H,B11,,189.4,,MAW,PT60M,10YRO-TEL------P,RO
2020-01-01T23:00:00+00:00,ChePortileDeFier_PFIERI4_CA,30WHIDRPDFE4---C,B11,,0.0,,MAW,PT60M,10YRO-TEL------P,RO
2020-01-01T23:00:00+00:00,ChePortileDeFier_PFIERI5_CA,30WHIDRPDFE5---7,B11,,147.45,,MAW,PT60M,10YRO-TEL------P,RO
2020-01-01T23:00:00+00:00,ChePortileDeFier_PFIERI6_CA,30WHIDRPDFE6---2,B11,,186.67,,MAW,PT60M,10YRO-TEL------P,RO
2020-01-01T23:00:00+00:00,Iernut_IERN5_CA,30WELCEIERN5---V,B04,,135.5,,MAW,PT60M,10YRO-TEL------P,RO
2020-01-01T23:00:00+00:00,Isalnita_ISAL7_CA,30WCRAIISAL7---D,B02,,119.0,,MAW,PT60M,10YRO-TEL------P,RO
2020-01-01T23:00:00+00:00,,30WCERNCERN1---Y,B14,,660.3,,MAW,PT60M,10YRO-TEL------P,RO
2020-01-01T23:00:00+00:00,,30WCERNCERN2---T,B14,,651.5,,MAW,PT60M,10YRO-TEL------P,RO
2020-01-01T23:00:00+00:00,,30WELCEBUCU3---2,B04,,82.3,,MAW,PT60M,10YRO-TEL------P,RO
2020-01-01T23:00:00+00:00,,30WELCEBUCU4---Y,B04,,69.9,,MAW,PT60M,10YRO-TEL------P,RO
2020-01-01T23:00:00+00:00,,30WELCEBUCV3---X,B04,,161.96,,MAW,PT60M,10YRO-TEL------P,RO
2020-01-01T23:00:00+00:00,,30WROVIROVI4---F,B02,,217.6,,MAW,PT60M,10YRO-TEL------P,RO
2020-01-01T23:00:00+00:00,,30WTURCTURC5---E,B02,,212.7,,MAW,PT60M,10YRO-TEL------P,RO
2020-01-01T00:00:00+00:00,Bastusel G1,46WGU0000000039O,B12,,0.0,,MAW,PT60M,10YSE-1--------K,SE
2020-01-01T00:00:00+00:00,Forsmark block 1 G11,46WGU0000000137O,B14,,497.2,,MAW,PT60M,10YSE-1--------K,SE
2020-01-01T00:00:00+00:00,Forsmark block 1 G12,46WGU0000000138M,B14,,495.0,,MAW,PT60M,10YSE-1--------K,SE
2020-01-01T00:00:00+00:00,Gallejaur G1,46WGU00000000402,B12,,0.0,,MAW,PT60M,10YSE-1--------K,SE
2020-01-01T00:00:00+00:00,Gallejaur G2,46WGU00000000410,B12,,0.0,,MAW,PT60M,10YSE-1--------K,SE
2020-01-01T00:00:00+00:00,Halmstadverket G12,46WGU00000000135,B06,,0.0,,MAW,PT60M,10YSE-1--------K,SE
2020-01-01T00:00:00+00:00,Harsprånget G1,46WGU0000000025Z,B12,,0.0,,MAW,PT60M,10YSE-1--------K,SE
2020-01-01T00:00:00+00:00,Harsprånget G2,46WGU0000000026X,B12,,0.0,,MAW,PT60M,10YSE-1--------K,SE
2020-01-01T00:00:00+00:00,Harsprånget G4,46WGU0000000027V,B12,,0.0,,MAW,PT60M,10YSE-1--------K,SE
2020-01-01T00:00:00+00:00,Harsprånget G5,46WGU0000000028T,B12,,0.0,,MAW,PT60M,10YSE-1--------K,SE
2020-01-01T00:00:00+00:00,KVV1 Värtaverket,46WGU00000000054,B06,,0.0,,MAW,PT60M,10YSE-1--------K,SE
2020-01-01T00:00:00+00:00,KVV6 Värtaverket ,46WGU00000000062,B05,,0.0,,MAW,PT60M,10YSE-1--------K,SE
2020-01-01T00:00:00+00:00,KVV8 Värtaverket,46WGU0000000242R,B01,,77.9,,MAW,PT60M,10YSE-1--------K,SE
2020-01-01T00:00:00+00:00,Karlshamn G1,46WGU0000000017Y,B06,,0.0,,MAW,PT60M,10YSE-1--------K,SE
2020-01-01T00:00:00+00:00,Karlshamn G2,46WGU0000000018W,B06,,0.4,,MAW,PT60M,10YSE-1--------K,SE
2020-01-01T00:00:00+00:00,Karlshamn G3,46WGU0000000019U,B06,,0.0,,MAW,PT60M,10YSE-1--------K,SE
2020-01-01T00:00:00+00:00,Letsi G1,46WGU0000000035W,B12,,0.0,,MAW,PT60M,10YSE-1--------K,SE
2020-01-01T00:00:00+00:00,Letsi G2,46WGU0000000036U,B12,,0.0,,MAW,PT60M,10YSE-1--------K,SE
2020-01-01T00:00:00+00:00,Letsi G3,46WGU0000000037S,B12,,0.0,,MAW,PT60M,10YSE-1--------K,SE
2020-01-01T00:00:00+00:00,Ligga G3,46WGU0000000029R,B12,,0.0,,MAW,PT60M,10YSE-1--------K,SE
2020-01-01T00:00:00+00:00,Messaure G1,46WGU00000000305,B12,,0.0,,MAW,PT60M,10YSE-1--------K,SE
2020-01-01T00:00:00+00:00,Messaure G2,46WGU00000000313,B12,,123.7,,MAW,PT60M,10YSE-1--------K,SE
2020-01-01T00:00:00+00:00,Messaure G3,46WGU00000000321,B12,,0.0,,MAW,PT60M,10YSE-1--------K,SE
2020-01-01T00:00:00+00:00,Oskarshamn G3,46WGU0000000009X,B14,,1373.3,,MAW,PT60M,10YSE-1--------K,SE
2020-01-01T00:00:00+00:00,Porjus G11,46WGU00000000232,B12,,0.0,,MAW,PT60M,10YSE-1--------K,SE
2020-01-01T00:00:00+00:00,Porjus G12,46WGU00000000240,B12,,0.0,,MAW,PT60M,10YSE-1--------K,SE
2020-01-01T00:00:00+00:00,Porsi G3,46WGU0000000038Q,B12,,61.1,,MAW,PT60M,10YSE-1--------K,SE
2020-01-01T00:00:00+00:00,Ringhals block 1 G11,46WGU0000000142V,B14,,437.3,,MAW,PT60M,10YSE-1--------K,SE
2020-01-01T00:00:00+00:00,Ringhals block 1 G12,46WGU0000000143T,B14,,437.4,,MAW,PT60M,10YSE-1--------K,SE
2020-01-01T00:00:00+00:00,Ringhals block 3 G31,46WGU0000000146N,B14,,538.6,,MAW,PT60M,10YSE-1--------K,SE
2020-01-01T00:00:00+00:00,Ringhals block 3 G32,46WGU0000000147L,B14,,535.0,,MAW,PT60M,10YSE-1--------K,SE
2020-01-01T00:00:00+00:00,Ritsem G1,46WGU00000000208,B12,,0.0,,MAW,PT60M,10YSE-1--------K,SE
2020-01-01T00:00:00+00:00,Rya KVV,46WGU0000000001C,B04,,0.0,,MAW,PT60M,10YSE-1--------K,SE
2020-01-01T00:00:00+00:00,Seitevare G1,46WGU0000000034Y,B12,,0.0,,MAW,PT60M,10YSE-1--------K,SE
2020-01-01T00:00:00+00:00,Stalon G1,46WGU0000000046R,B12,,55.6,,MAW,PT60M,10YSE-1--------K,SE
2020-01-01T00:00:00+00:00,Stornorrfors G1,46WGU0000000042Z,B12,,0.0,,MAW,PT60M,10YSE-1--------K,SE
2020-01-01T00:00:00+00:00,Stornorrfors G2,46WGU0000000043X,B12,,0.0,,MAW,PT60M,10YSE-1--------K,SE
2020-01-01T00:00:00+00:00,Stornorrfors G3,46WGU0000000044V,B12,,0.0,,MAW,PT60M,10YSE-1--------K,SE
2020-01-01T00:00:00+00:00,Stornorrfors G4,46WGU0000000045T,B12,,75.4,,MAW,PT60M,10YSE-1--------K,SE
2020-01-01T00:00:00+00:00,Trängslet G1,46WGU0000000002A,B12,,0.0,,MAW,PT60M,10YSE-1--------K,SE
2020-01-01T00:00:00+00:00,Trängslet G2,46WGU00000000038,B12,,46.5,,MAW,PT60M,10YSE-1--------K,SE
2020-01-01T00:00:00+00:00,Trängslet G3,46WGU00000000046,B12,,97.4,,MAW,PT60M,10YSE-1--------K,SE
2020-01-01T00:00:00+00:00,Uppsala KVV,46WGU0000000047P,B08,,0.0,,MAW,PT60M,10YSE-1--------K,SE
2020-01-01T00:00:00+00:00,Vietas G1,46WGU00000000216,B12,,0.0,,MAW,PT60M,10YSE-1--------K,SE
2020-01-01T00:00:00+00:00,Vietas G2,46WGU00000000224,B12,,0.0,,MAW,PT60M,10YSE-1--------K,SE
2020-01-01T00:00:00+00:00,Åbyverket Örebro,46WGU00000000127,B01,,35.1,,MAW,PT60M,10YSE-1--------K,SE
2020-01-01T00:00:00+00:00,,46WGU0000000053U,B14,,1214.6,,MAW,PT60M,10YSE-1--------K,SE
2020-01-01T00:00:00+00:00,,46WGU0000000139K,B14,,556.8,,MAW,PT60M,10YSE-1--------K,SE
2020-01-01T00:00:00+00:00,,46WGU0000000140Z,B14,,561.5,,MAW,PT60M,10YSE-1--------K,SE
2020-01-01T00:00:00+00:00,,46WGU0000000144R,B14,,0.0,,MAW,PT60M,10YSE-1--------K,SE
2020-01-01T00:00:00+00:00,,46WGU0000000145P,B14,,0.0,,MAW,PT60M,10YSE-1--------K,SE
2020-01-01T00:00:00+00:00,,46WGU0000000148J,B14,,573.8,,MAW,PT60M,10YSE-1--------K,SE
2020-01-01T00:00:00+00:00,,46WGU0000000149H,B14,,568.8,,MAW,PT60M,10YSE-1--------K,SE
2020-01-01T01:00:00+00:00,KVV8 Värtaverket,46WGU0000000242R,B01,,62.3,,MAW,PT60M,10YSE-1--------K,SE
2020-01-01T01:00:00+00:00,Messaure G2,46WGU00000000313,B12,,130.3,,MAW,PT60M,10YSE-1--------K,SE
2020-01-01T01:00:00+00:00,Oskarshamn G3,46WGU0000000009X,B14,,1373.1,,MAW,PT60M,10YSE-1--------K,SE
2020-01-01T01:00:00+00:00,Porsi G3,46WGU0000000038Q,B12,,59.4,,MAW,PT60M,10YSE-1--------K,SE
2020-01-01T01:00:00+00:00,Ringhals block 1 G11,46WGU0000000142V,B14,,437.2,,MAW,PT60M,10YSE-1--------K,SE
2020-01-01T01:00:00+00:00,Ringhals block 1 G12,46WGU0000000143T,B14,,437.3,,MAW,PT60M,10YSE-1--------K,SE
2020-01-01T01:00:00+00:00,Stalon G1,46WGU0000000046R,B12,,105.6,,MAW,PT60M,10YSE-1--------K,SE
2020-01-01T01:00:00+00:00,Stornorrfors G4,46WGU0000000045T,B12,,75.3,,MAW,PT60M,10YSE-1--------K,SE
2020-01-01T01:00:00+00:00,Trängslet G2,46WGU00000000038,B12,,46.8,,MAW,PT60M,10YSE-1--------K,SE
2020-01-01T01:00:00+00:00,Trängslet G3,46WGU00000000046,B12,,97.0,,MAW,PT60M,10YSE-1--------K,SE
2020-01-01T01:00:00+00:00,Åbyverket Örebro,46WGU00000000127,B01,,35.9,,MAW,PT60M,10YSE-1--------K,SE
2020-01-01T01:00:00+00:00,,46WGU0000000139K,B14,,557.2,,MAW,PT60M,10YSE-1--------K,SE
2020-01-01T01:00:00+00:00,,46WGU0000000140Z,B14,,561.8,,MAW,PT60M,10YSE-1--------K,SE
2020-01-01T01:00:00+00:00,,46WGU0000000148J,B14,,573.7,,MAW,PT60M,10YSE-1--------K,SE
2020-01-01T01:00:00+00:00,,46WGU0000000149H,B14,,569.0,,MAW,PT60M,10YSE-1--------K,SE
2020-01-01T02:00:00+00:00,Forsmark block 1 G12,46WGU0000000138M,B14,,494.9,,MAW,PT60M,10YSE-1--------K,SE
2020-01-01T02:00:00+00:00,KVV8 Värtaverket,46WGU0000000242R,B01,,54.4,,MAW,PT60M,10YSE-1--------K,SE
2020-01-01T02:00:00+00:00,Messaure G2,46WGU00000000313,B12,,123.9,,MAW,PT60M,10YSE-1--------K,SE
2020-01-01T02:00:00+00:00,Oskarshamn G3,46WGU0000000009X,B14,,1373.7,,MAW,PT60M,10YSE-1--------K,SE
2020-01-01T02:00:00+00:00,Porsi G3,46WGU0000000038Q,B12,,56.8,,MAW,PT60M,10YSE-1--------K,SE
2020-01-01T02:00:00+00:00,Ringhals block 1 G11,46WGU0000000142V,B14,,437.7,,MAW,PT60M,10YSE-1--------K,SE
2020-01-01T02:00:00+00:00,Ringhals block 1 G12,46WGU0000000143T,B14,,437.8,,MAW,PT60M,10YSE-1--------K,SE
2020-01-01T02:00:00+00:00,Stalon G1,46WGU0000000046R,B12,,93.4,,MAW,PT60M,10YSE-1--------K,SE
2020-01-01T02:00:00+00:00,Trängslet G2,46WGU00000000038,B12,,46.6,,MAW,PT60M,10YSE-1--------K,SE
2020-01-01T02:00:00+00:00,Åbyverket Örebro,46WGU00000000127,B01,,35.8,,MAW,PT60M,10YSE-1--------K,SE
2020-01-01T02:00:00+00:00,,46WGU0000000053U,B14,,1214.4,,MAW,PT60M,10YSE-1--------K,SE
2020-01-01T02:00:00+00:00,,46WGU0000000139K,B14,,557.0,,MAW,PT60M,10YSE-1--------K,SE
2020-01-01T02:00:00+00:00,,46WGU0000000140Z,B14,,561.7,,MAW,PT60M,10YSE-1--------K,SE
2020-01-01T02:00:00+00:00,,46WGU0000000149H,B14,,569.7,,MAW,PT60M,10YSE-1--------K,SE
2020-01-01T03:00:00+00:00,Letsi G1,46WGU0000000035W,B12,,13.3,,MAW,PT60M,10YSE-1--------K,SE
2020-01-01T03:00:00+00:00,Messaure G2,46WGU00000000313,B12,,127.9,,MAW,PT60M,10YSE-1--------K,SE
2020-01-01T03:00:00+00:00,Oskarshamn G3,46WGU0000000009X,B14,,1373.1,,MAW,PT60M,10YSE-1--------K,SE
2020-01-01T03:00:00+00:00,Porsi G3,46WGU0000000038Q,B12,,59.2,,MAW,PT60M,10YSE-1--------K,SE
2020-01-01T03:00:00+00:00,Ringhals block 1 G11,46WGU0000000142V,B14,,437.6,,MAW,PT60M,10YSE-1--------K,SE
2020-01-01T03:00:00+00:00,Ringhals block 1 G12,46WGU0000000143T,B14,,437.5,,MAW,PT60M,10YSE-1--------K,SE
2020-01-01T03:00:00+00:00,Ringhals block 3 G31,46WGU0000000146N,B14,,539.1,,MAW,PT60M,10YSE-1--------K,SE
2020-01-01T03:00:00+00:00,Stalon G1,46WGU0000000046R,B12,,69.9,,MAW,PT60M,10YSE-1--------K,SE
2020-01-01T03:00:00+00:00,Trängslet G2,46WGU00000000038,B12,,46.4,,MAW,PT60M,10YSE-1--------K,SE
2020-01-01T03:00:00+00:00,Vietas G1,46WGU00000000216,B12,,2.1,,MAW,PT60M,10YSE-1--------K,SE
2020-01-01T03:00:00+00:00,Åbyverket Örebro,46WGU00000000127,B01,,27.6,,MAW,PT60M,10YSE-1--------K,SE
2020-01-01T03:00:00+00:00,,46WGU0000000053U,B14,,1214.2,,MAW,PT60M,10YSE-1--------K,SE
2020-01-01T03:00:00+00:00,,46WGU0000000139K,B14,,557.2,,MAW,PT60M,10YSE-1--------K,SE
2020-01-01T03:00:00+00:00,,46WGU0000000140Z,B14,,561.4,,MAW,PT60M,10YSE-1--------K,SE
2020-01-01T03:00:00+00:00,,46WGU0000000148J,B14,,573.8,,MAW,PT60M,10YSE-1--------K,SE
2020-01-01T04:00:00+00:00,Forsmark block 1 G11,46WGU0000000137O,B14,,496.9,,MAW,PT60M,10YSE-1--------K,SE
2020-01-01T04:00:00+00:00,Forsmark block 1 G12,46WGU0000000138M,B14,,494.8,,MAW,PT60M,10YSE-1--------K,SE
2020-01-01T04:00:00+00:00,Letsi G1,46WGU0000000035W,B12,,122.1,,MAW,PT60M,10YSE-1--------K,SE
2020-01-01T04:00:00+00:00,Messaure G2,46WGU00000000313,B12,,114.1,,MAW,PT60M,10YSE-1--------K,SE
2020-01-01T04:00:00+00:00,Oskarshamn G3,46WGU0000000009X,B14,,1373.2,,MAW,PT60M,10YSE-1--------K,SE
2020-01-01T04:00:00+00:00,Porsi G3,46WGU0000000038Q,B12,,58.7,,MAW,PT60M,10YSE-1--------K,SE
2020-01-01T04:00:00+00:00,Ringhals block 1 G11,46WGU0000000142V,B14,,438.1,,MAW,PT60M,10YSE-1--------K,SE
2020-01-01T04:00:00+00:00,Ringhals block 1 G12,46WGU0000000143T,B14,,438.1,,MAW,PT60M,10YSE-1--------K,SE
2020-01-01T04:00:00+00:00,Stalon G1,46WGU0000000046R,B12,,0.1,,MAW,PT60M,10YSE-1--------K,SE
2020-01-01T04:00:00+00:00,Stornorrfors G4,46WGU0000000045T,B12,,75.2,,MAW,PT60M,10YSE-1--------K,SE
2020-01-01T04:00:00+00:00,Trängslet G2,46WGU00000000038,B12,,46.6,,MAW,PT60M,10YSE-1--------K,SE
2020-01-01T04:00:00+00:00,Vietas G1,46WGU00000000216,B12,,111.9,,MAW,PT60M,10YSE-1--------K,SE
2020-01-01T04:00:00+00:00,Åbyverket Örebro,46WGU00000000127,B01,,24.5,,MAW,PT60M,10YSE-1--------K,SE
2020-01-01T04:00:00+00:00,,46WGU0000000053U,B14,,1213.8,,MAW,PT60M,10YSE-1--------K,SE
2020-01-01T04:00:00+00:00,,46WGU0000000139K,B14,,557.1,,MAW,PT60M,10YSE-1--------K,SE
2020-01-01T04:00:00+00:00,,46WGU0000000140Z,B14,,561.7,,MAW,PT60M,10YSE-1--------K,SE
2020-01-01T05:00:00+00:00,Forsmark block 1 G11,46WGU0000000137O,B14,,497.0,,MAW,PT60M,10YSE-1--------K,SE
2020-01-01T05:00:00+00:00,Forsmark block 1 G12,46WGU0000000138M,B14,,494.5,,MAW,PT60M,10YSE-1--------K,SE
2020-01-01T05:00:00+00:00,Letsi G1,46WGU0000000035W,B12,,117.0,,MAW,PT60M,10YSE-1--------K,SE
2020-01-01T05:00:00+00:00,Messaure G2,46WGU00000000313,B12,,110.5,,MAW,PT60M,10YSE-1--------K,SE
2020-01-01T05:00:00+00:00,Oskarshamn G3,46WGU0000000009X,B14,,1373.4,,MAW,PT60M,10YSE-1--------K,SE
2020-01-01T05:00:00+00:00,Porsi G3,46WGU0000000038Q,B12,,58.0,,MAW,PT60M,10YSE-1--------K,SE
2020-01-01T05:00:00+00:00,Ringhals block 1 G11,46WGU0000000142V,B14,,438.0,,MAW,PT60M,10YSE-1--------K,SE
2020-01-01T05:00:00+00:00,Ringhals block 3 G31,46WGU0000000146N,B14,,538.6,,MAW,PT60M,10YSE-1--------K,SE
2020-01-01T05:00:00+00:00,Ringhals block 3 G32,46WGU0000000147L,B14,,534.9,,MAW,PT60M,10YSE-1--------K,SE
2020-01-01T05:00:00+00:00,Trängslet G2,46WGU00000000038,B12,,46.5,,MAW,PT60M,10YSE-1--------K,SE
2020-01-01T05:00:00+00:00,Vietas G1,46WGU00000000216,B12,,127.3,,MAW,PT60M,10YSE-1--------K,SE
2020-01-01T05:00:00+00:00,,46WGU0000000053U,B14,,1214.2,,MAW,PT60M,10YSE-1--------K,SE
2020-01-01T05:00:00+00:00,,46WGU0000000139K,B14,,556.9,,MAW,PT60M,10YSE-1--------K,SE
2020-01-01T05:00:00+00:00,,46WGU0000000140Z,B14,,561.3,,MAW,PT60M,10YSE-1--------K,SE
2020-01-01T05:00:00+00:00,,46WGU0000000145P,B14,,1.7,,MAW,PT60M,10YSE-1--------K,SE
2020-01-01T05:00:00+00:00,,46WGU0000000148J,B14,,573.3,,MAW,PT60M,10YSE-1--------K,SE
2020-01-01T05:00:00+00:00,,46WGU0000000149H,B14,,569.1,,MAW,PT60M,10YSE-1--------K,SE
2020-01-01T06:00:00+00:00,Forsmark block 1 G11,46WGU0000000137O,B14,,496.6,,MAW,PT60M,10YSE-1--------K,SE
2020-01-01T06:00:00+00:00,Forsmark block 1 G12,46WGU0000000138M,B14,,494.6,,MAW,PT60M,10YSE-1--------K,SE
2020-01-01T06:00:00+00:00,Letsi G1,46WGU0000000035W,B12,,149.5,,MAW,PT60M,10YSE-1--------K,SE
2020-01-01T06:00:00+00:00,Messaure G2,46WGU00000000313,B12,,131.6,,MAW,PT60M,10YSE-1--------K,SE
2020-01-01T06:00:00+00:00,Oskarshamn G3,46WGU0000000009X,B14,,1373.3,,MAW,PT60M,10YSE-1--------K,SE
2020-01-01T06:00:00+00:00,Porsi G3,46WGU0000000038Q,B12,,62.9,,MAW,PT60M,10YSE-1--------K,SE
2020-01-01T06:00:00+00:00,Ringhals block 1 G11,46WGU0000000142V,B14,,437.7,,MAW,PT60M,10YSE-1--------K,SE
2020-01-01T06:00:00+00:00,Ringhals block 1 G12,46WGU0000000143T,B14,,438.0,,MAW,PT60M,10YSE-1--------K,SE
2020-01-01T06:00:00+00:00,Ringhals block 3 G31,46WGU0000000146N,B14,,536.6,,MAW,PT60M,10YSE-1--------K,SE
2020-01-01T06:00:00+00:00,Ringhals block 3 G32,46WGU0000000147L,B14,,533.7,,MAW,PT60M,10YSE-1--------K,SE
2020-01-01T06:00:00+00:00,Trängslet G2,46WGU00000000038,B12,,46.6,,MAW,PT60M,10YSE-1--------K,SE
2020-01-01T06:00:00+00:00,Vietas G1,46WGU00000000216,B12,,128.7,,MAW,PT60M,10YSE-1--------K,SE
2020-01-01T06:00:00+00:00,Åbyverket Örebro,46WGU00000000127,B01,,22.2,,MAW,PT60M,10YSE-1--------K,SE
2020-01-01T06:00:00+00:00,,46WGU0000000053U,B14,,1214.5,,MAW,PT60M,10YSE-1--------K,SE
2020-01-01T06:00:00+00:00,,46WGU0000000139K,B14,,556.8,,MAW,PT60M,10YSE-1--------K,SE
2020-01-01T06:00:00+00:00,,46WGU0000000140Z,B14,,561.2,,MAW,PT60M,10YSE-1--------K,SE
2020-01-01T06:00:00+00:00,,46WGU0000000145P,B14,,0.0,,MAW,PT60M,10YSE-1--------K,SE
2020-01-01T06:00:00+00:00,,46WGU0000000148J,B14,,572.6,,MAW,PT60M,10YSE-1--------K,SE
2020-01-01T06:00:00+00:00,,46WGU0000000149H,B14,,567.0,,MAW,PT60M,10YSE-1--------K,SE
2020-01-01T07:00:00+00:00,Bastusel G1,46WGU0000000039O,B12,,4.1,,MAW,PT60M,10YSE-1--------K,SE
2020-01-01T07:00:00+00:00,Forsmark block 1 G12,46WGU0000000138M,B14,,494.4,,MAW,PT60M,10YSE-1--------K,SE
2020-01-01T07:00:00+00:00,Letsi G1,46WGU0000000035W,B12,,153.4,,MAW,PT60M,10YSE-1--------K,SE
2020-01-01T07:00:00+00:00,Messaure G2,46WGU00000000313,B12,,135.0,,MAW,PT60M,10YSE-1--------K,SE
2020-01-01T07:00:00+00:00,Oskarshamn G3,46WGU0000000009X,B14,,1372.7,,MAW,PT60M,10YSE-1--------K,SE
2020-01-01T07:00:00+00:00,Porsi G3,46WGU0000000038Q,B12,,65.1,,MAW,PT60M,10YSE-1--------K,SE
2020-01-01T07:00:00+00:00,Ringhals block 1 G11,46WGU0000000142V,B14,,437.3,,MAW,PT60M,10YSE-1--------K,SE
2020-01-01T07:00:00+00:00,Ringhals block 1 G12,46WGU0000000143T,B14,,437.4,,MAW,PT60M,10YSE-1--------K,SE
2020-01-01T07:00:00+00:00,Ringhals block 3 G31,46WGU0000000146N,B14,,536.5,,MAW,PT60M,10YSE-1--------K,SE
2020-01-01T07:00:00+00:00,Ringhals block 3 G32,46WGU0000000147L,B14,,533.6,,MAW,PT60M,10YSE-1--------K,SE
2020-01-01T07:00:00+00:00,Stornorrfors G4,46WGU0000000045T,B12,,75.1,,MAW,PT60M,10YSE-1--------K,SE
2020-01-01T07:00:00+00:00,Trängslet G2,46WGU00000000038,B12,,46.5,,MAW,PT60M,10YSE-1--------K,SE
2020-01-01T07:00:00+00:00,Vietas G1,46WGU00000000216,B12,,114.1,,MAW,PT60M,10YSE-1--------K,SE
2020-01-01T07:00:00+00:00,Åbyverket Örebro,46WGU00000000127,B01,,20.5,,MAW,PT60M,10YSE-1--------K,SE
2020-01-01T07:00:00+00:00,,46WGU0000000053U,B14,,1214.8,,MAW,PT60M,10YSE-1--------K,SE
2020-01-01T07:00:00+00:00,,46WGU0000000139K,B14,,557.2,,MAW,PT60M,10YSE-1--------K,SE
2020-01-01T07:00:00+00:00,,46WGU0000000140Z,B14,,561.1,,MAW,PT60M,10YSE-1--------K,SE
2020-01-01T07:00:00+00:00,,46WGU0000000149H,B14,,566.8,,MAW,PT60M,10YSE-1--------K,SE
2020-01-01T08:00:00+00:00,Bastusel G1,46WGU0000000039O,B12,,84.1,,MAW,PT60M,10YSE-1--------K,SE
2020-01-01T08:00:00+00:00,Forsmark block 1 G11,46WGU0000000137O,B14,,496.9,,MAW,PT60M,10YSE-1--------K,SE
2020-01-01T08:00:00+00:00,Forsmark block 1 G12,46WGU0000000138M,B14,,494.6,,MAW,PT60M,10YSE-1--------K,SE
2020-01-01T08:00:00+00:00,KVV8 Värtaverket,46WGU0000000242R,B01,,55.2,,MAW,PT60M,10YSE-1--------K,SE
2020-01-01T08:00:00+00:00,Letsi G1,46WGU0000000035W,B12,,14.6,,MAW,PT60M,10YSE-1--------K,SE
2020-01-01T08:00:00+00:00,Messaure G2,46WGU00000000313,B12,,96.5,,MAW,PT60M,10YSE-1--------K,SE
2020-01-01T08:00:00+00:00,Oskarshamn G3,46WGU0000000009X,B14,,1372.8,,MAW,PT60M,10YSE-1--------K,SE
2020-01-01T08:00:00+00:00,Porsi G3,46WGU0000000038Q,B12,,58.1,,MAW,PT60M,10YSE-1--------K,SE
2020-01-01T08:00:00+00:00,Ringhals block 1 G11,46WGU0000000142V,B14,,437.0,,MAW,PT60M,10YSE-1--------K,SE
2020-01-01T08:00:00+00:00,Ringhals block 1 G12,46WGU0000000143T,B14,,437.3,,MAW,PT60M,10YSE-1--------K,SE
2020-01-01T08:00:00+00:00,Ringhals block 3 G31,46WGU0000000146N,B14,,536.6,,MAW,PT60M,10YSE-1--------K,SE
2020-01-01T08:00:00+00:00,Stornorrfors G4,46WGU0000000045T,B12,,75.3,,MAW,PT60M,10YSE-1--------K,SE
2020-01-01T08:00:00+00:00,Trängslet G2,46WGU00000000038,B12,,46.9,,MAW,PT60M,10YSE-1--------K,SE
2020-01-01T08:00:00+00:00,Vietas G1,46WGU00000000216,B12,,115.5,,MAW,PT60M,10YSE-1--------K,SE
2020-01-01T08:00:00+00:00,Åbyverket Örebro,46WGU00000000127,B01,,20.4,,MAW,PT60M,10YSE-1--------K,SE
2020-01-01T08:00:00+00:00,,46WGU0000000053U,B14,,1214.7,,MAW,PT60M,10YSE-1--------K,SE
2020-01-01T08:00:00+00:00,,46WGU0000000139K,B14,,556.9,,MAW,PT60M,10YSE-1--------K,SE
2020-01-01T08:00:00+00:00,,46WGU0000000140Z,B14,,561.4,,MAW,PT60M,10YSE-1--------K,SE
2020-01-01T08:00:00+00:00,,46WGU0000000148J,B14,,572.5,,MAW,PT60M,10YSE-1--------K,SE
2020-01-01T08:00:00+00:00,,46WGU0000000149H,B14,,566.7,,MAW,PT60M,10YSE-1--------K,SE
2020-01-01T09:00:00+00:00,Bastusel G1,46WGU0000000039O,B12,,83.6,,MAW,PT60M,10YSE-1--------K,SE
2020-01-01T09:00:00+00:00,Forsmark block 1 G12,46WGU0000000138M,B14,,494.9,,MAW,PT60M,10YSE-1--------K,SE
2020-01-01T09:00:00+00:00,KVV8 Värtaverket,46WGU0000000242R,B01,,65.5,,MAW,PT60M,10YSE-1--------K,SE
2020-01-01T09:00:00+00:00,Letsi G1,46WGU0000000035W,B12,,0.0,,MAW,PT60M,10YSE-1--------K,SE
2020-01-01T09:00:00+00:00,Messaure G2,46WGU00000000313,B12,,0.0,,MAW,PT60M,10YSE-1--------K,SE
2020-01-01T09:00:00+00:00,Oskarshamn G3,46WGU0000000009X,B14,,1372.7,,MAW,PT60M,10YSE-1--------K,SE
2020-01-01T09:00:00+00:00,Porsi G3,46WGU0000000038Q,B12,,59.0,,MAW,PT60M,10YSE-1--------K,SE
2020-01-01T09:00:00+00:00,Ringhals block 3 G31,46WGU0000000146N,B14,,537.8,,MAW,PT60M,10YSE-1--------K,SE
2020-01-01T09:00:00+00:00,Ringhals block 3 G32,46WGU0000000147L,B14,,533.2,,MAW,PT60M,10YSE-1--------K,SE
2020-01-01T09:00:00+00:00,Stornorrfors G4,46WGU0000000045T,B12,,75.2,,MAW,PT60M,10YSE-1--------K,SE
2020-01-01T09:00:00+00:00,Trängslet G2,46WGU00000000038,B12,,47.5,,MAW,PT60M,10YSE-1--------K,SE
2020-01-01T09:00:00+00:00,Vietas G1,46WGU00000000216,B12,,117.5,,MAW,PT60M,10YSE-1--------K,SE
2020-01-01T09:00:00+00:00,,46WGU0000000053U,B14,,1214.0,,MAW,PT60M,10YSE-1--------K,SE
2020-01-01T09:00:00+00:00,,46WGU0000000139K,B14,,556.8,,MAW,PT60M,10YSE-1--------K,SE
2020-01-01T09:00:00+00:00,,46WGU0000000140Z,B14,,561.3,,MAW,PT60M,10YSE-1--------K,SE
2020-01-01T09:00:00+00:00,,46WGU0000000145P,B14,,4.8,,MAW,PT60M,10YSE-1--------K,SE
2020-01-01T09:00:00+00:00,,46WGU0000000148J,B14,,572.1,,MAW,PT60M,10YSE-1--------K,SE
2020-01-01T09:00:00+00:00,,46WGU0000000149H,B14,,566.8,,MAW,PT60M,10YSE-1--------K,SE
2020-01-01T10:00:00+00:00,Bastusel G1,46WGU0000000039O,B12,,81.7,,MAW,PT60M,10YSE-1--------K,SE
2020-01-01T10:00:00+00:00,Forsmark block 1 G11,46WGU0000000137O,B14,,496.7,,MAW,PT60M,10YSE-1--------K,SE
2020-01-01T10:00:00+00:00,Forsmark block 1 G12,46WGU0000000138M,B14,,494.5,,MAW,PT60M,10YSE-1--------K,SE
2020-01-01T10:00:00+00:00,KVV8 Värtaverket,46WGU0000000242R,B01,,104.1,,MAW,PT60M,10YSE-1--------K,SE
2020-01-01T10:00:00+00:00,Messaure G2,46WGU00000000313,B12,,95.8,,MAW,PT60M,10YSE-1--------K,SE
2020-01-01T10:00:00+00:00,Oskarshamn G3,46WGU0000000009X,B14,,1372.3,,MAW,PT60M,10YSE-1--------K,SE
2020-01-01T10:00:00+00:00,Porsi G3,46WGU0000000038Q,B12,,56.8,,MAW,PT60M,10YSE-1--------K,SE
2020-01-01T10:00:00+00:00,Ringhals block 1 G11,46WGU0000000142V,B14,,436.7,,MAW,PT60M,10YSE-1--------K,SE
2020-01-01T10:00:00+00:00,Ringhals block 1 G12,46WGU0000000143T,B14,,437.0,,MAW,PT60M,10YSE-1--------K,SE
2020-01-01T10:00:00+00:00,Ringhals block 3 G31,46WGU0000000146N,B14,,536.7,,MAW,PT60M,10YSE-1--------K,SE
2020-01-01T10:00:00+00:00,Ringhals block 3 G32,46WGU0000000147L,B14,,533.0,,MAW,PT60M,10YSE-1--------K,SE
2020-01-01T10:00:00+00:00,Stalon G1,46WGU0000000046R,B12,,31.0,,MAW,PT60M,10YSE-1--------K,SE
2020-01-01T10:00:00+00:00,Stornorrfors G4,46WGU0000000045T,B12,,75.3,,MAW,PT60M,10YSE-1--------K,SE
2020-01-01T10:00:00+00:00,Trängslet G2,46WGU00000000038,B12,,47.2,,MAW,PT60M,10YSE-1--------K,SE
2020-01-01T10:00:00+00:00,Vietas G1,46WGU00000000216,B12,,110.2,,MAW,PT60M,10YSE-1--------K,SE
2020-01-01T10:00:00+00:00,Åbyverket Örebro,46WGU00000000127,B01,,19.7,,MAW,PT60M,10YSE-1--------K,SE
2020-01-01T10:00:00+00:00,,46WGU0000000053U,B14,,1214.4,,MAW,PT60M,10YSE-1--------K,SE
2020-01-01T10:00:00+00:00,,46WGU0000000139K,B14,,556.7,,MAW,PT60M,10YSE-1--------K,SE
2020-01-01T10:00:00+00:00,,46WGU0000000140Z,B14,,561.2,,MAW,PT60M,10YSE-1--------K,SE
2020-01-01T10:00:00+00:00,,46WGU0000000145P,B14,,0.6,,MAW,PT60M,10YSE-1--------K,SE
2020-01-01T10:00:00+00:00,,46WGU0000000149H,B14,,566.4,,MAW,PT60M,10YSE-1--------K,SE
2020-01-01T11:00:00+00:00,Bastusel G1,46WGU0000000039O,B12,,83.6,,MAW,PT60M,10YSE-1--------K,SE
2020-01-01T11:00:00+00:00,KVV8 Värtaverket,46WGU0000000242R,B01,,107.3,,MAW,PT60M,10YSE-1--------K,SE
2020-01-01T11:00:00+00:00,Messaure G2,46WGU00000000313,B12,,126.7,,MAW,PT60M,10YSE-1--------K,SE
2020-01-01T11:00:00+00:00,Porsi G3,46WGU0000000038Q,B12,,67.0,,MAW,PT60M,10YSE-1--------K,SE
2020-01-01T11:00:00+00:00,Ringhals block 1 G11,46WGU0000000142V,B14,,436.5,,MAW,PT60M,10YSE-1--------K,SE
2020-01-01T11:00:00+00:00,Ringhals block 3 G31,46WGU0000000146N,B14,,536.5,,MAW,PT60M,10YSE-1--------K,SE
2020-01-01T11:00:00+00:00,Ringhals block 3 G32,46WGU0000000147L,B14,,532.9,,MAW,PT60M,10YSE-1--------K,SE
2020-01-01T11:00:00+00:00,Stalon G1,46WGU0000000046R,B12,,115.3,,MAW,PT60M,10YSE-1--------K,SE
2020-01-01T11:00:00+00:00,Stornorrfors G4,46WGU0000000045T,B12,,75.2,,MAW,PT60M,10YSE-1--------K,SE
2020-01-01T11:00:00+00:00,Trängslet G2,46WGU00000000038,B12,,47.3,,MAW,PT60M,10YSE-1--------K,SE
2020-01-01T11:00:00+00:00,Vietas G1,46WGU00000000216,B12,,149.1,,MAW,PT60M,10YSE-1--------K,SE
2020-01-01T11:00:00+00:00,Åbyverket Örebro,46WGU00000000127,B01,,19.9,,MAW,PT60M,10YSE-1--------K,SE
2020-01-01T11:00:00+00:00,,46WGU0000000053U,B14,,1214.6,,MAW,PT60M,10YSE-1--------K,SE
2020-01-01T11:00:00+00:00,,46WGU0000000139K,B14,,556.8,,MAW,PT60M,10YSE-1--------K,SE
2020-01-01T11:00:00+00:00,,46WGU0000000145P,B14,,0.0,,MAW,PT60M,10YSE-1--------K,SE
2020-01-01T11:00:00+00:00,,46WGU0000000149H,B14,,565.9,,MAW,PT60M,10YSE-1--------K,SE
2020-01-01T12:00:00+00:00,Bastusel G1,46WGU0000000039O,B12,,85.1,,MAW,PT60M,10YSE-1--------K,SE
2020-01-01T12:00:00+00:00,Forsmark block 1 G11,46WGU0000000137O,B14,,497.2,,MAW,PT60M,10YSE-1--------K,SE
2020-01-01T12:00:00+00:00,Forsmark block 1 G12,46WGU0000000138M,B14,,494.6,,MAW,PT60M,10YSE-1--------K,SE
2020-01-01T12:00:00+00:00,KVV8 Värtaverket,46WGU0000000242R,B01,,108.3,,MAW,PT60M,10YSE-1--------K,SE
2020-01-01T12:00:00+00:00,Messaure G2,46WGU00000000313,B12,,129.2,,MAW,PT60M,10YSE-1--------K,SE
2020-01-01T12:00:00+00:00,Oskarshamn G3,46WGU0000000009X,B14,,1373.1,,MAW,PT60M,10YSE-1--------K,SE
2020-01-01T12:00:00+00:00,Porsi G3,46WGU0000000038Q,B12,,65.2,,MAW,PT60M,10YSE-1--------K,SE
2020-01-01T12:00:00+00:00,Ringhals block 1 G11,46WGU0000000142V,B14,,436.3,,MAW,PT60M,10YSE-1--------K,SE
2020-01-01T12:00:00+00:00,Ringhals block 1 G12,46WGU0000000143T,B14,,436.7,,MAW,PT60M,10YSE-1--------K,SE
2020-01-01T12:00:00+00:00,Ringhals block 3 G31,46WGU0000000146N,B14,,536.0,,MAW,PT60M,10YSE-1--------K,SE
2020-01-01T12:00:00+00:00,Stalon G1,46WGU0000000046R,B12,,117.2,,MAW,PT60M,10YSE-1--------K,SE
2020-01-01T12:00:00+00:00,Stornorrfors G4,46WGU0000000045T,B12,,75.3,,MAW,PT60M,10YSE-1--------K,SE
2020-01-01T12:00:00+00:00,Trängslet G2,46WGU00000000038,B12,,47.5,,MAW,PT60M,10YSE-1--------K,SE
2020-01-01T12:00:00+00:00,Vietas G1,46WGU00000000216,B12,,151.8,,MAW,PT60M,10YSE-1--------K,SE
2020-01-01T12:00:00+00:00,Åbyverket Örebro,46WGU00000000127,B01,,20.6,,MAW,PT60M,10YSE-1--------K,SE
2020-01-01T12:00:00+00:00,,46WGU0000000053U,B14,,1214.5,,MAW,PT60M,10YSE-1--------K,SE
2020-01-01T12:00:00+00:00,,46WGU0000000139K,B14,,557.1,,MAW,PT60M,10YSE-1--------K,SE
2020-01-01T12:00:00+00:00,,46WGU0000000140Z,B14,,561.1,,MAW,PT60M,10YSE-1--------K,SE
2020-01-01T12:00:00+00:00,,46WGU0000000149H,B14,,566.1,,MAW,PT60M,10YSE-1--------K,SE
2020-01-01T13:00:00+00:00,Bastusel G1,46WGU0000000039O,B12,,86.7,,MAW,PT60M,10YSE-1--------K,SE
2020-01-01T13:00:00+00:00,Forsmark block 1 G11,46WGU0000000137O,B14,,496.8,,MAW,PT60M,10YSE-1--------K,SE
2020-01-01T13:00:00+00:00,Gallejaur G1,46WGU00000000402,B12,,89.8,,MAW,PT60M,10YSE-1--------K,SE
2020-01-01T13:00:00+00:00,Gallejaur G2,46WGU00000000410,B12,,13.8,,MAW,PT60M,10YSE-1--------K,SE
2020-01-01T13:00:00+00:00,KVV8 Värtaverket,46WGU0000000242R,B01,,107.9,,MAW,PT60M,10YSE-1--------K,SE
2020-01-01T13:00:00+00:00,Messaure G2,46WGU00000000313,B12,,131.8,,MAW,PT60M,10YSE-1--------K,SE
2020-01-01T13:00:00+00:00,Oskarshamn G3,46WGU0000000009X,B14,,1372.7,,MAW,PT60M,10YSE-1--------K,SE
2020-01-01T13:00:00+00:00,Porsi G3,46WGU0000000038Q,B12,,39.2,,MAW,PT60M,10YSE-1--------K,SE
2020-01-01T13:00:00+00:00,Ringhals block 1 G12,46WGU0000000143T,B14,,436.5,,MAW,PT60M,10YSE-1--------K,SE
2020-01-01T13:00:00+00:00,Ringhals block 3 G31,46WGU0000000146N,B14,,536.5,,MAW,PT60M,10YSE-1--------K,SE
2020-01-01T13:00:00+00:00,Ringhals block 3 G32,46WGU0000000147L,B14,,533.0,,MAW,PT60M,10YSE-1--------K,SE
2020-01-01T13:00:00+00:00,Stalon G1,46WGU0000000046R,B12,,119.5,,MAW,PT60M,10YSE-1--------K,SE
2020-01-01T13:00:00+00:00,Stornorrfors G4,46WGU0000000045T,B12,,75.2,,MAW,PT60M,10YSE-1--------K,SE
2020-01-01T13:00:00+00:00,Trängslet G2,46WGU00000000038,B12,,47.8,,MAW,PT60M,10YSE-1--------K,SE
2020-01-01T13:00:00+00:00,Vietas G1,46WGU00000000216,B12,,154.9,,MAW,PT60M,10YSE-1--------K,SE
2020-01-01T13:00:00+00:00,,46WGU0000000053U,B14,,1214.2,,MAW,PT60M,10YSE-1--------K,SE
2020-01-01T13:00:00+00:00,,46WGU0000000139K,B14,,556.7,,MAW,PT60M,10YSE-1--------K,SE
2020-01-01T13:00:00+00:00,,46WGU0000000140Z,B14,,561.2,,MAW,PT60M,10YSE-1--------K,SE
2020-01-01T13:00:00+00:00,,46WGU0000000145P,B14,,3.9,,MAW,PT60M,10YSE-1--------K,SE
2020-01-01T13:00:00+00:00,,46WGU0000000149H,B14,,566.3,,MAW,PT60M,10YSE-1--------K,SE
2020-01-01T14:00:00+00:00,Bastusel G1,46WGU0000000039O,B12,,85.4,,MAW,PT60M,10YSE-1--------K,SE
2020-01-01T14:00:00+00:00,Forsmark block 1 G11,46WGU0000000137O,B14,,496.7,,MAW,PT60M,10YSE-1--------K,SE
2020-01-01T14:00:00+00:00,Forsmark block 1 G12,46WGU0000000138M,B14,,494.4,,MAW,PT60M,10YSE-1--------K,SE
2020-01-01T14:00:00+00:00,Gallejaur G1,46WGU00000000402,B12,,111.7,,MAW,PT60M,10YSE-1--------K,SE
2020-01-01T14:00:00+00:00,Gallejaur G2,46WGU00000000410,B12,,81.4,,MAW,PT60M,10YSE-1--------K,SE
2020-01-01T14:00:00+00:00,KVV8 Värtaverket,46WGU0000000242R,B01,,108.1,,MAW,PT60M,10YSE-1--------K,SE
2020-01-01T14:00:00+00:00,Letsi G1,46WGU0000000035W,B12,,39.4,,MAW,PT60M,10YSE-1--------K,SE
2020-01-01T14:00:00+00:00,Messaure G2,46WGU00000000313,B12,,129.8,,MAW,PT60M,10YSE-1--------K,SE
2020-01-01T14:00:00+00:00,Porjus G12,46WGU00000000240,B12,,50.2,,MAW,PT60M,10YSE-1--------K,SE
2020-01-01T14:00:00+00:00,Porsi G3,46WGU0000000038Q,B12,,67.3,,MAW,PT60M,10YSE-1--------K,SE
2020-01-01T14:00:00+00:00,Ringhals block 1 G12,46WGU0000000143T,B14,,436.8,,MAW,PT60M,10YSE-1--------K,SE
2020-01-01T14:00:00+00:00,Ringhals block 3 G31,46WGU0000000146N,B14,,536.0,,MAW,PT60M,10YSE-1--------K,SE
2020-01-01T14:00:00+00:00,Ringhals block 3 G32,46WGU0000000147L,B14,,532.9,,MAW,PT60M,10YSE-1--------K,SE
2020-01-01T14:00:00+00:00,Stalon G1,46WGU0000000046R,B12,,117.9,,MAW,PT60M,10YSE-1--------K,SE
2020-01-01T14:00:00+00:00,Stornorrfors G4,46WGU0000000045T,B12,,75.1,,MAW,PT60M,10YSE-1--------K,SE
2020-01-01T14:00:00+00:00,Trängslet G2,46WGU00000000038,B12,,47.7,,MAW,PT60M,10YSE-1--------K,SE
2020-01-01T14:00:00+00:00,Vietas G1,46WGU00000000216,B12,,152.9,,MAW,PT60M,10YSE-1--------K,SE
2020-01-01T14:00:00+00:00,Åbyverket Örebro,46WGU00000000127,B01,,20.5,,MAW,PT60M,10YSE-1--------K,SE
2020-01-01T14:00:00+00:00,,46WGU0000000053U,B14,,1214.1,,MAW,PT60M,10YSE-1--------K,SE
2020-01-01T14:00:00+00:00,,46WGU0000000140Z,B14,,561.3,,MAW,PT60M,10YSE-1--------K,SE
2020-01-01T14:00:00+00:00,,46WGU0000000145P,B14,,7.9,,MAW,PT60M,10YSE-1--------K,SE
2020-01-01T14:00:00+00:00,,46WGU0000000149H,B14,,566.2,,MAW,PT60M,10YSE-1--------K,SE
2020-01-01T15:00:00+00:00,Bastusel G1,46WGU0000000039O,B12,,85.2,,MAW,PT60M,10YSE-1--------K,SE
2020-01-01T15:00:00+00:00,Gallejaur G1,46WGU00000000402,B12,,111.0,,MAW,PT60M,10YSE-1--------K,SE
2020-01-01T15:00:00+00:00,Gallejaur G2,46WGU00000000410,B12,,80.7,,MAW,PT60M,10YSE-1--------K,SE
2020-01-01T15:00:00+00:00,KVV8 Värtaverket,46WGU0000000242R,B01,,107.4,,MAW,PT60M,10YSE-1--------K,SE
2020-01-01T15:00:00+00:00,Letsi G1,46WGU0000000035W,B12,,151.9,,MAW,PT60M,10YSE-1--------K,SE
2020-01-01T15:00:00+00:00,Messaure G2,46WGU00000000313,B12,,129.1,,MAW,PT60M,10YSE-1--------K,SE
2020-01-01T15:00:00+00:00,Porjus G12,46WGU00000000240,B12,,192.0,,MAW,PT60M,10YSE-1--------K,SE
2020-01-01T15:00:00+00:00,Porsi G3,46WGU0000000038Q,B12,,67.6,,MAW,PT60M,10YSE-1--------K,SE
2020-01-01T15:00:00+00:00,Ringhals block 1 G11,46WGU0000000142V,B14,,436.0,,MAW,PT60M,10YSE-1--------K,SE
2020-01-01T15:00:00+00:00,Ringhals block 1 G12,46WGU0000000143T,B14,,436.5,,MAW,PT60M,10YSE-1--------K,SE
2020-01-01T15:00:00+00:00,Ringhals block 3 G31,46WGU0000000146N,B14,,535.6,,MAW,PT60M,10YSE-1--------K,SE
2020-01-01T15:00:00+00:00,Ringhals block 3 G32,46WGU0000000147L,B14,,533.0,,MAW,PT60M,10YSE-1--------K,SE
2020-01-01T15:00:00+00:00,Stalon G1,46WGU0000000046R,B12,,117.4,,MAW,PT60M,10YSE-1--------K,SE
2020-01-01T15:00:00+00:00,Trängslet G3,46WGU00000000046,B12,,96.8,,MAW,PT60M,10YSE-1--------K,SE
2020-01-01T15:00:00+00:00,Vietas G1,46WGU00000000216,B12,,152.2,,MAW,PT60M,10YSE-1--------K,SE
2020-01-01T15:00:00+00:00,Åbyverket Örebro,46WGU00000000127,B01,,21.7,,MAW,PT60M,10YSE-1--------K,SE
2020-01-01T15:00:00+00:00,,46WGU0000000053U,B14,,1214.4,,MAW,PT60M,10YSE-1--------K,SE
2020-01-01T15:00:00+00:00,,46WGU0000000139K,B14,,556.8,,MAW,PT60M,10YSE-1--------K,SE
2020-01-01T15:00:00+00:00,,46WGU0000000140Z,B14,,561.2,,MAW,PT60M,10YSE-1--------K,SE
2020-01-01T15:00:00+00:00,,46WGU0000000145P,B14,,0.0,,MAW,PT60M,10YSE-1--------K,SE
2020-01-01T15:00:00+00:00,,46WGU0000000148J,B14,,571.6,,MAW,PT60M,10YSE-1--------K,SE
2020-01-01T16:00:00+00:00,Bastusel G1,46WGU0000000039O,B12,,83.1,,MAW,PT60M,10YSE-1--------K,SE
2020-01-01T16:00:00+00:00,Forsmark block 1 G12,46WGU0000000138M,B14,,495.6,,MAW,PT60M,10YSE-1--------K,SE
2020-01-01T16:00:00+00:00,Gallejaur G1,46WGU00000000402,B12,,109.0,,MAW,PT60M,10YSE-1--------K,SE
2020-01-01T16:00:00+00:00,Gallejaur G2,46WGU00000000410,B12,,78.7,,MAW,PT60M,10YSE-1--------K,SE
2020-01-01T16:00:00+00:00,Harsprånget G2,46WGU0000000026X,B12,,91.8,,MAW,PT60M,10YSE-1--------K,SE
2020-01-01T16:00:00+00:00,KVV8 Värtaverket,46WGU0000000242R,B01,,108.2,,MAW,PT60M,10YSE-1--------K,SE
2020-01-01T16:00:00+00:00,Letsi G1,46WGU0000000035W,B12,,149.6,,MAW,PT60M,10YSE-1--------K,SE
2020-01-01T16:00:00+00:00,Messaure G2,46WGU00000000313,B12,,125.6,,MAW,PT60M,10YSE-1--------K,SE
2020-01-01T16:00:00+00:00,Oskarshamn G3,46WGU0000000009X,B14,,1373.0,,MAW,PT60M,10YSE-1--------K,SE
2020-01-01T16:00:00+00:00,Porjus G12,46WGU00000000240,B12,,186.8,,MAW,PT60M,10YSE-1--------K,SE
2020-01-01T16:00:00+00:00,Porsi G3,46WGU0000000038Q,B12,,67.8,,MAW,PT60M,10YSE-1--------K,SE
2020-01-01T16:00:00+00:00,Ringhals block 1 G12,46WGU0000000143T,B14,,436.6,,MAW,PT60M,10YSE-1--------K,SE
2020-01-01T16:00:00+00:00,Ringhals block 3 G31,46WGU0000000146N,B14,,535.4,,MAW,PT60M,10YSE-1--------K,SE
2020-01-01T16:00:00+00:00,Ringhals block 3 G32,46WGU0000000147L,B14,,532.9,,MAW,PT60M,10YSE-1--------K,SE
2020-01-01T16:00:00+00:00,Stalon G1,46WGU0000000046R,B12,,114.8,,MAW,PT60M,10YSE-1--------K,SE
2020-01-01T16:00:00+00:00,Trängslet G2,46WGU00000000038,B12,,48.2,,MAW,PT60M,10YSE-1--------K,SE
2020-01-01T16:00:00+00:00,Trängslet G3,46WGU00000000046,B12,,96.6,,MAW,PT60M,10YSE-1--------K,SE
2020-01-01T16:00:00+00:00,Vietas G1,46WGU00000000216,B12,,101.2,,MAW,PT60M,10YSE-1--------K,SE
2020-01-01T16:00:00+00:00,Åbyverket Örebro,46WGU00000000127,B01,,21.8,,MAW,PT60M,10YSE-1--------K,SE
2020-01-01T16:00:00+00:00,,46WGU0000000053U,B14,,1214.1,,MAW,PT60M,10YSE-1--------K,SE
2020-01-01T16:00:00+00:00,,46WGU0000000139K,B14,,557.1,,MAW,PT60M,10YSE-1--------K,SE
2020-01-01T16:00:00+00:00,,46WGU0000000140Z,B14,,561.0,,MAW,PT60M,10YSE-1--------K,SE
2020-01-01T16:00:00+00:00,,46WGU0000000148J,B14,,571.5,,MAW,PT60M,10YSE-1--------K,SE
2020-01-01T16:00:00+00:00,,46WGU0000000149H,B14,,565.8,,MAW,PT60M,10YSE-1--------K,SE
2020-01-01T17:00:00+00:00,Bastusel G1,46WGU0000000039O,B12,,82.7,,MAW,PT60M,10YSE-1--------K,SE
2020-01-01T17:00:00+00:00,Forsmark block 1 G11,46WGU0000000137O,B14,,496.5,,MAW,PT60M,10YSE-1--------K,SE
2020-01-01T17:00:00+00:00,Forsmark block 1 G12,46WGU0000000138M,B14,,495.9,,MAW,PT60M,10YSE-1--------K,SE
2020-01-01T17:00:00+00:00,Gallejaur G1,46WGU00000000402,B12,,109.4,,MAW,PT60M,10YSE-1--------K,SE
2020-01-01T17:00:00+00:00,Gallejaur G2,46WGU00000000410,B12,,79.3,,MAW,PT60M,10YSE-1--------K,SE
2020-01-01T17:00:00+00:00,Harsprånget G2,46WGU0000000026X,B12,,88.1,,MAW,PT60M,10YSE-1--------K,SE
2020-01-01T17:00:00+00:00,KVV8 Värtaverket,46WGU0000000242R,B01,,108.6,,MAW,PT60M,10YSE-1--------K,SE
2020-01-01T17:00:00+00:00,Letsi G1,46WGU0000000035W,B12,,110.1,,MAW,PT60M,10YSE-1--------K,SE
2020-01-01T17:00:00+00:00,Messaure G2,46WGU00000000313,B12,,110.0,,MAW,PT60M,10YSE-1--------K,SE
2020-01-01T17:00:00+00:00,Porjus G12,46WGU00000000240,B12,,26.9,,MAW,PT60M,10YSE-1--------K,SE
2020-01-01T17:00:00+00:00,Porsi G3,46WGU0000000038Q,B12,,56.0,,MAW,PT60M,10YSE-1--------K,SE
2020-01-01T17:00:00+00:00,Ringhals block 1 G12,46WGU0000000143T,B14,,436.7,,MAW,PT60M,10YSE-1--------K,SE
2020-01-01T17:00:00+00:00,Ringhals block 3 G31,46WGU0000000146N,B14,,536.1,,MAW,PT60M,10YSE-1--------K,SE
2020-01-01T17:00:00+00:00,Ringhals block 3 G32,46WGU0000000147L,B14,,533.4,,MAW,PT60M,10YSE-1--------K,SE
2020-01-01T17:00:00+00:00,Stalon G1,46WGU0000000046R,B12,,115.7,,MAW,PT60M,10YSE-1--------K,SE
2020-01-01T17:00:00+00:00,Trängslet G2,46WGU00000000038,B12,,48.7,,MAW,PT60M,10YSE-1--------K,SE
2020-01-01T17:00:00+00:00,Vietas G1,46WGU00000000216,B12,,0.0,,MAW,PT60M,10YSE-1--------K,SE
2020-01-01T17:00:00+00:00,Åbyverket Örebro,46WGU00000000127,B01,,21.2,,MAW,PT60M,10YSE-1--------K,SE
2020-01-01T17:00:00+00:00,,46WGU0000000053U,B14,,1213.9,,MAW,PT60M,10YSE-1--------K,SE
2020-01-01T17:00:00+00:00,,46WGU0000000139K,B14,,556.6,,MAW,PT60M,10YSE-1--------K,SE
2020-01-01T17:00:00+00:00,,46WGU0000000140Z,B14,,561.1,,MAW,PT60M,10YSE-1--------K,SE
2020-01-01T17:00:00+00:00,,46WGU0000000145P,B14,,2.7,,MAW,PT60M,10YSE-1--------K,SE
2020-01-01T17:00:00+00:00,,46WGU0000000148J,B14,,572.2,,MAW,PT60M,10YSE-1--------K,SE
2020-01-01T17:00:00+00:00,,46WGU0000000149H,B14,,566.2,,MAW,PT60M,10YSE-1--------K,SE
2020-01-01T18:00:00+00:00,Bastusel G1,46WGU0000000039O,B12,,84.5,,MAW,PT60M,10YSE-1--------K,SE
2020-01-01T18:00:00+00:00,Forsmark block 1 G11,46WGU0000000137O,B14,,497.1,,MAW,PT60M,10YSE-1--------K,SE
2020-01-01T18:00:00+00:00,Forsmark block 1 G12,46WGU0000000138M,B14,,495.2,,MAW,PT60M,10YSE-1--------K,SE
2020-01-01T18:00:00+00:00,Gallejaur G1,46WGU00000000402,B12,,2.3,,MAW,PT60M,10YSE-1--------K,SE
2020-01-01T18:00:00+00:00,Gallejaur G2,46WGU00000000410,B12,,82.8,,MAW,PT60M,10YSE-1--------K,SE
2020-01-01T18:00:00+00:00,Harsprånget G2,46WGU0000000026X,B12,,96.2,,MAW,PT60M,10YSE-1--------K,SE
2020-01-01T18:00:00+00:00,KVV8 Värtaverket,46WGU0000000242R,B01,,109.0,,MAW,PT60M,10YSE-1--------K,SE
2020-01-01T18:00:00+00:00,Letsi G1,46WGU0000000035W,B12,,146.1,,MAW,PT60M,10YSE-1--------K,SE
2020-01-01T18:00:00+00:00,Messaure G2,46WGU00000000313,B12,,130.9,,MAW,PT60M,10YSE-1--------K,SE
2020-01-01T18:00:00+00:00,Oskarshamn G3,46WGU0000000009X,B14,,1372.7,,MAW,PT60M,10YSE-1--------K,SE
2020-01-01T18:00:00+00:00,Porjus G12,46WGU00000000240,B12,,0.0,,MAW,PT60M,10YSE-1--------K,SE
2020-01-01T18:00:00+00:00,Porsi G3,46WGU0000000038Q,B12,,68.9,,MAW,PT60M,10YSE-1--------K,SE
2020-01-01T18:00:00+00:00,Ringhals block 1 G11,46WGU0000000142V,B14,,435.9,,MAW,PT60M,10YSE-1--------K,SE
2020-01-01T18:00:00+00:00,Ringhals block 1 G12,46WGU0000000143T,B14,,436.5,,MAW,PT60M,10YSE-1--------K,SE
2020-01-01T18:00:00+00:00,Ringhals block 3 G31,46WGU0000000146N,B14,,536.5,,MAW,PT60M,10YSE-1--------K,SE
2020-01-01T18:00:00+00:00,Ringhals block 3 G32,46WGU0000000147L,B14,,533.2,,MAW,PT60M,10YSE-1--------K,SE
2020-01-01T18:00:00+00:00,Stalon G1,46WGU0000000046R,B12,,117.3,,MAW,PT60M,10YSE-1--------K,SE
2020-01-01T18:00:00+00:00,Stornorrfors G4,46WGU0000000045T,B12,,75.0,,MAW,PT60M,10YSE-1--------K,SE
2020-01-01T18:00:00+00:00,Trängslet G2,46WGU00000000038,B12,,48.6,,MAW,PT60M,10YSE-1--------K,SE
2020-01-01T18:00:00+00:00,Åbyverket Örebro,46WGU00000000127,B01,,20.5,,MAW,PT60M,10YSE-1--------K,SE
2020-01-01T18:00:00+00:00,,46WGU0000000053U,B14,,1214.0,,MAW,PT60M,10YSE-1--------K,SE
2020-01-01T18:00:00+00:00,,46WGU0000000140Z,B14,,561.4,,MAW,PT60M,10YSE-1--------K,SE
2020-01-01T18:00:00+00:00,,46WGU0000000145P,B14,,7.8,,MAW,PT60M,10YSE-1--------K,SE
2020-01-01T18:00:00+00:00,,46WGU0000000148J,B14,,572.5,,MAW,PT60M,10YSE-1--------K,SE
2020-01-01T18:00:00+00:00,,46WGU0000000149H,B14,,566.3,,MAW,PT60M,10YSE-1--------K,SE
2020-01-01T19:00:00+00:00,Bastusel G1,46WGU0000000039O,B12,,81.3,,MAW,PT60M,10YSE-1--------K,SE
2020-01-01T19:00:00+00:00,Forsmark block 1 G12,46WGU0000000138M,B14,,494.6,,MAW,PT60M,10YSE-1--------K,SE
2020-01-01T19:00:00+00:00,Gallejaur G1,46WGU00000000402,B12,,0.0,,MAW,PT60M,10YSE-1--------K,SE
2020-01-01T19:00:00+00:00,Gallejaur G2,46WGU00000000410,B12,,14.4,,MAW,PT60M,10YSE-1--------K,SE
2020-01-01T19:00:00+00:00,Harsprånget G2,46WGU0000000026X,B12,,91.6,,MAW,PT60M,10YSE-1--------K,SE
2020-01-01T19:00:00+00:00,KVV8 Värtaverket,46WGU0000000242R,B01,,107.9,,MAW,PT60M,10YSE-1--------K,SE
2020-01-01T19:00:00+00:00,Letsi G1,46WGU0000000035W,B12,,129.9,,MAW,PT60M,10YSE-1--------K,SE
2020-01-01T19:00:00+00:00,Messaure G2,46WGU00000000313,B12,,120.7,,MAW,PT60M,10YSE-1--------K,SE
2020-01-01T19:00:00+00:00,Porsi G3,46WGU0000000038Q,B12,,62.9,,MAW,PT60M,10YSE-1--------K,SE
2020-01-01T19:00:00+00:00,Ringhals block 1 G11,46WGU0000000142V,B14,,436.2,,MAW,PT60M,10YSE-1--------K,SE
2020-01-01T19:00:00+00:00,Ringhals block 1 G12,46WGU0000000143T,B14,,436.8,,MAW,PT60M,10YSE-1--------K,SE
2020-01-01T19:00:00+00:00,Ringhals block 3 G31,46WGU0000000146N,B14,,535.3,,MAW,PT60M,10YSE-1--------K,SE
2020-01-01T19:00:00+00:00,Ringhals block 3 G32,46WGU0000000147L,B14,,532.7,,MAW,PT60M,10YSE-1--------K,SE
2020-01-01T19:00:00+00:00,Stalon G1,46WGU0000000046R,B12,,116.1,,MAW,PT60M,10YSE-1--------K,SE
2020-01-01T19:00:00+00:00,Stornorrfors G4,46WGU0000000045T,B12,,74.9,,MAW,PT60M,10YSE-1--------K,SE
2020-01-01T19:00:00+00:00,Trängslet G2,46WGU00000000038,B12,,48.4,,MAW,PT60M,10YSE-1--------K,SE
2020-01-01T19:00:00+00:00,Åbyverket Örebro,46WGU00000000127,B01,,21.0,,MAW,PT60M,10YSE-1--------K,SE
2020-01-01T19:00:00+00:00,,46WGU0000000053U,B14,,1214.3,,MAW,PT60M,10YSE-1--------K,SE
2020-01-01T19:00:00+00:00,,46WGU0000000139K,B14,,556.8,,MAW,PT60M,10YSE-1--------K,SE
2020-01-01T19:00:00+00:00,,46WGU0000000140Z,B14,,561.2,,MAW,PT60M,10YSE-1--------K,SE
2020-01-01T19:00:00+00:00,,46WGU0000000145P,B14,,0.8,,MAW,PT60M,10YSE-1--------K,SE
2020-01-01T19:00:00+00:00,,46WGU0000000148J,B14,,571.7,,MAW,PT60M,10YSE-1--------K,SE
2020-01-01T19:00:00+00:00,,46WGU0000000149H,B14,,565.6,,MAW,PT60M,10YSE-1--------K,SE
2020-01-01T20:00:00+00:00,Bastusel G1,46WGU0000000039O,B12,,0.2,,MAW,PT60M,10YSE-1--------K,SE
2020-01-01T20:00:00+00:00,Forsmark block 1 G11,46WGU0000000137O,B14,,497.0,,MAW,PT60M,10YSE-1--------K,SE
2020-01-01T20:00:00+00:00,Forsmark block 1 G12,46WGU0000000138M,B14,,494.9,,MAW,PT60M,10YSE-1--------K,SE
2020-01-01T20:00:00+00:00,Gallejaur G2,46WGU00000000410,B12,,0.0,,MAW,PT60M,10YSE-1--------K,SE
2020-01-01T20:00:00+00:00,Harsprånget G2,46WGU0000000026X,B12,,93.9,,MAW,PT60M,10YSE-1--------K,SE
2020-01-01T20:00:00+00:00,KVV8 Värtaverket,46WGU0000000242R,B01,,109.4,,MAW,PT60M,10YSE-1--------K,SE
2020-01-01T20:00:00+00:00,Letsi G1,46WGU0000000035W,B12,,137.2,,MAW,PT60M,10YSE-1--------K,SE
2020-01-01T20:00:00+00:00,Messaure G2,46WGU00000000313,B12,,125.7,,MAW,PT60M,10YSE-1--------K,SE
2020-01-01T20:00:00+00:00,Porsi G3,46WGU0000000038Q,B12,,57.5,,MAW,PT60M,10YSE-1--------K,SE
2020-01-01T20:00:00+00:00,Ringhals block 1 G11,46WGU0000000142V,B14,,436.4,,MAW,PT60M,10YSE-1--------K,SE
2020-01-01T20:00:00+00:00,Ringhals block 1 G12,46WGU0000000143T,B14,,437.1,,MAW,PT60M,10YSE-1--------K,SE
2020-01-01T20:00:00+00:00,Ringhals block 3 G31,46WGU0000000146N,B14,,535.1,,MAW,PT60M,10YSE-1--------K,SE
2020-01-01T20:00:00+00:00,Ringhals block 3 G32,46WGU0000000147L,B14,,532.4,,MAW,PT60M,10YSE-1--------K,SE
2020-01-01T20:00:00+00:00,Stalon G1,46WGU0000000046R,B12,,116.7,,MAW,PT60M,10YSE-1--------K,SE
2020-01-01T20:00:00+00:00,Trängslet G2,46WGU00000000038,B12,,47.9,,MAW,PT60M,10YSE-1--------K,SE
2020-01-01T20:00:00+00:00,Åbyverket Örebro,46WGU00000000127,B01,,21.2,,MAW,PT60M,10YSE-1--------K,SE
2020-01-01T20:00:00+00:00,,46WGU0000000053U,B14,,1214.0,,MAW,PT60M,10YSE-1--------K,SE
2020-01-01T20:00:00+00:00,,46WGU0000000140Z,B14,,560.9,,MAW,PT60M,10YSE-1--------K,SE
2020-01-01T20:00:00+00:00,,46WGU0000000145P,B14,,0.0,,MAW,PT60M,10YSE-1--------K,SE
2020-01-01T20:00:00+00:00,,46WGU0000000148J,B14,,571.6,,MAW,PT60M,10YSE-1--------K,SE
2020-01-01T20:00:00+00:00,,46WGU0000000149H,B14,,564.8,,MAW,PT60M,10YSE-1--------K,SE
2020-01-01T21:00:00+00:00,Bastusel G1,46WGU0000000039O,B12,,0.0,,MAW,PT60M,10YSE-1--------K,SE
2020-01-01T21:00:00+00:00,Forsmark block 1 G11,46WGU0000000137O,B14,,496.9,,MAW,PT60M,10YSE-1--------K,SE
2020-01-01T21:00:00+00:00,Harsprånget G2,46WGU0000000026X,B12,,61.0,,MAW,PT60M,10YSE-1--------K,SE
2020-01-01T21:00:00+00:00,KVV8 Värtaverket,46WGU0000000242R,B01,,107.6,,MAW,PT60M,10YSE-1--------K,SE
2020-01-01T21:00:00+00:00,Letsi G1,46WGU0000000035W,B12,,108.9,,MAW,PT60M,10YSE-1--------K,SE
2020-01-01T21:00:00+00:00,Messaure G2,46WGU00000000313,B12,,105.5,,MAW,PT60M,10YSE-1--------K,SE
2020-01-01T21:00:00+00:00,Porsi G3,46WGU0000000038Q,B12,,51.0,,MAW,PT60M,10YSE-1--------K,SE
2020-01-01T21:00:00+00:00,Ringhals block 1 G11,46WGU0000000142V,B14,,436.3,,MAW,PT60M,10YSE-1--------K,SE
2020-01-01T21:00:00+00:00,Ringhals block 1 G12,46WGU0000000143T,B14,,437.0,,MAW,PT60M,10YSE-1--------K,SE
2020-01-01T21:00:00+00:00,Ringhals block 3 G31,46WGU0000000146N,B14,,535.0,,MAW,PT60M,10YSE-1--------K,SE
2020-01-01T21:00:00+00:00,Stalon G1,46WGU0000000046R,B12,,113.1,,MAW,PT60M,10YSE-1--------K,SE
2020-01-01T21:00:00+00:00,Stornorrfors G4,46WGU0000000045T,B12,,74.8,,MAW,PT60M,10YSE-1--------K,SE
2020-01-01T21:00:00+00:00,Trängslet G2,46WGU00000000038,B12,,47.8,,MAW,PT60M,10YSE-1--------K,SE
2020-01-01T21:00:00+00:00,Trängslet G3,46WGU00000000046,B12,,96.7,,MAW,PT60M,10YSE-1--------K,SE
2020-01-01T21:00:00+00:00,Åbyverket Örebro,46WGU00000000127,B01,,21.9,,MAW,PT60M,10YSE-1--------K,SE
2020-01-01T21:00:00+00:00,,46WGU0000000053U,B14,,1213.8,,MAW,PT60M,10YSE-1--------K,SE
2020-01-01T21:00:00+00:00,,46WGU0000000139K,B14,,556.7,,MAW,PT60M,10YSE-1--------K,SE
2020-01-01T21:00:00+00:00,,46WGU0000000140Z,B14,,561.3,,MAW,PT60M,10YSE-1--------K,SE
2020-01-01T21:00:00+00:00,,46WGU0000000148J,B14,,571.7,,MAW,PT60M,10YSE-1--------K,SE
2020-01-01T21:00:00+00:00,,46WGU0000000149H,B14,,564.7,,MAW,PT60M,10YSE-1--------K,SE
2020-01-01T22:00:00+00:00,Forsmark block 1 G12,46WGU0000000138M,B14,,494.8,,MAW,PT60M,10YSE-1--------K,SE
2020-01-01T22:00:00+00:00,Harsprånget G2,46WGU0000000026X,B12,,0.0,,MAW,PT60M,10YSE-1--------K,SE
2020-01-01T22:00:00+00:00,KVV8 Värtaverket,46WGU0000000242R,B01,,109.6,,MAW,PT60M,10YSE-1--------K,SE
2020-01-01T22:00:00+00:00,Letsi G1,46WGU0000000035W,B12,,115.0,,MAW,PT60M,10YSE-1--------K,SE
2020-01-01T22:00:00+00:00,Messaure G2,46WGU00000000313,B12,,110.4,,MAW,PT60M,10YSE-1--------K,SE
2020-01-01T22:00:00+00:00,Oskarshamn G3,46WGU0000000009X,B14,,1372.5,,MAW,PT60M,10YSE-1--------K,SE
2020-01-01T22:00:00+00:00,Porsi G3,46WGU0000000038Q,B12,,51.1,,MAW,PT60M,10YSE-1--------K,SE
2020-01-01T22:00:00+00:00,Ringhals block 1 G11,46WGU0000000142V,B14,,436.0,,MAW,PT60M,10YSE-1--------K,SE
2020-01-01T22:00:00+00:00,Ringhals block 1 G12,46WGU0000000143T,B14,,436.7,,MAW,PT60M,10YSE-1--------K,SE
2020-01-01T22:00:00+00:00,Ringhals block 3 G32,46WGU0000000147L,B14,,532.5,,MAW,PT60M,10YSE-1--------K,SE
2020-01-01T22:00:00+00:00,Stalon G1,46WGU0000000046R,B12,,76.7,,MAW,PT60M,10YSE-1--------K,SE
2020-01-01T22:00:00+00:00,Stornorrfors G4,46WGU0000000045T,B12,,74.9,,MAW,PT60M,10YSE-1--------K,SE
2020-01-01T22:00:00+00:00,Trängslet G2,46WGU00000000038,B12,,48.0,,MAW,PT60M,10YSE-1--------K,SE
2020-01-01T22:00:00+00:00,Trängslet G3,46WGU00000000046,B12,,96.5,,MAW,PT60M,10YSE-1--------K,SE
2020-01-01T22:00:00+00:00,Åbyverket Örebro,46WGU00000000127,B01,,23.1,,MAW,PT60M,10YSE-1--------K,SE
2020-01-01T22:00:00+00:00,,46WGU0000000053U,B14,,1214.4,,MAW,PT60M,10YSE-1--------K,SE
2020-01-01T22:00:00+00:00,,46WGU0000000139K,B14,,556.6,,MAW,PT60M,10YSE-1--------K,SE
2020-01-01T22:00:00+00:00,,46WGU0000000140Z,B14,,561.2,,MAW,PT60M,10YSE-1--------K,SE
2020-01-01T22:00:00+00:00,,46WGU0000000145P,B14,,3.3,,MAW,PT60M,10YSE-1--------K,SE
2020-01-01T23:00:00+00:00,Forsmark block 1 G12,46WGU0000000138M,B14,,494.7,,MAW,PT60M,10YSE-1--------K,SE
2020-01-01T23:00:00+00:00,KVV8 Värtaverket,46WGU0000000242R,B01,,108.9,,MAW,PT60M,10YSE-1--------K,SE
2020-01-01T23:00:00+00:00,Letsi G1,46WGU0000000035W,B12,,107.2,,MAW,PT60M,10YSE-1--------K,SE
2020-01-01T23:00:00+00:00,Messaure G2,46WGU00000000313,B12,,104.7,,MAW,PT60M,10YSE-1--------K,SE
2020-01-01T23:00:00+00:00,Oskarshamn G3,46WGU0000000009X,B14,,1371.6,,MAW,PT60M,10YSE-1--------K,SE
2020-01-01T23:00:00+00:00,Porsi G3,46WGU0000000038Q,B12,,51.2,,MAW,PT60M,10YSE-1--------K,SE
2020-01-01T23:00:00+00:00,Ringhals block 1 G11,46WGU0000000142V,B14,,436.1,,MAW,PT60M,10YSE-1--------K,SE
2020-01-01T23:00:00+00:00,Ringhals block 1 G12,46WGU0000000143T,B14,,437.1,,MAW,PT60M,10YSE-1--------K,SE
2020-01-01T23:00:00+00:00,Ringhals block 3 G31,46WGU0000000146N,B14,,534.9,,MAW,PT60M,10YSE-1--------K,SE
2020-01-01T23:00:00+00:00,Ringhals block 3 G32,46WGU0000000147L,B14,,532.8,,MAW,PT60M,10YSE-1--------K,SE
2020-01-01T23:00:00+00:00,Stalon G1,46WGU0000000046R,B12,,0.1,,MAW,PT60M,10YSE-1--------K,SE
2020-01-01T23:00:00+00:00,Stornorrfors G4,46WGU0000000045T,B12,,75.0,,MAW,PT60M,10YSE-1--------K,SE
2020-01-01T23:00:00+00:00,Trängslet G2,46WGU00000000038,B12,,48.3,,MAW,PT60M,10YSE-1--------K,SE
2020-01-01T23:00:00+00:00,Åbyverket Örebro,46WGU00000000127,B01,,22.2,,MAW,PT60M,10YSE-1--------K,SE
2020-01-01T23:00:00+00:00,,46WGU0000000053U,B14,,1214.0,,MAW,PT60M,10YSE-1--------K,SE
2020-01-01T23:00:00+00:00,,46WGU0000000139K,B14,,556.8,,MAW,PT60M,10YSE-1--------K,SE
2020-01-01T23:00:00+00:00,,46WGU0000000145P,B14,,0.0,,MAW,PT60M,10YSE-1--------K,SE
2020-01-01T23:00:00+00:00,,46WGU0000000149H,B14,,564.8,,MAW,PT60M,10YSE-1--------K,SE
