timestamp,Unit_Name,Unit_Code,PSR_Type,Capacity,Generation_MW,Consumption_MW,Measurement_Unit,Temporal_Resolution,folder_tag,iso_mapping,lat,lon,iso
2020-01-01T00:00:00+00:00,HKW Altbach/Deizisau 2,11WD4AL1U1C2---O,B05,,165.675,,MAW,PT60M,10YDE-ENBW-----N,DE,,,DE
2020-01-01T00:00:00+00:00,HKW Heilbronn Block 7,11WD4HLBR1C7---4,B05,,0.0,,MAW,PT60M,10YDE-ENBW-----N,DE,,,DE
2020-01-01T00:00:00+00:00,KKW Neckarwestheim 2,11WD4GKNK1N-GESZ,B14,,1311.775,,MAW,PT60M,10YDE-ENBW-----N,DE,,,DE
2020-01-01T00:00:00+00:00,KW Rheinfelden DE,11WD4KWRHF5M1-4I,B11,,33.925,,MAW,PT60M,10YDE-ENBW-----N,DE,,,DE
2020-01-01T00:00:00+00:00,Kopswerk 2 M1,11WD43KOP2HM1--L,B10,,0.0,,MAW,PT60M,10YDE-ENBW-----N,DE,,,DE
2020-01-01T00:00:00+00:00,Kopswerk 2 M2,11WD43KOP2HM2--H,B10,,8.075,,MAW,PT60M,10YDE-ENBW-----N,DE,,,DE
2020-01-01T00:00:00+00:00,Kopswerk 2 M3,11WD43KOP2HM3--D,B10,,0.0,,MAW,PT60M,10YDE-ENBW-----N,DE,,,DE
2020-01-01T00:00:00+00:00,Kraftwerk Säckingen,11WD4SAEK2HD4--9,B10,,4.075,,MAW,PT60M,10YDE-ENBW-----N,DE,,,DE
2020-01-01T00:00:00+00:00,Kraftwerk Wahlheim GT D,11WD4WALK5OGTD-F,B06,,0.0,,MAW,PT60M,10YDE-ENBW-----N,DE,,,DE
2020-01-01T00:00:00+00:00,Kraftwerk Wehr,11WD4WEHR1HD4--Y,B10,,0.0,,MAW,PT60M,10YDE-ENBW-----N,DE,,,DE
2020-01-01T00:00:00+00:00,Kraftwerk Witznau,11WD4WITZ5H-SD4C,B10,,0.0,,MAW,PT60M,10YDE-ENBW-----N,DE,,,DE
2020-01-01T00:00:00+00:00,Obervermuntwerk 2 M1,11W0-0000-0109-S,B10,,0.0,,MAW,PT60M,10YDE-ENBW-----N,DE,,,DE
2020-01-01T00:00:00+00:00,Obervermuntwerk 2 M2,11W0-0000-0110-E,B10,,45.15,,MAW,PT60M,10YDE-ENBW-----N,DE,,,DE
2020-01-01T00:00:00+00:00,RDK 7,11WD4RDK71C7---G,B05,,0.0,,MAW,PT60M,10YDE-ENBW-----N,DE,,,DE
2020-01-01T00:00:00+00:00,RDK 8,11WD4RDK81C8---3,B05,,0.0,,MAW,PT60M,10YDE-ENBW-----N,DE,,,DE
2020-01-01T00:00:00+00:00,Rheinkraftwerk Iffezheim,11WD4IFFE5H----T,B11,,104.95,,MAW,PT60M,10YDE-ENBW-----N,DE,,,DE
2020-01-01T00:00:00+00:00,Rodund 2,11WD43ROW2H----I,B10,,0.0,,MAW,PT60M,10YDE-ENBW-----N,DE,,,DE
2020-01-01T00:00:00+00:00,Stuttgart-Münster DT,11WD4MUST5X-DT-M,B17,,51.125,,MAW,PT60M,10YDE-ENBW-----N,DE,,,DE
2020-01-01T00:00:00+00:00,,11W0-0000-0004-B,B05,,20.4,,MAW,PT60M,10YDE-ENBW-----N,DE,,,DE
2020-01-01T00:00:00+00:00,,11W0-0000-0005-8,B05,,243.375,,MAW,PT60M,10YDE-ENBW-----N,DE,,,DE
2020-01-01T01:00:00+00:00,HKW Altbach/Deizisau 2,11WD4AL1U1C2---O,B05,,114.775,,MAW,PT60M,10YDE-ENBW-----N,DE,,,DE
2020-01-01T01:00:00+00:00,KKW Neckarwestheim 2,11WD4GKNK1N-GESZ,B14,,1311.275,,MAW,PT60M,10YDE-ENBW-----N,DE,,,DE
2020-01-01T01:00:00+00:00,KW Rheinfelden DE,11WD4KWRHF5M1-4I,B11,,33.425,,MAW,PT60M,10YDE-ENBW-----N,DE,,,DE
2020-01-01T01:00:00+00:00,Kopswerk 2 M1,11WD43KOP2HM1--L,B10,,0.025,,MAW,PT60M,10YDE-ENBW-----N,DE,,,DE
2020-01-01T01:00:00+00:00,Kopswerk 2 M2,11WD43KOP2HM2--H,B10,,7.125,,MAW,PT60M,10YDE-ENBW-----N,DE,,,DE
2020-01-01T01:00:00+00:00,Kopswerk 2 M3,11WD43KOP2HM3--D,B10,,0.025,,MAW,PT60M,10YDE-ENBW-----N,DE,,,DE
2020-01-01T01:00:00+00:00,Kraftwerk Säckingen,11WD4SAEK2HD4--9,B10,,16.725,,MAW,PT60M,10YDE-ENBW-----N,DE,,,DE
2020-01-01T01:00:00+00:00,Kraftwerk Wehr,11WD4WEHR1HD4--Y,B10,,28.075,,MAW,PT60M,10YDE-ENBW-----N,DE,,,DE
2020-01-01T01:00:00+00:00,Obervermuntwerk 2 M2,11W0-0000-0110-E,B10,,128.025,,MAW,PT60M,10YDE-ENBW-----N,DE,,,DE
2020-01-01T01:00:00+00:00,Rheinkraftwerk Iffezheim,11WD4IFFE5H----T,B11,,103.975,,MAW,PT60M,10YDE-ENBW-----N,DE,,,DE
2020-01-01T01:00:00+00:00,Stuttgart-Münster DT,11WD4MUST5X-DT-M,B17,,49.3,,MAW,PT60M,10YDE-ENBW-----N,DE,,,DE
2020-01-01T01:00:00+00:00,,11W0-0000-0004-B,B05,,20.475,,MAW,PT60M,10YDE-ENBW-----N,DE,,,DE
2020-01-01T01:00:00+00:00,,11W0-0000-0005-8,B05,,253.2,,MAW,PT60M,10YDE-ENBW-----N,DE,,,DE
2020-01-01T02:00:00+00:00,HKW Altbach/Deizisau 2,11WD4AL1U1C2---O,B05,,116.725,,MAW,PT60M,10YDE-ENBW-----N,DE,,,DE
2020-01-01T02:00:00+00:00,KKW Neckarwestheim 2,11WD4GKNK1N-GESZ,B14,,1310.775,,MAW,PT60M,10YDE-ENBW-----N,DE,,,DE
2020-01-01T02:00:00+00:00,KW Rheinfelden DE,11WD4KWRHF5M1-4I,B11,,32.95,,MAW,PT60M,10YDE-ENBW-----N,DE,,,DE
2020-01-01T02:00:00+00:00,Kopswerk 2 M1,11WD43KOP2HM1--L,B10,,0.0,,MAW,PT60M,10YDE-ENBW-----N,DE,,,DE
2020-01-01T02:00:00+00:00,Kopswerk 2 M2,11WD43KOP2HM2--H,B10,,0.0,,MAW,PT60M,10YDE-ENBW-----N,DE,,,DE
2020-01-01T02:00:00+00:00,Kopswerk 2 M3,11WD43KOP2HM3--D,B10,,0.0,,MAW,PT60M,10YDE-ENBW-----N,DE,,,DE
2020-01-01T02:00:00+00:00,Kraftwerk Säckingen,11WD4SAEK2HD4--9,B10,,0.0,,MAW,PT60M,10YDE-ENBW-----N,DE,,,DE
2020-01-01T02:00:00+00:00,Kraftwerk Wehr,11WD4WEHR1HD4--Y,B10,,0.0,,MAW,PT60M,10YDE-ENBW-----N,DE,,,DE
2020-01-01T02:00:00+00:00,Obervermuntwerk 2 M2,11W0-0000-0110-E,B10,,51.15,,MAW,PT60M,10YDE-ENBW-----N,DE,,,DE
2020-01-01T02:00:00+00:00,Rheinkraftwerk Iffezheim,11WD4IFFE5H----T,B11,,102.55,,MAW,PT60M,10YDE-ENBW-----N,DE,,,DE
2020-01-01T02:00:00+00:00,Stuttgart-Münster DT,11WD4MUST5X-DT-M,B17,,48.925,,MAW,PT60M,10YDE-ENBW-----N,DE,,,DE
2020-01-01T02:00:00+00:00,,11W0-0000-0004-B,B05,,20.6,,MAW,PT60M,10YDE-ENBW-----N,DE,,,DE
2020-01-01T02:00:00+00:00,,11W0-0000-0005-8,B05,,261.725,,MAW,PT60M,10YDE-ENBW-----N,DE,,,DE
2020-01-01T03:00:00+00:00,HKW Altbach/Deizisau 2,11WD4AL1U1C2---O,B05,,116.4,,MAW,PT60M,10YDE-ENBW-----N,DE,,,DE
2020-01-01T03:00:00+00:00,KKW Neckarwestheim 2,11WD4GKNK1N-GESZ,B14,,1311.525,,MAW,PT60M,10YDE-ENBW-----N,DE,,,DE
2020-01-01T03:00:00+00:00,KW Rheinfelden DE,11WD4KWRHF5M1-4I,B11,,32.525,,MAW,PT60M,10YDE-ENBW-----N,DE,,,DE
2020-01-01T03:00:00+00:00,Kopswerk 2 M3,11WD43KOP2HM3--D,B10,,33.45,,MAW,PT60M,10YDE-ENBW-----N,DE,,,DE
2020-01-01T03:00:00+00:00,Obervermuntwerk 2 M2,11W0-0000-0110-E,B10,,43.925,,MAW,PT60M,10YDE-ENBW-----N,DE,,,DE
2020-01-01T03:00:00+00:00,Rheinkraftwerk Iffezheim,11WD4IFFE5H----T,B11,,104.775,,MAW,PT60M,10YDE-ENBW-----N,DE,,,DE
2020-01-01T03:00:00+00:00,Stuttgart-Münster DT,11WD4MUST5X-DT-M,B17,,53.175,,MAW,PT60M,10YDE-ENBW-----N,DE,,,DE
2020-01-01T03:00:00+00:00,,11W0-0000-0004-B,B05,,20.65,,MAW,PT60M,10YDE-ENBW-----N,DE,,,DE
2020-01-01T03:00:00+00:00,,11W0-0000-0005-8,B05,,262.05,,MAW,PT60M,10YDE-ENBW-----N,DE,,,DE
2020-01-01T04:00:00+00:00,HKW Altbach/Deizisau 2,11WD4AL1U1C2---O,B05,,112.675,,MAW,PT60M,10YDE-ENBW-----N,DE,,,DE
2020-01-01T04:00:00+00:00,KKW Neckarwestheim 2,11WD4GKNK1N-GESZ,B14,,1310.375,,MAW,PT60M,10YDE-ENBW-----N,DE,,,DE
2020-01-01T04:00:00+00:00,Kopswerk 2 M3,11WD43KOP2HM3--D,B10,,58.7,,MAW,PT60M,10YDE-ENBW-----N,DE,,,DE
2020-01-01T04:00:00+00:00,Obervermuntwerk 2 M2,11W0-0000-0110-E,B10,,43.325,,MAW,PT60M,10YDE-ENBW-----N,DE,,,DE
2020-01-01T04:00:00+00:00,Rheinkraftwerk Iffezheim,11WD4IFFE5H----T,B11,,103.6,,MAW,PT60M,10YDE-ENBW-----N,DE,,,DE
2020-01-01T04:00:00+00:00,Stuttgart-Münster DT,11WD4MUST5X-DT-M,B17,,54.325,,MAW,PT60M,10YDE-ENBW-----N,DE,,,DE
2020-01-01T04:00:00+00:00,,11W0-0000-0004-B,B05,,20.675,,MAW,PT60M,10YDE-ENBW-----N,DE,,,DE
2020-01-01T04:00:00+00:00,,11W0-0000-0005-8,B05,,266.925,,MAW,PT60M,10YDE-ENBW-----N,DE,,,DE
2020-01-01T05:00:00+00:00,HKW Altbach/Deizisau 2,11WD4AL1U1C2---O,B05,,115.575,,MAW,PT60M,10YDE-ENBW-----N,DE,,,DE
2020-01-01T05:00:00+00:00,KKW Neckarwestheim 2,11WD4GKNK1N-GESZ,B14,,1312.55,,MAW,PT60M,10YDE-ENBW-----N,DE,,,DE
2020-01-01T05:00:00+00:00,KW Rheinfelden DE,11WD4KWRHF5M1-4I,B11,,32.925,,MAW,PT60M,10YDE-ENBW-----N,DE,,,DE
2020-01-01T05:00:00+00:00,Kopswerk 2 M3,11WD43KOP2HM3--D,B10,,128.6,,MAW,PT60M,10YDE-ENBW-----N,DE,,,DE
2020-01-01T05:00:00+00:00,Obervermuntwerk 2 M2,11W0-0000-0110-E,B10,,44.675,,MAW,PT60M,10YDE-ENBW-----N,DE,,,DE
2020-01-01T05:00:00+00:00,Rheinkraftwerk Iffezheim,11WD4IFFE5H----T,B11,,100.9,,MAW,PT60M,10YDE-ENBW-----N,DE,,,DE
2020-01-01T05:00:00+00:00,Stuttgart-Münster DT,11WD4MUST5X-DT-M,B17,,52.975,,MAW,PT60M,10YDE-ENBW-----N,DE,,,DE
2020-01-01T05:00:00+00:00,,11W0-0000-0004-B,B05,,20.65,,MAW,PT60M,10YDE-ENBW-----N,DE,,,DE
2020-01-01T05:00:00+00:00,,11W0-0000-0005-8,B05,,257.775,,MAW,PT60M,10YDE-ENBW-----N,DE,,,DE
2020-01-01T06:00:00+00:00,HKW Altbach/Deizisau 2,11WD4AL1U1C2---O,B05,,115.95,,MAW,PT60M,10YDE-ENBW-----N,DE,,,DE
2020-01-01T06:00:00+00:00,KKW Neckarwestheim 2,11WD4GKNK1N-GESZ,B14,,1309.625,,MAW,PT60M,10YDE-ENBW-----N,DE,,,DE
2020-01-01T06:00:00+00:00,KW Rheinfelden DE,11WD4KWRHF5M1-4I,B11,,32.8,,MAW,PT60M,10YDE-ENBW-----N,DE,,,DE
2020-01-01T06:00:00+00:00,Kopswerk 2 M3,11WD43KOP2HM3--D,B10,,37.625,,MAW,PT60M,10YDE-ENBW-----N,DE,,,DE
2020-01-01T06:00:00+00:00,Obervermuntwerk 2 M2,11W0-0000-0110-E,B10,,39.125,,MAW,PT60M,10YDE-ENBW-----N,DE,,,DE
2020-01-01T06:00:00+00:00,Rheinkraftwerk Iffezheim,11WD4IFFE5H----T,B11,,103.075,,MAW,PT60M,10YDE-ENBW-----N,DE,,,DE
2020-01-01T06:00:00+00:00,Stuttgart-Münster DT,11WD4MUST5X-DT-M,B17,,55.45,,MAW,PT60M,10YDE-ENBW-----N,DE,,,DE
2020-01-01T06:00:00+00:00,,11W0-0000-0004-B,B05,,20.675,,MAW,PT60M,10YDE-ENBW-----N,DE,,,DE
2020-01-01T06:00:00+00:00,,11W0-0000-0005-8,B05,,265.425,,MAW,PT60M,10YDE-ENBW-----N,DE,,,DE
2020-01-01T07:00:00+00:00,HKW Altbach/Deizisau 2,11WD4AL1U1C2---O,B05,,114.625,,MAW,PT60M,10YDE-ENBW-----N,DE,,,DE
2020-01-01T07:00:00+00:00,KKW Neckarwestheim 2,11WD4GKNK1N-GESZ,B14,,1310.125,,MAW,PT60M,10YDE-ENBW-----N,DE,,,DE
2020-01-01T07:00:00+00:00,Kopswerk 2 M3,11WD43KOP2HM3--D,B10,,0.775,,MAW,PT60M,10YDE-ENBW-----N,DE,,,DE
2020-01-01T07:00:00+00:00,Obervermuntwerk 2 M2,11W0-0000-0110-E,B10,,30.125,,MAW,PT60M,10YDE-ENBW-----N,DE,,,DE
2020-01-01T07:00:00+00:00,Rheinkraftwerk Iffezheim,11WD4IFFE5H----T,B11,,103.925,,MAW,PT60M,10YDE-ENBW-----N,DE,,,DE
2020-01-01T07:00:00+00:00,Stuttgart-Münster DT,11WD4MUST5X-DT-M,B17,,61.975,,MAW,PT60M,10YDE-ENBW-----N,DE,,,DE
2020-01-01T07:00:00+00:00,,11W0-0000-0004-B,B05,,20.8,,MAW,PT60M,10YDE-ENBW-----N,DE,,,DE
2020-01-01T07:00:00+00:00,,11W0-0000-0005-8,B05,,259.1,,MAW,PT60M,10YDE-ENBW-----N,DE,,,DE
2020-01-01T08:00:00+00:00,HKW Altbach/Deizisau 2,11WD4AL1U1C2---O,B05,,114.375,,MAW,PT60M,10YDE-ENBW-----N,DE,,,DE
2020-01-01T08:00:00+00:00,KKW Neckarwestheim 2,11WD4GKNK1N-GESZ,B14,,1310.75,,MAW,PT60M,10YDE-ENBW-----N,DE,,,DE
2020-01-01T08:00:00+00:00,Kopswerk 2 M3,11WD43KOP2HM3--D,B10,,1.45,,MAW,PT60M,10YDE-ENBW-----N,DE,,,DE
2020-01-01T08:00:00+00:00,Obervermuntwerk 2 M2,11W0-0000-0110-E,B10,,42.8,,MAW,PT60M,10YDE-ENBW-----N,DE,,,DE
2020-01-01T08:00:00+00:00,Rheinkraftwerk Iffezheim,11WD4IFFE5H----T,B11,,104.85,,MAW,PT60M,10YDE-ENBW-----N,DE,,,DE
2020-01-01T08:00:00+00:00,Stuttgart-Münster DT,11WD4MUST5X-DT-M,B17,,62.3,,MAW,PT60M,10YDE-ENBW-----N,DE,,,DE
2020-01-01T08:00:00+00:00,,11W0-0000-0004-B,B05,,20.775,,MAW,PT60M,10YDE-ENBW-----N,DE,,,DE
2020-01-01T08:00:00+00:00,,11W0-0000-0005-8,B05,,266.825,,MAW,PT60M,10YDE-ENBW-----N,DE,,,DE
2020-01-01T09:00:00+00:00,HKW Altbach/Deizisau 2,11WD4AL1U1C2---O,B05,,115.225,,MAW,PT60M,10YDE-ENBW-----N,DE,,,DE
2020-01-01T09:00:00+00:00,KKW Neckarwestheim 2,11WD4GKNK1N-GESZ,B14,,1311.2,,MAW,PT60M,10YDE-ENBW-----N,DE,,,DE
2020-01-01T09:00:00+00:00,Kopswerk 2 M3,11WD43KOP2HM3--D,B10,,0.0,,MAW,PT60M,10YDE-ENBW-----N,DE,,,DE
2020-01-01T09:00:00+00:00,Obervermuntwerk 2 M2,11W0-0000-0110-E,B10,,21.3,,MAW,PT60M,10YDE-ENBW-----N,DE,,,DE
2020-01-01T09:00:00+00:00,Rheinkraftwerk Iffezheim,11WD4IFFE5H----T,B11,,101.85,,MAW,PT60M,10YDE-ENBW-----N,DE,,,DE
2020-01-01T09:00:00+00:00,Stuttgart-Münster DT,11WD4MUST5X-DT-M,B17,,63.4,,MAW,PT60M,10YDE-ENBW-----N,DE,,,DE
2020-01-01T09:00:00+00:00,,11W0-0000-0004-B,B05,,53.35,,MAW,PT60M,10YDE-ENBW-----N,DE,,,DE
2020-01-01T09:00:00+00:00,,11W0-0000-0005-8,B05,,259.475,,MAW,PT60M,10YDE-ENBW-----N,DE,,,DE
2020-01-01T10:00:00+00:00,HKW Altbach/Deizisau 2,11WD4AL1U1C2---O,B05,,115.125,,MAW,PT60M,10YDE-ENBW-----N,DE,,,DE
2020-01-01T10:00:00+00:00,KKW Neckarwestheim 2,11WD4GKNK1N-GESZ,B14,,1312.5,,MAW,PT60M,10YDE-ENBW-----N,DE,,,DE
2020-01-01T10:00:00+00:00,Kopswerk 2 M1,11WD43KOP2HM1--L,B10,,35.75,,MAW,PT60M,10YDE-ENBW-----N,DE,,,DE
2020-01-01T10:00:00+00:00,Obervermuntwerk 2 M2,11W0-0000-0110-E,B10,,0.0,,MAW,PT60M,10YDE-ENBW-----N,DE,,,DE
2020-01-01T10:00:00+00:00,Rheinkraftwerk Iffezheim,11WD4IFFE5H----T,B11,,100.6,,MAW,PT60M,10YDE-ENBW-----N,DE,,,DE
2020-01-01T10:00:00+00:00,Stuttgart-Münster DT,11WD4MUST5X-DT-M,B17,,54.425,,MAW,PT60M,10YDE-ENBW-----N,DE,,,DE
2020-01-01T10:00:00+00:00,,11W0-0000-0004-B,B05,,70.475,,MAW,PT60M,10YDE-ENBW-----N,DE,,,DE
2020-01-01T10:00:00+00:00,,11W0-0000-0005-8,B05,,256.8,,MAW,PT60M,10YDE-ENBW-----N,DE,,,DE
2020-01-01T11:00:00+00:00,HKW Altbach/Deizisau 2,11WD4AL1U1C2---O,B05,,117.325,,MAW,PT60M,10YDE-ENBW-----N,DE,,,DE
2020-01-01T11:00:00+00:00,KKW Neckarwestheim 2,11WD4GKNK1N-GESZ,B14,,1312.55,,MAW,PT60M,10YDE-ENBW-----N,DE,,,DE
2020-01-01T11:00:00+00:00,Kopswerk 2 M1,11WD43KOP2HM1--L,B10,,0.85,,MAW,PT60M,10YDE-ENBW-----N,DE,,,DE
2020-01-01T11:00:00+00:00,Kopswerk 2 M3,11WD43KOP2HM3--D,B10,,1.55,,MAW,PT60M,10YDE-ENBW-----N,DE,,,DE
2020-01-01T11:00:00+00:00,Rheinkraftwerk Iffezheim,11WD4IFFE5H----T,B11,,102.7,,MAW,PT60M,10YDE-ENBW-----N,DE,,,DE
2020-01-01T11:00:00+00:00,Stuttgart-Münster DT,11WD4MUST5X-DT-M,B17,,48.125,,MAW,PT60M,10YDE-ENBW-----N,DE,,,DE
2020-01-01T11:00:00+00:00,,11W0-0000-0004-B,B05,,70.525,,MAW,PT60M,10YDE-ENBW-----N,DE,,,DE
2020-01-01T11:00:00+00:00,,11W0-0000-0005-8,B05,,260.15,,MAW,PT60M,10YDE-ENBW-----N,DE,,,DE
2020-01-01T12:00:00+00:00,HKW Altbach/Deizisau 2,11WD4AL1U1C2---O,B05,,115.7,,MAW,PT60M,10YDE-ENBW-----N,DE,,,DE
2020-01-01T12:00:00+00:00,KKW Neckarwestheim 2,11WD4GKNK1N-GESZ,B14,,1310.725,,MAW,PT60M,10YDE-ENBW-----N,DE,,,DE
2020-01-01T12:00:00+00:00,KW Rheinfelden DE,11WD4KWRHF5M1-4I,B11,,32.675,,MAW,PT60M,10YDE-ENBW-----N,DE,,,DE
2020-01-01T12:00:00+00:00,Kopswerk 2 M1,11WD43KOP2HM1--L,B10,,0.0,,MAW,PT60M,10YDE-ENBW-----N,DE,,,DE
2020-01-01T12:00:00+00:00,Kopswerk 2 M3,11WD43KOP2HM3--D,B10,,6.225,,MAW,PT60M,10YDE-ENBW-----N,DE,,,DE
2020-01-01T12:00:00+00:00,Rheinkraftwerk Iffezheim,11WD4IFFE5H----T,B11,,103.35,,MAW,PT60M,10YDE-ENBW-----N,DE,,,DE
2020-01-01T12:00:00+00:00,Stuttgart-Münster DT,11WD4MUST5X-DT-M,B17,,44.525,,MAW,PT60M,10YDE-ENBW-----N,DE,,,DE
2020-01-01T12:00:00+00:00,,11W0-0000-0004-B,B05,,70.45,,MAW,PT60M,10YDE-ENBW-----N,DE,,,DE
2020-01-01T12:00:00+00:00,,11W0-0000-0005-8,B05,,262.35,,MAW,PT60M,10YDE-ENBW-----N,DE,,,DE
2020-01-01T13:00:00+00:00,HKW Altbach/Deizisau 2,11WD4AL1U1C2---O,B05,,149.65,,MAW,PT60M,10YDE-ENBW-----N,DE,,,DE
2020-01-01T13:00:00+00:00,KKW Neckarwestheim 2,11WD4GKNK1N-GESZ,B14,,1311.75,,MAW,PT60M,10YDE-ENBW-----N,DE,,,DE
2020-01-01T13:00:00+00:00,KW Rheinfelden DE,11WD4KWRHF5M1-4I,B11,,32.125,,MAW,PT60M,10YDE-ENBW-----N,DE,,,DE
2020-01-01T13:00:00+00:00,Kopswerk 2 M3,11WD43KOP2HM3--D,B10,,0.3,,MAW,PT60M,10YDE-ENBW-----N,DE,,,DE
2020-01-01T13:00:00+00:00,Kraftwerk Säckingen,11WD4SAEK2HD4--9,B10,,74.8,,MAW,PT60M,10YDE-ENBW-----N,DE,,,DE
2020-01-01T13:00:00+00:00,Obervermuntwerk 2 M2,11W0-0000-0110-E,B10,,28.9,,MAW,PT60M,10YDE-ENBW-----N,DE,,,DE
2020-01-01T13:00:00+00:00,Rheinkraftwerk Iffezheim,11WD4IFFE5H----T,B11,,100.75,,MAW,PT60M,10YDE-ENBW-----N,DE,,,DE
2020-01-01T13:00:00+00:00,Stuttgart-Münster DT,11WD4MUST5X-DT-M,B17,,43.85,,MAW,PT60M,10YDE-ENBW-----N,DE,,,DE
2020-01-01T13:00:00+00:00,,11W0-0000-0004-B,B05,,79.775,,MAW,PT60M,10YDE-ENBW-----N,DE,,,DE
2020-01-01T13:00:00+00:00,,11W0-0000-0005-8,B05,,252.6,,MAW,PT60M,10YDE-ENBW-----N,DE,,,DE
2020-01-01T14:00:00+00:00,HKW Altbach/Deizisau 2,11WD4AL1U1C2---O,B05,,283.375,,MAW,PT60M,10YDE-ENBW-----N,DE,,,DE
2020-01-01T14:00:00+00:00,KKW Neckarwestheim 2,11WD4GKNK1N-GESZ,B14,,1312.625,,MAW,PT60M,10YDE-ENBW-----N,DE,,,DE
2020-01-01T14:00:00+00:00,KW Rheinfelden DE,11WD4KWRHF5M1-4I,B11,,31.8,,MAW,PT60M,10YDE-ENBW-----N,DE,,,DE
2020-01-01T14:00:00+00:00,Kopswerk 2 M2,11WD43KOP2HM2--H,B10,,105.925,,MAW,PT60M,10YDE-ENBW-----N,DE,,,DE
2020-01-01T14:00:00+00:00,Kopswerk 2 M3,11WD43KOP2HM3--D,B10,,0.0,,MAW,PT60M,10YDE-ENBW-----N,DE,,,DE
2020-01-01T14:00:00+00:00,Kraftwerk Säckingen,11WD4SAEK2HD4--9,B10,,41.15,,MAW,PT60M,10YDE-ENBW-----N,DE,,,DE
2020-01-01T14:00:00+00:00,Kraftwerk Wehr,11WD4WEHR1HD4--Y,B10,,159.475,,MAW,PT60M,10YDE-ENBW-----N,DE,,,DE
2020-01-01T14:00:00+00:00,Obervermuntwerk 2 M2,11W0-0000-0110-E,B10,,78.15,,MAW,PT60M,10YDE-ENBW-----N,DE,,,DE
2020-01-01T14:00:00+00:00,Rheinkraftwerk Iffezheim,11WD4IFFE5H----T,B11,,100.475,,MAW,PT60M,10YDE-ENBW-----N,DE,,,DE
2020-01-01T14:00:00+00:00,Stuttgart-Münster DT,11WD4MUST5X-DT-M,B17,,50.525,,MAW,PT60M,10YDE-ENBW-----N,DE,,,DE
2020-01-01T14:00:00+00:00,,11W0-0000-0004-B,B05,,84.075,,MAW,PT60M,10YDE-ENBW-----N,DE,,,DE
2020-01-01T14:00:00+00:00,,11W0-0000-0005-8,B05,,264.5,,MAW,PT60M,10YDE-ENBW-----N,DE,,,DE
2020-01-01T15:00:00+00:00,HKW Altbach/Deizisau 2,11WD4AL1U1C2---O,B05,,287.65,,MAW,PT60M,10YDE-ENBW-----N,DE,,,DE
2020-01-01T15:00:00+00:00,KKW Neckarwestheim 2,11WD4GKNK1N-GESZ,B14,,1311.325,,MAW,PT60M,10YDE-ENBW-----N,DE,,,DE
2020-01-01T15:00:00+00:00,KW Rheinfelden DE,11WD4KWRHF5M1-4I,B11,,31.3,,MAW,PT60M,10YDE-ENBW-----N,DE,,,DE
2020-01-01T15:00:00+00:00,Kopswerk 2 M2,11WD43KOP2HM2--H,B10,,91.825,,MAW,PT60M,10YDE-ENBW-----N,DE,,,DE
2020-01-01T15:00:00+00:00,Kraftwerk Säckingen,11WD4SAEK2HD4--9,B10,,74.25,,MAW,PT60M,10YDE-ENBW-----N,DE,,,DE
2020-01-01T15:00:00+00:00,Kraftwerk Wehr,11WD4WEHR1HD4--Y,B10,,169.275,,MAW,PT60M,10YDE-ENBW-----N,DE,,,DE
2020-01-01T15:00:00+00:00,Kraftwerk Witznau,11WD4WITZ5H-SD4C,B10,,21.15,,MAW,PT60M,10YDE-ENBW-----N,DE,,,DE
2020-01-01T15:00:00+00:00,Obervermuntwerk 2 M2,11W0-0000-0110-E,B10,,68.1,,MAW,PT60M,10YDE-ENBW-----N,DE,,,DE
2020-01-01T15:00:00+00:00,Rheinkraftwerk Iffezheim,11WD4IFFE5H----T,B11,,99.575,,MAW,PT60M,10YDE-ENBW-----N,DE,,,DE
2020-01-01T15:00:00+00:00,Stuttgart-Münster DT,11WD4MUST5X-DT-M,B17,,52.875,,MAW,PT60M,10YDE-ENBW-----N,DE,,,DE
2020-01-01T15:00:00+00:00,,11W0-0000-0004-B,B05,,25.225,,MAW,PT60M,10YDE-ENBW-----N,DE,,,DE
2020-01-01T15:00:00+00:00,,11W0-0000-0005-8,B05,,387.025,,MAW,PT60M,10YDE-ENBW-----N,DE,,,DE
2020-01-01T16:00:00+00:00,HKW Altbach/Deizisau 2,11WD4AL1U1C2---O,B05,,288.425,,MAW,PT60M,10YDE-ENBW-----N,DE,,,DE
2020-01-01T16:00:00+00:00,KKW Neckarwestheim 2,11WD4GKNK1N-GESZ,B14,,1309.975,,MAW,PT60M,10YDE-ENBW-----N,DE,,,DE
2020-01-01T16:00:00+00:00,KW Rheinfelden DE,11WD4KWRHF5M1-4I,B11,,31.35,,MAW,PT60M,10YDE-ENBW-----N,DE,,,DE
2020-01-01T16:00:00+00:00,Kopswerk 2 M2,11WD43KOP2HM2--H,B10,,3.3,,MAW,PT60M,10YDE-ENBW-----N,DE,,,DE
2020-01-01T16:00:00+00:00,Kraftwerk Säckingen,11WD4SAEK2HD4--9,B10,,0.925,,MAW,PT60M,10YDE-ENBW-----N,DE,,,DE
2020-01-01T16:00:00+00:00,Kraftwerk Wehr,11WD4WEHR1HD4--Y,B10,,3.825,,MAW,PT60M,10YDE-ENBW-----N,DE,,,DE
2020-01-01T16:00:00+00:00,Kraftwerk Witznau,11WD4WITZ5H-SD4C,B10,,56.375,,MAW,PT60M,10YDE-ENBW-----N,DE,,,DE
2020-01-01T16:00:00+00:00,Obervermuntwerk 2 M2,11W0-0000-0110-E,B10,,64.15,,MAW,PT60M,10YDE-ENBW-----N,DE,,,DE
2020-01-01T16:00:00+00:00,Rheinkraftwerk Iffezheim,11WD4IFFE5H----T,B11,,99.75,,MAW,PT60M,10YDE-ENBW-----N,DE,,,DE
2020-01-01T16:00:00+00:00,Stuttgart-Münster DT,11WD4MUST5X-DT-M,B17,,57.55,,MAW,PT60M,10YDE-ENBW-----N,DE,,,DE
2020-01-01T16:00:00+00:00,,11W0-0000-0004-B,B05,,70.8,,MAW,PT60M,10YDE-ENBW-----N,DE,,,DE
2020-01-01T16:00:00+00:00,,11W0-0000-0005-8,B05,,439.45,,MAW,PT60M,10YDE-ENBW-----N,DE,,,DE
2020-01-01T17:00:00+00:00,HKW Altbach/Deizisau 2,11WD4AL1U1C2---O,B05,,249.875,,MAW,PT60M,10YDE-ENBW-----N,DE,,,DE
2020-01-01T17:00:00+00:00,KKW Neckarwestheim 2,11WD4GKNK1N-GESZ,B14,,1311.425,,MAW,PT60M,10YDE-ENBW-----N,DE,,,DE
2020-01-01T17:00:00+00:00,KW Rheinfelden DE,11WD4KWRHF5M1-4I,B11,,31.65,,MAW,PT60M,10YDE-ENBW-----N,DE,,,DE
2020-01-01T17:00:00+00:00,Kopswerk 2 M2,11WD43KOP2HM2--H,B10,,38.925,,MAW,PT60M,10YDE-ENBW-----N,DE,,,DE
2020-01-01T17:00:00+00:00,Kraftwerk Säckingen,11WD4SAEK2HD4--9,B10,,0.0,,MAW,PT60M,10YDE-ENBW-----N,DE,,,DE
2020-01-01T17:00:00+00:00,Kraftwerk Wehr,11WD4WEHR1HD4--Y,B10,,0.0,,MAW,PT60M,10YDE-ENBW-----N,DE,,,DE
2020-01-01T17:00:00+00:00,Kraftwerk Witznau,11WD4WITZ5H-SD4C,B10,,26.0,,MAW,PT60M,10YDE-ENBW-----N,DE,,,DE
2020-01-01T17:00:00+00:00,Obervermuntwerk 2 M2,11W0-0000-0110-E,B10,,13.65,,MAW,PT60M,10YDE-ENBW-----N,DE,,,DE
2020-01-01T17:00:00+00:00,Rheinkraftwerk Iffezheim,11WD4IFFE5H----T,B11,,99.25,,MAW,PT60M,10YDE-ENBW-----N,DE,,,DE
2020-01-01T17:00:00+00:00,Stuttgart-Münster DT,11WD4MUST5X-DT-M,B17,,58.375,,MAW,PT60M,10YDE-ENBW-----N,DE,,,DE
2020-01-01T17:00:00+00:00,,11W0-0000-0004-B,B05,,108.475,,MAW,PT60M,10YDE-ENBW-----N,DE,,,DE
2020-01-01T17:00:00+00:00,,11W0-0000-0005-8,B05,,327.05,,MAW,PT60M,10YDE-ENBW-----N,DE,,,DE
2020-01-01T18:00:00+00:00,HKW Altbach/Deizisau 2,11WD4AL1U1C2---O,B05,,105.475,,MAW,PT60M,10YDE-ENBW-----N,DE,,,DE
2020-01-01T18:00:00+00:00,KKW Neckarwestheim 2,11WD4GKNK1N-GESZ,B14,,1314.45,,MAW,PT60M,10YDE-ENBW-----N,DE,,,DE
2020-01-01T18:00:00+00:00,KW Rheinfelden DE,11WD4KWRHF5M1-4I,B11,,31.95,,MAW,PT60M,10YDE-ENBW-----N,DE,,,DE
2020-01-01T18:00:00+00:00,Kopswerk 2 M2,11WD43KOP2HM2--H,B10,,35.675,,MAW,PT60M,10YDE-ENBW-----N,DE,,,DE
2020-01-01T18:00:00+00:00,Kraftwerk Witznau,11WD4WITZ5H-SD4C,B10,,36.35,,MAW,PT60M,10YDE-ENBW-----N,DE,,,DE
2020-01-01T18:00:00+00:00,Obervermuntwerk 2 M2,11W0-0000-0110-E,B10,,0.0,,MAW,PT60M,10YDE-ENBW-----N,DE,,,DE
2020-01-01T18:00:00+00:00,Rheinkraftwerk Iffezheim,11WD4IFFE5H----T,B11,,98.775,,MAW,PT60M,10YDE-ENBW-----N,DE,,,DE
2020-01-01T18:00:00+00:00,Stuttgart-Münster DT,11WD4MUST5X-DT-M,B17,,58.2,,MAW,PT60M,10YDE-ENBW-----N,DE,,,DE
2020-01-01T18:00:00+00:00,,11W0-0000-0004-B,B05,,120.45,,MAW,PT60M,10YDE-ENBW-----N,DE,,,DE
2020-01-01T18:00:00+00:00,,11W0-0000-0005-8,B05,,290.25,,MAW,PT60M,10YDE-ENBW-----N,DE,,,DE
2020-01-01T19:00:00+00:00,HKW Altbach/Deizisau 2,11WD4AL1U1C2---O,B05,,97.35,,MAW,PT60M,10YDE-ENBW-----N,DE,,,DE
2020-01-01T19:00:00+00:00,KKW Neckarwestheim 2,11WD4GKNK1N-GESZ,B14,,1313.575,,MAW,PT60M,10YDE-ENBW-----N,DE,,,DE
2020-01-01T19:00:00+00:00,KW Rheinfelden DE,11WD4KWRHF5M1-4I,B11,,32.35,,MAW,PT60M,10YDE-ENBW-----N,DE,,,DE
2020-01-01T19:00:00+00:00,Kopswerk 2 M1,11WD43KOP2HM1--L,B10,,6.775,,MAW,PT60M,10YDE-ENBW-----N,DE,,,DE
2020-01-01T19:00:00+00:00,Kopswerk 2 M2,11WD43KOP2HM2--H,B10,,118.9,,MAW,PT60M,10YDE-ENBW-----N,DE,,,DE
2020-01-01T19:00:00+00:00,Kraftwerk Witznau,11WD4WITZ5H-SD4C,B10,,29.25,,MAW,PT60M,10YDE-ENBW-----N,DE,,,DE
2020-01-01T19:00:00+00:00,Rheinkraftwerk Iffezheim,11WD4IFFE5H----T,B11,,98.45,,MAW,PT60M,10YDE-ENBW-----N,DE,,,DE
2020-01-01T19:00:00+00:00,Stuttgart-Münster DT,11WD4MUST5X-DT-M,B17,,58.825,,MAW,PT60M,10YDE-ENBW-----N,DE,,,DE
2020-01-01T19:00:00+00:00,,11W0-0000-0004-B,B05,,120.5,,MAW,PT60M,10YDE-ENBW-----N,DE,,,DE
2020-01-01T19:00:00+00:00,,11W0-0000-0005-8,B05,,281.675,,MAW,PT60M,10YDE-ENBW-----N,DE,,,DE
2020-01-01T20:00:00+00:00,HKW Altbach/Deizisau 2,11WD4AL1U1C2---O,B05,,95.875,,MAW,PT60M,10YDE-ENBW-----N,DE,,,DE
2020-01-01T20:00:00+00:00,KKW Neckarwestheim 2,11WD4GKNK1N-GESZ,B14,,1314.25,,MAW,PT60M,10YDE-ENBW-----N,DE,,,DE
2020-01-01T20:00:00+00:00,KW Rheinfelden DE,11WD4KWRHF5M1-4I,B11,,32.275,,MAW,PT60M,10YDE-ENBW-----N,DE,,,DE
2020-01-01T20:00:00+00:00,Kopswerk 2 M1,11WD43KOP2HM1--L,B10,,93.325,,MAW,PT60M,10YDE-ENBW-----N,DE,,,DE
2020-01-01T20:00:00+00:00,Kopswerk 2 M2,11WD43KOP2HM2--H,B10,,97.45,,MAW,PT60M,10YDE-ENBW-----N,DE,,,DE
2020-01-01T20:00:00+00:00,Kraftwerk Säckingen,11WD4SAEK2HD4--9,B10,,0.65,,MAW,PT60M,10YDE-ENBW-----N,DE,,,DE
2020-01-01T20:00:00+00:00,Kraftwerk Wehr,11WD4WEHR1HD4--Y,B10,,6.45,,MAW,PT60M,10YDE-ENBW-----N,DE,,,DE
2020-01-01T20:00:00+00:00,Kraftwerk Witznau,11WD4WITZ5H-SD4C,B10,,44.1,,MAW,PT60M,10YDE-ENBW-----N,DE,,,DE
2020-01-01T20:00:00+00:00,Rheinkraftwerk Iffezheim,11WD4IFFE5H----T,B11,,100.925,,MAW,PT60M,10YDE-ENBW-----N,DE,,,DE
2020-01-01T20:00:00+00:00,Stuttgart-Münster DT,11WD4MUST5X-DT-M,B17,,58.925,,MAW,PT60M,10YDE-ENBW-----N,DE,,,DE
2020-01-01T20:00:00+00:00,,11W0-0000-0005-8,B05,,270.65,,MAW,PT60M,10YDE-ENBW-----N,DE,,,DE
2020-01-01T21:00:00+00:00,HKW Altbach/Deizisau 2,11WD4AL1U1C2---O,B05,,94.525,,MAW,PT60M,10YDE-ENBW-----N,DE,,,DE
2020-01-01T21:00:00+00:00,KKW Neckarwestheim 2,11WD4GKNK1N-GESZ,B14,,1314.45,,MAW,PT60M,10YDE-ENBW-----N,DE,,,DE
2020-01-01T21:00:00+00:00,KW Rheinfelden DE,11WD4KWRHF5M1-4I,B11,,32.4,,MAW,PT60M,10YDE-ENBW-----N,DE,,,DE
2020-01-01T21:00:00+00:00,Kopswerk 2 M1,11WD43KOP2HM1--L,B10,,110.175,,MAW,PT60M,10YDE-ENBW-----N,DE,,,DE
2020-01-01T21:00:00+00:00,Kopswerk 2 M2,11WD43KOP2HM2--H,B10,,137.475,,MAW,PT60M,10YDE-ENBW-----N,DE,,,DE
2020-01-01T21:00:00+00:00,Kraftwerk Säckingen,11WD4SAEK2HD4--9,B10,,45.4,,MAW,PT60M,10YDE-ENBW-----N,DE,,,DE
2020-01-01T21:00:00+00:00,Kraftwerk Wehr,11WD4WEHR1HD4--Y,B10,,56.4,,MAW,PT60M,10YDE-ENBW-----N,DE,,,DE
2020-01-01T21:00:00+00:00,Kraftwerk Witznau,11WD4WITZ5H-SD4C,B10,,47.45,,MAW,PT60M,10YDE-ENBW-----N,DE,,,DE
2020-01-01T21:00:00+00:00,Obervermuntwerk 2 M2,11W0-0000-0110-E,B10,,95.375,,MAW,PT60M,10YDE-ENBW-----N,DE,,,DE
2020-01-01T21:00:00+00:00,Rheinkraftwerk Iffezheim,11WD4IFFE5H----T,B11,,97.925,,MAW,PT60M,10YDE-ENBW-----N,DE,,,DE
2020-01-01T21:00:00+00:00,Stuttgart-Münster DT,11WD4MUST5X-DT-M,B17,,58.5,,MAW,PT60M,10YDE-ENBW-----N,DE,,,DE
2020-01-01T21:00:00+00:00,,11W0-0000-0004-B,B05,,120.3,,MAW,PT60M,10YDE-ENBW-----N,DE,,,DE
2020-01-01T21:00:00+00:00,,11W0-0000-0005-8,B05,,267.175,,MAW,PT60M,10YDE-ENBW-----N,DE,,,DE
2020-01-01T22:00:00+00:00,HKW Altbach/Deizisau 2,11WD4AL1U1C2---O,B05,,93.875,,MAW,PT60M,10YDE-ENBW-----N,DE,,,DE
2020-01-01T22:00:00+00:00,KKW Neckarwestheim 2,11WD4GKNK1N-GESZ,B14,,1312.575,,MAW,PT60M,10YDE-ENBW-----N,DE,,,DE
2020-01-01T22:00:00+00:00,KW Rheinfelden DE,11WD4KWRHF5M1-4I,B11,,32.775,,MAW,PT60M,10YDE-ENBW-----N,DE,,,DE
2020-01-01T22:00:00+00:00,Kopswerk 2 M1,11WD43KOP2HM1--L,B10,,24.625,,MAW,PT60M,10YDE-ENBW-----N,DE,,,DE
2020-01-01T22:00:00+00:00,Kopswerk 2 M2,11WD43KOP2HM2--H,B10,,13.3,,MAW,PT60M,10YDE-ENBW-----N,DE,,,DE
2020-01-01T22:00:00+00:00,Kraftwerk Säckingen,11WD4SAEK2HD4--9,B10,,25.65,,MAW,PT60M,10YDE-ENBW-----N,DE,,,DE
2020-01-01T22:00:00+00:00,Kraftwerk Wehr,11WD4WEHR1HD4--Y,B10,,15.0,,MAW,PT60M,10YDE-ENBW-----N,DE,,,DE
2020-01-01T22:00:00+00:00,Kraftwerk Witznau,11WD4WITZ5H-SD4C,B10,,25.325,,MAW,PT60M,10YDE-ENBW-----N,DE,,,DE
2020-01-01T22:00:00+00:00,Obervermuntwerk 2 M2,11W0-0000-0110-E,B10,,79.275,,MAW,PT60M,10YDE-ENBW-----N,DE,,,DE
2020-01-01T22:00:00+00:00,Rheinkraftwerk Iffezheim,11WD4IFFE5H----T,B11,,97.55,,MAW,PT60M,10YDE-ENBW-----N,DE,,,DE
2020-01-01T22:00:00+00:00,Stuttgart-Münster DT,11WD4MUST5X-DT-M,B17,,59.425,,MAW,PT60M,10YDE-ENBW-----N,DE,,,DE
2020-01-01T22:00:00+00:00,,11W0-0000-0004-B,B05,,111.975,,MAW,PT60M,10YDE-ENBW-----N,DE,,,DE
2020-01-01T22:00:00+00:00,,11W0-0000-0005-8,B05,,270.825,,MAW,PT60M,10YDE-ENBW-----N,DE,,,DE
2020-01-01T23:00:00+00:00,HKW Altbach/Deizisau 2,11WD4AL1U1C2---O,B05,,95.35,,MAW,PT60M,10YDE-ENBW-----N,DE,,,DE
2020-01-01T23:00:00+00:00,KKW Neckarwestheim 2,11WD4GKNK1N-GESZ,B14,,1313.6,,MAW,PT60M,10YDE-ENBW-----N,DE,,,DE
2020-01-01T23:00:00+00:00,KW Rheinfelden DE,11WD4KWRHF5M1-4I,B11,,32.925,,MAW,PT60M,10YDE-ENBW-----N,DE,,,DE
2020-01-01T23:00:00+00:00,Kopswerk 2 M1,11WD43KOP2HM1--L,B10,,1.45,,MAW,PT60M,10YDE-ENBW-----N,DE,,,DE
2020-01-01T23:00:00+00:00,Kopswerk 2 M2,11WD43KOP2HM2--H,B10,,34.55,,MAW,PT60M,10YDE-ENBW-----N,DE,,,DE
2020-01-01T23:00:00+00:00,Kraftwerk Säckingen,11WD4SAEK2HD4--9,B10,,0.0,,MAW,PT60M,10YDE-ENBW-----N,DE,,,DE
2020-01-01T23:00:00+00:00,Kraftwerk Wehr,11WD4WEHR1HD4--Y,B10,,0.0,,MAW,PT60M,10YDE-ENBW-----N,DE,,,DE
2020-01-01T23:00:00+00:00,Kraftwerk Witznau,11WD4WITZ5H-SD4C,B10,,5.925,,MAW,PT60M,10YDE-ENBW-----N,DE,,,DE
2020-01-01T23:00:00+00:00,Obervermuntwerk 2 M2,11W0-0000-0110-E,B10,,78.55,,MAW,PT60M,10YDE-ENBW-----N,DE,,,DE
2020-01-01T23:00:00+00:00,Rheinkraftwerk Iffezheim,11WD4IFFE5H----T,B11,,96.65,,MAW,PT60M,10YDE-ENBW-----N,DE,,,DE
2020-01-01T23:00:00+00:00,Stuttgart-Münster DT,11WD4MUST5X-DT-M,B17,,56.6,,MAW,PT60M,10YDE-ENBW-----N,DE,,,DE
2020-01-01T23:00:00+00:00,,11W0-0000-0004-B,B05,,100.175,,MAW,PT60M,10YDE-ENBW-----N,DE,,,DE
2020-01-01T23:00:00+00:00,,11W0-0000-0005-8,B05,,250.475,,MAW,PT60M,10YDE-ENBW-----N,DE,,,DE
2020-01-01T00:00:00+00:00,ABOÑO 1,18WABO1-12345-D7,B05,,0.0,,MAW,PT60M,10YES-REE------0,ES,,,ES
2020-01-01T00:00:00+00:00,ABOÑO 2,18WABO2-12345-DY,B04,,0.0,,MAW,PT60M,10YES-REE------0,ES,,,ES
2020-01-01T00:00:00+00:00,ACECA 3,18WACE3-12345-CD,B04,,158.9,,MAW,PT60M,10YES-REE------0,ES,,,ES
2020-01-01T00:00:00+00:00,ACECA4,18WACE4-12345-C3,B04,,0.0,,MAW,PT60M,10YES-REE------0,ES,,,ES
2020-01-01T00:00:00+00:00,ALDEA I G1,18WAL11-12345-AZ,B12,,77.1,,MAW,PT60M,10YES-REE------0,ES,,,ES
2020-01-01T00:00:00+00:00,ALDEA I G2,18WAL12-12345-AP,B12,,79.0,,MAW,PT60M,10YES-REE------0,ES,,,ES
2020-01-01T00:00:00+00:00,ALDEA I G3,18WAL13-12345-AF,B12,,77.4,,MAW,PT60M,10YES-REE------0,ES,,,ES
2020-01-01T00:00:00+00:00,ALDEA I G4,18WAL14-12345-A5,B12,,77.2,,MAW,PT60M,10YES-REE------0,ES,,,ES
2020-01-01T00:00:00+00:00,ALDEA I G5,18WAL15-12345-AW,B12,,77.1,,MAW,PT60M,10YES-REE------0,ES,,,ES
2020-01-01T00:00:00+00:00,ALDEA I G6,18WAL16-12345-AM,B12,,77.4,,MAW,PT60M,10YES-REE------0,ES,,,ES
2020-01-01T00:00:00+00:00,ALDEA IIB1,18WAL21B-12345-W,B10,,0.0,,MAW,PT60M,10YES-REE------0,ES,,,ES
2020-01-01T00:00:00+00:00,ALDEA IIB2,18WAL22B-12345-M,B10,,0.0,,MAW,PT60M,10YES-REE------0,ES,,,ES
2020-01-01T00:00:00+00:00,ALDEA IIG1,18WAL21-12345-AO,B12,,199.5,,MAW,PT60M,10YES-REE------0,ES,,,ES
2020-01-01T00:00:00+00:00,ALDEA IIG2,18WAL22-12345-AE,B12,,200.1,,MAW,PT60M,10YES-REE------0,ES,,,ES
2020-01-01T00:00:00+00:00,ALG3TG1,18WALG3TG1-123-9,B04,,0.0,,MAW,PT60M,10YES-REE------0,ES,,,ES
2020-01-01T00:00:00+00:00,ALG3TG2,18WALG3TG2-123-2,B04,,0.0,,MAW,PT60M,10YES-REE------0,ES,,,ES
2020-01-01T00:00:00+00:00,ALG3TV1,18WALG3TV1-123-0,B04,,0.0,,MAW,PT60M,10YES-REE------0,ES,,,ES
2020-01-01T00:00:00+00:00,ALMARAZ 1,18WALZ1-12345-BT,B14,,1006.2,,MAW,PT60M,10YES-REE------0,ES,,,ES
2020-01-01T00:00:00+00:00,ALMARAZ 2,18WALZ2-12345-BJ,B14,,1004.5,,MAW,PT60M,10YES-REE------0,ES,,,ES
2020-01-01T00:00:00+00:00,AMBITG1,18WAMBITG1-12--P,B04,,0.0,,MAW,PT60M,10YES-REE------0,ES,,,ES
2020-01-01T00:00:00+00:00,AMBITG2,18WAMBITG2-12-CT,B04,,226.0,,MAW,PT60M,10YES-REE------0,ES,,,ES
2020-01-01T00:00:00+00:00,AMBITV,18WAMBITV-123-CK,B04,,119.6,,MAW,PT60M,10YES-REE------0,ES,,,ES
2020-01-01T00:00:00+00:00,ARC3TG1,18WARC3TG1-12-C4,B04,,0.0,,MAW,PT60M,10YES-REE------0,ES,,,ES
2020-01-01T00:00:00+00:00,ARC3TG2,18WARC3TG2-12-CY,B04,,0.0,,MAW,PT60M,10YES-REE------0,ES,,,ES
2020-01-01T00:00:00+00:00,ARC3TV,18WARC3TV-123-CP,B04,,0.0,,MAW,PT60M,10YES-REE------0,ES,,,ES
2020-01-01T00:00:00+00:00,ARCOS1,18WARCOS1-123-CR,B04,,0.0,,MAW,PT60M,10YES-REE------0,ES,,,ES
2020-01-01T00:00:00+00:00,ARCOS2,18WARCOS2-123-CJ,B04,,0.0,,MAW,PT60M,10YES-REE------0,ES,,,ES
2020-01-01T00:00:00+00:00,ASCO 1,18WASC1-12345-BD,B14,,1007.5,,MAW,PT60M,10YES-REE------0,ES,,,ES
2020-01-01T00:00:00+00:00,ASCO 2,18WASC2-12345-B3,B14,,1001.9,,MAW,PT60M,10YES-REE------0,ES,,,ES
2020-01-01T00:00:00+00:00,BAHITG1,18WBAHITG1-12-CR,B04,,0.0,,MAW,PT60M,10YES-REE------0,ES,,,ES
2020-01-01T00:00:00+00:00,BAHITG2,18WBAHITG2-12-CK,B04,,208.2,,MAW,PT60M,10YES-REE------0,ES,,,ES
2020-01-01T00:00:00+00:00,BAHITV,18WBAHITV-123-CB,B04,,113.6,,MAW,PT60M,10YES-REE------0,ES,,,ES
2020-01-01T00:00:00+00:00,BARRIOS,18WBRR1-12345-DS,B05,,0.0,,MAW,PT60M,10YES-REE------0,ES,,,ES
2020-01-01T00:00:00+00:00,BELESAR 1,18WBEL1-12345-AY,B12,,98.3,,MAW,PT60M,10YES-REE------0,ES,,,ES
2020-01-01T00:00:00+00:00,BELESAR 2,18WBEL2-12345-AO,B12,,37.0,,MAW,PT60M,10YES-REE------0,ES,,,ES
2020-01-01T00:00:00+00:00,BELESAR 3,18WBEL3-12345-AE,B12,,96.7,,MAW,PT60M,10YES-REE------0,ES,,,ES
2020-01-01T00:00:00+00:00,BES5 TG1,18WBES5TG1-123-2,B04,,0.0,,MAW,PT60M,10YES-REE------0,ES,,,ES
2020-01-01T00:00:00+00:00,BES5 TG2,18WBES5TG2-123-W,B04,,0.0,,MAW,PT60M,10YES-REE------0,ES,,,ES
2020-01-01T00:00:00+00:00,BES5 TV,18WBES5TV-1234-K,B04,,0.0,,MAW,PT60M,10YES-REE------0,ES,,,ES
2020-01-01T00:00:00+00:00,BESOS 3,18WBES3-12345-C7,B04,,272.7,,MAW,PT60M,10YES-REE------0,ES,,,ES
2020-01-01T00:00:00+00:00,BESOS 4,18WBES4-12345-CY,B04,,369.9,,MAW,PT60M,10YES-REE------0,ES,,,ES
2020-01-01T00:00:00+00:00,CAMPGIB1,18WCAMGI10-12-CK,B04,,0.0,,MAW,PT60M,10YES-REE------0,ES,,,ES
2020-01-01T00:00:00+00:00,CAMPGIB2,18WCAMGI20-12-CC,B04,,0.0,,MAW,PT60M,10YES-REE------0,ES,,,ES
2020-01-01T00:00:00+00:00,CARTAGENA1,18WCTGN1-1234-CP,B04,,385.4,,MAW,PT60M,10YES-REE------0,ES,,,ES
2020-01-01T00:00:00+00:00,CARTAGENA2,18WCTGN2-1234-CG,B04,,0.0,,MAW,PT60M,10YES-REE------0,ES,,,ES
2020-01-01T00:00:00+00:00,CARTAGENA3,18WCTGN3-1234-C7,B04,,393.7,,MAW,PT60M,10YES-REE------0,ES,,,ES
2020-01-01T00:00:00+00:00,CASTEJON 1,18WCTJON1-123-CJ,B04,,357.1,,MAW,PT60M,10YES-REE------0,ES,,,ES
2020-01-01T00:00:00+00:00,CASTEJON 2,18WCTJON2-123-CB,B04,,0.0,,MAW,PT60M,10YES-REE------0,ES,,,ES
2020-01-01T00:00:00+00:00,CASTRO II,18WCA21-12345-AJ,B12,,0.0,,MAW,PT60M,10YES-REE------0,ES,,,ES
2020-01-01T00:00:00+00:00,CEDILLO 1,18WCED1-12345-AZ,B12,,0.0,,MAW,PT60M,10YES-REE------0,ES,,,ES
2020-01-01T00:00:00+00:00,CEDILLO 2,18WCED2-12345-AP,B12,,0.0,,MAW,PT60M,10YES-REE------0,ES,,,ES
2020-01-01T00:00:00+00:00,CEDILLO 3,18WCED3-12345-AF,B12,,0.0,,MAW,PT60M,10YES-REE------0,ES,,,ES
2020-01-01T00:00:00+00:00,CEDILLO 4,18WCED4-12345-A5,B12,,0.0,,MAW,PT60M,10YES-REE------0,ES,,,ES
2020-01-01T00:00:00+00:00,COFRENTES,18WCOF1-12345-B2,B14,,1057.2,,MAW,PT60M,10YES-REE------0,ES,,,ES
2020-01-01T00:00:00+00:00,COLON 4,18WCOL4-12345-CF,B04,,0.0,,MAW,PT60M,10YES-REE------0,ES,,,ES
2020-01-01T00:00:00+00:00,COMPOSTI 4,18WCOM4-12345-D2,B05,,0.0,,MAW,PT60M,10YES-REE------0,ES,,,ES
2020-01-01T00:00:00+00:00,COMPOSTI 5,18WCOM5-12345-DT,B05,,0.0,,MAW,PT60M,10YES-REE------0,ES,,,ES
2020-01-01T00:00:00+00:00,CORTES 1,18WCO21-12345--L,B12,,0.0,,MAW,PT60M,10YES-REE------0,ES,,,ES
2020-01-01T00:00:00+00:00,CORTES 2,18WCO22-12345-AQ,B12,,0.0,,MAW,PT60M,10YES-REE------0,ES,,,ES
2020-01-01T00:00:00+00:00,CTCOMPO 3,18WCCO3-12345-DN,B05,,0.0,,MAW,PT60M,10YES-REE------0,ES,,,ES
2020-01-01T00:00:00+00:00,CTJON3,18WCTJON3-1234-E,B04,,0.0,,MAW,PT60M,10YES-REE------0,ES,,,ES
2020-01-01T00:00:00+00:00,CTN3TG1,18WCTN3TG1-12-CI,B04,,0.0,,MAW,PT60M,10YES-REE------0,ES,,,ES
2020-01-01T00:00:00+00:00,CTN3TG2,18WCTN3TG2-12-CB,B04,,0.0,,MAW,PT60M,10YES-REE------0,ES,,,ES
2020-01-01T00:00:00+00:00,CTN3TV,18WCTN3TV-123-C2,B04,,0.0,,MAW,PT60M,10YES-REE------0,ES,,,ES
2020-01-01T00:00:00+00:00,CTN4TG1,18WCTN4TG1-123-M,B04,,0.0,,MAW,PT60M,10YES-REE------0,ES,,,ES
2020-01-01T00:00:00+00:00,CTN4TG2,18WCTN4TG2-123-F,B04,,110.9,,MAW,PT60M,10YES-REE------0,ES,,,ES
2020-01-01T00:00:00+00:00,CTN4TV,18WCTN4TV-1234-3,B04,,90.0,,MAW,PT60M,10YES-REE------0,ES,,,ES
2020-01-01T00:00:00+00:00,CTNUTG1,18WCTNUTG1-12-C7,B04,,0.0,,MAW,PT60M,10YES-REE------0,ES,,,ES
2020-01-01T00:00:00+00:00,CTNUTG2,18WCTNUTG2-12-C0,B04,,0.0,,MAW,PT60M,10YES-REE------0,ES,,,ES
2020-01-01T00:00:00+00:00,CTNUTV,18WCTNUTV-123-CS,B04,,0.0,,MAW,PT60M,10YES-REE------0,ES,,,ES
2020-01-01T00:00:00+00:00,ECT3TG1,18WECT3TG1-123-X,B04,,0.0,,MAW,PT60M,10YES-REE------0,ES,,,ES
2020-01-01T00:00:00+00:00,ECT3TG2,18WECT3TG2-123-Q,B04,,0.0,,MAW,PT60M,10YES-REE------0,ES,,,ES
2020-01-01T00:00:00+00:00,ECT3TV1,18WECT3TV1-123-O,B04,,0.0,,MAW,PT60M,10YES-REE------0,ES,,,ES
2020-01-01T00:00:00+00:00,ESC6TG1,18WESC6TG1-12-CL,B04,,0.0,,MAW,PT60M,10YES-REE------0,ES,,,ES
2020-01-01T00:00:00+00:00,ESC6TG2,18WESC6TG2-12-CE,B04,,0.0,,MAW,PT60M,10YES-REE------0,ES,,,ES
2020-01-01T00:00:00+00:00,ESC6TV,18WESC6TV-123-C5,B04,,0.0,,MAW,PT60M,10YES-REE------0,ES,,,ES
2020-01-01T00:00:00+00:00,ESCCC1,18WESCCC1-123-C5,B04,,0.3,,MAW,PT60M,10YES-REE------0,ES,,,ES
2020-01-01T00:00:00+00:00,ESCCC2,18WESCCC2-123-CY,B04,,0.0,,MAW,PT60M,10YES-REE------0,ES,,,ES
2020-01-01T00:00:00+00:00,ESCCC3,18WESCCC3-123-CQ,B04,,0.0,,MAW,PT60M,10YES-REE------0,ES,,,ES
2020-01-01T00:00:00+00:00,GGALAN GEN,18WGYG1-12345-A6,B12,,0.0,,MAW,PT60M,10YES-REE------0,ES,,,ES
2020-01-01T00:00:00+00:00,GUARDO 1,18WGUA1-12345-D3,B05,,0.0,,MAW,PT60M,10YES-REE------0,ES,,,ES
2020-01-01T00:00:00+00:00,GUARDO 2,18WGUA2-12345-DU,B05,,0.0,,MAW,PT60M,10YES-REE------0,ES,,,ES
2020-01-01T00:00:00+00:00,JM.ORIOL 1,18WJMO1-12345-AN,B12,,0.0,,MAW,PT60M,10YES-REE------0,ES,,,ES
2020-01-01T00:00:00+00:00,JM.ORIOL 2,18WJMO2-12345-AD,B12,,0.0,,MAW,PT60M,10YES-REE------0,ES,,,ES
2020-01-01T00:00:00+00:00,JM.ORIOL 3,18WJMO3-12345-A3,B12,,0.0,,MAW,PT60M,10YES-REE------0,ES,,,ES
2020-01-01T00:00:00+00:00,JM.ORIOL 4,18WJMO4-12345-AU,B12,,0.0,,MAW,PT60M,10YES-REE------0,ES,,,ES
2020-01-01T00:00:00+00:00,LA ISLA,18W000000000FUZA,B16,,0.0,,MAW,PT60M,10YES-REE------0,ES,,,ES
2020-01-01T00:00:00+00:00,LADA IV,18WLAD4-123456-B,B05,,0.0,,MAW,PT60M,10YES-REE------0,ES,,,ES
2020-01-01T00:00:00+00:00,LITORAL 1,18WLIT1-123456-S,B05,,0.0,,MAW,PT60M,10YES-REE------0,ES,,,ES
2020-01-01T00:00:00+00:00,LITORAL 2,18WLIT2-123456-I,B05,,0.0,,MAW,PT60M,10YES-REE------0,ES,,,ES
2020-01-01T00:00:00+00:00,MALA1,18WMALA1-1234567,B04,,0.0,,MAW,PT60M,10YES-REE------0,ES,,,ES
2020-01-01T00:00:00+00:00,MEIRAMA,18WMEI1-12345-DT,B05,,0.0,,MAW,PT60M,10YES-REE------0,ES,,,ES
2020-01-01T00:00:00+00:00,MUELA 1B,18WMUE1B-12345-6,B10,,0.0,,MAW,PT60M,10YES-REE------0,ES,,,ES
2020-01-01T00:00:00+00:00,MUELA 1G,18WMUE1-12345-FP,B10,,0.0,,MAW,PT60M,10YES-REE------0,ES,,,ES
2020-01-01T00:00:00+00:00,MUELA 2B,18WMUE2B-12345-X,B10,,0.0,,MAW,PT60M,10YES-REE------0,ES,,,ES
2020-01-01T00:00:00+00:00,MUELA 2G,18WMUE2-12345-FF,B10,,0.0,,MAW,PT60M,10YES-REE------0,ES,,,ES
2020-01-01T00:00:00+00:00,MUELA 3B,18WMUE3B-12345-N,B10,,0.0,,MAW,PT60M,10YES-REE------0,ES,,,ES
2020-01-01T00:00:00+00:00,MUELA 3G,18WMUE3-12345-F5,B10,,0.0,,MAW,PT60M,10YES-REE------0,ES,,,ES
2020-01-01T00:00:00+00:00,MUELA 4B,18WMUE4B-12345-D,B10,,0.0,,MAW,PT60M,10YES-REE------0,ES,,,ES
2020-01-01T00:00:00+00:00,MUELA 4G,18WMUE4-123456-6,B10,,0.0,,MAW,PT60M,10YES-REE------0,ES,,,ES
2020-01-01T00:00:00+00:00,MUELA 5B,18WMUE5B-12345-3,B10,,0.0,,MAW,PT60M,10YES-REE------0,ES,,,ES
2020-01-01T00:00:00+00:00,MUELA 5G,18WMUE5-123456-X,B10,,0.0,,MAW,PT60M,10YES-REE------0,ES,,,ES
2020-01-01T00:00:00+00:00,MUELA 6B,18WMUE6B-12345-U,B10,,0.0,,MAW,PT60M,10YES-REE------0,ES,,,ES
2020-01-01T00:00:00+00:00,MUELA 6G,18WMUE6-123456-N,B10,,0.0,,MAW,PT60M,10YES-REE------0,ES,,,ES
2020-01-01T00:00:00+00:00,MUELA 7B,18WMUE7B-12345-K,B10,,0.0,,MAW,PT60M,10YES-REE------0,ES,,,ES
2020-01-01T00:00:00+00:00,MUELA 7G,18WMUE7-123456-D,B10,,0.0,,MAW,PT60M,10YES-REE------0,ES,,,ES
2020-01-01T00:00:00+00:00,NARCEA 2,18WNRC2-12345-DR,B05,,0.0,,MAW,PT60M,10YES-REE------0,ES,,,ES
2020-01-01T00:00:00+00:00,NARCEA 3,18WNRC3-12345-DH,B05,,0.0,,MAW,PT60M,10YES-REE------0,ES,,,ES
2020-01-01T00:00:00+00:00,P.G.RODR 1,18WPGR1-12345-DF,B05,,0.0,,MAW,PT60M,10YES-REE------0,ES,,,ES
2020-01-01T00:00:00+00:00,P.G.RODR 2,18WPGR2-12345-D5,B05,,0.0,,MAW,PT60M,10YES-REE------0,ES,,,ES
2020-01-01T00:00:00+00:00,P.G.RODR 3,18WPGR3-12345-DW,B05,,0.0,,MAW,PT60M,10YES-REE------0,ES,,,ES
2020-01-01T00:00:00+00:00,P.G.RODR 4,18WPGR4-12345-DM,B05,,0.0,,MAW,PT60M,10YES-REE------0,ES,,,ES
2020-01-01T00:00:00+00:00,P.NUEVO 3,18WPNN3-12345-DT,B05,,179.1,,MAW,PT60M,10YES-REE------0,ES,,,ES
2020-01-01T00:00:00+00:00,PALOS 2,18WPALOS2-123-C3,B04,,0.0,,MAW,PT60M,10YES-REE------0,ES,,,ES
2020-01-01T00:00:00+00:00,PALOS 3,18WPALOS3-123-CW,B04,,0.0,,MAW,PT60M,10YES-REE------0,ES,,,ES
2020-01-01T00:00:00+00:00,PALOS1,18WPALOS1-123-CB,B04,,0.0,,MAW,PT60M,10YES-REE------0,ES,,,ES
2020-01-01T00:00:00+00:00,PBCN1,18WPBCN1-1234-PG,B04,,273.0,,MAW,PT60M,10YES-REE------0,ES,,,ES
2020-01-01T00:00:00+00:00,PBCN2,18WPBCN2-1234-P7,B04,,0.0,,MAW,PT60M,10YES-REE------0,ES,,,ES
2020-01-01T00:00:00+00:00,PGR5TG1,18WPGR5TG1-123-T,B04,,0.0,,MAW,PT60M,10YES-REE------0,ES,,,ES
2020-01-01T00:00:00+00:00,PGR5TG2,18WPGR5TG2-123-M,B04,,140.9,,MAW,PT60M,10YES-REE------0,ES,,,ES
2020-01-01T00:00:00+00:00,PGR5TV,18WPGR5TV-1234-A,B04,,102.7,,MAW,PT60M,10YES-REE------0,ES,,,ES
2020-01-01T00:00:00+00:00,PVENT1,18WPVENT1-1234-X,B04,,0.0,,MAW,PT60M,10YES-REE------0,ES,,,ES
2020-01-01T00:00:00+00:00,PVENT2,18WPVENT2-1234-P,B04,,0.0,,MAW,PT60M,10YES-REE------0,ES,,,ES
2020-01-01T00:00:00+00:00,RICOBA II1,18WRIC21-1234-AZ,B12,,137.2,,MAW,PT60M,10YES-REE------0,ES,,,ES
2020-01-01T00:00:00+00:00,ROBLA 1,18WROB1-12345-DW,B05,,0.0,,MAW,PT60M,10YES-REE------0,ES,,,ES
2020-01-01T00:00:00+00:00,ROBLA 2,18WROB2-12345-DM,B05,,0.0,,MAW,PT60M,10YES-REE------0,ES,,,ES
2020-01-01T00:00:00+00:00,RODRI,18W000000000AI2L,B16,,0.0,,MAW,PT60M,10YES-REE------0,ES,,,ES
2020-01-01T00:00:00+00:00,S.EST IIG1,18WEST21-12345-C,B12,,163.0,,MAW,PT60M,10YES-REE------0,ES,,,ES
2020-01-01T00:00:00+00:00,S.ROQUE 1,18WSROQ1-1234-CJ,B04,,361.0,,MAW,PT60M,10YES-REE------0,ES,,,ES
2020-01-01T00:00:00+00:00,S.ROQUE 2,18WSROQ2-1234-CA,B04,,0.0,,MAW,PT60M,10YES-REE------0,ES,,,ES
2020-01-01T00:00:00+00:00,SAGU1,18WSAGU1-1234-CC,B04,,0.0,,MAW,PT60M,10YES-REE------0,ES,,,ES
2020-01-01T00:00:00+00:00,SAGU2,18WSAGU2-1234-C3,B04,,278.7,,MAW,PT60M,10YES-REE------0,ES,,,ES
2020-01-01T00:00:00+00:00,SAGU3,18WSAGU3-1234-CV,B04,,0.0,,MAW,PT60M,10YES-REE------0,ES,,,ES
2020-01-01T00:00:00+00:00,SALLENT 1B,18WSLT1B-12345-J,B10,,0.0,,MAW,PT60M,10YES-REE------0,ES,,,ES
2020-01-01T00:00:00+00:00,SALLENT 1G,18WSLT1-12345-F1,B10,,0.0,,MAW,PT60M,10YES-REE------0,ES,,,ES
2020-01-01T00:00:00+00:00,SALLENT 2B,18WSLT2B-12345-9,B10,,0.1,,MAW,PT60M,10YES-REE------0,ES,,,ES
2020-01-01T00:00:00+00:00,SALLENT 2G,18WSLT2-12345-FS,B10,,0.0,,MAW,PT60M,10YES-REE------0,ES,,,ES
2020-01-01T00:00:00+00:00,SALLENT 3B,18WSLT3B--1234-V,B10,,0.1,,MAW,PT60M,10YES-REE------0,ES,,,ES
2020-01-01T00:00:00+00:00,SALLENT 3G,18WSLT3-12345-FI,B10,,0.0,,MAW,PT60M,10YES-REE------0,ES,,,ES
2020-01-01T00:00:00+00:00,SALLENT 4B,18WSLT4B-12345-Q,B10,,0.1,,MAW,PT60M,10YES-REE------0,ES,,,ES
2020-01-01T00:00:00+00:00,SALLENT 4G,18WSLT4-12345-F8,B10,,0.0,,MAW,PT60M,10YES-REE------0,ES,,,ES
2020-01-01T00:00:00+00:00,SANTURCE 4,18WSTC4-12345-CV,B04,,0.0,,MAW,PT60M,10YES-REE------0,ES,,,ES
2020-01-01T00:00:00+00:00,SAUCE II 1,18WSA21-12345-AX,B12,,123.9,,MAW,PT60M,10YES-REE------0,ES,,,ES
2020-01-01T00:00:00+00:00,SAUCE II 2,18WSA22-12345-AN,B12,,123.9,,MAW,PT60M,10YES-REE------0,ES,,,ES
2020-01-01T00:00:00+00:00,SBO3,18WSBO3-12345-CE,B04,,259.6,,MAW,PT60M,10YES-REE------0,ES,,,ES
2020-01-01T00:00:00+00:00,SOTO 5,18WSRI5-12345--5,B04,,370.9,,MAW,PT60M,10YES-REE------0,ES,,,ES
2020-01-01T00:00:00+00:00,SOTO RIB 3,18WSRI3-12345-DY,B05,,0.0,,MAW,PT60M,10YES-REE------0,ES,,,ES
2020-01-01T00:00:00+00:00,SOUTELO 1,18WSOU1-12345-A1,B12,,0.0,,MAW,PT60M,10YES-REE------0,ES,,,ES
2020-01-01T00:00:00+00:00,SRI4,18WSRI4-123456-V,B04,,0.0,,MAW,PT60M,10YES-REE------0,ES,,,ES
2020-01-01T00:00:00+00:00,TAJOENC 1B,18WTJE1B-12345-A,B10,,0.1,,MAW,PT60M,10YES-REE------0,ES,,,ES
2020-01-01T00:00:00+00:00,TAJOENC 2B,18WTJE2B-12345-0,B10,,0.1,,MAW,PT60M,10YES-REE------0,ES,,,ES
2020-01-01T00:00:00+00:00,TAJOENC 3B,18WTJE3B-12345-R,B10,,0.1,,MAW,PT60M,10YES-REE------0,ES,,,ES
2020-01-01T00:00:00+00:00,TAJOENC 4B,18WTJE4B-12345-H,B10,,0.1,,MAW,PT60M,10YES-REE------0,ES,,,ES
2020-01-01T00:00:00+00:00,TAPOWER,18WTAPOWER-12-C7,B04,,0.0,,MAW,PT60M,10YES-REE------0,ES,,,ES
2020-01-01T00:00:00+00:00,TERUEL 1,18WTER1-12345-DO,B05,,0.0,,MAW,PT60M,10YES-REE------0,ES,,,ES
2020-01-01T00:00:00+00:00,TERUEL 2,18WTER2-12345-DE,B05,,251.0,,MAW,PT60M,10YES-REE------0,ES,,,ES
2020-01-01T00:00:00+00:00,TERUEL 3,18WTER3-12345-D4,B05,,0.0,,MAW,PT60M,10YES-REE------0,ES,,,ES
2020-01-01T00:00:00+00:00,TRILLO,18WTRL1-12345-BC,B14,,989.8,,MAW,PT60M,10YES-REE------0,ES,,,ES
2020-01-01T00:00:00+00:00,UF MULA,18W000000000F3CQ,B16,,0.0,,MAW,PT60M,10YES-REE------0,ES,,,ES
2020-01-01T00:00:00+00:00,UFARRU1,18WARRU1-1234-CW,B04,,0.0,,MAW,PT60M,10YES-REE------0,ES,,,ES
2020-01-01T00:00:00+00:00,UFARRU2,18WARRU2-1234-CN,B04,,0.0,,MAW,PT60M,10YES-REE------0,ES,,,ES
2020-01-01T00:00:00+00:00,VANDELLOS,18WVAN2-12345-BA,B14,,1037.7,,MAW,PT60M,10YES-REE------0,ES,,,ES
2020-01-01T00:00:00+00:00,VILLALC 21,18WVC21-12345-A7,B12,,104.8,,MAW,PT60M,10YES-REE------0,ES,,,ES
2020-01-01T00:00:00+00:00,VLLRINO 1B,18WVRN1B-12345-B,B10,,0.0,,MAW,PT60M,10YES-REE------0,ES,,,ES
2020-01-01T00:00:00+00:00,VLLRINO 1G,18WVRN1-12345-A3,B12,,0.0,,MAW,PT60M,10YES-REE------0,ES,,,ES
2020-01-01T00:00:00+00:00,VLLRINO 2B,18WVRN2B-12345-1,B10,,0.0,,MAW,PT60M,10YES-REE------0,ES,,,ES
2020-01-01T00:00:00+00:00,VLLRINO 2G,18WVRN2-12345-AU,B12,,0.0,,MAW,PT60M,10YES-REE------0,ES,,,ES
2020-01-01T00:00:00+00:00,VLLRINO 3B,18WVRN3B-12345-S,B10,,142.0,,MAW,PT60M,10YES-REE------0,ES,,,ES
2020-01-01T00:00:00+00:00,VLLRINO 3G,18WVRN3-12345-AK,B12,,0.0,,MAW,PT60M,10YES-REE------0,ES,,,ES
2020-01-01T00:00:00+00:00,VLLRINO 4B,18WVRN4B-12345-I,B10,,0.0,,MAW,PT60M,10YES-REE------0,ES,,,ES
2020-01-01T00:00:00+00:00,VLLRINO 4G,18WVRN4-12345-AA,B12,,0.0,,MAW,PT60M,10YES-REE------0,ES,,,ES
2020-01-01T00:00:00+00:00,VLLRINO 5B,18WVRN5B-12345-8,B10,,0.0,,MAW,PT60M,10YES-REE------0,ES,,,ES
2020-01-01T00:00:00+00:00,VLLRINO 5G,18WVRN5-12345-A0,B12,,0.0,,MAW,PT60M,10YES-REE------0,ES,,,ES
2020-01-01T00:00:00+00:00,VLLRINO 6B,18WVRN6B-12345-Z,B10,,149.0,,MAW,PT60M,10YES-REE------0,ES,,,ES
2020-01-01T00:00:00+00:00,VLLRINO 6G,18WVRN6-12345-AR,B12,,0.0,,MAW,PT60M,10YES-REE------0,ES,,,ES
2020-01-01T01:00:00+00:00,ACECA 3,18WACE3-12345-CD,B04,,160.3,,MAW,PT60M,10YES-REE------0,ES,,,ES
2020-01-01T01:00:00+00:00,ALDEA I G1,18WAL11-12345-AZ,B12,,58.9,,MAW,PT60M,10YES-REE------0,ES,,,ES
2020-01-01T01:00:00+00:00,ALDEA I G2,18WAL12-12345-AP,B12,,60.0,,MAW,PT60M,10YES-REE------0,ES,,,ES
2020-01-01T01:00:00+00:00,ALDEA I G3,18WAL13-12345-AF,B12,,60.2,,MAW,PT60M,10YES-REE------0,ES,,,ES
2020-01-01T01:00:00+00:00,ALDEA I G4,18WAL14-12345-A5,B12,,59.4,,MAW,PT60M,10YES-REE------0,ES,,,ES
2020-01-01T01:00:00+00:00,ALDEA I G5,18WAL15-12345-AW,B12,,58.5,,MAW,PT60M,10YES-REE------0,ES,,,ES
2020-01-01T01:00:00+00:00,ALDEA I G6,18WAL16-12345-AM,B12,,59.3,,MAW,PT60M,10YES-REE------0,ES,,,ES
2020-01-01T01:00:00+00:00,ALDEA IIG1,18WAL21-12345-AO,B12,,199.4,,MAW,PT60M,10YES-REE------0,ES,,,ES
2020-01-01T01:00:00+00:00,ALDEA IIG2,18WAL22-12345-AE,B12,,199.9,,MAW,PT60M,10YES-REE------0,ES,,,ES
2020-01-01T01:00:00+00:00,ALMARAZ 1,18WALZ1-12345-BT,B14,,1007.1,,MAW,PT60M,10YES-REE------0,ES,,,ES
2020-01-01T01:00:00+00:00,ALMARAZ 2,18WALZ2-12345-BJ,B14,,1005.7,,MAW,PT60M,10YES-REE------0,ES,,,ES
2020-01-01T01:00:00+00:00,AMBITG2,18WAMBITG2-12-CT,B04,,228.6,,MAW,PT60M,10YES-REE------0,ES,,,ES
2020-01-01T01:00:00+00:00,AMBITV,18WAMBITV-123-CK,B04,,120.9,,MAW,PT60M,10YES-REE------0,ES,,,ES
2020-01-01T01:00:00+00:00,ASCO 1,18WASC1-12345-BD,B14,,1007.9,,MAW,PT60M,10YES-REE------0,ES,,,ES
2020-01-01T01:00:00+00:00,ASCO 2,18WASC2-12345-B3,B14,,1002.2,,MAW,PT60M,10YES-REE------0,ES,,,ES
2020-01-01T01:00:00+00:00,BAHITG2,18WBAHITG2-12-CK,B04,,196.2,,MAW,PT60M,10YES-REE------0,ES,,,ES
2020-01-01T01:00:00+00:00,BAHITV,18WBAHITV-123-CB,B04,,110.4,,MAW,PT60M,10YES-REE------0,ES,,,ES
2020-01-01T01:00:00+00:00,BESOS 3,18WBES3-12345-C7,B04,,215.0,,MAW,PT60M,10YES-REE------0,ES,,,ES
2020-01-01T01:00:00+00:00,BESOS 4,18WBES4-12345-CY,B04,,317.7,,MAW,PT60M,10YES-REE------0,ES,,,ES
2020-01-01T01:00:00+00:00,CARTAGENA1,18WCTGN1-1234-CP,B04,,376.1,,MAW,PT60M,10YES-REE------0,ES,,,ES
2020-01-01T01:00:00+00:00,CARTAGENA3,18WCTGN3-1234-C7,B04,,380.1,,MAW,PT60M,10YES-REE------0,ES,,,ES
2020-01-01T01:00:00+00:00,CASTEJON 1,18WCTJON1-123-CJ,B04,,342.2,,MAW,PT60M,10YES-REE------0,ES,,,ES
2020-01-01T01:00:00+00:00,CTN4TG2,18WCTN4TG2-123-F,B04,,82.6,,MAW,PT60M,10YES-REE------0,ES,,,ES
2020-01-01T01:00:00+00:00,CTN4TV,18WCTN4TV-1234-3,B04,,80.3,,MAW,PT60M,10YES-REE------0,ES,,,ES
2020-01-01T01:00:00+00:00,P.NUEVO 3,18WPNN3-12345-DT,B05,,163.9,,MAW,PT60M,10YES-REE------0,ES,,,ES
2020-01-01T01:00:00+00:00,PBCN1,18WPBCN1-1234-PG,B04,,233.9,,MAW,PT60M,10YES-REE------0,ES,,,ES
2020-01-01T01:00:00+00:00,PGR5TG2,18WPGR5TG2-123-M,B04,,123.5,,MAW,PT60M,10YES-REE------0,ES,,,ES
2020-01-01T01:00:00+00:00,PGR5TV,18WPGR5TV-1234-A,B04,,95.7,,MAW,PT60M,10YES-REE------0,ES,,,ES
2020-01-01T01:00:00+00:00,RICOBA II1,18WRIC21-1234-AZ,B12,,137.5,,MAW,PT60M,10YES-REE------0,ES,,,ES
2020-01-01T01:00:00+00:00,S.EST IIG1,18WEST21-12345-C,B12,,163.1,,MAW,PT60M,10YES-REE------0,ES,,,ES
2020-01-01T01:00:00+00:00,S.ROQUE 1,18WSROQ1-1234-CJ,B04,,333.9,,MAW,PT60M,10YES-REE------0,ES,,,ES
2020-01-01T01:00:00+00:00,SAGU2,18WSAGU2-1234-C3,B04,,286.1,,MAW,PT60M,10YES-REE------0,ES,,,ES
2020-01-01T01:00:00+00:00,SAUCE II 1,18WSA21-12345-AX,B12,,116.4,,MAW,PT60M,10YES-REE------0,ES,,,ES
2020-01-01T01:00:00+00:00,SAUCE II 2,18WSA22-12345-AN,B12,,116.4,,MAW,PT60M,10YES-REE------0,ES,,,ES
2020-01-01T01:00:00+00:00,SBO3,18WSBO3-12345-CE,B04,,220.5,,MAW,PT60M,10YES-REE------0,ES,,,ES
2020-01-01T01:00:00+00:00,SOTO 5,18WSRI5-12345--5,B04,,327.3,,MAW,PT60M,10YES-REE------0,ES,,,ES
2020-01-01T01:00:00+00:00,TERUEL 2,18WTER2-12345-DE,B05,,250.9,,MAW,PT60M,10YES-REE------0,ES,,,ES
2020-01-01T01:00:00+00:00,TRILLO,18WTRL1-12345-BC,B14,,990.4,,MAW,PT60M,10YES-REE------0,ES,,,ES
2020-01-01T01:00:00+00:00,VANDELLOS,18WVAN2-12345-BA,B14,,1038.0,,MAW,PT60M,10YES-REE------0,ES,,,ES
2020-01-01T01:00:00+00:00,VILLALC 21,18WVC21-12345-A7,B12,,105.1,,MAW,PT60M,10YES-REE------0,ES,,,ES
2020-01-01T01:00:00+00:00,VLLRINO 3B,18WVRN3B-12345-S,B10,,141.9,,MAW,PT60M,10YES-REE------0,ES,,,ES
2020-01-01T02:00:00+00:00,ACECA 3,18WACE3-12345-CD,B04,,160.2,,MAW,PT60M,10YES-REE------0,ES,,,ES
2020-01-01T02:00:00+00:00,ALDEA I G1,18WAL11-12345-AZ,B12,,42.6,,MAW,PT60M,10YES-REE------0,ES,,,ES
2020-01-01T02:00:00+00:00,ALDEA I G2,18WAL12-12345-AP,B12,,43.0,,MAW,PT60M,10YES-REE------0,ES,,,ES
2020-01-01T02:00:00+00:00,ALDEA I G3,18WAL13-12345-AF,B12,,42.1,,MAW,PT60M,10YES-REE------0,ES,,,ES
2020-01-01T02:00:00+00:00,ALDEA I G4,18WAL14-12345-A5,B12,,42.8,,MAW,PT60M,10YES-REE------0,ES,,,ES
2020-01-01T02:00:00+00:00,ALDEA I G5,18WAL15-12345-AW,B12,,42.0,,MAW,PT60M,10YES-REE------0,ES,,,ES
2020-01-01T02:00:00+00:00,ALDEA I G6,18WAL16-12345-AM,B12,,42.6,,MAW,PT60M,10YES-REE------0,ES,,,ES
2020-01-01T02:00:00+00:00,ALDEA IIG1,18WAL21-12345-AO,B12,,199.5,,MAW,PT60M,10YES-REE------0,ES,,,ES
2020-01-01T02:00:00+00:00,ALDEA IIG2,18WAL22-12345-AE,B12,,200.2,,MAW,PT60M,10YES-REE------0,ES,,,ES
2020-01-01T02:00:00+00:00,ALMARAZ 1,18WALZ1-12345-BT,B14,,1006.4,,MAW,PT60M,10YES-REE------0,ES,,,ES
2020-01-01T02:00:00+00:00,ALMARAZ 2,18WALZ2-12345-BJ,B14,,1005.0,,MAW,PT60M,10YES-REE------0,ES,,,ES
2020-01-01T02:00:00+00:00,AMBITG2,18WAMBITG2-12-CT,B04,,233.0,,MAW,PT60M,10YES-REE------0,ES,,,ES
2020-01-01T02:00:00+00:00,AMBITV,18WAMBITV-123-CK,B04,,121.5,,MAW,PT60M,10YES-REE------0,ES,,,ES
2020-01-01T02:00:00+00:00,ASCO 1,18WASC1-12345-BD,B14,,1007.8,,MAW,PT60M,10YES-REE------0,ES,,,ES
2020-01-01T02:00:00+00:00,ASCO 2,18WASC2-12345-B3,B14,,1002.3,,MAW,PT60M,10YES-REE------0,ES,,,ES
2020-01-01T02:00:00+00:00,BAHITG2,18WBAHITG2-12-CK,B04,,183.4,,MAW,PT60M,10YES-REE------0,ES,,,ES
2020-01-01T02:00:00+00:00,BAHITV,18WBAHITV-123-CB,B04,,106.7,,MAW,PT60M,10YES-REE------0,ES,,,ES
2020-01-01T02:00:00+00:00,BELESAR 3,18WBEL3-12345-AE,B12,,96.6,,MAW,PT60M,10YES-REE------0,ES,,,ES
2020-01-01T02:00:00+00:00,BESOS 3,18WBES3-12345-C7,B04,,237.6,,MAW,PT60M,10YES-REE------0,ES,,,ES
2020-01-01T02:00:00+00:00,BESOS 4,18WBES4-12345-CY,B04,,258.6,,MAW,PT60M,10YES-REE------0,ES,,,ES
2020-01-01T02:00:00+00:00,CARTAGENA1,18WCTGN1-1234-CP,B04,,365.8,,MAW,PT60M,10YES-REE------0,ES,,,ES
2020-01-01T02:00:00+00:00,CARTAGENA3,18WCTGN3-1234-C7,B04,,369.6,,MAW,PT60M,10YES-REE------0,ES,,,ES
2020-01-01T02:00:00+00:00,CASTEJON 1,18WCTJON1-123-CJ,B04,,273.3,,MAW,PT60M,10YES-REE------0,ES,,,ES
2020-01-01T02:00:00+00:00,COFRENTES,18WCOF1-12345-B2,B14,,1057.0,,MAW,PT60M,10YES-REE------0,ES,,,ES
2020-01-01T02:00:00+00:00,CTN4TG2,18WCTN4TG2-123-F,B04,,92.5,,MAW,PT60M,10YES-REE------0,ES,,,ES
2020-01-01T02:00:00+00:00,CTN4TV,18WCTN4TV-1234-3,B04,,83.7,,MAW,PT60M,10YES-REE------0,ES,,,ES
2020-01-01T02:00:00+00:00,ESCCC1,18WESCCC1-123-C5,B04,,0.2,,MAW,PT60M,10YES-REE------0,ES,,,ES
2020-01-01T02:00:00+00:00,MUELA 4B,18WMUE4B-12345-D,B10,,117.0,,MAW,PT60M,10YES-REE------0,ES,,,ES
2020-01-01T02:00:00+00:00,MUELA 6B,18WMUE6B-12345-U,B10,,39.0,,MAW,PT60M,10YES-REE------0,ES,,,ES
2020-01-01T02:00:00+00:00,P.NUEVO 3,18WPNN3-12345-DT,B05,,140.5,,MAW,PT60M,10YES-REE------0,ES,,,ES
2020-01-01T02:00:00+00:00,PBCN1,18WPBCN1-1234-PG,B04,,194.8,,MAW,PT60M,10YES-REE------0,ES,,,ES
2020-01-01T02:00:00+00:00,PGR5TG2,18WPGR5TG2-123-M,B04,,144.8,,MAW,PT60M,10YES-REE------0,ES,,,ES
2020-01-01T02:00:00+00:00,PGR5TV,18WPGR5TV-1234-A,B04,,102.1,,MAW,PT60M,10YES-REE------0,ES,,,ES
2020-01-01T02:00:00+00:00,RICOBA II1,18WRIC21-1234-AZ,B12,,137.3,,MAW,PT60M,10YES-REE------0,ES,,,ES
2020-01-01T02:00:00+00:00,S.EST IIG1,18WEST21-12345-C,B12,,163.2,,MAW,PT60M,10YES-REE------0,ES,,,ES
2020-01-01T02:00:00+00:00,S.ROQUE 1,18WSROQ1-1234-CJ,B04,,317.5,,MAW,PT60M,10YES-REE------0,ES,,,ES
2020-01-01T02:00:00+00:00,SAGU2,18WSAGU2-1234-C3,B04,,287.8,,MAW,PT60M,10YES-REE------0,ES,,,ES
2020-01-01T02:00:00+00:00,SALLENT 1B,18WSLT1B-12345-J,B10,,0.1,,MAW,PT60M,10YES-REE------0,ES,,,ES
2020-01-01T02:00:00+00:00,SALLENT 3B,18WSLT3B--1234-V,B10,,0.3,,MAW,PT60M,10YES-REE------0,ES,,,ES
2020-01-01T02:00:00+00:00,SAUCE II 1,18WSA21-12345-AX,B12,,117.0,,MAW,PT60M,10YES-REE------0,ES,,,ES
2020-01-01T02:00:00+00:00,SAUCE II 2,18WSA22-12345-AN,B12,,117.0,,MAW,PT60M,10YES-REE------0,ES,,,ES
2020-01-01T02:00:00+00:00,SBO3,18WSBO3-12345-CE,B04,,203.4,,MAW,PT60M,10YES-REE------0,ES,,,ES
2020-01-01T02:00:00+00:00,SOTO 5,18WSRI5-12345--5,B04,,255.9,,MAW,PT60M,10YES-REE------0,ES,,,ES
2020-01-01T02:00:00+00:00,TAJOENC 2B,18WTJE2B-12345-0,B10,,6.5,,MAW,PT60M,10YES-REE------0,ES,,,ES
2020-01-01T02:00:00+00:00,TERUEL 2,18WTER2-12345-DE,B05,,246.9,,MAW,PT60M,10YES-REE------0,ES,,,ES
2020-01-01T02:00:00+00:00,TRILLO,18WTRL1-12345-BC,B14,,989.6,,MAW,PT60M,10YES-REE------0,ES,,,ES
2020-01-01T02:00:00+00:00,VANDELLOS,18WVAN2-12345-BA,B14,,1037.6,,MAW,PT60M,10YES-REE------0,ES,,,ES
2020-01-01T02:00:00+00:00,VILLALC 21,18WVC21-12345-A7,B12,,105.0,,MAW,PT60M,10YES-REE------0,ES,,,ES
2020-01-01T02:00:00+00:00,VLLRINO 1B,18WVRN1B-12345-B,B10,,131.2,,MAW,PT60M,10YES-REE------0,ES,,,ES
2020-01-01T02:00:00+00:00,VLLRINO 2B,18WVRN2B-12345-1,B10,,107.5,,MAW,PT60M,10YES-REE------0,ES,,,ES
2020-01-01T02:00:00+00:00,VLLRINO 3B,18WVRN3B-12345-S,B10,,138.4,,MAW,PT60M,10YES-REE------0,ES,,,ES
2020-01-01T02:00:00+00:00,VLLRINO 4B,18WVRN4B-12345-I,B10,,89.9,,MAW,PT60M,10YES-REE------0,ES,,,ES
2020-01-01T02:00:00+00:00,VLLRINO 4G,18WVRN4-12345-AA,B12,,0.4,,MAW,PT60M,10YES-REE------0,ES,,,ES
2020-01-01T02:00:00+00:00,VLLRINO 5G,18WVRN5-12345-A0,B12,,0.8,,MAW,PT60M,10YES-REE------0,ES,,,ES
2020-01-01T02:00:00+00:00,VLLRINO 6B,18WVRN6B-12345-Z,B10,,144.9,,MAW,PT60M,10YES-REE------0,ES,,,ES
2020-01-01T03:00:00+00:00,ACECA 3,18WACE3-12345-CD,B04,,160.3,,MAW,PT60M,10YES-REE------0,ES,,,ES
2020-01-01T03:00:00+00:00,ALDEA I G1,18WAL11-12345-AZ,B12,,66.2,,MAW,PT60M,10YES-REE------0,ES,,,ES
2020-01-01T03:00:00+00:00,ALDEA I G2,18WAL12-12345-AP,B12,,67.2,,MAW,PT60M,10YES-REE------0,ES,,,ES
2020-01-01T03:00:00+00:00,ALDEA I G3,18WAL13-12345-AF,B12,,65.7,,MAW,PT60M,10YES-REE------0,ES,,,ES
2020-01-01T03:00:00+00:00,ALDEA I G4,18WAL14-12345-A5,B12,,65.8,,MAW,PT60M,10YES-REE------0,ES,,,ES
2020-01-01T03:00:00+00:00,ALDEA I G5,18WAL15-12345-AW,B12,,66.0,,MAW,PT60M,10YES-REE------0,ES,,,ES
2020-01-01T03:00:00+00:00,ALDEA I G6,18WAL16-12345-AM,B12,,66.4,,MAW,PT60M,10YES-REE------0,ES,,,ES
2020-01-01T03:00:00+00:00,ALDEA IIG2,18WAL22-12345-AE,B12,,200.3,,MAW,PT60M,10YES-REE------0,ES,,,ES
2020-01-01T03:00:00+00:00,ALMARAZ 1,18WALZ1-12345-BT,B14,,1006.8,,MAW,PT60M,10YES-REE------0,ES,,,ES
2020-01-01T03:00:00+00:00,ALMARAZ 2,18WALZ2-12345-BJ,B14,,1005.2,,MAW,PT60M,10YES-REE------0,ES,,,ES
2020-01-01T03:00:00+00:00,AMBITG2,18WAMBITG2-12-CT,B04,,247.1,,MAW,PT60M,10YES-REE------0,ES,,,ES
2020-01-01T03:00:00+00:00,AMBITV,18WAMBITV-123-CK,B04,,124.2,,MAW,PT60M,10YES-REE------0,ES,,,ES
2020-01-01T03:00:00+00:00,ASCO 1,18WASC1-12345-BD,B14,,1008.0,,MAW,PT60M,10YES-REE------0,ES,,,ES
2020-01-01T03:00:00+00:00,ASCO 2,18WASC2-12345-B3,B14,,1002.4,,MAW,PT60M,10YES-REE------0,ES,,,ES
2020-01-01T03:00:00+00:00,BAHITG2,18WBAHITG2-12-CK,B04,,190.3,,MAW,PT60M,10YES-REE------0,ES,,,ES
2020-01-01T03:00:00+00:00,BAHITV,18WBAHITV-123-CB,B04,,109.0,,MAW,PT60M,10YES-REE------0,ES,,,ES
2020-01-01T03:00:00+00:00,BESOS 3,18WBES3-12345-C7,B04,,224.6,,MAW,PT60M,10YES-REE------0,ES,,,ES
2020-01-01T03:00:00+00:00,BESOS 4,18WBES4-12345-CY,B04,,293.5,,MAW,PT60M,10YES-REE------0,ES,,,ES
2020-01-01T03:00:00+00:00,CARTAGENA1,18WCTGN1-1234-CP,B04,,388.6,,MAW,PT60M,10YES-REE------0,ES,,,ES
2020-01-01T03:00:00+00:00,CARTAGENA3,18WCTGN3-1234-C7,B04,,393.8,,MAW,PT60M,10YES-REE------0,ES,,,ES
2020-01-01T03:00:00+00:00,CASTEJON 1,18WCTJON1-123-CJ,B04,,218.7,,MAW,PT60M,10YES-REE------0,ES,,,ES
2020-01-01T03:00:00+00:00,COFRENTES,18WCOF1-12345-B2,B14,,1057.5,,MAW,PT60M,10YES-REE------0,ES,,,ES
2020-01-01T03:00:00+00:00,CTN4TG2,18WCTN4TG2-123-F,B04,,92.8,,MAW,PT60M,10YES-REE------0,ES,,,ES
2020-01-01T03:00:00+00:00,MUELA 2B,18WMUE2B-12345-X,B10,,100.3,,MAW,PT60M,10YES-REE------0,ES,,,ES
2020-01-01T03:00:00+00:00,MUELA 4B,18WMUE4B-12345-D,B10,,211.4,,MAW,PT60M,10YES-REE------0,ES,,,ES
2020-01-01T03:00:00+00:00,MUELA 6B,18WMUE6B-12345-U,B10,,111.0,,MAW,PT60M,10YES-REE------0,ES,,,ES
2020-01-01T03:00:00+00:00,P.NUEVO 3,18WPNN3-12345-DT,B05,,138.5,,MAW,PT60M,10YES-REE------0,ES,,,ES
2020-01-01T03:00:00+00:00,PBCN1,18WPBCN1-1234-PG,B04,,173.3,,MAW,PT60M,10YES-REE------0,ES,,,ES
2020-01-01T03:00:00+00:00,PGR5TG2,18WPGR5TG2-123-M,B04,,117.5,,MAW,PT60M,10YES-REE------0,ES,,,ES
2020-01-01T03:00:00+00:00,PGR5TV,18WPGR5TV-1234-A,B04,,94.4,,MAW,PT60M,10YES-REE------0,ES,,,ES
2020-01-01T03:00:00+00:00,RICOBA II1,18WRIC21-1234-AZ,B12,,137.4,,MAW,PT60M,10YES-REE------0,ES,,,ES
2020-01-01T03:00:00+00:00,S.ROQUE 1,18WSROQ1-1234-CJ,B04,,353.9,,MAW,PT60M,10YES-REE------0,ES,,,ES
2020-01-01T03:00:00+00:00,SAGU2,18WSAGU2-1234-C3,B04,,334.9,,MAW,PT60M,10YES-REE------0,ES,,,ES
2020-01-01T03:00:00+00:00,SALLENT 2B,18WSLT2B-12345-9,B10,,87.5,,MAW,PT60M,10YES-REE------0,ES,,,ES
2020-01-01T03:00:00+00:00,SALLENT 3B,18WSLT3B--1234-V,B10,,0.2,,MAW,PT60M,10YES-REE------0,ES,,,ES
2020-01-01T03:00:00+00:00,SALLENT 4B,18WSLT4B-12345-Q,B10,,79.9,,MAW,PT60M,10YES-REE------0,ES,,,ES
2020-01-01T03:00:00+00:00,SAUCE II 1,18WSA21-12345-AX,B12,,121.5,,MAW,PT60M,10YES-REE------0,ES,,,ES
2020-01-01T03:00:00+00:00,SAUCE II 2,18WSA22-12345-AN,B12,,121.5,,MAW,PT60M,10YES-REE------0,ES,,,ES
2020-01-01T03:00:00+00:00,SBO3,18WSBO3-12345-CE,B04,,251.4,,MAW,PT60M,10YES-REE------0,ES,,,ES
2020-01-01T03:00:00+00:00,SOTO 5,18WSRI5-12345--5,B04,,363.6,,MAW,PT60M,10YES-REE------0,ES,,,ES
2020-01-01T03:00:00+00:00,TAJOENC 2B,18WTJE2B-12345-0,B10,,104.0,,MAW,PT60M,10YES-REE------0,ES,,,ES
2020-01-01T03:00:00+00:00,TAJOENC 4B,18WTJE4B-12345-H,B10,,71.6,,MAW,PT60M,10YES-REE------0,ES,,,ES
2020-01-01T03:00:00+00:00,TERUEL 2,18WTER2-12345-DE,B05,,245.1,,MAW,PT60M,10YES-REE------0,ES,,,ES
2020-01-01T03:00:00+00:00,TRILLO,18WTRL1-12345-BC,B14,,989.0,,MAW,PT60M,10YES-REE------0,ES,,,ES
2020-01-01T03:00:00+00:00,VANDELLOS,18WVAN2-12345-BA,B14,,1037.7,,MAW,PT60M,10YES-REE------0,ES,,,ES
2020-01-01T03:00:00+00:00,VLLRINO 1B,18WVRN1B-12345-B,B10,,137.6,,MAW,PT60M,10YES-REE------0,ES,,,ES
2020-01-01T03:00:00+00:00,VLLRINO 2B,18WVRN2B-12345-1,B10,,136.7,,MAW,PT60M,10YES-REE------0,ES,,,ES
2020-01-01T03:00:00+00:00,VLLRINO 3B,18WVRN3B-12345-S,B10,,137.5,,MAW,PT60M,10YES-REE------0,ES,,,ES
2020-01-01T03:00:00+00:00,VLLRINO 4B,18WVRN4B-12345-I,B10,,138.1,,MAW,PT60M,10YES-REE------0,ES,,,ES
2020-01-01T03:00:00+00:00,VLLRINO 4G,18WVRN4-12345-AA,B12,,0.0,,MAW,PT60M,10YES-REE------0,ES,,,ES
2020-01-01T03:00:00+00:00,VLLRINO 5G,18WVRN5-12345-A0,B12,,0.0,,MAW,PT60M,10YES-REE------0,ES,,,ES
2020-01-01T03:00:00+00:00,VLLRINO 6B,18WVRN6B-12345-Z,B10,,143.8,,MAW,PT60M,10YES-REE------0,ES,,,ES
2020-01-01T04:00:00+00:00,ALDEA I G1,18WAL11-12345-AZ,B12,,61.0,,MAW,PT60M,10YES-REE------0,ES,,,ES
2020-01-01T04:00:00+00:00,ALDEA I G2,18WAL12-12345-AP,B12,,62.2,,MAW,PT60M,10YES-REE------0,ES,,,ES
2020-01-01T04:00:00+00:00,ALDEA I G3,18WAL13-12345-AF,B12,,60.9,,MAW,PT60M,10YES-REE------0,ES,,,ES
2020-01-01T04:00:00+00:00,ALDEA I G4,18WAL14-12345-A5,B12,,60.6,,MAW,PT60M,10YES-REE------0,ES,,,ES
2020-01-01T04:00:00+00:00,ALDEA I G5,18WAL15-12345-AW,B12,,60.5,,MAW,PT60M,10YES-REE------0,ES,,,ES
2020-01-01T04:00:00+00:00,ALDEA I G6,18WAL16-12345-AM,B12,,60.9,,MAW,PT60M,10YES-REE------0,ES,,,ES
2020-01-01T04:00:00+00:00,ALMARAZ 1,18WALZ1-12345-BT,B14,,1006.7,,MAW,PT60M,10YES-REE------0,ES,,,ES
2020-01-01T04:00:00+00:00,ALMARAZ 2,18WALZ2-12345-BJ,B14,,1005.0,,MAW,PT60M,10YES-REE------0,ES,,,ES
2020-01-01T04:00:00+00:00,AMBITG2,18WAMBITG2-12-CT,B04,,246.9,,MAW,PT60M,10YES-REE------0,ES,,,ES
2020-01-01T04:00:00+00:00,AMBITV,18WAMBITV-123-CK,B04,,123.9,,MAW,PT60M,10YES-REE------0,ES,,,ES
2020-01-01T04:00:00+00:00,ASCO 1,18WASC1-12345-BD,B14,,1007.7,,MAW,PT60M,10YES-REE------0,ES,,,ES
2020-01-01T04:00:00+00:00,ASCO 2,18WASC2-12345-B3,B14,,1002.0,,MAW,PT60M,10YES-REE------0,ES,,,ES
2020-01-01T04:00:00+00:00,BAHITG2,18WBAHITG2-12-CK,B04,,178.2,,MAW,PT60M,10YES-REE------0,ES,,,ES
2020-01-01T04:00:00+00:00,BAHITV,18WBAHITV-123-CB,B04,,105.7,,MAW,PT60M,10YES-REE------0,ES,,,ES
2020-01-01T04:00:00+00:00,BESOS 3,18WBES3-12345-C7,B04,,167.2,,MAW,PT60M,10YES-REE------0,ES,,,ES
2020-01-01T04:00:00+00:00,BESOS 4,18WBES4-12345-CY,B04,,345.0,,MAW,PT60M,10YES-REE------0,ES,,,ES
2020-01-01T04:00:00+00:00,CARTAGENA1,18WCTGN1-1234-CP,B04,,397.7,,MAW,PT60M,10YES-REE------0,ES,,,ES
2020-01-01T04:00:00+00:00,CARTAGENA3,18WCTGN3-1234-C7,B04,,402.4,,MAW,PT60M,10YES-REE------0,ES,,,ES
2020-01-01T04:00:00+00:00,CASTEJON 1,18WCTJON1-123-CJ,B04,,255.7,,MAW,PT60M,10YES-REE------0,ES,,,ES
2020-01-01T04:00:00+00:00,COFRENTES,18WCOF1-12345-B2,B14,,1057.2,,MAW,PT60M,10YES-REE------0,ES,,,ES
2020-01-01T04:00:00+00:00,CTN4TG2,18WCTN4TG2-123-F,B04,,90.5,,MAW,PT60M,10YES-REE------0,ES,,,ES
2020-01-01T04:00:00+00:00,CTN4TV,18WCTN4TV-1234-3,B04,,83.2,,MAW,PT60M,10YES-REE------0,ES,,,ES
2020-01-01T04:00:00+00:00,MUELA 2B,18WMUE2B-12345-X,B10,,197.5,,MAW,PT60M,10YES-REE------0,ES,,,ES
2020-01-01T04:00:00+00:00,MUELA 3B,18WMUE3B-12345-N,B10,,167.1,,MAW,PT60M,10YES-REE------0,ES,,,ES
2020-01-01T04:00:00+00:00,MUELA 4B,18WMUE4B-12345-D,B10,,211.5,,MAW,PT60M,10YES-REE------0,ES,,,ES
2020-01-01T04:00:00+00:00,MUELA 6B,18WMUE6B-12345-U,B10,,0.0,,MAW,PT60M,10YES-REE------0,ES,,,ES
2020-01-01T04:00:00+00:00,P.NUEVO 3,18WPNN3-12345-DT,B05,,138.4,,MAW,PT60M,10YES-REE------0,ES,,,ES
2020-01-01T04:00:00+00:00,PBCN1,18WPBCN1-1234-PG,B04,,179.1,,MAW,PT60M,10YES-REE------0,ES,,,ES
2020-01-01T04:00:00+00:00,PGR5TG2,18WPGR5TG2-123-M,B04,,137.8,,MAW,PT60M,10YES-REE------0,ES,,,ES
2020-01-01T04:00:00+00:00,PGR5TV,18WPGR5TV-1234-A,B04,,100.5,,MAW,PT60M,10YES-REE------0,ES,,,ES
2020-01-01T04:00:00+00:00,RICOBA II1,18WRIC21-1234-AZ,B12,,136.9,,MAW,PT60M,10YES-REE------0,ES,,,ES
2020-01-01T04:00:00+00:00,S.EST IIG1,18WEST21-12345-C,B12,,163.5,,MAW,PT60M,10YES-REE------0,ES,,,ES
2020-01-01T04:00:00+00:00,S.ROQUE 1,18WSROQ1-1234-CJ,B04,,360.2,,MAW,PT60M,10YES-REE------0,ES,,,ES
2020-01-01T04:00:00+00:00,SAGU2,18WSAGU2-1234-C3,B04,,375.5,,MAW,PT60M,10YES-REE------0,ES,,,ES
2020-01-01T04:00:00+00:00,SALLENT 2B,18WSLT2B-12345-9,B10,,99.6,,MAW,PT60M,10YES-REE------0,ES,,,ES
2020-01-01T04:00:00+00:00,SALLENT 4B,18WSLT4B-12345-Q,B10,,100.8,,MAW,PT60M,10YES-REE------0,ES,,,ES
2020-01-01T04:00:00+00:00,SAUCE II 1,18WSA21-12345-AX,B12,,117.8,,MAW,PT60M,10YES-REE------0,ES,,,ES
2020-01-01T04:00:00+00:00,SAUCE II 2,18WSA22-12345-AN,B12,,117.8,,MAW,PT60M,10YES-REE------0,ES,,,ES
2020-01-01T04:00:00+00:00,SBO3,18WSBO3-12345-CE,B04,,163.8,,MAW,PT60M,10YES-REE------0,ES,,,ES
2020-01-01T04:00:00+00:00,SOTO 5,18WSRI5-12345--5,B04,,323.1,,MAW,PT60M,10YES-REE------0,ES,,,ES
2020-01-01T04:00:00+00:00,TAJOENC 2B,18WTJE2B-12345-0,B10,,103.4,,MAW,PT60M,10YES-REE------0,ES,,,ES
2020-01-01T04:00:00+00:00,TAJOENC 3B,18WTJE3B-12345-R,B10,,8.0,,MAW,PT60M,10YES-REE------0,ES,,,ES
2020-01-01T04:00:00+00:00,TAJOENC 4B,18WTJE4B-12345-H,B10,,100.9,,MAW,PT60M,10YES-REE------0,ES,,,ES
2020-01-01T04:00:00+00:00,TERUEL 2,18WTER2-12345-DE,B05,,251.6,,MAW,PT60M,10YES-REE------0,ES,,,ES
2020-01-01T04:00:00+00:00,TRILLO,18WTRL1-12345-BC,B14,,989.8,,MAW,PT60M,10YES-REE------0,ES,,,ES
2020-01-01T04:00:00+00:00,VANDELLOS,18WVAN2-12345-BA,B14,,1037.8,,MAW,PT60M,10YES-REE------0,ES,,,ES
2020-01-01T04:00:00+00:00,VILLALC 21,18WVC21-12345-A7,B12,,104.8,,MAW,PT60M,10YES-REE------0,ES,,,ES
2020-01-01T04:00:00+00:00,VLLRINO 1B,18WVRN1B-12345-B,B10,,137.7,,MAW,PT60M,10YES-REE------0,ES,,,ES
2020-01-01T04:00:00+00:00,VLLRINO 2B,18WVRN2B-12345-1,B10,,137.0,,MAW,PT60M,10YES-REE------0,ES,,,ES
2020-01-01T04:00:00+00:00,VLLRINO 3B,18WVRN3B-12345-S,B10,,137.6,,MAW,PT60M,10YES-REE------0,ES,,,ES
2020-01-01T04:00:00+00:00,VLLRINO 4B,18WVRN4B-12345-I,B10,,138.2,,MAW,PT60M,10YES-REE------0,ES,,,ES
2020-01-01T04:00:00+00:00,VLLRINO 6B,18WVRN6B-12345-Z,B10,,143.9,,MAW,PT60M,10YES-REE------0,ES,,,ES
2020-01-01T05:00:00+00:00,ACECA 3,18WACE3-12345-CD,B04,,160.2,,MAW,PT60M,10YES-REE------0,ES,,,ES
2020-01-01T05:00:00+00:00,ALDEA I G1,18WAL11-12345-AZ,B12,,61.7,,MAW,PT60M,10YES-REE------0,ES,,,ES
2020-01-01T05:00:00+00:00,ALDEA I G2,18WAL12-12345-AP,B12,,62.5,,MAW,PT60M,10YES-REE------0,ES,,,ES
2020-01-01T05:00:00+00:00,ALDEA I G3,18WAL13-12345-AF,B12,,61.3,,MAW,PT60M,10YES-REE------0,ES,,,ES
2020-01-01T05:00:00+00:00,ALDEA I G4,18WAL14-12345-A5,B12,,61.5,,MAW,PT60M,10YES-REE------0,ES,,,ES
2020-01-01T05:00:00+00:00,ALDEA I G5,18WAL15-12345-AW,B12,,61.5,,MAW,PT60M,10YES-REE------0,ES,,,ES
2020-01-01T05:00:00+00:00,ALDEA I G6,18WAL16-12345-AM,B12,,61.4,,MAW,PT60M,10YES-REE------0,ES,,,ES
2020-01-01T05:00:00+00:00,ALDEA IIG2,18WAL22-12345-AE,B12,,200.1,,MAW,PT60M,10YES-REE------0,ES,,,ES
2020-01-01T05:00:00+00:00,ALMARAZ 1,18WALZ1-12345-BT,B14,,1006.8,,MAW,PT60M,10YES-REE------0,ES,,,ES
2020-01-01T05:00:00+00:00,ALMARAZ 2,18WALZ2-12345-BJ,B14,,1005.1,,MAW,PT60M,10YES-REE------0,ES,,,ES
2020-01-01T05:00:00+00:00,AMBITG2,18WAMBITG2-12-CT,B04,,220.5,,MAW,PT60M,10YES-REE------0,ES,,,ES
2020-01-01T05:00:00+00:00,AMBITV,18WAMBITV-123-CK,B04,,116.3,,MAW,PT60M,10YES-REE------0,ES,,,ES
2020-01-01T05:00:00+00:00,ASCO 1,18WASC1-12345-BD,B14,,1007.9,,MAW,PT60M,10YES-REE------0,ES,,,ES
2020-01-01T05:00:00+00:00,ASCO 2,18WASC2-12345-B3,B14,,1002.4,,MAW,PT60M,10YES-REE------0,ES,,,ES
2020-01-01T05:00:00+00:00,BAHITG2,18WBAHITG2-12-CK,B04,,249.5,,MAW,PT60M,10YES-REE------0,ES,,,ES
2020-01-01T05:00:00+00:00,BAHITV,18WBAHITV-123-CB,B04,,124.6,,MAW,PT60M,10YES-REE------0,ES,,,ES
2020-01-01T05:00:00+00:00,BESOS 3,18WBES3-12345-C7,B04,,226.3,,MAW,PT60M,10YES-REE------0,ES,,,ES
2020-01-01T05:00:00+00:00,BESOS 4,18WBES4-12345-CY,B04,,339.3,,MAW,PT60M,10YES-REE------0,ES,,,ES
2020-01-01T05:00:00+00:00,CARTAGENA1,18WCTGN1-1234-CP,B04,,391.3,,MAW,PT60M,10YES-REE------0,ES,,,ES
2020-01-01T05:00:00+00:00,CARTAGENA3,18WCTGN3-1234-C7,B04,,396.4,,MAW,PT60M,10YES-REE------0,ES,,,ES
2020-01-01T05:00:00+00:00,CASTEJON 1,18WCTJON1-123-CJ,B04,,321.1,,MAW,PT60M,10YES-REE------0,ES,,,ES
2020-01-01T05:00:00+00:00,COFRENTES,18WCOF1-12345-B2,B14,,1056.8,,MAW,PT60M,10YES-REE------0,ES,,,ES
2020-01-01T05:00:00+00:00,CTN4TG2,18WCTN4TG2-123-F,B04,,89.1,,MAW,PT60M,10YES-REE------0,ES,,,ES
2020-01-01T05:00:00+00:00,CTN4TV,18WCTN4TV-1234-3,B04,,82.5,,MAW,PT60M,10YES-REE------0,ES,,,ES
2020-01-01T05:00:00+00:00,MUELA 2B,18WMUE2B-12345-X,B10,,197.1,,MAW,PT60M,10YES-REE------0,ES,,,ES
2020-01-01T05:00:00+00:00,MUELA 3B,18WMUE3B-12345-N,B10,,195.1,,MAW,PT60M,10YES-REE------0,ES,,,ES
2020-01-01T05:00:00+00:00,MUELA 4B,18WMUE4B-12345-D,B10,,211.2,,MAW,PT60M,10YES-REE------0,ES,,,ES
2020-01-01T05:00:00+00:00,P.NUEVO 3,18WPNN3-12345-DT,B05,,138.7,,MAW,PT60M,10YES-REE------0,ES,,,ES
2020-01-01T05:00:00+00:00,PBCN1,18WPBCN1-1234-PG,B04,,291.5,,MAW,PT60M,10YES-REE------0,ES,,,ES
2020-01-01T05:00:00+00:00,PGR5TG2,18WPGR5TG2-123-M,B04,,128.5,,MAW,PT60M,10YES-REE------0,ES,,,ES
2020-01-01T05:00:00+00:00,PGR5TV,18WPGR5TV-1234-A,B04,,98.6,,MAW,PT60M,10YES-REE------0,ES,,,ES
2020-01-01T05:00:00+00:00,RICOBA II1,18WRIC21-1234-AZ,B12,,137.6,,MAW,PT60M,10YES-REE------0,ES,,,ES
2020-01-01T05:00:00+00:00,S.EST IIG1,18WEST21-12345-C,B12,,163.8,,MAW,PT60M,10YES-REE------0,ES,,,ES
2020-01-01T05:00:00+00:00,S.ROQUE 1,18WSROQ1-1234-CJ,B04,,345.4,,MAW,PT60M,10YES-REE------0,ES,,,ES
2020-01-01T05:00:00+00:00,SAGU2,18WSAGU2-1234-C3,B04,,353.7,,MAW,PT60M,10YES-REE------0,ES,,,ES
2020-01-01T05:00:00+00:00,SALLENT 1B,18WSLT1B-12345-J,B10,,0.2,,MAW,PT60M,10YES-REE------0,ES,,,ES
2020-01-01T05:00:00+00:00,SALLENT 2B,18WSLT2B-12345-9,B10,,99.3,,MAW,PT60M,10YES-REE------0,ES,,,ES
2020-01-01T05:00:00+00:00,SALLENT 4B,18WSLT4B-12345-Q,B10,,100.5,,MAW,PT60M,10YES-REE------0,ES,,,ES
2020-01-01T05:00:00+00:00,SAUCE II 1,18WSA21-12345-AX,B12,,119.4,,MAW,PT60M,10YES-REE------0,ES,,,ES
2020-01-01T05:00:00+00:00,SAUCE II 2,18WSA22-12345-AN,B12,,119.4,,MAW,PT60M,10YES-REE------0,ES,,,ES
2020-01-01T05:00:00+00:00,SBO3,18WSBO3-12345-CE,B04,,259.7,,MAW,PT60M,10YES-REE------0,ES,,,ES
2020-01-01T05:00:00+00:00,SOTO 5,18WSRI5-12345--5,B04,,302.1,,MAW,PT60M,10YES-REE------0,ES,,,ES
2020-01-01T05:00:00+00:00,TAJOENC 2B,18WTJE2B-12345-0,B10,,102.5,,MAW,PT60M,10YES-REE------0,ES,,,ES
2020-01-01T05:00:00+00:00,TAJOENC 3B,18WTJE3B-12345-R,B10,,102.9,,MAW,PT60M,10YES-REE------0,ES,,,ES
2020-01-01T05:00:00+00:00,TAJOENC 4B,18WTJE4B-12345-H,B10,,99.7,,MAW,PT60M,10YES-REE------0,ES,,,ES
2020-01-01T05:00:00+00:00,TERUEL 2,18WTER2-12345-DE,B05,,251.1,,MAW,PT60M,10YES-REE------0,ES,,,ES
2020-01-01T05:00:00+00:00,VANDELLOS,18WVAN2-12345-BA,B14,,1037.9,,MAW,PT60M,10YES-REE------0,ES,,,ES
2020-01-01T05:00:00+00:00,VILLALC 21,18WVC21-12345-A7,B12,,104.7,,MAW,PT60M,10YES-REE------0,ES,,,ES
2020-01-01T05:00:00+00:00,VLLRINO 1B,18WVRN1B-12345-B,B10,,137.5,,MAW,PT60M,10YES-REE------0,ES,,,ES
2020-01-01T05:00:00+00:00,VLLRINO 2B,18WVRN2B-12345-1,B10,,136.7,,MAW,PT60M,10YES-REE------0,ES,,,ES
2020-01-01T05:00:00+00:00,VLLRINO 3B,18WVRN3B-12345-S,B10,,137.4,,MAW,PT60M,10YES-REE------0,ES,,,ES
2020-01-01T05:00:00+00:00,VLLRINO 4B,18WVRN4B-12345-I,B10,,138.0,,MAW,PT60M,10YES-REE------0,ES,,,ES
2020-01-01T05:00:00+00:00,VLLRINO 6B,18WVRN6B-12345-Z,B10,,143.8,,MAW,PT60M,10YES-REE------0,ES,,,ES
2020-01-01T06:00:00+00:00,ACECA 3,18WACE3-12345-CD,B04,,160.3,,MAW,PT60M,10YES-REE------0,ES,,,ES
2020-01-01T06:00:00+00:00,ALDEA I G1,18WAL11-12345-AZ,B12,,53.8,,MAW,PT60M,10YES-REE------0,ES,,,ES
2020-01-01T06:00:00+00:00,ALDEA I G2,18WAL12-12345-AP,B12,,59.1,,MAW,PT60M,10YES-REE------0,ES,,,ES
2020-01-01T06:00:00+00:00,ALDEA I G3,18WAL13-12345-AF,B12,,58.1,,MAW,PT60M,10YES-REE------0,ES,,,ES
2020-01-01T06:00:00+00:00,ALDEA I G4,18WAL14-12345-A5,B12,,58.5,,MAW,PT60M,10YES-REE------0,ES,,,ES
2020-01-01T06:00:00+00:00,ALDEA I G5,18WAL15-12345-AW,B12,,58.1,,MAW,PT60M,10YES-REE------0,ES,,,ES
2020-01-01T06:00:00+00:00,ALDEA I G6,18WAL16-12345-AM,B12,,58.5,,MAW,PT60M,10YES-REE------0,ES,,,ES
2020-01-01T06:00:00+00:00,ALDEA IIG1,18WAL21-12345-AO,B12,,199.4,,MAW,PT60M,10YES-REE------0,ES,,,ES
2020-01-01T06:00:00+00:00,ALDEA IIG2,18WAL22-12345-AE,B12,,200.0,,MAW,PT60M,10YES-REE------0,ES,,,ES
2020-01-01T06:00:00+00:00,ALMARAZ 1,18WALZ1-12345-BT,B14,,1006.4,,MAW,PT60M,10YES-REE------0,ES,,,ES
2020-01-01T06:00:00+00:00,ALMARAZ 2,18WALZ2-12345-BJ,B14,,1004.7,,MAW,PT60M,10YES-REE------0,ES,,,ES
2020-01-01T06:00:00+00:00,AMBITG2,18WAMBITG2-12-CT,B04,,225.2,,MAW,PT60M,10YES-REE------0,ES,,,ES
2020-01-01T06:00:00+00:00,AMBITV,18WAMBITV-123-CK,B04,,117.1,,MAW,PT60M,10YES-REE------0,ES,,,ES
2020-01-01T06:00:00+00:00,ASCO 1,18WASC1-12345-BD,B14,,1008.0,,MAW,PT60M,10YES-REE------0,ES,,,ES
2020-01-01T06:00:00+00:00,BAHITG2,18WBAHITG2-12-CK,B04,,243.3,,MAW,PT60M,10YES-REE------0,ES,,,ES
2020-01-01T06:00:00+00:00,BAHITV,18WBAHITV-123-CB,B04,,124.3,,MAW,PT60M,10YES-REE------0,ES,,,ES
2020-01-01T06:00:00+00:00,BELESAR 3,18WBEL3-12345-AE,B12,,96.5,,MAW,PT60M,10YES-REE------0,ES,,,ES
2020-01-01T06:00:00+00:00,BESOS 3,18WBES3-12345-C7,B04,,259.2,,MAW,PT60M,10YES-REE------0,ES,,,ES
2020-01-01T06:00:00+00:00,BESOS 4,18WBES4-12345-CY,B04,,278.0,,MAW,PT60M,10YES-REE------0,ES,,,ES
2020-01-01T06:00:00+00:00,CARTAGENA1,18WCTGN1-1234-CP,B04,,353.4,,MAW,PT60M,10YES-REE------0,ES,,,ES
2020-01-01T06:00:00+00:00,CARTAGENA3,18WCTGN3-1234-C7,B04,,356.7,,MAW,PT60M,10YES-REE------0,ES,,,ES
2020-01-01T06:00:00+00:00,CASTEJON 1,18WCTJON1-123-CJ,B04,,345.4,,MAW,PT60M,10YES-REE------0,ES,,,ES
2020-01-01T06:00:00+00:00,COFRENTES,18WCOF1-12345-B2,B14,,1057.2,,MAW,PT60M,10YES-REE------0,ES,,,ES
2020-01-01T06:00:00+00:00,CTN4TG2,18WCTN4TG2-123-F,B04,,82.7,,MAW,PT60M,10YES-REE------0,ES,,,ES
2020-01-01T06:00:00+00:00,CTN4TV,18WCTN4TV-1234-3,B04,,80.4,,MAW,PT60M,10YES-REE------0,ES,,,ES
2020-01-01T06:00:00+00:00,MUELA 2B,18WMUE2B-12345-X,B10,,197.2,,MAW,PT60M,10YES-REE------0,ES,,,ES
2020-01-01T06:00:00+00:00,MUELA 3B,18WMUE3B-12345-N,B10,,195.2,,MAW,PT60M,10YES-REE------0,ES,,,ES
2020-01-01T06:00:00+00:00,MUELA 4B,18WMUE4B-12345-D,B10,,211.3,,MAW,PT60M,10YES-REE------0,ES,,,ES
2020-01-01T06:00:00+00:00,P.NUEVO 3,18WPNN3-12345-DT,B05,,138.2,,MAW,PT60M,10YES-REE------0,ES,,,ES
2020-01-01T06:00:00+00:00,PBCN1,18WPBCN1-1234-PG,B04,,279.3,,MAW,PT60M,10YES-REE------0,ES,,,ES
2020-01-01T06:00:00+00:00,PGR5TG2,18WPGR5TG2-123-M,B04,,149.3,,MAW,PT60M,10YES-REE------0,ES,,,ES
2020-01-01T06:00:00+00:00,PGR5TV,18WPGR5TV-1234-A,B04,,104.3,,MAW,PT60M,10YES-REE------0,ES,,,ES
2020-01-01T06:00:00+00:00,RICOBA II1,18WRIC21-1234-AZ,B12,,136.7,,MAW,PT60M,10YES-REE------0,ES,,,ES
2020-01-01T06:00:00+00:00,S.EST IIG1,18WEST21-12345-C,B12,,163.7,,MAW,PT60M,10YES-REE------0,ES,,,ES
2020-01-01T06:00:00+00:00,S.ROQUE 1,18WSROQ1-1234-CJ,B04,,269.0,,MAW,PT60M,10YES-REE------0,ES,,,ES
2020-01-01T06:00:00+00:00,SAGU2,18WSAGU2-1234-C3,B04,,302.8,,MAW,PT60M,10YES-REE------0,ES,,,ES
2020-01-01T06:00:00+00:00,SALLENT 1B,18WSLT1B-12345-J,B10,,0.1,,MAW,PT60M,10YES-REE------0,ES,,,ES
2020-01-01T06:00:00+00:00,SALLENT 2B,18WSLT2B-12345-9,B10,,98.9,,MAW,PT60M,10YES-REE------0,ES,,,ES
2020-01-01T06:00:00+00:00,SALLENT 3B,18WSLT3B--1234-V,B10,,0.1,,MAW,PT60M,10YES-REE------0,ES,,,ES
2020-01-01T06:00:00+00:00,SALLENT 4B,18WSLT4B-12345-Q,B10,,100.4,,MAW,PT60M,10YES-REE------0,ES,,,ES
2020-01-01T06:00:00+00:00,SAUCE II 1,18WSA21-12345-AX,B12,,114.2,,MAW,PT60M,10YES-REE------0,ES,,,ES
2020-01-01T06:00:00+00:00,SAUCE II 2,18WSA22-12345-AN,B12,,114.2,,MAW,PT60M,10YES-REE------0,ES,,,ES
2020-01-01T06:00:00+00:00,SBO3,18WSBO3-12345-CE,B04,,248.4,,MAW,PT60M,10YES-REE------0,ES,,,ES
2020-01-01T06:00:00+00:00,SOTO 5,18WSRI5-12345--5,B04,,274.2,,MAW,PT60M,10YES-REE------0,ES,,,ES
2020-01-01T06:00:00+00:00,TAJOENC 2B,18WTJE2B-12345-0,B10,,101.8,,MAW,PT60M,10YES-REE------0,ES,,,ES
2020-01-01T06:00:00+00:00,TAJOENC 3B,18WTJE3B-12345-R,B10,,102.2,,MAW,PT60M,10YES-REE------0,ES,,,ES
2020-01-01T06:00:00+00:00,TAJOENC 4B,18WTJE4B-12345-H,B10,,99.6,,MAW,PT60M,10YES-REE------0,ES,,,ES
2020-01-01T06:00:00+00:00,TERUEL 2,18WTER2-12345-DE,B05,,250.9,,MAW,PT60M,10YES-REE------0,ES,,,ES
2020-01-01T06:00:00+00:00,TRILLO,18WTRL1-12345-BC,B14,,990.2,,MAW,PT60M,10YES-REE------0,ES,,,ES
2020-01-01T06:00:00+00:00,VANDELLOS,18WVAN2-12345-BA,B14,,1038.3,,MAW,PT60M,10YES-REE------0,ES,,,ES
2020-01-01T06:00:00+00:00,VILLALC 21,18WVC21-12345-A7,B12,,104.6,,MAW,PT60M,10YES-REE------0,ES,,,ES
2020-01-01T06:00:00+00:00,VLLRINO 1B,18WVRN1B-12345-B,B10,,137.7,,MAW,PT60M,10YES-REE------0,ES,,,ES
2020-01-01T06:00:00+00:00,VLLRINO 2B,18WVRN2B-12345-1,B10,,136.9,,MAW,PT60M,10YES-REE------0,ES,,,ES
2020-01-01T06:00:00+00:00,VLLRINO 3B,18WVRN3B-12345-S,B10,,137.6,,MAW,PT60M,10YES-REE------0,ES,,,ES
2020-01-01T06:00:00+00:00,VLLRINO 4B,18WVRN4B-12345-I,B10,,138.2,,MAW,PT60M,10YES-REE------0,ES,,,ES
2020-01-01T06:00:00+00:00,VLLRINO 6B,18WVRN6B-12345-Z,B10,,143.9,,MAW,PT60M,10YES-REE------0,ES,,,ES
2020-01-01T07:00:00+00:00,ALDEA I G1,18WAL11-12345-AZ,B12,,51.8,,MAW,PT60M,10YES-REE------0,ES,,,ES
2020-01-01T07:00:00+00:00,ALDEA I G2,18WAL12-12345-AP,B12,,54.0,,MAW,PT60M,10YES-REE------0,ES,,,ES
2020-01-01T07:00:00+00:00,ALDEA I G3,18WAL13-12345-AF,B12,,54.1,,MAW,PT60M,10YES-REE------0,ES,,,ES
2020-01-01T07:00:00+00:00,ALDEA I G4,18WAL14-12345-A5,B12,,53.8,,MAW,PT60M,10YES-REE------0,ES,,,ES
2020-01-01T07:00:00+00:00,ALDEA I G5,18WAL15-12345-AW,B12,,54.2,,MAW,PT60M,10YES-REE------0,ES,,,ES
2020-01-01T07:00:00+00:00,ALDEA I G6,18WAL16-12345-AM,B12,,54.0,,MAW,PT60M,10YES-REE------0,ES,,,ES
2020-01-01T07:00:00+00:00,ALDEA IIG1,18WAL21-12345-AO,B12,,188.2,,MAW,PT60M,10YES-REE------0,ES,,,ES
2020-01-01T07:00:00+00:00,ALDEA IIG2,18WAL22-12345-AE,B12,,190.7,,MAW,PT60M,10YES-REE------0,ES,,,ES
2020-01-01T07:00:00+00:00,ALMARAZ 2,18WALZ2-12345-BJ,B14,,1004.8,,MAW,PT60M,10YES-REE------0,ES,,,ES
2020-01-01T07:00:00+00:00,AMBITG2,18WAMBITG2-12-CT,B04,,198.9,,MAW,PT60M,10YES-REE------0,ES,,,ES
2020-01-01T07:00:00+00:00,AMBITV,18WAMBITV-123-CK,B04,,112.1,,MAW,PT60M,10YES-REE------0,ES,,,ES
2020-01-01T07:00:00+00:00,ASCO 1,18WASC1-12345-BD,B14,,1007.6,,MAW,PT60M,10YES-REE------0,ES,,,ES
2020-01-01T07:00:00+00:00,ASCO 2,18WASC2-12345-B3,B14,,1002.6,,MAW,PT60M,10YES-REE------0,ES,,,ES
2020-01-01T07:00:00+00:00,BAHITG2,18WBAHITG2-12-CK,B04,,249.8,,MAW,PT60M,10YES-REE------0,ES,,,ES
2020-01-01T07:00:00+00:00,BAHITV,18WBAHITV-123-CB,B04,,126.3,,MAW,PT60M,10YES-REE------0,ES,,,ES
2020-01-01T07:00:00+00:00,BESOS 3,18WBES3-12345-C7,B04,,306.4,,MAW,PT60M,10YES-REE------0,ES,,,ES
2020-01-01T07:00:00+00:00,BESOS 4,18WBES4-12345-CY,B04,,214.8,,MAW,PT60M,10YES-REE------0,ES,,,ES
2020-01-01T07:00:00+00:00,CARTAGENA1,18WCTGN1-1234-CP,B04,,295.1,,MAW,PT60M,10YES-REE------0,ES,,,ES
2020-01-01T07:00:00+00:00,CARTAGENA3,18WCTGN3-1234-C7,B04,,290.4,,MAW,PT60M,10YES-REE------0,ES,,,ES
2020-01-01T07:00:00+00:00,CASTEJON 1,18WCTJON1-123-CJ,B04,,320.8,,MAW,PT60M,10YES-REE------0,ES,,,ES
2020-01-01T07:00:00+00:00,COFRENTES,18WCOF1-12345-B2,B14,,1057.1,,MAW,PT60M,10YES-REE------0,ES,,,ES
2020-01-01T07:00:00+00:00,CTN4TG2,18WCTN4TG2-123-F,B04,,81.9,,MAW,PT60M,10YES-REE------0,ES,,,ES
2020-01-01T07:00:00+00:00,CTN4TV,18WCTN4TV-1234-3,B04,,80.1,,MAW,PT60M,10YES-REE------0,ES,,,ES
2020-01-01T07:00:00+00:00,LA ISLA,18W000000000FUZA,B16,,0.6,,MAW,PT60M,10YES-REE------0,ES,,,ES
2020-01-01T07:00:00+00:00,MUELA 2B,18WMUE2B-12345-X,B10,,196.9,,MAW,PT60M,10YES-REE------0,ES,,,ES
2020-01-01T07:00:00+00:00,MUELA 3B,18WMUE3B-12345-N,B10,,194.7,,MAW,PT60M,10YES-REE------0,ES,,,ES
2020-01-01T07:00:00+00:00,MUELA 4B,18WMUE4B-12345-D,B10,,211.1,,MAW,PT60M,10YES-REE------0,ES,,,ES
2020-01-01T07:00:00+00:00,P.NUEVO 3,18WPNN3-12345-DT,B05,,137.7,,MAW,PT60M,10YES-REE------0,ES,,,ES
2020-01-01T07:00:00+00:00,PBCN1,18WPBCN1-1234-PG,B04,,250.0,,MAW,PT60M,10YES-REE------0,ES,,,ES
2020-01-01T07:00:00+00:00,PGR5TG2,18WPGR5TG2-123-M,B04,,164.4,,MAW,PT60M,10YES-REE------0,ES,,,ES
2020-01-01T07:00:00+00:00,PGR5TV,18WPGR5TV-1234-A,B04,,110.4,,MAW,PT60M,10YES-REE------0,ES,,,ES
2020-01-01T07:00:00+00:00,RICOBA II1,18WRIC21-1234-AZ,B12,,136.8,,MAW,PT60M,10YES-REE------0,ES,,,ES
2020-01-01T07:00:00+00:00,RODRI,18W000000000AI2L,B16,,0.7,,MAW,PT60M,10YES-REE------0,ES,,,ES
2020-01-01T07:00:00+00:00,S.EST IIG1,18WEST21-12345-C,B12,,163.5,,MAW,PT60M,10YES-REE------0,ES,,,ES
2020-01-01T07:00:00+00:00,S.ROQUE 1,18WSROQ1-1234-CJ,B04,,176.3,,MAW,PT60M,10YES-REE------0,ES,,,ES
2020-01-01T07:00:00+00:00,SAGU2,18WSAGU2-1234-C3,B04,,222.0,,MAW,PT60M,10YES-REE------0,ES,,,ES
2020-01-01T07:00:00+00:00,SALLENT 2B,18WSLT2B-12345-9,B10,,0.1,,MAW,PT60M,10YES-REE------0,ES,,,ES
2020-01-01T07:00:00+00:00,SALLENT 4B,18WSLT4B-12345-Q,B10,,7.0,,MAW,PT60M,10YES-REE------0,ES,,,ES
2020-01-01T07:00:00+00:00,SAUCE II 1,18WSA21-12345-AX,B12,,123.3,,MAW,PT60M,10YES-REE------0,ES,,,ES
2020-01-01T07:00:00+00:00,SAUCE II 2,18WSA22-12345-AN,B12,,123.3,,MAW,PT60M,10YES-REE------0,ES,,,ES
2020-01-01T07:00:00+00:00,SBO3,18WSBO3-12345-CE,B04,,240.3,,MAW,PT60M,10YES-REE------0,ES,,,ES
2020-01-01T07:00:00+00:00,SOTO 5,18WSRI5-12345--5,B04,,257.5,,MAW,PT60M,10YES-REE------0,ES,,,ES
2020-01-01T07:00:00+00:00,TAJOENC 2B,18WTJE2B-12345-0,B10,,101.2,,MAW,PT60M,10YES-REE------0,ES,,,ES
2020-01-01T07:00:00+00:00,TAJOENC 3B,18WTJE3B-12345-R,B10,,28.5,,MAW,PT60M,10YES-REE------0,ES,,,ES
2020-01-01T07:00:00+00:00,TAJOENC 4B,18WTJE4B-12345-H,B10,,99.8,,MAW,PT60M,10YES-REE------0,ES,,,ES
2020-01-01T07:00:00+00:00,TRILLO,18WTRL1-12345-BC,B14,,990.0,,MAW,PT60M,10YES-REE------0,ES,,,ES
2020-01-01T07:00:00+00:00,UF MULA,18W000000000F3CQ,B16,,6.6,,MAW,PT60M,10YES-REE------0,ES,,,ES
2020-01-01T07:00:00+00:00,VANDELLOS,18WVAN2-12345-BA,B14,,1038.0,,MAW,PT60M,10YES-REE------0,ES,,,ES
2020-01-01T07:00:00+00:00,VLLRINO 2B,18WVRN2B-12345-1,B10,,137.0,,MAW,PT60M,10YES-REE------0,ES,,,ES
2020-01-01T07:00:00+00:00,VLLRINO 3B,18WVRN3B-12345-S,B10,,137.5,,MAW,PT60M,10YES-REE------0,ES,,,ES
2020-01-01T07:00:00+00:00,VLLRINO 4B,18WVRN4B-12345-I,B10,,138.1,,MAW,PT60M,10YES-REE------0,ES,,,ES
2020-01-01T07:00:00+00:00,VLLRINO 6B,18WVRN6B-12345-Z,B10,,143.7,,MAW,PT60M,10YES-REE------0,ES,,,ES
2020-01-01T08:00:00+00:00,ALDEA I G1,18WAL11-12345-AZ,B12,,46.9,,MAW,PT60M,10YES-REE------0,ES,,,ES
2020-01-01T08:00:00+00:00,ALDEA I G2,18WAL12-12345-AP,B12,,47.7,,MAW,PT60M,10YES-REE------0,ES,,,ES
2020-01-01T08:00:00+00:00,ALDEA I G3,18WAL13-12345-AF,B12,,46.6,,MAW,PT60M,10YES-REE------0,ES,,,ES
2020-01-01T08:00:00+00:00,ALDEA I G4,18WAL14-12345-A5,B12,,46.3,,MAW,PT60M,10YES-REE------0,ES,,,ES
2020-01-01T08:00:00+00:00,ALDEA I G5,18WAL15-12345-AW,B12,,46.6,,MAW,PT60M,10YES-REE------0,ES,,,ES
2020-01-01T08:00:00+00:00,ALDEA I G6,18WAL16-12345-AM,B12,,46.7,,MAW,PT60M,10YES-REE------0,ES,,,ES
2020-01-01T08:00:00+00:00,ALDEA IIG1,18WAL21-12345-AO,B12,,159.8,,MAW,PT60M,10YES-REE------0,ES,,,ES
2020-01-01T08:00:00+00:00,ALDEA IIG2,18WAL22-12345-AE,B12,,160.1,,MAW,PT60M,10YES-REE------0,ES,,,ES
2020-01-01T08:00:00+00:00,ALMARAZ 1,18WALZ1-12345-BT,B14,,1006.2,,MAW,PT60M,10YES-REE------0,ES,,,ES
2020-01-01T08:00:00+00:00,AMBITG2,18WAMBITG2-12-CT,B04,,217.7,,MAW,PT60M,10YES-REE------0,ES,,,ES
2020-01-01T08:00:00+00:00,AMBITV,18WAMBITV-123-CK,B04,,115.1,,MAW,PT60M,10YES-REE------0,ES,,,ES
2020-01-01T08:00:00+00:00,ASCO 1,18WASC1-12345-BD,B14,,1008.0,,MAW,PT60M,10YES-REE------0,ES,,,ES
2020-01-01T08:00:00+00:00,ASCO 2,18WASC2-12345-B3,B14,,1002.4,,MAW,PT60M,10YES-REE------0,ES,,,ES
2020-01-01T08:00:00+00:00,BAHITG2,18WBAHITG2-12-CK,B04,,226.7,,MAW,PT60M,10YES-REE------0,ES,,,ES
2020-01-01T08:00:00+00:00,BAHITV,18WBAHITV-123-CB,B04,,119.2,,MAW,PT60M,10YES-REE------0,ES,,,ES
2020-01-01T08:00:00+00:00,BESOS 3,18WBES3-12345-C7,B04,,296.2,,MAW,PT60M,10YES-REE------0,ES,,,ES
2020-01-01T08:00:00+00:00,BESOS 4,18WBES4-12345-CY,B04,,197.3,,MAW,PT60M,10YES-REE------0,ES,,,ES
2020-01-01T08:00:00+00:00,CARTAGENA1,18WCTGN1-1234-CP,B04,,275.0,,MAW,PT60M,10YES-REE------0,ES,,,ES
2020-01-01T08:00:00+00:00,CARTAGENA3,18WCTGN3-1234-C7,B04,,258.5,,MAW,PT60M,10YES-REE------0,ES,,,ES
2020-01-01T08:00:00+00:00,CASTEJON 1,18WCTJON1-123-CJ,B04,,315.7,,MAW,PT60M,10YES-REE------0,ES,,,ES
2020-01-01T08:00:00+00:00,COFRENTES,18WCOF1-12345-B2,B14,,1057.6,,MAW,PT60M,10YES-REE------0,ES,,,ES
2020-01-01T08:00:00+00:00,CTN4TG2,18WCTN4TG2-123-F,B04,,81.8,,MAW,PT60M,10YES-REE------0,ES,,,ES
2020-01-01T08:00:00+00:00,CTN4TV,18WCTN4TV-1234-3,B04,,79.9,,MAW,PT60M,10YES-REE------0,ES,,,ES
2020-01-01T08:00:00+00:00,LA ISLA,18W000000000FUZA,B16,,28.1,,MAW,PT60M,10YES-REE------0,ES,,,ES
2020-01-01T08:00:00+00:00,MUELA 2B,18WMUE2B-12345-X,B10,,196.8,,MAW,PT60M,10YES-REE------0,ES,,,ES
2020-01-01T08:00:00+00:00,MUELA 3B,18WMUE3B-12345-N,B10,,194.6,,MAW,PT60M,10YES-REE------0,ES,,,ES
2020-01-01T08:00:00+00:00,MUELA 4B,18WMUE4B-12345-D,B10,,210.9,,MAW,PT60M,10YES-REE------0,ES,,,ES
2020-01-01T08:00:00+00:00,P.NUEVO 3,18WPNN3-12345-DT,B05,,137.9,,MAW,PT60M,10YES-REE------0,ES,,,ES
2020-01-01T08:00:00+00:00,PBCN1,18WPBCN1-1234-PG,B04,,206.1,,MAW,PT60M,10YES-REE------0,ES,,,ES
2020-01-01T08:00:00+00:00,PGR5TG2,18WPGR5TG2-123-M,B04,,192.6,,MAW,PT60M,10YES-REE------0,ES,,,ES
2020-01-01T08:00:00+00:00,PGR5TV,18WPGR5TV-1234-A,B04,,120.1,,MAW,PT60M,10YES-REE------0,ES,,,ES
2020-01-01T08:00:00+00:00,RICOBA II1,18WRIC21-1234-AZ,B12,,137.0,,MAW,PT60M,10YES-REE------0,ES,,,ES
2020-01-01T08:00:00+00:00,RODRI,18W000000000AI2L,B16,,16.8,,MAW,PT60M,10YES-REE------0,ES,,,ES
2020-01-01T08:00:00+00:00,S.EST IIG1,18WEST21-12345-C,B12,,163.4,,MAW,PT60M,10YES-REE------0,ES,,,ES
2020-01-01T08:00:00+00:00,S.ROQUE 1,18WSROQ1-1234-CJ,B04,,146.2,,MAW,PT60M,10YES-REE------0,ES,,,ES
2020-01-01T08:00:00+00:00,SAGU2,18WSAGU2-1234-C3,B04,,192.5,,MAW,PT60M,10YES-REE------0,ES,,,ES
2020-01-01T08:00:00+00:00,SALLENT 1B,18WSLT1B-12345-J,B10,,0.0,,MAW,PT60M,10YES-REE------0,ES,,,ES
2020-01-01T08:00:00+00:00,SALLENT 3B,18WSLT3B--1234-V,B10,,0.0,,MAW,PT60M,10YES-REE------0,ES,,,ES
2020-01-01T08:00:00+00:00,SALLENT 4B,18WSLT4B-12345-Q,B10,,0.1,,MAW,PT60M,10YES-REE------0,ES,,,ES
2020-01-01T08:00:00+00:00,SAUCE II 1,18WSA21-12345-AX,B12,,113.0,,MAW,PT60M,10YES-REE------0,ES,,,ES
2020-01-01T08:00:00+00:00,SAUCE II 2,18WSA22-12345-AN,B12,,113.0,,MAW,PT60M,10YES-REE------0,ES,,,ES
2020-01-01T08:00:00+00:00,SBO3,18WSBO3-12345-CE,B04,,193.0,,MAW,PT60M,10YES-REE------0,ES,,,ES
2020-01-01T08:00:00+00:00,SOTO 5,18WSRI5-12345--5,B04,,238.3,,MAW,PT60M,10YES-REE------0,ES,,,ES
2020-01-01T08:00:00+00:00,TAJOENC 2B,18WTJE2B-12345-0,B10,,74.3,,MAW,PT60M,10YES-REE------0,ES,,,ES
2020-01-01T08:00:00+00:00,TAJOENC 3B,18WTJE3B-12345-R,B10,,0.1,,MAW,PT60M,10YES-REE------0,ES,,,ES
2020-01-01T08:00:00+00:00,TAJOENC 4B,18WTJE4B-12345-H,B10,,31.4,,MAW,PT60M,10YES-REE------0,ES,,,ES
2020-01-01T08:00:00+00:00,TERUEL 2,18WTER2-12345-DE,B05,,250.5,,MAW,PT60M,10YES-REE------0,ES,,,ES
2020-01-01T08:00:00+00:00,TRILLO,18WTRL1-12345-BC,B14,,990.2,,MAW,PT60M,10YES-REE------0,ES,,,ES
2020-01-01T08:00:00+00:00,UF MULA,18W000000000F3CQ,B16,,84.9,,MAW,PT60M,10YES-REE------0,ES,,,ES
2020-01-01T08:00:00+00:00,VANDELLOS,18WVAN2-12345-BA,B14,,1038.6,,MAW,PT60M,10YES-REE------0,ES,,,ES
2020-01-01T08:00:00+00:00,VILLALC 21,18WVC21-12345-A7,B12,,105.1,,MAW,PT60M,10YES-REE------0,ES,,,ES
2020-01-01T08:00:00+00:00,VLLRINO 1B,18WVRN1B-12345-B,B10,,137.6,,MAW,PT60M,10YES-REE------0,ES,,,ES
2020-01-01T08:00:00+00:00,VLLRINO 2B,18WVRN2B-12345-1,B10,,136.9,,MAW,PT60M,10YES-REE------0,ES,,,ES
2020-01-01T08:00:00+00:00,VLLRINO 6B,18WVRN6B-12345-Z,B10,,143.9,,MAW,PT60M,10YES-REE------0,ES,,,ES
2020-01-01T09:00:00+00:00,ACECA 3,18WACE3-12345-CD,B04,,164.5,,MAW,PT60M,10YES-REE------0,ES,,,ES
2020-01-01T09:00:00+00:00,ALDEA I G1,18WAL11-12345-AZ,B12,,116.1,,MAW,PT60M,10YES-REE------0,ES,,,ES
2020-01-01T09:00:00+00:00,ALDEA I G2,18WAL12-12345-AP,B12,,96.5,,MAW,PT60M,10YES-REE------0,ES,,,ES
2020-01-01T09:00:00+00:00,ALDEA I G3,18WAL13-12345-AF,B12,,114.1,,MAW,PT60M,10YES-REE------0,ES,,,ES
2020-01-01T09:00:00+00:00,ALDEA I G4,18WAL14-12345-A5,B12,,113.8,,MAW,PT60M,10YES-REE------0,ES,,,ES
2020-01-01T09:00:00+00:00,ALDEA I G5,18WAL15-12345-AW,B12,,113.9,,MAW,PT60M,10YES-REE------0,ES,,,ES
2020-01-01T09:00:00+00:00,ALDEA I G6,18WAL16-12345-AM,B12,,113.8,,MAW,PT60M,10YES-REE------0,ES,,,ES
2020-01-01T09:00:00+00:00,ALDEA IIG1,18WAL21-12345-AO,B12,,188.1,,MAW,PT60M,10YES-REE------0,ES,,,ES
2020-01-01T09:00:00+00:00,ALDEA IIG2,18WAL22-12345-AE,B12,,187.7,,MAW,PT60M,10YES-REE------0,ES,,,ES
2020-01-01T09:00:00+00:00,ALMARAZ 2,18WALZ2-12345-BJ,B14,,1004.7,,MAW,PT60M,10YES-REE------0,ES,,,ES
2020-01-01T09:00:00+00:00,AMBITG2,18WAMBITG2-12-CT,B04,,191.1,,MAW,PT60M,10YES-REE------0,ES,,,ES
2020-01-01T09:00:00+00:00,AMBITV,18WAMBITV-123-CK,B04,,109.5,,MAW,PT60M,10YES-REE------0,ES,,,ES
2020-01-01T09:00:00+00:00,ASCO 1,18WASC1-12345-BD,B14,,1007.7,,MAW,PT60M,10YES-REE------0,ES,,,ES
2020-01-01T09:00:00+00:00,ASCO 2,18WASC2-12345-B3,B14,,1002.8,,MAW,PT60M,10YES-REE------0,ES,,,ES
2020-01-01T09:00:00+00:00,BAHITG2,18WBAHITG2-12-CK,B04,,230.6,,MAW,PT60M,10YES-REE------0,ES,,,ES
2020-01-01T09:00:00+00:00,BAHITV,18WBAHITV-123-CB,B04,,120.2,,MAW,PT60M,10YES-REE------0,ES,,,ES
2020-01-01T09:00:00+00:00,BESOS 3,18WBES3-12345-C7,B04,,191.9,,MAW,PT60M,10YES-REE------0,ES,,,ES
2020-01-01T09:00:00+00:00,BESOS 4,18WBES4-12345-CY,B04,,172.4,,MAW,PT60M,10YES-REE------0,ES,,,ES
2020-01-01T09:00:00+00:00,CARTAGENA1,18WCTGN1-1234-CP,B04,,238.8,,MAW,PT60M,10YES-REE------0,ES,,,ES
2020-01-01T09:00:00+00:00,CARTAGENA3,18WCTGN3-1234-C7,B04,,229.0,,MAW,PT60M,10YES-REE------0,ES,,,ES
2020-01-01T09:00:00+00:00,CASTEJON 1,18WCTJON1-123-CJ,B04,,177.0,,MAW,PT60M,10YES-REE------0,ES,,,ES
2020-01-01T09:00:00+00:00,CTN4TG2,18WCTN4TG2-123-F,B04,,84.3,,MAW,PT60M,10YES-REE------0,ES,,,ES
2020-01-01T09:00:00+00:00,CTN4TV,18WCTN4TV-1234-3,B04,,81.0,,MAW,PT60M,10YES-REE------0,ES,,,ES
2020-01-01T09:00:00+00:00,LA ISLA,18W000000000FUZA,B16,,85.2,,MAW,PT60M,10YES-REE------0,ES,,,ES
2020-01-01T09:00:00+00:00,MUELA 2B,18WMUE2B-12345-X,B10,,196.4,,MAW,PT60M,10YES-REE------0,ES,,,ES
2020-01-01T09:00:00+00:00,MUELA 3B,18WMUE3B-12345-N,B10,,194.2,,MAW,PT60M,10YES-REE------0,ES,,,ES
2020-01-01T09:00:00+00:00,MUELA 4B,18WMUE4B-12345-D,B10,,210.7,,MAW,PT60M,10YES-REE------0,ES,,,ES
2020-01-01T09:00:00+00:00,P.NUEVO 3,18WPNN3-12345-DT,B05,,138.1,,MAW,PT60M,10YES-REE------0,ES,,,ES
2020-01-01T09:00:00+00:00,PBCN1,18WPBCN1-1234-PG,B04,,201.8,,MAW,PT60M,10YES-REE------0,ES,,,ES
2020-01-01T09:00:00+00:00,PGR5TG2,18WPGR5TG2-123-M,B04,,191.6,,MAW,PT60M,10YES-REE------0,ES,,,ES
2020-01-01T09:00:00+00:00,PGR5TV,18WPGR5TV-1234-A,B04,,119.4,,MAW,PT60M,10YES-REE------0,ES,,,ES
2020-01-01T09:00:00+00:00,RICOBA II1,18WRIC21-1234-AZ,B12,,137.2,,MAW,PT60M,10YES-REE------0,ES,,,ES
2020-01-01T09:00:00+00:00,RODRI,18W000000000AI2L,B16,,49.0,,MAW,PT60M,10YES-REE------0,ES,,,ES
2020-01-01T09:00:00+00:00,S.EST IIG1,18WEST21-12345-C,B12,,163.3,,MAW,PT60M,10YES-REE------0,ES,,,ES
2020-01-01T09:00:00+00:00,S.ROQUE 1,18WSROQ1-1234-CJ,B04,,133.1,,MAW,PT60M,10YES-REE------0,ES,,,ES
2020-01-01T09:00:00+00:00,SAGU2,18WSAGU2-1234-C3,B04,,183.9,,MAW,PT60M,10YES-REE------0,ES,,,ES
2020-01-01T09:00:00+00:00,SAUCE II 1,18WSA21-12345-AX,B12,,120.9,,MAW,PT60M,10YES-REE------0,ES,,,ES
2020-01-01T09:00:00+00:00,SAUCE II 2,18WSA22-12345-AN,B12,,120.9,,MAW,PT60M,10YES-REE------0,ES,,,ES
2020-01-01T09:00:00+00:00,SBO3,18WSBO3-12345-CE,B04,,187.6,,MAW,PT60M,10YES-REE------0,ES,,,ES
2020-01-01T09:00:00+00:00,SOTO 5,18WSRI5-12345--5,B04,,236.1,,MAW,PT60M,10YES-REE------0,ES,,,ES
2020-01-01T09:00:00+00:00,TAJOENC 2B,18WTJE2B-12345-0,B10,,0.1,,MAW,PT60M,10YES-REE------0,ES,,,ES
2020-01-01T09:00:00+00:00,TAJOENC 4B,18WTJE4B-12345-H,B10,,0.1,,MAW,PT60M,10YES-REE------0,ES,,,ES
2020-01-01T09:00:00+00:00,TERUEL 2,18WTER2-12345-DE,B05,,250.9,,MAW,PT60M,10YES-REE------0,ES,,,ES
2020-01-01T09:00:00+00:00,TRILLO,18WTRL1-12345-BC,B14,,990.4,,MAW,PT60M,10YES-REE------0,ES,,,ES
2020-01-01T09:00:00+00:00,UF MULA,18W000000000F3CQ,B16,,196.3,,MAW,PT60M,10YES-REE------0,ES,,,ES
2020-01-01T09:00:00+00:00,VANDELLOS,18WVAN2-12345-BA,B14,,1038.3,,MAW,PT60M,10YES-REE------0,ES,,,ES
2020-01-01T09:00:00+00:00,VILLALC 21,18WVC21-12345-A7,B12,,105.9,,MAW,PT60M,10YES-REE------0,ES,,,ES
2020-01-01T09:00:00+00:00,VLLRINO 2B,18WVRN2B-12345-1,B10,,136.8,,MAW,PT60M,10YES-REE------0,ES,,,ES
2020-01-01T09:00:00+00:00,VLLRINO 4B,18WVRN4B-12345-I,B10,,138.0,,MAW,PT60M,10YES-REE------0,ES,,,ES
2020-01-01T09:00:00+00:00,VLLRINO 6B,18WVRN6B-12345-Z,B10,,143.8,,MAW,PT60M,10YES-REE------0,ES,,,ES
2020-01-01T10:00:00+00:00,ACECA 3,18WACE3-12345-CD,B04,,167.8,,MAW,PT60M,10YES-REE------0,ES,,,ES
2020-01-01T10:00:00+00:00,ALDEA I G1,18WAL11-12345-AZ,B12,,126.3,,MAW,PT60M,10YES-REE------0,ES,,,ES
2020-01-01T10:00:00+00:00,ALDEA I G2,18WAL12-12345-AP,B12,,100.4,,MAW,PT60M,10YES-REE------0,ES,,,ES
2020-01-01T10:00:00+00:00,ALDEA I G3,18WAL13-12345-AF,B12,,124.2,,MAW,PT60M,10YES-REE------0,ES,,,ES
2020-01-01T10:00:00+00:00,ALDEA I G4,18WAL14-12345-A5,B12,,123.7,,MAW,PT60M,10YES-REE------0,ES,,,ES
2020-01-01T10:00:00+00:00,ALDEA I G5,18WAL15-12345-AW,B12,,123.7,,MAW,PT60M,10YES-REE------0,ES,,,ES
2020-01-01T10:00:00+00:00,ALDEA I G6,18WAL16-12345-AM,B12,,125.2,,MAW,PT60M,10YES-REE------0,ES,,,ES
2020-01-01T10:00:00+00:00,ALDEA IIG1,18WAL21-12345-AO,B12,,195.1,,MAW,PT60M,10YES-REE------0,ES,,,ES
2020-01-01T10:00:00+00:00,ALDEA IIG2,18WAL22-12345-AE,B12,,193.9,,MAW,PT60M,10YES-REE------0,ES,,,ES
2020-01-01T10:00:00+00:00,ALMARAZ 1,18WALZ1-12345-BT,B14,,1006.5,,MAW,PT60M,10YES-REE------0,ES,,,ES
2020-01-01T10:00:00+00:00,ALMARAZ 2,18WALZ2-12345-BJ,B14,,1004.6,,MAW,PT60M,10YES-REE------0,ES,,,ES
2020-01-01T10:00:00+00:00,AMBITG2,18WAMBITG2-12-CT,B04,,253.6,,MAW,PT60M,10YES-REE------0,ES,,,ES
2020-01-01T10:00:00+00:00,AMBITV,18WAMBITV-123-CK,B04,,126.3,,MAW,PT60M,10YES-REE------0,ES,,,ES
2020-01-01T10:00:00+00:00,ASCO 1,18WASC1-12345-BD,B14,,1007.9,,MAW,PT60M,10YES-REE------0,ES,,,ES
2020-01-01T10:00:00+00:00,ASCO 2,18WASC2-12345-B3,B14,,1002.3,,MAW,PT60M,10YES-REE------0,ES,,,ES
2020-01-01T10:00:00+00:00,BAHITG2,18WBAHITG2-12-CK,B04,,231.2,,MAW,PT60M,10YES-REE------0,ES,,,ES
2020-01-01T10:00:00+00:00,BELESAR 3,18WBEL3-12345-AE,B12,,96.4,,MAW,PT60M,10YES-REE------0,ES,,,ES
2020-01-01T10:00:00+00:00,BESOS 3,18WBES3-12345-C7,B04,,168.6,,MAW,PT60M,10YES-REE------0,ES,,,ES
2020-01-01T10:00:00+00:00,BESOS 4,18WBES4-12345-CY,B04,,70.6,,MAW,PT60M,10YES-REE------0,ES,,,ES
2020-01-01T10:00:00+00:00,CARTAGENA1,18WCTGN1-1234-CP,B04,,313.6,,MAW,PT60M,10YES-REE------0,ES,,,ES
2020-01-01T10:00:00+00:00,CARTAGENA3,18WCTGN3-1234-C7,B04,,300.9,,MAW,PT60M,10YES-REE------0,ES,,,ES
2020-01-01T10:00:00+00:00,CASTEJON 1,18WCTJON1-123-CJ,B04,,204.5,,MAW,PT60M,10YES-REE------0,ES,,,ES
2020-01-01T10:00:00+00:00,COFRENTES,18WCOF1-12345-B2,B14,,1057.1,,MAW,PT60M,10YES-REE------0,ES,,,ES
2020-01-01T10:00:00+00:00,CTN4TG2,18WCTN4TG2-123-F,B04,,86.3,,MAW,PT60M,10YES-REE------0,ES,,,ES
2020-01-01T10:00:00+00:00,CTN4TV,18WCTN4TV-1234-3,B04,,81.9,,MAW,PT60M,10YES-REE------0,ES,,,ES
2020-01-01T10:00:00+00:00,LA ISLA,18W000000000FUZA,B16,,92.6,,MAW,PT60M,10YES-REE------0,ES,,,ES
2020-01-01T10:00:00+00:00,MUELA 2B,18WMUE2B-12345-X,B10,,153.8,,MAW,PT60M,10YES-REE------0,ES,,,ES
2020-01-01T10:00:00+00:00,MUELA 4B,18WMUE4B-12345-D,B10,,210.2,,MAW,PT60M,10YES-REE------0,ES,,,ES
2020-01-01T10:00:00+00:00,MUELA 7B,18WMUE7B-12345-K,B10,,195.8,,MAW,PT60M,10YES-REE------0,ES,,,ES
2020-01-01T10:00:00+00:00,PBCN1,18WPBCN1-1234-PG,B04,,260.6,,MAW,PT60M,10YES-REE------0,ES,,,ES
2020-01-01T10:00:00+00:00,PGR5TG2,18WPGR5TG2-123-M,B04,,165.9,,MAW,PT60M,10YES-REE------0,ES,,,ES
2020-01-01T10:00:00+00:00,PGR5TV,18WPGR5TV-1234-A,B04,,111.7,,MAW,PT60M,10YES-REE------0,ES,,,ES
2020-01-01T10:00:00+00:00,RICOBA II1,18WRIC21-1234-AZ,B12,,137.7,,MAW,PT60M,10YES-REE------0,ES,,,ES
2020-01-01T10:00:00+00:00,RODRI,18W000000000AI2L,B16,,92.4,,MAW,PT60M,10YES-REE------0,ES,,,ES
2020-01-01T10:00:00+00:00,S.EST IIG1,18WEST21-12345-C,B12,,162.8,,MAW,PT60M,10YES-REE------0,ES,,,ES
2020-01-01T10:00:00+00:00,S.ROQUE 1,18WSROQ1-1234-CJ,B04,,194.5,,MAW,PT60M,10YES-REE------0,ES,,,ES
2020-01-01T10:00:00+00:00,SAGU2,18WSAGU2-1234-C3,B04,,239.5,,MAW,PT60M,10YES-REE------0,ES,,,ES
2020-01-01T10:00:00+00:00,SAUCE II 1,18WSA21-12345-AX,B12,,121.9,,MAW,PT60M,10YES-REE------0,ES,,,ES
2020-01-01T10:00:00+00:00,SAUCE II 2,18WSA22-12345-AN,B12,,121.9,,MAW,PT60M,10YES-REE------0,ES,,,ES
2020-01-01T10:00:00+00:00,SBO3,18WSBO3-12345-CE,B04,,244.6,,MAW,PT60M,10YES-REE------0,ES,,,ES
2020-01-01T10:00:00+00:00,SOTO 5,18WSRI5-12345--5,B04,,283.0,,MAW,PT60M,10YES-REE------0,ES,,,ES
2020-01-01T10:00:00+00:00,TERUEL 2,18WTER2-12345-DE,B05,,250.6,,MAW,PT60M,10YES-REE------0,ES,,,ES
2020-01-01T10:00:00+00:00,TRILLO,18WTRL1-12345-BC,B14,,990.3,,MAW,PT60M,10YES-REE------0,ES,,,ES
2020-01-01T10:00:00+00:00,UF MULA,18W000000000F3CQ,B16,,280.7,,MAW,PT60M,10YES-REE------0,ES,,,ES
2020-01-01T10:00:00+00:00,VANDELLOS,18WVAN2-12345-BA,B14,,1038.4,,MAW,PT60M,10YES-REE------0,ES,,,ES
2020-01-01T10:00:00+00:00,VILLALC 21,18WVC21-12345-A7,B12,,106.8,,MAW,PT60M,10YES-REE------0,ES,,,ES
2020-01-01T10:00:00+00:00,VLLRINO 1B,18WVRN1B-12345-B,B10,,137.4,,MAW,PT60M,10YES-REE------0,ES,,,ES
2020-01-01T10:00:00+00:00,VLLRINO 2B,18WVRN2B-12345-1,B10,,136.7,,MAW,PT60M,10YES-REE------0,ES,,,ES
2020-01-01T10:00:00+00:00,VLLRINO 3B,18WVRN3B-12345-S,B10,,137.4,,MAW,PT60M,10YES-REE------0,ES,,,ES
2020-01-01T10:00:00+00:00,VLLRINO 4B,18WVRN4B-12345-I,B10,,137.9,,MAW,PT60M,10YES-REE------0,ES,,,ES
2020-01-01T10:00:00+00:00,VLLRINO 6B,18WVRN6B-12345-Z,B10,,143.7,,MAW,PT60M,10YES-REE------0,ES,,,ES
2020-01-01T11:00:00+00:00,ACECA 3,18WACE3-12345-CD,B04,,164.6,,MAW,PT60M,10YES-REE------0,ES,,,ES
2020-01-01T11:00:00+00:00,ALDEA I G1,18WAL11-12345-AZ,B12,,126.0,,MAW,PT60M,10YES-REE------0,ES,,,ES
2020-01-01T11:00:00+00:00,ALDEA I G2,18WAL12-12345-AP,B12,,100.2,,MAW,PT60M,10YES-REE------0,ES,,,ES
2020-01-01T11:00:00+00:00,ALDEA I G3,18WAL13-12345-AF,B12,,123.8,,MAW,PT60M,10YES-REE------0,ES,,,ES
2020-01-01T11:00:00+00:00,ALDEA I G4,18WAL14-12345-A5,B12,,124.0,,MAW,PT60M,10YES-REE------0,ES,,,ES
2020-01-01T11:00:00+00:00,ALDEA I G5,18WAL15-12345-AW,B12,,123.5,,MAW,PT60M,10YES-REE------0,ES,,,ES
2020-01-01T11:00:00+00:00,ALDEA I G6,18WAL16-12345-AM,B12,,124.7,,MAW,PT60M,10YES-REE------0,ES,,,ES
2020-01-01T11:00:00+00:00,ALDEA IIG1,18WAL21-12345-AO,B12,,186.3,,MAW,PT60M,10YES-REE------0,ES,,,ES
2020-01-01T11:00:00+00:00,ALDEA IIG2,18WAL22-12345-AE,B12,,188.9,,MAW,PT60M,10YES-REE------0,ES,,,ES
2020-01-01T11:00:00+00:00,ALMARAZ 1,18WALZ1-12345-BT,B14,,1006.9,,MAW,PT60M,10YES-REE------0,ES,,,ES
2020-01-01T11:00:00+00:00,ALMARAZ 2,18WALZ2-12345-BJ,B14,,1004.7,,MAW,PT60M,10YES-REE------0,ES,,,ES
2020-01-01T11:00:00+00:00,AMBITG2,18WAMBITG2-12-CT,B04,,240.8,,MAW,PT60M,10YES-REE------0,ES,,,ES
2020-01-01T11:00:00+00:00,AMBITV,18WAMBITV-123-CK,B04,,125.7,,MAW,PT60M,10YES-REE------0,ES,,,ES
2020-01-01T11:00:00+00:00,ASCO 1,18WASC1-12345-BD,B14,,1007.7,,MAW,PT60M,10YES-REE------0,ES,,,ES
2020-01-01T11:00:00+00:00,ASCO 2,18WASC2-12345-B3,B14,,1002.5,,MAW,PT60M,10YES-REE------0,ES,,,ES
2020-01-01T11:00:00+00:00,BAHITG2,18WBAHITG2-12-CK,B04,,237.4,,MAW,PT60M,10YES-REE------0,ES,,,ES
2020-01-01T11:00:00+00:00,BAHITV,18WBAHITV-123-CB,B04,,122.6,,MAW,PT60M,10YES-REE------0,ES,,,ES
2020-01-01T11:00:00+00:00,BELESAR 2,18WBEL2-12345-AO,B12,,37.1,,MAW,PT60M,10YES-REE------0,ES,,,ES
2020-01-01T11:00:00+00:00,BESOS 3,18WBES3-12345-C7,B04,,172.6,,MAW,PT60M,10YES-REE------0,ES,,,ES
2020-01-01T11:00:00+00:00,BESOS 4,18WBES4-12345-CY,B04,,0.0,,MAW,PT60M,10YES-REE------0,ES,,,ES
2020-01-01T11:00:00+00:00,CARTAGENA1,18WCTGN1-1234-CP,B04,,341.5,,MAW,PT60M,10YES-REE------0,ES,,,ES
2020-01-01T11:00:00+00:00,CARTAGENA3,18WCTGN3-1234-C7,B04,,348.2,,MAW,PT60M,10YES-REE------0,ES,,,ES
2020-01-01T11:00:00+00:00,CASTEJON 1,18WCTJON1-123-CJ,B04,,209.8,,MAW,PT60M,10YES-REE------0,ES,,,ES
2020-01-01T11:00:00+00:00,COFRENTES,18WCOF1-12345-B2,B14,,1057.5,,MAW,PT60M,10YES-REE------0,ES,,,ES
2020-01-01T11:00:00+00:00,CTN4TG2,18WCTN4TG2-123-F,B04,,83.9,,MAW,PT60M,10YES-REE------0,ES,,,ES
2020-01-01T11:00:00+00:00,CTN4TV,18WCTN4TV-1234-3,B04,,80.9,,MAW,PT60M,10YES-REE------0,ES,,,ES
2020-01-01T11:00:00+00:00,LA ISLA,18W000000000FUZA,B16,,85.1,,MAW,PT60M,10YES-REE------0,ES,,,ES
2020-01-01T11:00:00+00:00,MUELA 2B,18WMUE2B-12345-X,B10,,0.0,,MAW,PT60M,10YES-REE------0,ES,,,ES
2020-01-01T11:00:00+00:00,MUELA 4B,18WMUE4B-12345-D,B10,,28.4,,MAW,PT60M,10YES-REE------0,ES,,,ES
2020-01-01T11:00:00+00:00,MUELA 7B,18WMUE7B-12345-K,B10,,208.2,,MAW,PT60M,10YES-REE------0,ES,,,ES
2020-01-01T11:00:00+00:00,P.NUEVO 3,18WPNN3-12345-DT,B05,,138.6,,MAW,PT60M,10YES-REE------0,ES,,,ES
2020-01-01T11:00:00+00:00,PBCN1,18WPBCN1-1234-PG,B04,,324.4,,MAW,PT60M,10YES-REE------0,ES,,,ES
2020-01-01T11:00:00+00:00,PGR5TG2,18WPGR5TG2-123-M,B04,,187.0,,MAW,PT60M,10YES-REE------0,ES,,,ES
2020-01-01T11:00:00+00:00,PGR5TV,18WPGR5TV-1234-A,B04,,118.7,,MAW,PT60M,10YES-REE------0,ES,,,ES
2020-01-01T11:00:00+00:00,RICOBA II1,18WRIC21-1234-AZ,B12,,138.2,,MAW,PT60M,10YES-REE------0,ES,,,ES
2020-01-01T11:00:00+00:00,RODRI,18W000000000AI2L,B16,,110.5,,MAW,PT60M,10YES-REE------0,ES,,,ES
2020-01-01T11:00:00+00:00,S.EST IIG1,18WEST21-12345-C,B12,,162.7,,MAW,PT60M,10YES-REE------0,ES,,,ES
2020-01-01T11:00:00+00:00,S.ROQUE 1,18WSROQ1-1234-CJ,B04,,248.9,,MAW,PT60M,10YES-REE------0,ES,,,ES
2020-01-01T11:00:00+00:00,SAGU2,18WSAGU2-1234-C3,B04,,297.5,,MAW,PT60M,10YES-REE------0,ES,,,ES
2020-01-01T11:00:00+00:00,SAUCE II 1,18WSA21-12345-AX,B12,,122.7,,MAW,PT60M,10YES-REE------0,ES,,,ES
2020-01-01T11:00:00+00:00,SAUCE II 2,18WSA22-12345-AN,B12,,122.7,,MAW,PT60M,10YES-REE------0,ES,,,ES
2020-01-01T11:00:00+00:00,SBO3,18WSBO3-12345-CE,B04,,305.6,,MAW,PT60M,10YES-REE------0,ES,,,ES
2020-01-01T11:00:00+00:00,SOTO 5,18WSRI5-12345--5,B04,,288.4,,MAW,PT60M,10YES-REE------0,ES,,,ES
2020-01-01T11:00:00+00:00,TERUEL 2,18WTER2-12345-DE,B05,,251.2,,MAW,PT60M,10YES-REE------0,ES,,,ES
2020-01-01T11:00:00+00:00,UF MULA,18W000000000F3CQ,B16,,320.3,,MAW,PT60M,10YES-REE------0,ES,,,ES
2020-01-01T11:00:00+00:00,VILLALC 21,18WVC21-12345-A7,B12,,107.5,,MAW,PT60M,10YES-REE------0,ES,,,ES
2020-01-01T11:00:00+00:00,VLLRINO 1B,18WVRN1B-12345-B,B10,,137.3,,MAW,PT60M,10YES-REE------0,ES,,,ES
2020-01-01T11:00:00+00:00,VLLRINO 2B,18WVRN2B-12345-1,B10,,136.6,,MAW,PT60M,10YES-REE------0,ES,,,ES
2020-01-01T11:00:00+00:00,VLLRINO 3B,18WVRN3B-12345-S,B10,,137.2,,MAW,PT60M,10YES-REE------0,ES,,,ES
2020-01-01T11:00:00+00:00,VLLRINO 4B,18WVRN4B-12345-I,B10,,137.8,,MAW,PT60M,10YES-REE------0,ES,,,ES
2020-01-01T11:00:00+00:00,VLLRINO 6B,18WVRN6B-12345-Z,B10,,143.4,,MAW,PT60M,10YES-REE------0,ES,,,ES
2020-01-01T12:00:00+00:00,ACECA 3,18WACE3-12345-CD,B04,,162.4,,MAW,PT60M,10YES-REE------0,ES,,,ES
2020-01-01T12:00:00+00:00,ALDEA I G1,18WAL11-12345-AZ,B12,,110.5,,MAW,PT60M,10YES-REE------0,ES,,,ES
2020-01-01T12:00:00+00:00,ALDEA I G2,18WAL12-12345-AP,B12,,97.9,,MAW,PT60M,10YES-REE------0,ES,,,ES
2020-01-01T12:00:00+00:00,ALDEA I G3,18WAL13-12345-AF,B12,,111.4,,MAW,PT60M,10YES-REE------0,ES,,,ES
2020-01-01T12:00:00+00:00,ALDEA I G4,18WAL14-12345-A5,B12,,111.9,,MAW,PT60M,10YES-REE------0,ES,,,ES
2020-01-01T12:00:00+00:00,ALDEA I G5,18WAL15-12345-AW,B12,,111.2,,MAW,PT60M,10YES-REE------0,ES,,,ES
2020-01-01T12:00:00+00:00,ALDEA I G6,18WAL16-12345-AM,B12,,116.2,,MAW,PT60M,10YES-REE------0,ES,,,ES
2020-01-01T12:00:00+00:00,ALDEA IIG1,18WAL21-12345-AO,B12,,179.5,,MAW,PT60M,10YES-REE------0,ES,,,ES
2020-01-01T12:00:00+00:00,ALDEA IIG2,18WAL22-12345-AE,B12,,179.9,,MAW,PT60M,10YES-REE------0,ES,,,ES
2020-01-01T12:00:00+00:00,ALMARAZ 1,18WALZ1-12345-BT,B14,,1007.5,,MAW,PT60M,10YES-REE------0,ES,,,ES
2020-01-01T12:00:00+00:00,ALMARAZ 2,18WALZ2-12345-BJ,B14,,1005.1,,MAW,PT60M,10YES-REE------0,ES,,,ES
2020-01-01T12:00:00+00:00,AMBITG2,18WAMBITG2-12-CT,B04,,239.2,,MAW,PT60M,10YES-REE------0,ES,,,ES
2020-01-01T12:00:00+00:00,AMBITV,18WAMBITV-123-CK,B04,,124.0,,MAW,PT60M,10YES-REE------0,ES,,,ES
2020-01-01T12:00:00+00:00,ASCO 1,18WASC1-12345-BD,B14,,1007.8,,MAW,PT60M,10YES-REE------0,ES,,,ES
2020-01-01T12:00:00+00:00,ASCO 2,18WASC2-12345-B3,B14,,1002.3,,MAW,PT60M,10YES-REE------0,ES,,,ES
2020-01-01T12:00:00+00:00,BAHITG2,18WBAHITG2-12-CK,B04,,237.3,,MAW,PT60M,10YES-REE------0,ES,,,ES
2020-01-01T12:00:00+00:00,BAHITV,18WBAHITV-123-CB,B04,,122.9,,MAW,PT60M,10YES-REE------0,ES,,,ES
2020-01-01T12:00:00+00:00,BESOS 3,18WBES3-12345-C7,B04,,225.6,,MAW,PT60M,10YES-REE------0,ES,,,ES
2020-01-01T12:00:00+00:00,CARTAGENA1,18WCTGN1-1234-CP,B04,,304.7,,MAW,PT60M,10YES-REE------0,ES,,,ES
2020-01-01T12:00:00+00:00,CARTAGENA3,18WCTGN3-1234-C7,B04,,300.6,,MAW,PT60M,10YES-REE------0,ES,,,ES
2020-01-01T12:00:00+00:00,CASTEJON 1,18WCTJON1-123-CJ,B04,,205.0,,MAW,PT60M,10YES-REE------0,ES,,,ES
2020-01-01T12:00:00+00:00,COFRENTES,18WCOF1-12345-B2,B14,,1057.4,,MAW,PT60M,10YES-REE------0,ES,,,ES
2020-01-01T12:00:00+00:00,CTN4TG2,18WCTN4TG2-123-F,B04,,81.6,,MAW,PT60M,10YES-REE------0,ES,,,ES
2020-01-01T12:00:00+00:00,CTN4TV,18WCTN4TV-1234-3,B04,,80.2,,MAW,PT60M,10YES-REE------0,ES,,,ES
2020-01-01T12:00:00+00:00,LA ISLA,18W000000000FUZA,B16,,82.5,,MAW,PT60M,10YES-REE------0,ES,,,ES
2020-01-01T12:00:00+00:00,MUELA 4B,18WMUE4B-12345-D,B10,,0.0,,MAW,PT60M,10YES-REE------0,ES,,,ES
2020-01-01T12:00:00+00:00,MUELA 7B,18WMUE7B-12345-K,B10,,170.5,,MAW,PT60M,10YES-REE------0,ES,,,ES
2020-01-01T12:00:00+00:00,PBCN1,18WPBCN1-1234-PG,B04,,257.4,,MAW,PT60M,10YES-REE------0,ES,,,ES
2020-01-01T12:00:00+00:00,PGR5TG2,18WPGR5TG2-123-M,B04,,158.4,,MAW,PT60M,10YES-REE------0,ES,,,ES
2020-01-01T12:00:00+00:00,PGR5TV,18WPGR5TV-1234-A,B04,,108.0,,MAW,PT60M,10YES-REE------0,ES,,,ES
2020-01-01T12:00:00+00:00,RICOBA II1,18WRIC21-1234-AZ,B12,,137.9,,MAW,PT60M,10YES-REE------0,ES,,,ES
2020-01-01T12:00:00+00:00,RODRI,18W000000000AI2L,B16,,114.0,,MAW,PT60M,10YES-REE------0,ES,,,ES
2020-01-01T12:00:00+00:00,S.EST IIG1,18WEST21-12345-C,B12,,162.4,,MAW,PT60M,10YES-REE------0,ES,,,ES
2020-01-01T12:00:00+00:00,S.ROQUE 1,18WSROQ1-1234-CJ,B04,,195.2,,MAW,PT60M,10YES-REE------0,ES,,,ES
2020-01-01T12:00:00+00:00,SAGU2,18WSAGU2-1234-C3,B04,,231.4,,MAW,PT60M,10YES-REE------0,ES,,,ES
2020-01-01T12:00:00+00:00,SAUCE II 1,18WSA21-12345-AX,B12,,122.8,,MAW,PT60M,10YES-REE------0,ES,,,ES
2020-01-01T12:00:00+00:00,SAUCE II 2,18WSA22-12345-AN,B12,,122.8,,MAW,PT60M,10YES-REE------0,ES,,,ES
2020-01-01T12:00:00+00:00,SBO3,18WSBO3-12345-CE,B04,,243.5,,MAW,PT60M,10YES-REE------0,ES,,,ES
2020-01-01T12:00:00+00:00,SOTO 5,18WSRI5-12345--5,B04,,283.0,,MAW,PT60M,10YES-REE------0,ES,,,ES
2020-01-01T12:00:00+00:00,TERUEL 2,18WTER2-12345-DE,B05,,251.0,,MAW,PT60M,10YES-REE------0,ES,,,ES
2020-01-01T12:00:00+00:00,TRILLO,18WTRL1-12345-BC,B14,,990.7,,MAW,PT60M,10YES-REE------0,ES,,,ES
2020-01-01T12:00:00+00:00,UF MULA,18W000000000F3CQ,B16,,321.0,,MAW,PT60M,10YES-REE------0,ES,,,ES
2020-01-01T12:00:00+00:00,VANDELLOS,18WVAN2-12345-BA,B14,,1038.6,,MAW,PT60M,10YES-REE------0,ES,,,ES
2020-01-01T12:00:00+00:00,VLLRINO 2B,18WVRN2B-12345-1,B10,,136.5,,MAW,PT60M,10YES-REE------0,ES,,,ES
2020-01-01T12:00:00+00:00,VLLRINO 6B,18WVRN6B-12345-Z,B10,,143.5,,MAW,PT60M,10YES-REE------0,ES,,,ES
2020-01-01T13:00:00+00:00,ACECA 3,18WACE3-12345-CD,B04,,160.4,,MAW,PT60M,10YES-REE------0,ES,,,ES
2020-01-01T13:00:00+00:00,ALDEA I G1,18WAL11-12345-AZ,B12,,112.1,,MAW,PT60M,10YES-REE------0,ES,,,ES
2020-01-01T13:00:00+00:00,ALDEA I G2,18WAL12-12345-AP,B12,,100.5,,MAW,PT60M,10YES-REE------0,ES,,,ES
2020-01-01T13:00:00+00:00,ALDEA I G3,18WAL13-12345-AF,B12,,111.0,,MAW,PT60M,10YES-REE------0,ES,,,ES
2020-01-01T13:00:00+00:00,ALDEA I G4,18WAL14-12345-A5,B12,,111.7,,MAW,PT60M,10YES-REE------0,ES,,,ES
2020-01-01T13:00:00+00:00,ALDEA I G5,18WAL15-12345-AW,B12,,111.1,,MAW,PT60M,10YES-REE------0,ES,,,ES
2020-01-01T13:00:00+00:00,ALDEA I G6,18WAL16-12345-AM,B12,,110.6,,MAW,PT60M,10YES-REE------0,ES,,,ES
2020-01-01T13:00:00+00:00,ALDEA IIG1,18WAL21-12345-AO,B12,,183.6,,MAW,PT60M,10YES-REE------0,ES,,,ES
2020-01-01T13:00:00+00:00,ALDEA IIG2,18WAL22-12345-AE,B12,,183.2,,MAW,PT60M,10YES-REE------0,ES,,,ES
2020-01-01T13:00:00+00:00,ALMARAZ 1,18WALZ1-12345-BT,B14,,1006.0,,MAW,PT60M,10YES-REE------0,ES,,,ES
2020-01-01T13:00:00+00:00,ALMARAZ 2,18WALZ2-12345-BJ,B14,,1003.9,,MAW,PT60M,10YES-REE------0,ES,,,ES
2020-01-01T13:00:00+00:00,AMBITG2,18WAMBITG2-12-CT,B04,,205.2,,MAW,PT60M,10YES-REE------0,ES,,,ES
2020-01-01T13:00:00+00:00,AMBITV,18WAMBITV-123-CK,B04,,117.4,,MAW,PT60M,10YES-REE------0,ES,,,ES
2020-01-01T13:00:00+00:00,ASCO 1,18WASC1-12345-BD,B14,,1007.4,,MAW,PT60M,10YES-REE------0,ES,,,ES
2020-01-01T13:00:00+00:00,BAHITV,18WBAHITV-123-CB,B04,,123.0,,MAW,PT60M,10YES-REE------0,ES,,,ES
2020-01-01T13:00:00+00:00,BESOS 3,18WBES3-12345-C7,B04,,235.9,,MAW,PT60M,10YES-REE------0,ES,,,ES
2020-01-01T13:00:00+00:00,CARTAGENA1,18WCTGN1-1234-CP,B04,,301.5,,MAW,PT60M,10YES-REE------0,ES,,,ES
2020-01-01T13:00:00+00:00,CARTAGENA3,18WCTGN3-1234-C7,B04,,287.2,,MAW,PT60M,10YES-REE------0,ES,,,ES
2020-01-01T13:00:00+00:00,CASTEJON 1,18WCTJON1-123-CJ,B04,,179.4,,MAW,PT60M,10YES-REE------0,ES,,,ES
2020-01-01T13:00:00+00:00,LA ISLA,18W000000000FUZA,B16,,87.5,,MAW,PT60M,10YES-REE------0,ES,,,ES
2020-01-01T13:00:00+00:00,MUELA 3B,18WMUE3B-12345-N,B10,,20.9,,MAW,PT60M,10YES-REE------0,ES,,,ES
2020-01-01T13:00:00+00:00,MUELA 7B,18WMUE7B-12345-K,B10,,0.0,,MAW,PT60M,10YES-REE------0,ES,,,ES
2020-01-01T13:00:00+00:00,P.NUEVO 3,18WPNN3-12345-DT,B05,,138.9,,MAW,PT60M,10YES-REE------0,ES,,,ES
2020-01-01T13:00:00+00:00,PBCN1,18WPBCN1-1234-PG,B04,,248.8,,MAW,PT60M,10YES-REE------0,ES,,,ES
2020-01-01T13:00:00+00:00,PGR5TG2,18WPGR5TG2-123-M,B04,,194.2,,MAW,PT60M,10YES-REE------0,ES,,,ES
2020-01-01T13:00:00+00:00,PGR5TV,18WPGR5TV-1234-A,B04,,120.9,,MAW,PT60M,10YES-REE------0,ES,,,ES
2020-01-01T13:00:00+00:00,RODRI,18W000000000AI2L,B16,,105.6,,MAW,PT60M,10YES-REE------0,ES,,,ES
2020-01-01T13:00:00+00:00,S.EST IIG1,18WEST21-12345-C,B12,,162.3,,MAW,PT60M,10YES-REE------0,ES,,,ES
2020-01-01T13:00:00+00:00,S.ROQUE 1,18WSROQ1-1234-CJ,B04,,172.4,,MAW,PT60M,10YES-REE------0,ES,,,ES
2020-01-01T13:00:00+00:00,SAGU2,18WSAGU2-1234-C3,B04,,220.4,,MAW,PT60M,10YES-REE------0,ES,,,ES
2020-01-01T13:00:00+00:00,SBO3,18WSBO3-12345-CE,B04,,237.8,,MAW,PT60M,10YES-REE------0,ES,,,ES
2020-01-01T13:00:00+00:00,SOTO 5,18WSRI5-12345--5,B04,,246.5,,MAW,PT60M,10YES-REE------0,ES,,,ES
2020-01-01T13:00:00+00:00,TERUEL 2,18WTER2-12345-DE,B05,,250.8,,MAW,PT60M,10YES-REE------0,ES,,,ES
2020-01-01T13:00:00+00:00,TRILLO,18WTRL1-12345-BC,B14,,990.2,,MAW,PT60M,10YES-REE------0,ES,,,ES
2020-01-01T13:00:00+00:00,UF MULA,18W000000000F3CQ,B16,,284.9,,MAW,PT60M,10YES-REE------0,ES,,,ES
2020-01-01T13:00:00+00:00,VANDELLOS,18WVAN2-12345-BA,B14,,1038.4,,MAW,PT60M,10YES-REE------0,ES,,,ES
2020-01-01T13:00:00+00:00,VILLALC 21,18WVC21-12345-A7,B12,,105.5,,MAW,PT60M,10YES-REE------0,ES,,,ES
2020-01-01T13:00:00+00:00,VLLRINO 1B,18WVRN1B-12345-B,B10,,129.0,,MAW,PT60M,10YES-REE------0,ES,,,ES
2020-01-01T13:00:00+00:00,VLLRINO 6B,18WVRN6B-12345-Z,B10,,143.3,,MAW,PT60M,10YES-REE------0,ES,,,ES
2020-01-01T14:00:00+00:00,ACECA 3,18WACE3-12345-CD,B04,,153.2,,MAW,PT60M,10YES-REE------0,ES,,,ES
2020-01-01T14:00:00+00:00,ALDEA I G1,18WAL11-12345-AZ,B12,,109.5,,MAW,PT60M,10YES-REE------0,ES,,,ES
2020-01-01T14:00:00+00:00,ALDEA I G2,18WAL12-12345-AP,B12,,100.7,,MAW,PT60M,10YES-REE------0,ES,,,ES
2020-01-01T14:00:00+00:00,ALDEA I G3,18WAL13-12345-AF,B12,,108.9,,MAW,PT60M,10YES-REE------0,ES,,,ES
2020-01-01T14:00:00+00:00,ALDEA I G4,18WAL14-12345-A5,B12,,109.6,,MAW,PT60M,10YES-REE------0,ES,,,ES
2020-01-01T14:00:00+00:00,ALDEA I G5,18WAL15-12345-AW,B12,,109.1,,MAW,PT60M,10YES-REE------0,ES,,,ES
2020-01-01T14:00:00+00:00,ALDEA I G6,18WAL16-12345-AM,B12,,109.0,,MAW,PT60M,10YES-REE------0,ES,,,ES
2020-01-01T14:00:00+00:00,ALDEA IIG1,18WAL21-12345-AO,B12,,203.0,,MAW,PT60M,10YES-REE------0,ES,,,ES
2020-01-01T14:00:00+00:00,ALDEA IIG2,18WAL22-12345-AE,B12,,197.8,,MAW,PT60M,10YES-REE------0,ES,,,ES
2020-01-01T14:00:00+00:00,ALMARAZ 1,18WALZ1-12345-BT,B14,,1006.9,,MAW,PT60M,10YES-REE------0,ES,,,ES
2020-01-01T14:00:00+00:00,ALMARAZ 2,18WALZ2-12345-BJ,B14,,1004.9,,MAW,PT60M,10YES-REE------0,ES,,,ES
2020-01-01T14:00:00+00:00,AMBITG2,18WAMBITG2-12-CT,B04,,192.1,,MAW,PT60M,10YES-REE------0,ES,,,ES
2020-01-01T14:00:00+00:00,AMBITV,18WAMBITV-123-CK,B04,,112.4,,MAW,PT60M,10YES-REE------0,ES,,,ES
2020-01-01T14:00:00+00:00,ASCO 1,18WASC1-12345-BD,B14,,1007.9,,MAW,PT60M,10YES-REE------0,ES,,,ES
2020-01-01T14:00:00+00:00,ASCO 2,18WASC2-12345-B3,B14,,1002.4,,MAW,PT60M,10YES-REE------0,ES,,,ES
2020-01-01T14:00:00+00:00,BAHITG2,18WBAHITG2-12-CK,B04,,241.8,,MAW,PT60M,10YES-REE------0,ES,,,ES
2020-01-01T14:00:00+00:00,BAHITV,18WBAHITV-123-CB,B04,,124.5,,MAW,PT60M,10YES-REE------0,ES,,,ES
2020-01-01T14:00:00+00:00,BELESAR 1,18WBEL1-12345-AY,B12,,98.4,,MAW,PT60M,10YES-REE------0,ES,,,ES
2020-01-01T14:00:00+00:00,BESOS 3,18WBES3-12345-C7,B04,,262.4,,MAW,PT60M,10YES-REE------0,ES,,,ES
2020-01-01T14:00:00+00:00,CARTAGENA1,18WCTGN1-1234-CP,B04,,308.8,,MAW,PT60M,10YES-REE------0,ES,,,ES
2020-01-01T14:00:00+00:00,CARTAGENA3,18WCTGN3-1234-C7,B04,,304.6,,MAW,PT60M,10YES-REE------0,ES,,,ES
2020-01-01T14:00:00+00:00,CASTEJON 1,18WCTJON1-123-CJ,B04,,212.5,,MAW,PT60M,10YES-REE------0,ES,,,ES
2020-01-01T14:00:00+00:00,COFRENTES,18WCOF1-12345-B2,B14,,1057.1,,MAW,PT60M,10YES-REE------0,ES,,,ES
2020-01-01T14:00:00+00:00,CTN4TG2,18WCTN4TG2-123-F,B04,,81.5,,MAW,PT60M,10YES-REE------0,ES,,,ES
2020-01-01T14:00:00+00:00,LA ISLA,18W000000000FUZA,B16,,94.1,,MAW,PT60M,10YES-REE------0,ES,,,ES
2020-01-01T14:00:00+00:00,MUELA 3B,18WMUE3B-12345-N,B10,,0.0,,MAW,PT60M,10YES-REE------0,ES,,,ES
2020-01-01T14:00:00+00:00,P.NUEVO 3,18WPNN3-12345-DT,B05,,143.1,,MAW,PT60M,10YES-REE------0,ES,,,ES
2020-01-01T14:00:00+00:00,PBCN1,18WPBCN1-1234-PG,B04,,277.8,,MAW,PT60M,10YES-REE------0,ES,,,ES
2020-01-01T14:00:00+00:00,PGR5TG2,18WPGR5TG2-123-M,B04,,196.9,,MAW,PT60M,10YES-REE------0,ES,,,ES
2020-01-01T14:00:00+00:00,PGR5TV,18WPGR5TV-1234-A,B04,,121.8,,MAW,PT60M,10YES-REE------0,ES,,,ES
2020-01-01T14:00:00+00:00,RICOBA II1,18WRIC21-1234-AZ,B12,,138.0,,MAW,PT60M,10YES-REE------0,ES,,,ES
2020-01-01T14:00:00+00:00,RODRI,18W000000000AI2L,B16,,85.7,,MAW,PT60M,10YES-REE------0,ES,,,ES
2020-01-01T14:00:00+00:00,S.EST IIG1,18WEST21-12345-C,B12,,162.1,,MAW,PT60M,10YES-REE------0,ES,,,ES
2020-01-01T14:00:00+00:00,S.ROQUE 1,18WSROQ1-1234-CJ,B04,,200.9,,MAW,PT60M,10YES-REE------0,ES,,,ES
2020-01-01T14:00:00+00:00,SAGU2,18WSAGU2-1234-C3,B04,,258.6,,MAW,PT60M,10YES-REE------0,ES,,,ES
2020-01-01T14:00:00+00:00,SAUCE II 1,18WSA21-12345-AX,B12,,122.7,,MAW,PT60M,10YES-REE------0,ES,,,ES
2020-01-01T14:00:00+00:00,SAUCE II 2,18WSA22-12345-AN,B12,,122.7,,MAW,PT60M,10YES-REE------0,ES,,,ES
2020-01-01T14:00:00+00:00,SBO3,18WSBO3-12345-CE,B04,,264.2,,MAW,PT60M,10YES-REE------0,ES,,,ES
2020-01-01T14:00:00+00:00,SOTO 5,18WSRI5-12345--5,B04,,224.6,,MAW,PT60M,10YES-REE------0,ES,,,ES
2020-01-01T14:00:00+00:00,TERUEL 2,18WTER2-12345-DE,B05,,250.6,,MAW,PT60M,10YES-REE------0,ES,,,ES
2020-01-01T14:00:00+00:00,TRILLO,18WTRL1-12345-BC,B14,,989.8,,MAW,PT60M,10YES-REE------0,ES,,,ES
2020-01-01T14:00:00+00:00,UF MULA,18W000000000F3CQ,B16,,210.9,,MAW,PT60M,10YES-REE------0,ES,,,ES
2020-01-01T14:00:00+00:00,VILLALC 21,18WVC21-12345-A7,B12,,104.4,,MAW,PT60M,10YES-REE------0,ES,,,ES
2020-01-01T14:00:00+00:00,VLLRINO 1B,18WVRN1B-12345-B,B10,,0.0,,MAW,PT60M,10YES-REE------0,ES,,,ES
2020-01-01T14:00:00+00:00,VLLRINO 2B,18WVRN2B-12345-1,B10,,138.2,,MAW,PT60M,10YES-REE------0,ES,,,ES
2020-01-01T14:00:00+00:00,VLLRINO 3B,18WVRN3B-12345-S,B10,,139.1,,MAW,PT60M,10YES-REE------0,ES,,,ES
2020-01-01T14:00:00+00:00,VLLRINO 4B,18WVRN4B-12345-I,B10,,124.9,,MAW,PT60M,10YES-REE------0,ES,,,ES
2020-01-01T14:00:00+00:00,VLLRINO 6B,18WVRN6B-12345-Z,B10,,145.6,,MAW,PT60M,10YES-REE------0,ES,,,ES
2020-01-01T15:00:00+00:00,ACECA 3,18WACE3-12345-CD,B04,,153.0,,MAW,PT60M,10YES-REE------0,ES,,,ES
2020-01-01T15:00:00+00:00,ALDEA I G1,18WAL11-12345-AZ,B12,,111.9,,MAW,PT60M,10YES-REE------0,ES,,,ES
2020-01-01T15:00:00+00:00,ALDEA I G2,18WAL12-12345-AP,B12,,100.8,,MAW,PT60M,10YES-REE------0,ES,,,ES
2020-01-01T15:00:00+00:00,ALDEA I G3,18WAL13-12345-AF,B12,,110.8,,MAW,PT60M,10YES-REE------0,ES,,,ES
2020-01-01T15:00:00+00:00,ALDEA I G4,18WAL14-12345-A5,B12,,111.2,,MAW,PT60M,10YES-REE------0,ES,,,ES
2020-01-01T15:00:00+00:00,ALDEA I G5,18WAL15-12345-AW,B12,,111.6,,MAW,PT60M,10YES-REE------0,ES,,,ES
2020-01-01T15:00:00+00:00,ALDEA I G6,18WAL16-12345-AM,B12,,111.1,,MAW,PT60M,10YES-REE------0,ES,,,ES
2020-01-01T15:00:00+00:00,ALDEA IIG1,18WAL21-12345-AO,B12,,202.1,,MAW,PT60M,10YES-REE------0,ES,,,ES
2020-01-01T15:00:00+00:00,ALDEA IIG2,18WAL22-12345-AE,B12,,197.1,,MAW,PT60M,10YES-REE------0,ES,,,ES
2020-01-01T15:00:00+00:00,ALMARAZ 1,18WALZ1-12345-BT,B14,,1006.1,,MAW,PT60M,10YES-REE------0,ES,,,ES
2020-01-01T15:00:00+00:00,ALMARAZ 2,18WALZ2-12345-BJ,B14,,1004.2,,MAW,PT60M,10YES-REE------0,ES,,,ES
2020-01-01T15:00:00+00:00,AMBITG2,18WAMBITG2-12-CT,B04,,211.0,,MAW,PT60M,10YES-REE------0,ES,,,ES
2020-01-01T15:00:00+00:00,AMBITV,18WAMBITV-123-CK,B04,,115.6,,MAW,PT60M,10YES-REE------0,ES,,,ES
2020-01-01T15:00:00+00:00,ASCO 1,18WASC1-12345-BD,B14,,1007.7,,MAW,PT60M,10YES-REE------0,ES,,,ES
2020-01-01T15:00:00+00:00,ASCO 2,18WASC2-12345-B3,B14,,1001.8,,MAW,PT60M,10YES-REE------0,ES,,,ES
2020-01-01T15:00:00+00:00,BAHITG2,18WBAHITG2-12-CK,B04,,241.5,,MAW,PT60M,10YES-REE------0,ES,,,ES
2020-01-01T15:00:00+00:00,BAHITV,18WBAHITV-123-CB,B04,,124.7,,MAW,PT60M,10YES-REE------0,ES,,,ES
2020-01-01T15:00:00+00:00,BELESAR 3,18WBEL3-12345-AE,B12,,96.3,,MAW,PT60M,10YES-REE------0,ES,,,ES
2020-01-01T15:00:00+00:00,BESOS 3,18WBES3-12345-C7,B04,,314.5,,MAW,PT60M,10YES-REE------0,ES,,,ES
2020-01-01T15:00:00+00:00,CARTAGENA1,18WCTGN1-1234-CP,B04,,371.5,,MAW,PT60M,10YES-REE------0,ES,,,ES
2020-01-01T15:00:00+00:00,CARTAGENA3,18WCTGN3-1234-C7,B04,,377.4,,MAW,PT60M,10YES-REE------0,ES,,,ES
2020-01-01T15:00:00+00:00,CASTEJON 1,18WCTJON1-123-CJ,B04,,327.9,,MAW,PT60M,10YES-REE------0,ES,,,ES
2020-01-01T15:00:00+00:00,COFRENTES,18WCOF1-12345-B2,B14,,1057.3,,MAW,PT60M,10YES-REE------0,ES,,,ES
2020-01-01T15:00:00+00:00,CTN4TG2,18WCTN4TG2-123-F,B04,,77.6,,MAW,PT60M,10YES-REE------0,ES,,,ES
2020-01-01T15:00:00+00:00,CTN4TV,18WCTN4TV-1234-3,B04,,78.8,,MAW,PT60M,10YES-REE------0,ES,,,ES
2020-01-01T15:00:00+00:00,LA ISLA,18W000000000FUZA,B16,,79.6,,MAW,PT60M,10YES-REE------0,ES,,,ES
2020-01-01T15:00:00+00:00,P.NUEVO 3,18WPNN3-12345-DT,B05,,171.8,,MAW,PT60M,10YES-REE------0,ES,,,ES
2020-01-01T15:00:00+00:00,PBCN1,18WPBCN1-1234-PG,B04,,382.6,,MAW,PT60M,10YES-REE------0,ES,,,ES
2020-01-01T15:00:00+00:00,PGR5TG2,18WPGR5TG2-123-M,B04,,107.3,,MAW,PT60M,10YES-REE------0,ES,,,ES
2020-01-01T15:00:00+00:00,PGR5TV,18WPGR5TV-1234-A,B04,,91.2,,MAW,PT60M,10YES-REE------0,ES,,,ES
2020-01-01T15:00:00+00:00,RODRI,18W000000000AI2L,B16,,44.9,,MAW,PT60M,10YES-REE------0,ES,,,ES
2020-01-01T15:00:00+00:00,S.EST IIG1,18WEST21-12345-C,B12,,162.0,,MAW,PT60M,10YES-REE------0,ES,,,ES
2020-01-01T15:00:00+00:00,S.ROQUE 1,18WSROQ1-1234-CJ,B04,,328.4,,MAW,PT60M,10YES-REE------0,ES,,,ES
2020-01-01T15:00:00+00:00,SAGU2,18WSAGU2-1234-C3,B04,,364.6,,MAW,PT60M,10YES-REE------0,ES,,,ES
2020-01-01T15:00:00+00:00,SAUCE II 1,18WSA21-12345-AX,B12,,122.9,,MAW,PT60M,10YES-REE------0,ES,,,ES
2020-01-01T15:00:00+00:00,SAUCE II 2,18WSA22-12345-AN,B12,,122.9,,MAW,PT60M,10YES-REE------0,ES,,,ES
2020-01-01T15:00:00+00:00,SBO3,18WSBO3-12345-CE,B04,,345.7,,MAW,PT60M,10YES-REE------0,ES,,,ES
2020-01-01T15:00:00+00:00,SOTO 5,18WSRI5-12345--5,B04,,173.4,,MAW,PT60M,10YES-REE------0,ES,,,ES
2020-01-01T15:00:00+00:00,SOUTELO 1,18WSOU1-12345-A1,B12,,11.1,,MAW,PT60M,10YES-REE------0,ES,,,ES
2020-01-01T15:00:00+00:00,TERUEL 2,18WTER2-12345-DE,B05,,250.2,,MAW,PT60M,10YES-REE------0,ES,,,ES
2020-01-01T15:00:00+00:00,TRILLO,18WTRL1-12345-BC,B14,,989.5,,MAW,PT60M,10YES-REE------0,ES,,,ES
2020-01-01T15:00:00+00:00,UF MULA,18W000000000F3CQ,B16,,107.7,,MAW,PT60M,10YES-REE------0,ES,,,ES
2020-01-01T15:00:00+00:00,VANDELLOS,18WVAN2-12345-BA,B14,,1037.4,,MAW,PT60M,10YES-REE------0,ES,,,ES
2020-01-01T15:00:00+00:00,VILLALC 21,18WVC21-12345-A7,B12,,103.4,,MAW,PT60M,10YES-REE------0,ES,,,ES
2020-01-01T15:00:00+00:00,VLLRINO 2B,18WVRN2B-12345-1,B10,,133.9,,MAW,PT60M,10YES-REE------0,ES,,,ES
2020-01-01T15:00:00+00:00,VLLRINO 3B,18WVRN3B-12345-S,B10,,139.9,,MAW,PT60M,10YES-REE------0,ES,,,ES
2020-01-01T15:00:00+00:00,VLLRINO 4B,18WVRN4B-12345-I,B10,,0.0,,MAW,PT60M,10YES-REE------0,ES,,,ES
2020-01-01T15:00:00+00:00,VLLRINO 6B,18WVRN6B-12345-Z,B10,,145.7,,MAW,PT60M,10YES-REE------0,ES,,,ES
2020-01-01T16:00:00+00:00,ACECA 3,18WACE3-12345-CD,B04,,150.1,,MAW,PT60M,10YES-REE------0,ES,,,ES
2020-01-01T16:00:00+00:00,ALDEA I G1,18WAL11-12345-AZ,B12,,117.4,,MAW,PT60M,10YES-REE------0,ES,,,ES
2020-01-01T16:00:00+00:00,ALDEA I G2,18WAL12-12345-AP,B12,,97.3,,MAW,PT60M,10YES-REE------0,ES,,,ES
2020-01-01T16:00:00+00:00,ALDEA I G3,18WAL13-12345-AF,B12,,114.7,,MAW,PT60M,10YES-REE------0,ES,,,ES
2020-01-01T16:00:00+00:00,ALDEA I G4,18WAL14-12345-A5,B12,,115.2,,MAW,PT60M,10YES-REE------0,ES,,,ES
2020-01-01T16:00:00+00:00,ALDEA I G5,18WAL15-12345-AW,B12,,114.4,,MAW,PT60M,10YES-REE------0,ES,,,ES
2020-01-01T16:00:00+00:00,ALDEA I G6,18WAL16-12345-AM,B12,,115.1,,MAW,PT60M,10YES-REE------0,ES,,,ES
2020-01-01T16:00:00+00:00,ALDEA IIG1,18WAL21-12345-AO,B12,,201.4,,MAW,PT60M,10YES-REE------0,ES,,,ES
2020-01-01T16:00:00+00:00,ALDEA IIG2,18WAL22-12345-AE,B12,,196.3,,MAW,PT60M,10YES-REE------0,ES,,,ES
2020-01-01T16:00:00+00:00,ALMARAZ 1,18WALZ1-12345-BT,B14,,1006.6,,MAW,PT60M,10YES-REE------0,ES,,,ES
2020-01-01T16:00:00+00:00,ALMARAZ 2,18WALZ2-12345-BJ,B14,,1004.5,,MAW,PT60M,10YES-REE------0,ES,,,ES
2020-01-01T16:00:00+00:00,AMBITG2,18WAMBITG2-12-CT,B04,,217.8,,MAW,PT60M,10YES-REE------0,ES,,,ES
2020-01-01T16:00:00+00:00,AMBITV,18WAMBITV-123-CK,B04,,119.3,,MAW,PT60M,10YES-REE------0,ES,,,ES
2020-01-01T16:00:00+00:00,ARC3TG2,18WARC3TG2-12-CY,B04,,39.3,,MAW,PT60M,10YES-REE------0,ES,,,ES
2020-01-01T16:00:00+00:00,ARC3TV,18WARC3TV-123-CP,B04,,9.4,,MAW,PT60M,10YES-REE------0,ES,,,ES
2020-01-01T16:00:00+00:00,ASCO 1,18WASC1-12345-BD,B14,,1008.0,,MAW,PT60M,10YES-REE------0,ES,,,ES
2020-01-01T16:00:00+00:00,ASCO 2,18WASC2-12345-B3,B14,,1001.9,,MAW,PT60M,10YES-REE------0,ES,,,ES
2020-01-01T16:00:00+00:00,BAHITG2,18WBAHITG2-12-CK,B04,,233.4,,MAW,PT60M,10YES-REE------0,ES,,,ES
2020-01-01T16:00:00+00:00,BAHITV,18WBAHITV-123-CB,B04,,121.7,,MAW,PT60M,10YES-REE------0,ES,,,ES
2020-01-01T16:00:00+00:00,BELESAR 1,18WBEL1-12345-AY,B12,,98.3,,MAW,PT60M,10YES-REE------0,ES,,,ES
2020-01-01T16:00:00+00:00,BELESAR 2,18WBEL2-12345-AO,B12,,37.2,,MAW,PT60M,10YES-REE------0,ES,,,ES
2020-01-01T16:00:00+00:00,BELESAR 3,18WBEL3-12345-AE,B12,,96.2,,MAW,PT60M,10YES-REE------0,ES,,,ES
2020-01-01T16:00:00+00:00,BESOS 3,18WBES3-12345-C7,B04,,341.4,,MAW,PT60M,10YES-REE------0,ES,,,ES
2020-01-01T16:00:00+00:00,CARTAGENA1,18WCTGN1-1234-CP,B04,,362.3,,MAW,PT60M,10YES-REE------0,ES,,,ES
2020-01-01T16:00:00+00:00,CARTAGENA3,18WCTGN3-1234-C7,B04,,369.8,,MAW,PT60M,10YES-REE------0,ES,,,ES
2020-01-01T16:00:00+00:00,CASTEJON 1,18WCTJON1-123-CJ,B04,,360.9,,MAW,PT60M,10YES-REE------0,ES,,,ES
2020-01-01T16:00:00+00:00,COFRENTES,18WCOF1-12345-B2,B14,,1056.8,,MAW,PT60M,10YES-REE------0,ES,,,ES
2020-01-01T16:00:00+00:00,CTN4TG2,18WCTN4TG2-123-F,B04,,213.3,,MAW,PT60M,10YES-REE------0,ES,,,ES
2020-01-01T16:00:00+00:00,CTN4TV,18WCTN4TV-1234-3,B04,,122.4,,MAW,PT60M,10YES-REE------0,ES,,,ES
2020-01-01T16:00:00+00:00,LA ISLA,18W000000000FUZA,B16,,24.5,,MAW,PT60M,10YES-REE------0,ES,,,ES
2020-01-01T16:00:00+00:00,MUELA 4G,18WMUE4-123456-6,B10,,48.5,,MAW,PT60M,10YES-REE------0,ES,,,ES
2020-01-01T16:00:00+00:00,MUELA 6G,18WMUE6-123456-N,B10,,15.8,,MAW,PT60M,10YES-REE------0,ES,,,ES
2020-01-01T16:00:00+00:00,MUELA 7G,18WMUE7-123456-D,B10,,4.8,,MAW,PT60M,10YES-REE------0,ES,,,ES
2020-01-01T16:00:00+00:00,P.NUEVO 3,18WPNN3-12345-DT,B05,,180.4,,MAW,PT60M,10YES-REE------0,ES,,,ES
2020-01-01T16:00:00+00:00,PBCN1,18WPBCN1-1234-PG,B04,,378.1,,MAW,PT60M,10YES-REE------0,ES,,,ES
2020-01-01T16:00:00+00:00,PGR5TG2,18WPGR5TG2-123-M,B04,,182.2,,MAW,PT60M,10YES-REE------0,ES,,,ES
2020-01-01T16:00:00+00:00,PGR5TV,18WPGR5TV-1234-A,B04,,113.7,,MAW,PT60M,10YES-REE------0,ES,,,ES
2020-01-01T16:00:00+00:00,RICOBA II1,18WRIC21-1234-AZ,B12,,137.3,,MAW,PT60M,10YES-REE------0,ES,,,ES
2020-01-01T16:00:00+00:00,RODRI,18W000000000AI2L,B16,,13.8,,MAW,PT60M,10YES-REE------0,ES,,,ES
2020-01-01T16:00:00+00:00,S.EST IIG1,18WEST21-12345-C,B12,,161.9,,MAW,PT60M,10YES-REE------0,ES,,,ES
2020-01-01T16:00:00+00:00,S.ROQUE 1,18WSROQ1-1234-CJ,B04,,336.5,,MAW,PT60M,10YES-REE------0,ES,,,ES
2020-01-01T16:00:00+00:00,SAGU2,18WSAGU2-1234-C3,B04,,372.6,,MAW,PT60M,10YES-REE------0,ES,,,ES
2020-01-01T16:00:00+00:00,SALLENT 1B,18WSLT1B-12345-J,B10,,0.1,,MAW,PT60M,10YES-REE------0,ES,,,ES
2020-01-01T16:00:00+00:00,SALLENT 3B,18WSLT3B--1234-V,B10,,0.1,,MAW,PT60M,10YES-REE------0,ES,,,ES
2020-01-01T16:00:00+00:00,SALLENT 4G,18WSLT4-12345-F8,B10,,12.1,,MAW,PT60M,10YES-REE------0,ES,,,ES
2020-01-01T16:00:00+00:00,SAUCE II 1,18WSA21-12345-AX,B12,,122.8,,MAW,PT60M,10YES-REE------0,ES,,,ES
2020-01-01T16:00:00+00:00,SAUCE II 2,18WSA22-12345-AN,B12,,122.8,,MAW,PT60M,10YES-REE------0,ES,,,ES
2020-01-01T16:00:00+00:00,SBO3,18WSBO3-12345-CE,B04,,346.6,,MAW,PT60M,10YES-REE------0,ES,,,ES
2020-01-01T16:00:00+00:00,SOTO 5,18WSRI5-12345--5,B04,,203.1,,MAW,PT60M,10YES-REE------0,ES,,,ES
2020-01-01T16:00:00+00:00,SOUTELO 1,18WSOU1-12345-A1,B12,,96.4,,MAW,PT60M,10YES-REE------0,ES,,,ES
2020-01-01T16:00:00+00:00,TERUEL 2,18WTER2-12345-DE,B05,,250.7,,MAW,PT60M,10YES-REE------0,ES,,,ES
2020-01-01T16:00:00+00:00,UF MULA,18W000000000F3CQ,B16,,17.0,,MAW,PT60M,10YES-REE------0,ES,,,ES
2020-01-01T16:00:00+00:00,VANDELLOS,18WVAN2-12345-BA,B14,,1037.9,,MAW,PT60M,10YES-REE------0,ES,,,ES
2020-01-01T16:00:00+00:00,VILLALC 21,18WVC21-12345-A7,B12,,102.4,,MAW,PT60M,10YES-REE------0,ES,,,ES
2020-01-01T16:00:00+00:00,VLLRINO 2B,18WVRN2B-12345-1,B10,,0.0,,MAW,PT60M,10YES-REE------0,ES,,,ES
2020-01-01T16:00:00+00:00,VLLRINO 3B,18WVRN3B-12345-S,B10,,3.3,,MAW,PT60M,10YES-REE------0,ES,,,ES
2020-01-01T16:00:00+00:00,VLLRINO 6B,18WVRN6B-12345-Z,B10,,0.0,,MAW,PT60M,10YES-REE------0,ES,,,ES
2020-01-01T17:00:00+00:00,ACECA 3,18WACE3-12345-CD,B04,,0.0,,MAW,PT60M,10YES-REE------0,ES,,,ES
2020-01-01T17:00:00+00:00,ALDEA I G1,18WAL11-12345-AZ,B12,,112.7,,MAW,PT60M,10YES-REE------0,ES,,,ES
2020-01-01T17:00:00+00:00,ALDEA I G2,18WAL12-12345-AP,B12,,98.8,,MAW,PT60M,10YES-REE------0,ES,,,ES
2020-01-01T17:00:00+00:00,ALDEA I G3,18WAL13-12345-AF,B12,,112.4,,MAW,PT60M,10YES-REE------0,ES,,,ES
2020-01-01T17:00:00+00:00,ALDEA I G4,18WAL14-12345-A5,B12,,112.3,,MAW,PT60M,10YES-REE------0,ES,,,ES
2020-01-01T17:00:00+00:00,ALDEA I G5,18WAL15-12345-AW,B12,,112.9,,MAW,PT60M,10YES-REE------0,ES,,,ES
2020-01-01T17:00:00+00:00,ALDEA I G6,18WAL16-12345-AM,B12,,116.7,,MAW,PT60M,10YES-REE------0,ES,,,ES
2020-01-01T17:00:00+00:00,ALDEA IIG1,18WAL21-12345-AO,B12,,200.9,,MAW,PT60M,10YES-REE------0,ES,,,ES
2020-01-01T17:00:00+00:00,ALDEA IIG2,18WAL22-12345-AE,B12,,195.9,,MAW,PT60M,10YES-REE------0,ES,,,ES
2020-01-01T17:00:00+00:00,ALMARAZ 1,18WALZ1-12345-BT,B14,,1006.0,,MAW,PT60M,10YES-REE------0,ES,,,ES
2020-01-01T17:00:00+00:00,ALMARAZ 2,18WALZ2-12345-BJ,B14,,1004.1,,MAW,PT60M,10YES-REE------0,ES,,,ES
2020-01-01T17:00:00+00:00,AMBITG2,18WAMBITG2-12-CT,B04,,202.6,,MAW,PT60M,10YES-REE------0,ES,,,ES
2020-01-01T17:00:00+00:00,AMBITV,18WAMBITV-123-CK,B04,,114.7,,MAW,PT60M,10YES-REE------0,ES,,,ES
2020-01-01T17:00:00+00:00,ARC3TG2,18WARC3TG2-12-CY,B04,,245.7,,MAW,PT60M,10YES-REE------0,ES,,,ES
2020-01-01T17:00:00+00:00,ARC3TV,18WARC3TV-123-CP,B04,,123.5,,MAW,PT60M,10YES-REE------0,ES,,,ES
2020-01-01T17:00:00+00:00,ASCO 1,18WASC1-12345-BD,B14,,1007.4,,MAW,PT60M,10YES-REE------0,ES,,,ES
2020-01-01T17:00:00+00:00,BAHITG2,18WBAHITG2-12-CK,B04,,229.4,,MAW,PT60M,10YES-REE------0,ES,,,ES
2020-01-01T17:00:00+00:00,BAHITV,18WBAHITV-123-CB,B04,,121.1,,MAW,PT60M,10YES-REE------0,ES,,,ES
2020-01-01T17:00:00+00:00,BESOS 3,18WBES3-12345-C7,B04,,309.9,,MAW,PT60M,10YES-REE------0,ES,,,ES
2020-01-01T17:00:00+00:00,CARTAGENA1,18WCTGN1-1234-CP,B04,,347.2,,MAW,PT60M,10YES-REE------0,ES,,,ES
2020-01-01T17:00:00+00:00,CARTAGENA3,18WCTGN3-1234-C7,B04,,353.9,,MAW,PT60M,10YES-REE------0,ES,,,ES
2020-01-01T17:00:00+00:00,CASTEJON 1,18WCTJON1-123-CJ,B04,,370.3,,MAW,PT60M,10YES-REE------0,ES,,,ES
2020-01-01T17:00:00+00:00,COFRENTES,18WCOF1-12345-B2,B14,,1057.4,,MAW,PT60M,10YES-REE------0,ES,,,ES
2020-01-01T17:00:00+00:00,CTN4TG2,18WCTN4TG2-123-F,B04,,265.7,,MAW,PT60M,10YES-REE------0,ES,,,ES
2020-01-01T17:00:00+00:00,CTN4TV,18WCTN4TV-1234-3,B04,,141.8,,MAW,PT60M,10YES-REE------0,ES,,,ES
2020-01-01T17:00:00+00:00,ESCCC1,18WESCCC1-123-C5,B04,,0.3,,MAW,PT60M,10YES-REE------0,ES,,,ES
2020-01-01T17:00:00+00:00,LA ISLA,18W000000000FUZA,B16,,0.3,,MAW,PT60M,10YES-REE------0,ES,,,ES
2020-01-01T17:00:00+00:00,MUELA 4G,18WMUE4-123456-6,B10,,101.5,,MAW,PT60M,10YES-REE------0,ES,,,ES
2020-01-01T17:00:00+00:00,MUELA 6G,18WMUE6-123456-N,B10,,100.9,,MAW,PT60M,10YES-REE------0,ES,,,ES
2020-01-01T17:00:00+00:00,MUELA 7G,18WMUE7-123456-D,B10,,101.5,,MAW,PT60M,10YES-REE------0,ES,,,ES
2020-01-01T17:00:00+00:00,P.NUEVO 3,18WPNN3-12345-DT,B05,,181.0,,MAW,PT60M,10YES-REE------0,ES,,,ES
2020-01-01T17:00:00+00:00,PBCN1,18WPBCN1-1234-PG,B04,,360.0,,MAW,PT60M,10YES-REE------0,ES,,,ES
2020-01-01T17:00:00+00:00,PGR5TG2,18WPGR5TG2-123-M,B04,,158.7,,MAW,PT60M,10YES-REE------0,ES,,,ES
2020-01-01T17:00:00+00:00,PGR5TV,18WPGR5TV-1234-A,B04,,107.8,,MAW,PT60M,10YES-REE------0,ES,,,ES
2020-01-01T17:00:00+00:00,RODRI,18W000000000AI2L,B16,,0.3,,MAW,PT60M,10YES-REE------0,ES,,,ES
2020-01-01T17:00:00+00:00,S.EST IIG1,18WEST21-12345-C,B12,,162.2,,MAW,PT60M,10YES-REE------0,ES,,,ES
2020-01-01T17:00:00+00:00,S.ROQUE 1,18WSROQ1-1234-CJ,B04,,318.4,,MAW,PT60M,10YES-REE------0,ES,,,ES
2020-01-01T17:00:00+00:00,SAGU2,18WSAGU2-1234-C3,B04,,365.2,,MAW,PT60M,10YES-REE------0,ES,,,ES
2020-01-01T17:00:00+00:00,SALLENT 2B,18WSLT2B-12345-9,B10,,0.2,,MAW,PT60M,10YES-REE------0,ES,,,ES
2020-01-01T17:00:00+00:00,SALLENT 4G,18WSLT4-12345-F8,B10,,89.4,,MAW,PT60M,10YES-REE------0,ES,,,ES
2020-01-01T17:00:00+00:00,SAUCE II 1,18WSA21-12345-AX,B12,,122.9,,MAW,PT60M,10YES-REE------0,ES,,,ES
2020-01-01T17:00:00+00:00,SAUCE II 2,18WSA22-12345-AN,B12,,122.9,,MAW,PT60M,10YES-REE------0,ES,,,ES
2020-01-01T17:00:00+00:00,SBO3,18WSBO3-12345-CE,B04,,338.6,,MAW,PT60M,10YES-REE------0,ES,,,ES
2020-01-01T17:00:00+00:00,SOTO 5,18WSRI5-12345--5,B04,,273.6,,MAW,PT60M,10YES-REE------0,ES,,,ES
2020-01-01T17:00:00+00:00,SOUTELO 1,18WSOU1-12345-A1,B12,,103.4,,MAW,PT60M,10YES-REE------0,ES,,,ES
2020-01-01T17:00:00+00:00,TAJOENC 3B,18WTJE3B-12345-R,B10,,0.0,,MAW,PT60M,10YES-REE------0,ES,,,ES
2020-01-01T17:00:00+00:00,TERUEL 2,18WTER2-12345-DE,B05,,250.2,,MAW,PT60M,10YES-REE------0,ES,,,ES
2020-01-01T17:00:00+00:00,TRILLO,18WTRL1-12345-BC,B14,,989.6,,MAW,PT60M,10YES-REE------0,ES,,,ES
2020-01-01T17:00:00+00:00,UF MULA,18W000000000F3CQ,B16,,0.0,,MAW,PT60M,10YES-REE------0,ES,,,ES
2020-01-01T17:00:00+00:00,VILLALC 21,18WVC21-12345-A7,B12,,101.7,,MAW,PT60M,10YES-REE------0,ES,,,ES
2020-01-01T17:00:00+00:00,VLLRINO 3B,18WVRN3B-12345-S,B10,,0.0,,MAW,PT60M,10YES-REE------0,ES,,,ES
2020-01-01T18:00:00+00:00,ALDEA I G1,18WAL11-12345-AZ,B12,,104.1,,MAW,PT60M,10YES-REE------0,ES,,,ES
2020-01-01T18:00:00+00:00,ALDEA I G2,18WAL12-12345-AP,B12,,98.1,,MAW,PT60M,10YES-REE------0,ES,,,ES
2020-01-01T18:00:00+00:00,ALDEA I G3,18WAL13-12345-AF,B12,,103.6,,MAW,PT60M,10YES-REE------0,ES,,,ES
2020-01-01T18:00:00+00:00,ALDEA I G4,18WAL14-12345-A5,B12,,104.4,,MAW,PT60M,10YES-REE------0,ES,,,ES
2020-01-01T18:00:00+00:00,ALDEA I G5,18WAL15-12345-AW,B12,,104.6,,MAW,PT60M,10YES-REE------0,ES,,,ES
2020-01-01T18:00:00+00:00,ALDEA I G6,18WAL16-12345-AM,B12,,103.9,,MAW,PT60M,10YES-REE------0,ES,,,ES
2020-01-01T18:00:00+00:00,ALDEA IIG1,18WAL21-12345-AO,B12,,200.7,,MAW,PT60M,10YES-REE------0,ES,,,ES
2020-01-01T18:00:00+00:00,ALDEA IIG2,18WAL22-12345-AE,B12,,195.8,,MAW,PT60M,10YES-REE------0,ES,,,ES
2020-01-01T18:00:00+00:00,ALMARAZ 1,18WALZ1-12345-BT,B14,,1005.6,,MAW,PT60M,10YES-REE------0,ES,,,ES
2020-01-01T18:00:00+00:00,ALMARAZ 2,18WALZ2-12345-BJ,B14,,1003.7,,MAW,PT60M,10YES-REE------0,ES,,,ES
2020-01-01T18:00:00+00:00,AMBITG2,18WAMBITG2-12-CT,B04,,237.2,,MAW,PT60M,10YES-REE------0,ES,,,ES
2020-01-01T18:00:00+00:00,AMBITV,18WAMBITV-123-CK,B04,,123.0,,MAW,PT60M,10YES-REE------0,ES,,,ES
2020-01-01T18:00:00+00:00,ARC3TG2,18WARC3TG2-12-CY,B04,,269.6,,MAW,PT60M,10YES-REE------0,ES,,,ES
2020-01-01T18:00:00+00:00,ARC3TV,18WARC3TV-123-CP,B04,,136.7,,MAW,PT60M,10YES-REE------0,ES,,,ES
2020-01-01T18:00:00+00:00,ASCO 1,18WASC1-12345-BD,B14,,1007.3,,MAW,PT60M,10YES-REE------0,ES,,,ES
2020-01-01T18:00:00+00:00,ASCO 2,18WASC2-12345-B3,B14,,1002.1,,MAW,PT60M,10YES-REE------0,ES,,,ES
2020-01-01T18:00:00+00:00,BAHITG2,18WBAHITG2-12-CK,B04,,242.0,,MAW,PT60M,10YES-REE------0,ES,,,ES
2020-01-01T18:00:00+00:00,BAHITV,18WBAHITV-123-CB,B04,,124.5,,MAW,PT60M,10YES-REE------0,ES,,,ES
2020-01-01T18:00:00+00:00,BELESAR 2,18WBEL2-12345-AO,B12,,37.3,,MAW,PT60M,10YES-REE------0,ES,,,ES
2020-01-01T18:00:00+00:00,BELESAR 3,18WBEL3-12345-AE,B12,,96.1,,MAW,PT60M,10YES-REE------0,ES,,,ES
2020-01-01T18:00:00+00:00,BESOS 3,18WBES3-12345-C7,B04,,296.3,,MAW,PT60M,10YES-REE------0,ES,,,ES
2020-01-01T18:00:00+00:00,CARTAGENA1,18WCTGN1-1234-CP,B04,,400.1,,MAW,PT60M,10YES-REE------0,ES,,,ES
2020-01-01T18:00:00+00:00,CARTAGENA3,18WCTGN3-1234-C7,B04,,407.5,,MAW,PT60M,10YES-REE------0,ES,,,ES
2020-01-01T18:00:00+00:00,CASTEJON 1,18WCTJON1-123-CJ,B04,,387.3,,MAW,PT60M,10YES-REE------0,ES,,,ES
2020-01-01T18:00:00+00:00,CEDILLO 1,18WCED1-12345-AZ,B12,,2.4,,MAW,PT60M,10YES-REE------0,ES,,,ES
2020-01-01T18:00:00+00:00,COFRENTES,18WCOF1-12345-B2,B14,,1057.5,,MAW,PT60M,10YES-REE------0,ES,,,ES
2020-01-01T18:00:00+00:00,CTN4TG2,18WCTN4TG2-123-F,B04,,265.9,,MAW,PT60M,10YES-REE------0,ES,,,ES
2020-01-01T18:00:00+00:00,CTN4TV,18WCTN4TV-1234-3,B04,,141.5,,MAW,PT60M,10YES-REE------0,ES,,,ES
2020-01-01T18:00:00+00:00,ESCCC1,18WESCCC1-123-C5,B04,,0.4,,MAW,PT60M,10YES-REE------0,ES,,,ES
2020-01-01T18:00:00+00:00,LA ISLA,18W000000000FUZA,B16,,0.0,,MAW,PT60M,10YES-REE------0,ES,,,ES
2020-01-01T18:00:00+00:00,MUELA 4G,18WMUE4-123456-6,B10,,167.8,,MAW,PT60M,10YES-REE------0,ES,,,ES
2020-01-01T18:00:00+00:00,MUELA 6G,18WMUE6-123456-N,B10,,167.1,,MAW,PT60M,10YES-REE------0,ES,,,ES
2020-01-01T18:00:00+00:00,MUELA 7G,18WMUE7-123456-D,B10,,167.9,,MAW,PT60M,10YES-REE------0,ES,,,ES
2020-01-01T18:00:00+00:00,P.NUEVO 3,18WPNN3-12345-DT,B05,,180.9,,MAW,PT60M,10YES-REE------0,ES,,,ES
2020-01-01T18:00:00+00:00,PBCN1,18WPBCN1-1234-PG,B04,,391.6,,MAW,PT60M,10YES-REE------0,ES,,,ES
2020-01-01T18:00:00+00:00,PGR5TG2,18WPGR5TG2-123-M,B04,,233.5,,MAW,PT60M,10YES-REE------0,ES,,,ES
2020-01-01T18:00:00+00:00,PGR5TV,18WPGR5TV-1234-A,B04,,133.1,,MAW,PT60M,10YES-REE------0,ES,,,ES
2020-01-01T18:00:00+00:00,RODRI,18W000000000AI2L,B16,,0.0,,MAW,PT60M,10YES-REE------0,ES,,,ES
2020-01-01T18:00:00+00:00,S.EST IIG1,18WEST21-12345-C,B12,,161.7,,MAW,PT60M,10YES-REE------0,ES,,,ES
2020-01-01T18:00:00+00:00,S.ROQUE 1,18WSROQ1-1234-CJ,B04,,352.1,,MAW,PT60M,10YES-REE------0,ES,,,ES
2020-01-01T18:00:00+00:00,SAGU2,18WSAGU2-1234-C3,B04,,396.7,,MAW,PT60M,10YES-REE------0,ES,,,ES
2020-01-01T18:00:00+00:00,SALLENT 4G,18WSLT4-12345-F8,B10,,78.1,,MAW,PT60M,10YES-REE------0,ES,,,ES
2020-01-01T18:00:00+00:00,SAUCE II 1,18WSA21-12345-AX,B12,,123.0,,MAW,PT60M,10YES-REE------0,ES,,,ES
2020-01-01T18:00:00+00:00,SAUCE II 2,18WSA22-12345-AN,B12,,123.0,,MAW,PT60M,10YES-REE------0,ES,,,ES
2020-01-01T18:00:00+00:00,SBO3,18WSBO3-12345-CE,B04,,370.2,,MAW,PT60M,10YES-REE------0,ES,,,ES
2020-01-01T18:00:00+00:00,SOTO 5,18WSRI5-12345--5,B04,,314.0,,MAW,PT60M,10YES-REE------0,ES,,,ES
2020-01-01T18:00:00+00:00,SOUTELO 1,18WSOU1-12345-A1,B12,,119.7,,MAW,PT60M,10YES-REE------0,ES,,,ES
2020-01-01T18:00:00+00:00,TERUEL 2,18WTER2-12345-DE,B05,,249.8,,MAW,PT60M,10YES-REE------0,ES,,,ES
2020-01-01T18:00:00+00:00,TRILLO,18WTRL1-12345-BC,B14,,989.4,,MAW,PT60M,10YES-REE------0,ES,,,ES
2020-01-01T18:00:00+00:00,VANDELLOS,18WVAN2-12345-BA,B14,,1037.7,,MAW,PT60M,10YES-REE------0,ES,,,ES
2020-01-01T18:00:00+00:00,VILLALC 21,18WVC21-12345-A7,B12,,101.8,,MAW,PT60M,10YES-REE------0,ES,,,ES
2020-01-01T19:00:00+00:00,ALDEA I G1,18WAL11-12345-AZ,B12,,79.4,,MAW,PT60M,10YES-REE------0,ES,,,ES
2020-01-01T19:00:00+00:00,ALDEA I G2,18WAL12-12345-AP,B12,,84.9,,MAW,PT60M,10YES-REE------0,ES,,,ES
2020-01-01T19:00:00+00:00,ALDEA I G3,18WAL13-12345-AF,B12,,78.5,,MAW,PT60M,10YES-REE------0,ES,,,ES
2020-01-01T19:00:00+00:00,ALDEA I G4,18WAL14-12345-A5,B12,,79.2,,MAW,PT60M,10YES-REE------0,ES,,,ES
2020-01-01T19:00:00+00:00,ALDEA I G5,18WAL15-12345-AW,B12,,78.9,,MAW,PT60M,10YES-REE------0,ES,,,ES
2020-01-01T19:00:00+00:00,ALDEA I G6,18WAL16-12345-AM,B12,,78.9,,MAW,PT60M,10YES-REE------0,ES,,,ES
2020-01-01T19:00:00+00:00,ALDEA IIG1,18WAL21-12345-AO,B12,,201.2,,MAW,PT60M,10YES-REE------0,ES,,,ES
2020-01-01T19:00:00+00:00,ALDEA IIG2,18WAL22-12345-AE,B12,,196.2,,MAW,PT60M,10YES-REE------0,ES,,,ES
2020-01-01T19:00:00+00:00,ALMARAZ 1,18WALZ1-12345-BT,B14,,1006.6,,MAW,PT60M,10YES-REE------0,ES,,,ES
2020-01-01T19:00:00+00:00,ALMARAZ 2,18WALZ2-12345-BJ,B14,,1004.6,,MAW,PT60M,10YES-REE------0,ES,,,ES
2020-01-01T19:00:00+00:00,AMBITG2,18WAMBITG2-12-CT,B04,,206.8,,MAW,PT60M,10YES-REE------0,ES,,,ES
2020-01-01T19:00:00+00:00,AMBITV,18WAMBITV-123-CK,B04,,114.8,,MAW,PT60M,10YES-REE------0,ES,,,ES
2020-01-01T19:00:00+00:00,ARC3TG2,18WARC3TG2-12-CY,B04,,271.7,,MAW,PT60M,10YES-REE------0,ES,,,ES
2020-01-01T19:00:00+00:00,ARC3TV,18WARC3TV-123-CP,B04,,137.7,,MAW,PT60M,10YES-REE------0,ES,,,ES
2020-01-01T19:00:00+00:00,ASCO 1,18WASC1-12345-BD,B14,,1007.9,,MAW,PT60M,10YES-REE------0,ES,,,ES
2020-01-01T19:00:00+00:00,ASCO 2,18WASC2-12345-B3,B14,,1001.7,,MAW,PT60M,10YES-REE------0,ES,,,ES
2020-01-01T19:00:00+00:00,BAHITG2,18WBAHITG2-12-CK,B04,,247.2,,MAW,PT60M,10YES-REE------0,ES,,,ES
2020-01-01T19:00:00+00:00,BAHITV,18WBAHITV-123-CB,B04,,126.4,,MAW,PT60M,10YES-REE------0,ES,,,ES
2020-01-01T19:00:00+00:00,BESOS 3,18WBES3-12345-C7,B04,,302.2,,MAW,PT60M,10YES-REE------0,ES,,,ES
2020-01-01T19:00:00+00:00,CARTAGENA1,18WCTGN1-1234-CP,B04,,386.2,,MAW,PT60M,10YES-REE------0,ES,,,ES
2020-01-01T19:00:00+00:00,CARTAGENA3,18WCTGN3-1234-C7,B04,,378.0,,MAW,PT60M,10YES-REE------0,ES,,,ES
2020-01-01T19:00:00+00:00,CASTEJON 1,18WCTJON1-123-CJ,B04,,375.3,,MAW,PT60M,10YES-REE------0,ES,,,ES
2020-01-01T19:00:00+00:00,CEDILLO 1,18WCED1-12345-AZ,B12,,52.8,,MAW,PT60M,10YES-REE------0,ES,,,ES
2020-01-01T19:00:00+00:00,COFRENTES,18WCOF1-12345-B2,B14,,1057.3,,MAW,PT60M,10YES-REE------0,ES,,,ES
2020-01-01T19:00:00+00:00,CTN4TG2,18WCTN4TG2-123-F,B04,,264.3,,MAW,PT60M,10YES-REE------0,ES,,,ES
2020-01-01T19:00:00+00:00,CTN4TV,18WCTN4TV-1234-3,B04,,141.4,,MAW,PT60M,10YES-REE------0,ES,,,ES
2020-01-01T19:00:00+00:00,MUELA 4G,18WMUE4-123456-6,B10,,120.0,,MAW,PT60M,10YES-REE------0,ES,,,ES
2020-01-01T19:00:00+00:00,MUELA 6G,18WMUE6-123456-N,B10,,119.8,,MAW,PT60M,10YES-REE------0,ES,,,ES
2020-01-01T19:00:00+00:00,MUELA 7G,18WMUE7-123456-D,B10,,119.3,,MAW,PT60M,10YES-REE------0,ES,,,ES
2020-01-01T19:00:00+00:00,P.NUEVO 3,18WPNN3-12345-DT,B05,,180.6,,MAW,PT60M,10YES-REE------0,ES,,,ES
2020-01-01T19:00:00+00:00,PBCN1,18WPBCN1-1234-PG,B04,,378.8,,MAW,PT60M,10YES-REE------0,ES,,,ES
2020-01-01T19:00:00+00:00,PGR5TG2,18WPGR5TG2-123-M,B04,,192.8,,MAW,PT60M,10YES-REE------0,ES,,,ES
2020-01-01T19:00:00+00:00,PGR5TV,18WPGR5TV-1234-A,B04,,119.9,,MAW,PT60M,10YES-REE------0,ES,,,ES
2020-01-01T19:00:00+00:00,RICOBA II1,18WRIC21-1234-AZ,B12,,137.0,,MAW,PT60M,10YES-REE------0,ES,,,ES
2020-01-01T19:00:00+00:00,S.EST IIG1,18WEST21-12345-C,B12,,161.4,,MAW,PT60M,10YES-REE------0,ES,,,ES
2020-01-01T19:00:00+00:00,S.ROQUE 1,18WSROQ1-1234-CJ,B04,,337.6,,MAW,PT60M,10YES-REE------0,ES,,,ES
2020-01-01T19:00:00+00:00,SAGU2,18WSAGU2-1234-C3,B04,,385.2,,MAW,PT60M,10YES-REE------0,ES,,,ES
2020-01-01T19:00:00+00:00,SALLENT 4G,18WSLT4-12345-F8,B10,,90.9,,MAW,PT60M,10YES-REE------0,ES,,,ES
2020-01-01T19:00:00+00:00,SAUCE II 1,18WSA21-12345-AX,B12,,122.9,,MAW,PT60M,10YES-REE------0,ES,,,ES
2020-01-01T19:00:00+00:00,SAUCE II 2,18WSA22-12345-AN,B12,,122.9,,MAW,PT60M,10YES-REE------0,ES,,,ES
2020-01-01T19:00:00+00:00,SBO3,18WSBO3-12345-CE,B04,,355.4,,MAW,PT60M,10YES-REE------0,ES,,,ES
2020-01-01T19:00:00+00:00,SOTO 5,18WSRI5-12345--5,B04,,262.7,,MAW,PT60M,10YES-REE------0,ES,,,ES
2020-01-01T19:00:00+00:00,SOUTELO 1,18WSOU1-12345-A1,B12,,119.4,,MAW,PT60M,10YES-REE------0,ES,,,ES
2020-01-01T19:00:00+00:00,TERUEL 2,18WTER2-12345-DE,B05,,250.2,,MAW,PT60M,10YES-REE------0,ES,,,ES
2020-01-01T19:00:00+00:00,TRILLO,18WTRL1-12345-BC,B14,,989.7,,MAW,PT60M,10YES-REE------0,ES,,,ES
2020-01-01T19:00:00+00:00,VANDELLOS,18WVAN2-12345-BA,B14,,1038.0,,MAW,PT60M,10YES-REE------0,ES,,,ES
2020-01-01T19:00:00+00:00,VILLALC 21,18WVC21-12345-A7,B12,,101.9,,MAW,PT60M,10YES-REE------0,ES,,,ES
2020-01-01T20:00:00+00:00,ALDEA I G1,18WAL11-12345-AZ,B12,,118.2,,MAW,PT60M,10YES-REE------0,ES,,,ES
2020-01-01T20:00:00+00:00,ALDEA I G2,18WAL12-12345-AP,B12,,101.2,,MAW,PT60M,10YES-REE------0,ES,,,ES
2020-01-01T20:00:00+00:00,ALDEA I G3,18WAL13-12345-AF,B12,,116.6,,MAW,PT60M,10YES-REE------0,ES,,,ES
2020-01-01T20:00:00+00:00,ALDEA I G4,18WAL14-12345-A5,B12,,116.6,,MAW,PT60M,10YES-REE------0,ES,,,ES
2020-01-01T20:00:00+00:00,ALDEA I G5,18WAL15-12345-AW,B12,,115.9,,MAW,PT60M,10YES-REE------0,ES,,,ES
2020-01-01T20:00:00+00:00,ALDEA I G6,18WAL16-12345-AM,B12,,106.3,,MAW,PT60M,10YES-REE------0,ES,,,ES
2020-01-01T20:00:00+00:00,ALDEA IIG1,18WAL21-12345-AO,B12,,200.6,,MAW,PT60M,10YES-REE------0,ES,,,ES
2020-01-01T20:00:00+00:00,ALDEA IIG2,18WAL22-12345-AE,B12,,195.7,,MAW,PT60M,10YES-REE------0,ES,,,ES
2020-01-01T20:00:00+00:00,ALMARAZ 1,18WALZ1-12345-BT,B14,,1005.9,,MAW,PT60M,10YES-REE------0,ES,,,ES
2020-01-01T20:00:00+00:00,ALMARAZ 2,18WALZ2-12345-BJ,B14,,1003.6,,MAW,PT60M,10YES-REE------0,ES,,,ES
2020-01-01T20:00:00+00:00,AMBITG2,18WAMBITG2-12-CT,B04,,199.4,,MAW,PT60M,10YES-REE------0,ES,,,ES
2020-01-01T20:00:00+00:00,AMBITV,18WAMBITV-123-CK,B04,,110.9,,MAW,PT60M,10YES-REE------0,ES,,,ES
2020-01-01T20:00:00+00:00,ARC3TG2,18WARC3TG2-12-CY,B04,,273.6,,MAW,PT60M,10YES-REE------0,ES,,,ES
2020-01-01T20:00:00+00:00,ARC3TV,18WARC3TV-123-CP,B04,,138.4,,MAW,PT60M,10YES-REE------0,ES,,,ES
2020-01-01T20:00:00+00:00,ASCO 1,18WASC1-12345-BD,B14,,1007.4,,MAW,PT60M,10YES-REE------0,ES,,,ES
2020-01-01T20:00:00+00:00,ASCO 2,18WASC2-12345-B3,B14,,1002.2,,MAW,PT60M,10YES-REE------0,ES,,,ES
2020-01-01T20:00:00+00:00,BAHITG2,18WBAHITG2-12-CK,B04,,239.0,,MAW,PT60M,10YES-REE------0,ES,,,ES
2020-01-01T20:00:00+00:00,BAHITV,18WBAHITV-123-CB,B04,,123.5,,MAW,PT60M,10YES-REE------0,ES,,,ES
2020-01-01T20:00:00+00:00,BELESAR 2,18WBEL2-12345-AO,B12,,37.1,,MAW,PT60M,10YES-REE------0,ES,,,ES
2020-01-01T20:00:00+00:00,BELESAR 3,18WBEL3-12345-AE,B12,,96.2,,MAW,PT60M,10YES-REE------0,ES,,,ES
2020-01-01T20:00:00+00:00,BESOS 3,18WBES3-12345-C7,B04,,345.7,,MAW,PT60M,10YES-REE------0,ES,,,ES
2020-01-01T20:00:00+00:00,CARTAGENA1,18WCTGN1-1234-CP,B04,,388.9,,MAW,PT60M,10YES-REE------0,ES,,,ES
2020-01-01T20:00:00+00:00,CARTAGENA3,18WCTGN3-1234-C7,B04,,396.3,,MAW,PT60M,10YES-REE------0,ES,,,ES
2020-01-01T20:00:00+00:00,CASTEJON 1,18WCTJON1-123-CJ,B04,,371.1,,MAW,PT60M,10YES-REE------0,ES,,,ES
2020-01-01T20:00:00+00:00,CEDILLO 1,18WCED1-12345-AZ,B12,,57.6,,MAW,PT60M,10YES-REE------0,ES,,,ES
2020-01-01T20:00:00+00:00,COFRENTES,18WCOF1-12345-B2,B14,,1057.8,,MAW,PT60M,10YES-REE------0,ES,,,ES
2020-01-01T20:00:00+00:00,CTN4TG2,18WCTN4TG2-123-F,B04,,221.4,,MAW,PT60M,10YES-REE------0,ES,,,ES
2020-01-01T20:00:00+00:00,CTN4TV,18WCTN4TV-1234-3,B04,,128.8,,MAW,PT60M,10YES-REE------0,ES,,,ES
2020-01-01T20:00:00+00:00,MUELA 4G,18WMUE4-123456-6,B10,,176.8,,MAW,PT60M,10YES-REE------0,ES,,,ES
2020-01-01T20:00:00+00:00,MUELA 6G,18WMUE6-123456-N,B10,,176.5,,MAW,PT60M,10YES-REE------0,ES,,,ES
2020-01-01T20:00:00+00:00,MUELA 7G,18WMUE7-123456-D,B10,,149.9,,MAW,PT60M,10YES-REE------0,ES,,,ES
2020-01-01T20:00:00+00:00,P.NUEVO 3,18WPNN3-12345-DT,B05,,180.9,,MAW,PT60M,10YES-REE------0,ES,,,ES
2020-01-01T20:00:00+00:00,PBCN1,18WPBCN1-1234-PG,B04,,397.2,,MAW,PT60M,10YES-REE------0,ES,,,ES
2020-01-01T20:00:00+00:00,PGR5TG2,18WPGR5TG2-123-M,B04,,192.4,,MAW,PT60M,10YES-REE------0,ES,,,ES
2020-01-01T20:00:00+00:00,PGR5TV,18WPGR5TV-1234-A,B04,,120.7,,MAW,PT60M,10YES-REE------0,ES,,,ES
2020-01-01T20:00:00+00:00,RICOBA II1,18WRIC21-1234-AZ,B12,,137.4,,MAW,PT60M,10YES-REE------0,ES,,,ES
2020-01-01T20:00:00+00:00,S.EST IIG1,18WEST21-12345-C,B12,,161.3,,MAW,PT60M,10YES-REE------0,ES,,,ES
2020-01-01T20:00:00+00:00,S.ROQUE 1,18WSROQ1-1234-CJ,B04,,357.1,,MAW,PT60M,10YES-REE------0,ES,,,ES
2020-01-01T20:00:00+00:00,SAGU2,18WSAGU2-1234-C3,B04,,390.4,,MAW,PT60M,10YES-REE------0,ES,,,ES
2020-01-01T20:00:00+00:00,SALLENT 4G,18WSLT4-12345-F8,B10,,92.2,,MAW,PT60M,10YES-REE------0,ES,,,ES
2020-01-01T20:00:00+00:00,SBO3,18WSBO3-12345-CE,B04,,363.1,,MAW,PT60M,10YES-REE------0,ES,,,ES
2020-01-01T20:00:00+00:00,SOTO 5,18WSRI5-12345--5,B04,,244.4,,MAW,PT60M,10YES-REE------0,ES,,,ES
2020-01-01T20:00:00+00:00,SOUTELO 1,18WSOU1-12345-A1,B12,,119.7,,MAW,PT60M,10YES-REE------0,ES,,,ES
2020-01-01T20:00:00+00:00,TERUEL 2,18WTER2-12345-DE,B05,,247.9,,MAW,PT60M,10YES-REE------0,ES,,,ES
2020-01-01T20:00:00+00:00,TRILLO,18WTRL1-12345-BC,B14,,989.5,,MAW,PT60M,10YES-REE------0,ES,,,ES
2020-01-01T20:00:00+00:00,VILLALC 21,18WVC21-12345-A7,B12,,101.7,,MAW,PT60M,10YES-REE------0,ES,,,ES
2020-01-01T21:00:00+00:00,ALDEA I G1,18WAL11-12345-AZ,B12,,108.9,,MAW,PT60M,10YES-REE------0,ES,,,ES
2020-01-01T21:00:00+00:00,ALDEA I G2,18WAL12-12345-AP,B12,,97.7,,MAW,PT60M,10YES-REE------0,ES,,,ES
2020-01-01T21:00:00+00:00,ALDEA I G3,18WAL13-12345-AF,B12,,108.1,,MAW,PT60M,10YES-REE------0,ES,,,ES
2020-01-01T21:00:00+00:00,ALDEA I G4,18WAL14-12345-A5,B12,,108.2,,MAW,PT60M,10YES-REE------0,ES,,,ES
2020-01-01T21:00:00+00:00,ALDEA I G5,18WAL15-12345-AW,B12,,108.5,,MAW,PT60M,10YES-REE------0,ES,,,ES
2020-01-01T21:00:00+00:00,ALDEA I G6,18WAL16-12345-AM,B12,,103.9,,MAW,PT60M,10YES-REE------0,ES,,,ES
2020-01-01T21:00:00+00:00,ALDEA IIG1,18WAL21-12345-AO,B12,,200.5,,MAW,PT60M,10YES-REE------0,ES,,,ES
2020-01-01T21:00:00+00:00,ALDEA IIG2,18WAL22-12345-AE,B12,,195.5,,MAW,PT60M,10YES-REE------0,ES,,,ES
2020-01-01T21:00:00+00:00,ALMARAZ 1,18WALZ1-12345-BT,B14,,1006.2,,MAW,PT60M,10YES-REE------0,ES,,,ES
2020-01-01T21:00:00+00:00,ALMARAZ 2,18WALZ2-12345-BJ,B14,,1004.1,,MAW,PT60M,10YES-REE------0,ES,,,ES
2020-01-01T21:00:00+00:00,AMBITG2,18WAMBITG2-12-CT,B04,,202.3,,MAW,PT60M,10YES-REE------0,ES,,,ES
2020-01-01T21:00:00+00:00,AMBITV,18WAMBITV-123-CK,B04,,111.3,,MAW,PT60M,10YES-REE------0,ES,,,ES
2020-01-01T21:00:00+00:00,ARC3TG2,18WARC3TG2-12-CY,B04,,273.4,,MAW,PT60M,10YES-REE------0,ES,,,ES
2020-01-01T21:00:00+00:00,ARC3TV,18WARC3TV-123-CP,B04,,138.5,,MAW,PT60M,10YES-REE------0,ES,,,ES
2020-01-01T21:00:00+00:00,ASCO 1,18WASC1-12345-BD,B14,,1007.7,,MAW,PT60M,10YES-REE------0,ES,,,ES
2020-01-01T21:00:00+00:00,BAHITG2,18WBAHITG2-12-CK,B04,,255.4,,MAW,PT60M,10YES-REE------0,ES,,,ES
2020-01-01T21:00:00+00:00,BAHITV,18WBAHITV-123-CB,B04,,128.7,,MAW,PT60M,10YES-REE------0,ES,,,ES
2020-01-01T21:00:00+00:00,BELESAR 2,18WBEL2-12345-AO,B12,,36.3,,MAW,PT60M,10YES-REE------0,ES,,,ES
2020-01-01T21:00:00+00:00,BESOS 3,18WBES3-12345-C7,B04,,298.6,,MAW,PT60M,10YES-REE------0,ES,,,ES
2020-01-01T21:00:00+00:00,BESOS 4,18WBES4-12345-CY,B04,,54.2,,MAW,PT60M,10YES-REE------0,ES,,,ES
2020-01-01T21:00:00+00:00,CARTAGENA1,18WCTGN1-1234-CP,B04,,363.8,,MAW,PT60M,10YES-REE------0,ES,,,ES
2020-01-01T21:00:00+00:00,CARTAGENA3,18WCTGN3-1234-C7,B04,,371.0,,MAW,PT60M,10YES-REE------0,ES,,,ES
2020-01-01T21:00:00+00:00,CASTEJON 1,18WCTJON1-123-CJ,B04,,319.2,,MAW,PT60M,10YES-REE------0,ES,,,ES
2020-01-01T21:00:00+00:00,CEDILLO 1,18WCED1-12345-AZ,B12,,0.0,,MAW,PT60M,10YES-REE------0,ES,,,ES
2020-01-01T21:00:00+00:00,COFRENTES,18WCOF1-12345-B2,B14,,1058.0,,MAW,PT60M,10YES-REE------0,ES,,,ES
2020-01-01T21:00:00+00:00,CTN4TG2,18WCTN4TG2-123-F,B04,,260.2,,MAW,PT60M,10YES-REE------0,ES,,,ES
2020-01-01T21:00:00+00:00,CTN4TV,18WCTN4TV-1234-3,B04,,139.6,,MAW,PT60M,10YES-REE------0,ES,,,ES
2020-01-01T21:00:00+00:00,MUELA 4G,18WMUE4-123456-6,B10,,103.6,,MAW,PT60M,10YES-REE------0,ES,,,ES
2020-01-01T21:00:00+00:00,MUELA 6G,18WMUE6-123456-N,B10,,60.7,,MAW,PT60M,10YES-REE------0,ES,,,ES
2020-01-01T21:00:00+00:00,MUELA 7G,18WMUE7-123456-D,B10,,0.0,,MAW,PT60M,10YES-REE------0,ES,,,ES
2020-01-01T21:00:00+00:00,PBCN1,18WPBCN1-1234-PG,B04,,382.9,,MAW,PT60M,10YES-REE------0,ES,,,ES
2020-01-01T21:00:00+00:00,PGR5TG2,18WPGR5TG2-123-M,B04,,158.7,,MAW,PT60M,10YES-REE------0,ES,,,ES
2020-01-01T21:00:00+00:00,PGR5TV,18WPGR5TV-1234-A,B04,,109.0,,MAW,PT60M,10YES-REE------0,ES,,,ES
2020-01-01T21:00:00+00:00,RICOBA II1,18WRIC21-1234-AZ,B12,,137.3,,MAW,PT60M,10YES-REE------0,ES,,,ES
2020-01-01T21:00:00+00:00,S.EST IIG1,18WEST21-12345-C,B12,,161.2,,MAW,PT60M,10YES-REE------0,ES,,,ES
2020-01-01T21:00:00+00:00,S.ROQUE 1,18WSROQ1-1234-CJ,B04,,340.0,,MAW,PT60M,10YES-REE------0,ES,,,ES
2020-01-01T21:00:00+00:00,SAGU2,18WSAGU2-1234-C3,B04,,382.8,,MAW,PT60M,10YES-REE------0,ES,,,ES
2020-01-01T21:00:00+00:00,SALLENT 4G,18WSLT4-12345-F8,B10,,69.9,,MAW,PT60M,10YES-REE------0,ES,,,ES
2020-01-01T21:00:00+00:00,SAUCE II 1,18WSA21-12345-AX,B12,,123.0,,MAW,PT60M,10YES-REE------0,ES,,,ES
2020-01-01T21:00:00+00:00,SAUCE II 2,18WSA22-12345-AN,B12,,123.0,,MAW,PT60M,10YES-REE------0,ES,,,ES
2020-01-01T21:00:00+00:00,SBO3,18WSBO3-12345-CE,B04,,355.3,,MAW,PT60M,10YES-REE------0,ES,,,ES
2020-01-01T21:00:00+00:00,SOTO 5,18WSRI5-12345--5,B04,,367.1,,MAW,PT60M,10YES-REE------0,ES,,,ES
2020-01-01T21:00:00+00:00,SOUTELO 1,18WSOU1-12345-A1,B12,,119.6,,MAW,PT60M,10YES-REE------0,ES,,,ES
2020-01-01T21:00:00+00:00,TAJOENC 3B,18WTJE3B-12345-R,B10,,0.1,,MAW,PT60M,10YES-REE------0,ES,,,ES
2020-01-01T21:00:00+00:00,TERUEL 2,18WTER2-12345-DE,B05,,250.5,,MAW,PT60M,10YES-REE------0,ES,,,ES
2020-01-01T21:00:00+00:00,TRILLO,18WTRL1-12345-BC,B14,,989.2,,MAW,PT60M,10YES-REE------0,ES,,,ES
2020-01-01T21:00:00+00:00,VANDELLOS,18WVAN2-12345-BA,B14,,1038.4,,MAW,PT60M,10YES-REE------0,ES,,,ES
2020-01-01T21:00:00+00:00,VILLALC 21,18WVC21-12345-A7,B12,,101.8,,MAW,PT60M,10YES-REE------0,ES,,,ES
2020-01-01T22:00:00+00:00,ACECA4,18WACE4-12345-C3,B04,,75.8,,MAW,PT60M,10YES-REE------0,ES,,,ES
2020-01-01T22:00:00+00:00,ALDEA I G1,18WAL11-12345-AZ,B12,,77.6,,MAW,PT60M,10YES-REE------0,ES,,,ES
2020-01-01T22:00:00+00:00,ALDEA I G2,18WAL12-12345-AP,B12,,79.5,,MAW,PT60M,10YES-REE------0,ES,,,ES
2020-01-01T22:00:00+00:00,ALDEA I G3,18WAL13-12345-AF,B12,,77.4,,MAW,PT60M,10YES-REE------0,ES,,,ES
2020-01-01T22:00:00+00:00,ALDEA I G4,18WAL14-12345-A5,B12,,77.6,,MAW,PT60M,10YES-REE------0,ES,,,ES
2020-01-01T22:00:00+00:00,ALDEA I G5,18WAL15-12345-AW,B12,,77.4,,MAW,PT60M,10YES-REE------0,ES,,,ES
2020-01-01T22:00:00+00:00,ALDEA I G6,18WAL16-12345-AM,B12,,78.3,,MAW,PT60M,10YES-REE------0,ES,,,ES
2020-01-01T22:00:00+00:00,ALDEA IIG1,18WAL21-12345-AO,B12,,201.0,,MAW,PT60M,10YES-REE------0,ES,,,ES
2020-01-01T22:00:00+00:00,ALDEA IIG2,18WAL22-12345-AE,B12,,196.1,,MAW,PT60M,10YES-REE------0,ES,,,ES
2020-01-01T22:00:00+00:00,ALMARAZ 1,18WALZ1-12345-BT,B14,,1007.0,,MAW,PT60M,10YES-REE------0,ES,,,ES
2020-01-01T22:00:00+00:00,ALMARAZ 2,18WALZ2-12345-BJ,B14,,1004.6,,MAW,PT60M,10YES-REE------0,ES,,,ES
2020-01-01T22:00:00+00:00,AMBITG2,18WAMBITG2-12-CT,B04,,206.5,,MAW,PT60M,10YES-REE------0,ES,,,ES
2020-01-01T22:00:00+00:00,AMBITV,18WAMBITV-123-CK,B04,,112.9,,MAW,PT60M,10YES-REE------0,ES,,,ES
2020-01-01T22:00:00+00:00,ARC3TG2,18WARC3TG2-12-CY,B04,,268.1,,MAW,PT60M,10YES-REE------0,ES,,,ES
2020-01-01T22:00:00+00:00,ARC3TV,18WARC3TV-123-CP,B04,,137.6,,MAW,PT60M,10YES-REE------0,ES,,,ES
2020-01-01T22:00:00+00:00,ASCO 1,18WASC1-12345-BD,B14,,1007.8,,MAW,PT60M,10YES-REE------0,ES,,,ES
2020-01-01T22:00:00+00:00,ASCO 2,18WASC2-12345-B3,B14,,1002.4,,MAW,PT60M,10YES-REE------0,ES,,,ES
2020-01-01T22:00:00+00:00,BAHITG2,18WBAHITG2-12-CK,B04,,245.8,,MAW,PT60M,10YES-REE------0,ES,,,ES
2020-01-01T22:00:00+00:00,BAHITV,18WBAHITV-123-CB,B04,,124.7,,MAW,PT60M,10YES-REE------0,ES,,,ES
2020-01-01T22:00:00+00:00,BESOS 3,18WBES3-12345-C7,B04,,282.8,,MAW,PT60M,10YES-REE------0,ES,,,ES
2020-01-01T22:00:00+00:00,BESOS 4,18WBES4-12345-CY,B04,,84.2,,MAW,PT60M,10YES-REE------0,ES,,,ES
2020-01-01T22:00:00+00:00,CARTAGENA1,18WCTGN1-1234-CP,B04,,357.5,,MAW,PT60M,10YES-REE------0,ES,,,ES
2020-01-01T22:00:00+00:00,CARTAGENA3,18WCTGN3-1234-C7,B04,,366.8,,MAW,PT60M,10YES-REE------0,ES,,,ES
2020-01-01T22:00:00+00:00,CASTEJON 1,18WCTJON1-123-CJ,B04,,329.6,,MAW,PT60M,10YES-REE------0,ES,,,ES
2020-01-01T22:00:00+00:00,COFRENTES,18WCOF1-12345-B2,B14,,1057.8,,MAW,PT60M,10YES-REE------0,ES,,,ES
2020-01-01T22:00:00+00:00,CTN4TG2,18WCTN4TG2-123-F,B04,,254.9,,MAW,PT60M,10YES-REE------0,ES,,,ES
2020-01-01T22:00:00+00:00,CTN4TV,18WCTN4TV-1234-3,B04,,139.2,,MAW,PT60M,10YES-REE------0,ES,,,ES
2020-01-01T22:00:00+00:00,ESCCC1,18WESCCC1-123-C5,B04,,0.3,,MAW,PT60M,10YES-REE------0,ES,,,ES
2020-01-01T22:00:00+00:00,MUELA 4G,18WMUE4-123456-6,B10,,0.0,,MAW,PT60M,10YES-REE------0,ES,,,ES
2020-01-01T22:00:00+00:00,MUELA 6G,18WMUE6-123456-N,B10,,0.0,,MAW,PT60M,10YES-REE------0,ES,,,ES
2020-01-01T22:00:00+00:00,P.NUEVO 3,18WPNN3-12345-DT,B05,,179.3,,MAW,PT60M,10YES-REE------0,ES,,,ES
2020-01-01T22:00:00+00:00,PBCN1,18WPBCN1-1234-PG,B04,,357.4,,MAW,PT60M,10YES-REE------0,ES,,,ES
2020-01-01T22:00:00+00:00,PGR5TG2,18WPGR5TG2-123-M,B04,,134.3,,MAW,PT60M,10YES-REE------0,ES,,,ES
2020-01-01T22:00:00+00:00,PGR5TV,18WPGR5TV-1234-A,B04,,101.1,,MAW,PT60M,10YES-REE------0,ES,,,ES
2020-01-01T22:00:00+00:00,RICOBA II1,18WRIC21-1234-AZ,B12,,136.7,,MAW,PT60M,10YES-REE------0,ES,,,ES
2020-01-01T22:00:00+00:00,S.ROQUE 1,18WSROQ1-1234-CJ,B04,,336.5,,MAW,PT60M,10YES-REE------0,ES,,,ES
2020-01-01T22:00:00+00:00,SAGU2,18WSAGU2-1234-C3,B04,,360.8,,MAW,PT60M,10YES-REE------0,ES,,,ES
2020-01-01T22:00:00+00:00,SALLENT 1B,18WSLT1B-12345-J,B10,,0.0,,MAW,PT60M,10YES-REE------0,ES,,,ES
2020-01-01T22:00:00+00:00,SALLENT 2B,18WSLT2B-12345-9,B10,,0.1,,MAW,PT60M,10YES-REE------0,ES,,,ES
2020-01-01T22:00:00+00:00,SALLENT 3B,18WSLT3B--1234-V,B10,,0.0,,MAW,PT60M,10YES-REE------0,ES,,,ES
2020-01-01T22:00:00+00:00,SALLENT 4G,18WSLT4-12345-F8,B10,,0.0,,MAW,PT60M,10YES-REE------0,ES,,,ES
2020-01-01T22:00:00+00:00,SAUCE II 1,18WSA21-12345-AX,B12,,122.9,,MAW,PT60M,10YES-REE------0,ES,,,ES
2020-01-01T22:00:00+00:00,SAUCE II 2,18WSA22-12345-AN,B12,,122.9,,MAW,PT60M,10YES-REE------0,ES,,,ES
2020-01-01T22:00:00+00:00,SBO3,18WSBO3-12345-CE,B04,,325.6,,MAW,PT60M,10YES-REE------0,ES,,,ES
2020-01-01T22:00:00+00:00,SOTO 5,18WSRI5-12345--5,B04,,378.4,,MAW,PT60M,10YES-REE------0,ES,,,ES
2020-01-01T22:00:00+00:00,SOUTELO 1,18WSOU1-12345-A1,B12,,17.0,,MAW,PT60M,10YES-REE------0,ES,,,ES
2020-01-01T22:00:00+00:00,TERUEL 2,18WTER2-12345-DE,B05,,249.9,,MAW,PT60M,10YES-REE------0,ES,,,ES
2020-01-01T22:00:00+00:00,TRILLO,18WTRL1-12345-BC,B14,,989.5,,MAW,PT60M,10YES-REE------0,ES,,,ES
2020-01-01T22:00:00+00:00,VANDELLOS,18WVAN2-12345-BA,B14,,1038.0,,MAW,PT60M,10YES-REE------0,ES,,,ES
2020-01-01T22:00:00+00:00,VILLALC 21,18WVC21-12345-A7,B12,,101.5,,MAW,PT60M,10YES-REE------0,ES,,,ES
2020-01-01T22:00:00+00:00,VLLRINO 2G,18WVRN2-12345-AU,B12,,0.4,,MAW,PT60M,10YES-REE------0,ES,,,ES
2020-01-01T22:00:00+00:00,VLLRINO 3B,18WVRN3B-12345-S,B10,,49.6,,MAW,PT60M,10YES-REE------0,ES,,,ES
2020-01-01T22:00:00+00:00,VLLRINO 6B,18WVRN6B-12345-Z,B10,,30.7,,MAW,PT60M,10YES-REE------0,ES,,,ES
2020-01-01T22:00:00+00:00,VLLRINO 6G,18WVRN6-12345-AR,B12,,0.5,,MAW,PT60M,10YES-REE------0,ES,,,ES
2020-01-01T23:00:00+00:00,ACECA4,18WACE4-12345-C3,B04,,233.3,,MAW,PT60M,10YES-REE------0,ES,,,ES
2020-01-01T23:00:00+00:00,ALDEA I G1,18WAL11-12345-AZ,B12,,81.1,,MAW,PT60M,10YES-REE------0,ES,,,ES
2020-01-01T23:00:00+00:00,ALDEA I G2,18WAL12-12345-AP,B12,,83.0,,MAW,PT60M,10YES-REE------0,ES,,,ES
2020-01-01T23:00:00+00:00,ALDEA I G3,18WAL13-12345-AF,B12,,80.2,,MAW,PT60M,10YES-REE------0,ES,,,ES
2020-01-01T23:00:00+00:00,ALDEA I G4,18WAL14-12345-A5,B12,,80.1,,MAW,PT60M,10YES-REE------0,ES,,,ES
2020-01-01T23:00:00+00:00,ALDEA I G5,18WAL15-12345-AW,B12,,80.6,,MAW,PT60M,10YES-REE------0,ES,,,ES
2020-01-01T23:00:00+00:00,ALDEA I G6,18WAL16-12345-AM,B12,,81.0,,MAW,PT60M,10YES-REE------0,ES,,,ES
2020-01-01T23:00:00+00:00,ALDEA IIG1,18WAL21-12345-AO,B12,,12.5,,MAW,PT60M,10YES-REE------0,ES,,,ES
2020-01-01T23:00:00+00:00,ALDEA IIG2,18WAL22-12345-AE,B12,,198.8,,MAW,PT60M,10YES-REE------0,ES,,,ES
2020-01-01T23:00:00+00:00,ALMARAZ 1,18WALZ1-12345-BT,B14,,1006.0,,MAW,PT60M,10YES-REE------0,ES,,,ES
2020-01-01T23:00:00+00:00,ALMARAZ 2,18WALZ2-12345-BJ,B14,,1003.9,,MAW,PT60M,10YES-REE------0,ES,,,ES
2020-01-01T23:00:00+00:00,AMBITG2,18WAMBITG2-12-CT,B04,,207.4,,MAW,PT60M,10YES-REE------0,ES,,,ES
2020-01-01T23:00:00+00:00,AMBITV,18WAMBITV-123-CK,B04,,112.8,,MAW,PT60M,10YES-REE------0,ES,,,ES
2020-01-01T23:00:00+00:00,ARC3TG2,18WARC3TG2-12-CY,B04,,143.1,,MAW,PT60M,10YES-REE------0,ES,,,ES
2020-01-01T23:00:00+00:00,ARC3TV,18WARC3TV-123-CP,B04,,99.6,,MAW,PT60M,10YES-REE------0,ES,,,ES
2020-01-01T23:00:00+00:00,ASCO 1,18WASC1-12345-BD,B14,,1007.9,,MAW,PT60M,10YES-REE------0,ES,,,ES
2020-01-01T23:00:00+00:00,ASCO 2,18WASC2-12345-B3,B14,,1002.2,,MAW,PT60M,10YES-REE------0,ES,,,ES
2020-01-01T23:00:00+00:00,BAHITG2,18WBAHITG2-12-CK,B04,,243.6,,MAW,PT60M,10YES-REE------0,ES,,,ES
2020-01-01T23:00:00+00:00,BAHITV,18WBAHITV-123-CB,B04,,123.6,,MAW,PT60M,10YES-REE------0,ES,,,ES
2020-01-01T23:00:00+00:00,BELESAR 2,18WBEL2-12345-AO,B12,,36.5,,MAW,PT60M,10YES-REE------0,ES,,,ES
2020-01-01T23:00:00+00:00,BELESAR 3,18WBEL3-12345-AE,B12,,96.1,,MAW,PT60M,10YES-REE------0,ES,,,ES
2020-01-01T23:00:00+00:00,BESOS 3,18WBES3-12345-C7,B04,,227.3,,MAW,PT60M,10YES-REE------0,ES,,,ES
2020-01-01T23:00:00+00:00,BESOS 4,18WBES4-12345-CY,B04,,59.1,,MAW,PT60M,10YES-REE------0,ES,,,ES
2020-01-01T23:00:00+00:00,CARTAGENA1,18WCTGN1-1234-CP,B04,,362.6,,MAW,PT60M,10YES-REE------0,ES,,,ES
2020-01-01T23:00:00+00:00,CARTAGENA3,18WCTGN3-1234-C7,B04,,367.0,,MAW,PT60M,10YES-REE------0,ES,,,ES
2020-01-01T23:00:00+00:00,CASTEJON 1,18WCTJON1-123-CJ,B04,,268.0,,MAW,PT60M,10YES-REE------0,ES,,,ES
2020-01-01T23:00:00+00:00,COFRENTES,18WCOF1-12345-B2,B14,,1057.6,,MAW,PT60M,10YES-REE------0,ES,,,ES
2020-01-01T23:00:00+00:00,CTN4TG2,18WCTN4TG2-123-F,B04,,131.6,,MAW,PT60M,10YES-REE------0,ES,,,ES
2020-01-01T23:00:00+00:00,CTN4TV,18WCTN4TV-1234-3,B04,,98.7,,MAW,PT60M,10YES-REE------0,ES,,,ES
2020-01-01T23:00:00+00:00,ESCCC1,18WESCCC1-123-C5,B04,,0.2,,MAW,PT60M,10YES-REE------0,ES,,,ES
2020-01-01T23:00:00+00:00,P.NUEVO 3,18WPNN3-12345-DT,B05,,166.2,,MAW,PT60M,10YES-REE------0,ES,,,ES
2020-01-01T23:00:00+00:00,PBCN1,18WPBCN1-1234-PG,B04,,361.9,,MAW,PT60M,10YES-REE------0,ES,,,ES
2020-01-01T23:00:00+00:00,PGR5TG2,18WPGR5TG2-123-M,B04,,102.0,,MAW,PT60M,10YES-REE------0,ES,,,ES
2020-01-01T23:00:00+00:00,PGR5TV,18WPGR5TV-1234-A,B04,,89.4,,MAW,PT60M,10YES-REE------0,ES,,,ES
2020-01-01T23:00:00+00:00,RICOBA II1,18WRIC21-1234-AZ,B12,,136.6,,MAW,PT60M,10YES-REE------0,ES,,,ES
2020-01-01T23:00:00+00:00,S.EST IIG1,18WEST21-12345-C,B12,,161.5,,MAW,PT60M,10YES-REE------0,ES,,,ES
2020-01-01T23:00:00+00:00,S.ROQUE 1,18WSROQ1-1234-CJ,B04,,227.5,,MAW,PT60M,10YES-REE------0,ES,,,ES
2020-01-01T23:00:00+00:00,SAGU2,18WSAGU2-1234-C3,B04,,278.9,,MAW,PT60M,10YES-REE------0,ES,,,ES
2020-01-01T23:00:00+00:00,SAUCE II 1,18WSA21-12345-AX,B12,,107.1,,MAW,PT60M,10YES-REE------0,ES,,,ES
2020-01-01T23:00:00+00:00,SAUCE II 2,18WSA22-12345-AN,B12,,107.1,,MAW,PT60M,10YES-REE------0,ES,,,ES
2020-01-01T23:00:00+00:00,SBO3,18WSBO3-12345-CE,B04,,270.1,,MAW,PT60M,10YES-REE------0,ES,,,ES
2020-01-01T23:00:00+00:00,SOTO 5,18WSRI5-12345--5,B04,,318.9,,MAW,PT60M,10YES-REE------0,ES,,,ES
2020-01-01T23:00:00+00:00,SOUTELO 1,18WSOU1-12345-A1,B12,,0.0,,MAW,PT60M,10YES-REE------0,ES,,,ES
2020-01-01T23:00:00+00:00,TERUEL 2,18WTER2-12345-DE,B05,,250.4,,MAW,PT60M,10YES-REE------0,ES,,,ES
2020-01-01T23:00:00+00:00,VANDELLOS,18WVAN2-12345-BA,B14,,1038.4,,MAW,PT60M,10YES-REE------0,ES,,,ES
2020-01-01T23:00:00+00:00,VLLRINO 2G,18WVRN2-12345-AU,B12,,0.0,,MAW,PT60M,10YES-REE------0,ES,,,ES
2020-01-01T23:00:00+00:00,VLLRINO 3B,18WVRN3B-12345-S,B10,,141.9,,MAW,PT60M,10YES-REE------0,ES,,,ES
2020-01-01T23:00:00+00:00,VLLRINO 6B,18WVRN6B-12345-Z,B10,,148.7,,MAW,PT60M,10YES-REE------0,ES,,,ES
2020-01-01T23:00:00+00:00,VLLRINO 6G,18WVRN6-12345-AR,B12,,0.0,,MAW,PT60M,10YES-REE------0,ES,,,ES
2020-01-01T00:00:00+00:00,BATHIE 1,17W100P100P03566,B12,,41.0,,MAW,PT60M,10YFR-RTE------C,FR,,,FR
2020-01-01T00:00:00+00:00,COCHE 5,17W100P100P20746,B10,,0.0,,MAW,PT60M,10YFR-RTE------C,FR,,,FR
2020-01-01T02:00:00+00:00,COCHE 5,17W100P100P20746,B10,,1.0,,MAW,PT60M,10YFR-RTE------C,FR,,,FR
2020-01-01T03:00:00+00:00,COCHE 5,17W100P100P20746,B10,,0.0,,MAW,PT60M,10YFR-RTE------C,FR,,,FR
2020-01-01T11:00:00+00:00,BATHIE 1,17W100P100P03566,B12,,42.0,,MAW,PT60M,10YFR-RTE------C,FR,,,FR
2020-01-01T12:00:00+00:00,BATHIE 1,17W100P100P03566,B12,,41.0,,MAW,PT60M,10YFR-RTE------C,FR,,,FR
2020-01-01T13:00:00+00:00,BATHIE 1,17W100P100P03566,B12,,42.0,,MAW,PT60M,10YFR-RTE------C,FR,,,FR
2020-01-01T14:00:00+00:00,BATHIE 1,17W100P100P03566,B12,,41.0,,MAW,PT60M,10YFR-RTE------C,FR,,,FR
2020-01-01T15:00:00+00:00,COCHE 5,17W100P100P20746,B10,,63.0,,MAW,PT60M,10YFR-RTE------C,FR,,,FR
2020-01-01T16:00:00+00:00,BATHIE 1,17W100P100P03566,B12,,40.0,,MAW,PT60M,10YFR-RTE------C,FR,,,FR
2020-01-01T16:00:00+00:00,COCHE 5,17W100P100P20746,B10,,120.0,,MAW,PT60M,10YFR-RTE------C,FR,,,FR
2020-01-01T17:00:00+00:00,BATHIE 1,17W100P100P03566,B12,,41.0,,MAW,PT60M,10YFR-RTE------C,FR,,,FR
2020-01-01T17:00:00+00:00,COCHE 5,17W100P100P20746,B10,,144.0,,MAW,PT60M,10YFR-RTE------C,FR,,,FR
2020-01-01T18:00:00+00:00,BATHIE 1,17W100P100P03566,B12,,61.0,,MAW,PT60M,10YFR-RTE------C,FR,,,FR
2020-01-01T18:00:00+00:00,COCHE 5,17W100P100P20746,B10,,120.0,,MAW,PT60M,10YFR-RTE------C,FR,,,FR
2020-01-01T19:00:00+00:00,BATHIE 1,17W100P100P03566,B12,,45.0,,MAW,PT60M,10YFR-RTE------C,FR,,,FR
2020-01-01T19:00:00+00:00,COCHE 5,17W100P100P20746,B10,,96.0,,MAW,PT60M,10YFR-RTE------C,FR,,,FR
2020-01-01T20:00:00+00:00,BATHIE 1,17W100P100P03566,B12,,44.0,,MAW,PT60M,10YFR-RTE------C,FR,,,FR
2020-01-01T20:00:00+00:00,COCHE 5,17W100P100P20746,B10,,185.0,,MAW,PT60M,10YFR-RTE------C,FR,,,FR
2020-01-01T21:00:00+00:00,BATHIE 1,17W100P100P03566,B12,,42.0,,MAW,PT60M,10YFR-RTE------C,FR,,,FR
2020-01-01T21:00:00+00:00,COCHE 5,17W100P100P20746,B10,,145.0,,MAW,PT60M,10YFR-RTE------C,FR,,,FR
2020-01-01T22:00:00+00:00,BATHIE 1,17W100P100P03566,B12,,38.0,,MAW,PT60M,10YFR-RTE------C,FR,,,FR
2020-01-01T22:00:00+00:00,COCHE 5,17W100P100P20746,B10,,1.0,,MAW,PT60M,10YFR-RTE------C,FR,,,FR
2020-01-01T23:00:00+00:00,BATHIE 1,17W100P100P03566,B12,,33.0,,MAW,PT60M,10YFR-RTE------C,FR,,,FR
2020-01-01T23:00:00+00:00,COCHE 5,17W100P100P20746,B10,,0.0,,MAW,PT60M,10YFR-RTE------C,FR,,,FR
2020-01-01T00:00:00+00:00,AGRAS,29WGU-YISAGRA--N,B11,,0.0,,MAW,PT60M,10YGR-HTSO-----Y,GR,,,GR
2020-01-01T00:00:00+00:00,AG_DIMITRIOS1,29WGU-AGDIMI-I-8,B02,,0.0,,MAW,PT60M,10YGR-HTSO-----Y,GR,,,GR
2020-01-01T00:00:00+00:00,AG_DIMITRIOS2,29WGU-AGDIMI-II7,B02,,0.0,,MAW,PT60M,10YGR-HTSO-----Y,GR,,,GR
2020-01-01T00:00:00+00:00,AG_DIMITRIOS3,29WGU-AGDIMIIII5,B02,,152.0,,MAW,PT60M,10YGR-HTSO-----Y,GR,,,GR
2020-01-01T00:00:00+00:00,AG_DIMITRIOS4,29WGU-AGDIMI-IVI,B02,,152.0,,MAW,PT60M,10YGR-HTSO-----Y,GR,,,GR
2020-01-01T00:00:00+00:00,AG_DIMITRIOS5,29WGU-AGDIMI-V-6,B02,,191.0,,MAW,PT60M,10YGR-HTSO-----Y,GR,,,GR
2020-01-01T00:00:00+00:00,ALIVERI5,29WGU-ALIVERI-5Q,B04,,232.0,,MAW,PT60M,10YGR-HTSO-----Y,GR,,,GR
2020-01-01T00:00:00+00:00,ALOUMINIO,29WGU-ALOUMINIOF,B04,,136.0,,MAW,PT60M,10YGR-HTSO-----Y,GR,,,GR
2020-01-01T00:00:00+00:00,AMYNDEO1,29WGU-AMYNT-I--7,B02,,145.0,,MAW,PT60M,10YGR-HTSO-----Y,GR,,,GR
2020-01-01T00:00:00+00:00,AMYNDEO2,29WGU-AMYNT-II-O,B02,,0.0,,MAW,PT60M,10YGR-HTSO-----Y,GR,,,GR
2020-01-01T00:00:00+00:00,ASOMATA,29WGU-ASOMATON-J,B12,,0.0,,MAW,PT60M,10YGR-HTSO-----Y,GR,,,GR
2020-01-01T00:00:00+00:00,EDESSAIOS,29WGU-YISEDESS-U,B11,,0.0,,MAW,PT60M,10YGR-HTSO-----Y,GR,,,GR
2020-01-01T00:00:00+00:00,ELPEDISON_THESS,29WGU-ENERGEITH4,B04,,231.0,,MAW,PT60M,10YGR-HTSO-----Y,GR,,,GR
2020-01-01T00:00:00+00:00,ELPEDISON_THISVI,29WGU-ELPEDISTHK,B04,,0.0,,MAW,PT60M,10YGR-HTSO-----Y,GR,,,GR
2020-01-01T00:00:00+00:00,HERON1,29WGU-HERON1---C,B04,,0.0,,MAW,PT60M,10YGR-HTSO-----Y,GR,,,GR
2020-01-01T00:00:00+00:00,HERON2,29WGU-HERON2---7,B04,,0.0,,MAW,PT60M,10YGR-HTSO-----Y,GR,,,GR
2020-01-01T00:00:00+00:00,HERON3,29WGU-HERON3---2,B04,,0.0,,MAW,PT60M,10YGR-HTSO-----Y,GR,,,GR
2020-01-01T00:00:00+00:00,HERON_CC,29WGU-HERON-CC-5,B04,,360.0,,MAW,PT60M,10YGR-HTSO-----Y,GR,,,GR
2020-01-01T00:00:00+00:00,ILARIONAS,29WGU-ILARIONAS4,B12,,124.0,,MAW,PT60M,10YGR-HTSO-----Y,GR,,,GR
2020-01-01T00:00:00+00:00,KARDIA1,29WGU-KARDIAI--4,B02,,0.0,,MAW,PT60M,10YGR-HTSO-----Y,GR,,,GR
2020-01-01T00:00:00+00:00,KARDIA2,29WGU-KARDIAII-L,B02,,0.0,,MAW,PT60M,10YGR-HTSO-----Y,GR,,,GR
2020-01-01T00:00:00+00:00,KARDIA3,29WGU-KARDIAIIIK,B02,,147.0,,MAW,PT60M,10YGR-HTSO-----Y,GR,,,GR
2020-01-01T00:00:00+00:00,KARDIA4,29WGU-KARDIAIV-J,B02,,148.0,,MAW,PT60M,10YGR-HTSO-----Y,GR,,,GR
2020-01-01T00:00:00+00:00,KASTRAKI,29WGU-KASTRAKI-O,B12,,0.0,,MAW,PT60M,10YGR-HTSO-----Y,GR,,,GR
2020-01-01T00:00:00+00:00,KOMOTINI,29WGU-KOMOTIN-IA,B04,,0.0,,MAW,PT60M,10YGR-HTSO-----Y,GR,,,GR
2020-01-01T00:00:00+00:00,KORINTHOS_POWER,29WGU-KORITHPWR3,B04,,0.0,,MAW,PT60M,10YGR-HTSO-----Y,GR,,,GR
2020-01-01T00:00:00+00:00,KREMASTA,29WGU-KREMASTONG,B12,,43.0,,MAW,PT60M,10YGR-HTSO-----Y,GR,,,GR
2020-01-01T00:00:00+00:00,LADONAS,29WGU-YISLADONAD,B12,,56.0,,MAW,PT60M,10YGR-HTSO-----Y,GR,,,GR
2020-01-01T00:00:00+00:00,LAVRIO4,29WGU-LAVRIO-IV8,B04,,282.0,,MAW,PT60M,10YGR-HTSO-----Y,GR,,,GR
2020-01-01T00:00:00+00:00,LAVRIO5,29WGU-LAVRIO-V-X,B04,,0.0,,MAW,PT60M,10YGR-HTSO-----Y,GR,,,GR
2020-01-01T00:00:00+00:00,MEGALOPOLI3,29WGU-MEGALIII-G,B02,,175.0,,MAW,PT60M,10YGR-HTSO-----Y,GR,,,GR
2020-01-01T00:00:00+00:00,MEGALOPOLI4,29WGU-MEGAL-IV-Z,B02,,0.0,,MAW,PT60M,10YGR-HTSO-----Y,GR,,,GR
2020-01-01T00:00:00+00:00,MEGALOPOLI_V,29WGU-MEGAL-V--5,B04,,0.0,,MAW,PT60M,10YGR-HTSO-----Y,GR,,,GR
2020-01-01T00:00:00+00:00,MELITI,29WGU-MELITII--3,B02,,0.0,,MAW,PT60M,10YGR-HTSO-----Y,GR,,,GR
2020-01-01T00:00:00+00:00,PLASTIRAS,29WGU-PLASTIRASN,B12,,0.0,,MAW,PT60M,10YGR-HTSO-----Y,GR,,,GR
2020-01-01T00:00:00+00:00,PLATANOVRYSI,29WGU-YISPLATAN1,B12,,0.0,,MAW,PT60M,10YGR-HTSO-----Y,GR,,,GR
2020-01-01T00:00:00+00:00,POLYFYTO,29WGU-POLYFYTO-Q,B12,,0.0,,MAW,PT60M,10YGR-HTSO-----Y,GR,,,GR
2020-01-01T00:00:00+00:00,POURNARI1,29WGU-YISPOURN17,B12,,212.0,,MAW,PT60M,10YGR-HTSO-----Y,GR,,,GR
2020-01-01T00:00:00+00:00,POURNARI2,29WGU-YISPOURN25,B12,,24.0,,MAW,PT60M,10YGR-HTSO-----Y,GR,,,GR
2020-01-01T00:00:00+00:00,PROTERGIA_CC,29WGU-PROTERGCC2,B04,,211.0,,MAW,PT60M,10YGR-HTSO-----Y,GR,,,GR
2020-01-01T00:00:00+00:00,P_AOOU,29WGU-YISPAOOU-5,B12,,41.0,,MAW,PT60M,10YGR-HTSO-----Y,GR,,,GR
2020-01-01T00:00:00+00:00,SFIKIA,29WGU-YISSFIKIAE,B10,,0.0,,MAW,PT60M,10YGR-HTSO-----Y,GR,,,GR
2020-01-01T00:00:00+00:00,STRATOS1,29WGU-YISSTRAT1L,B12,,0.0,,MAW,PT60M,10YGR-HTSO-----Y,GR,,,GR
2020-01-01T00:00:00+00:00,THESAVROS1,29WGU-THESAVRO1B,B10,,0.0,,MAW,PT60M,10YGR-HTSO-----Y,GR,,,GR
2020-01-01T00:00:00+00:00,THESAVROS2,29WGU-THESAVRO29,B10,,0.0,,MAW,PT60M,10YGR-HTSO-----Y,GR,,,GR
2020-01-01T00:00:00+00:00,THESAVROS3,29WGU-THESAVRO37,B10,,0.0,,MAW,PT60M,10YGR-HTSO-----Y,GR,,,GR
2020-01-01T01:00:00+00:00,AG_DIMITRIOS3,29WGU-AGDIMIIII5,B02,,153.0,,MAW,PT60M,10YGR-HTSO-----Y,GR,,,GR
2020-01-01T01:00:00+00:00,AG_DIMITRIOS4,29WGU-AGDIMI-IVI,B02,,151.0,,MAW,PT60M,10YGR-HTSO-----Y,GR,,,GR
2020-01-01T01:00:00+00:00,AG_DIMITRIOS5,29WGU-AGDIMI-V-6,B02,,192.0,,MAW,PT60M,10YGR-HTSO-----Y,GR,,,GR
2020-01-01T01:00:00+00:00,ALIVERI5,29WGU-ALIVERI-5Q,B04,,190.0,,MAW,PT60M,10YGR-HTSO-----Y,GR,,,GR
2020-01-01T01:00:00+00:00,ALOUMINIO,29WGU-ALOUMINIOF,B04,,135.0,,MAW,PT60M,10YGR-HTSO-----Y,GR,,,GR
2020-01-01T01:00:00+00:00,AMYNDEO1,29WGU-AMYNT-I--7,B02,,144.0,,MAW,PT60M,10YGR-HTSO-----Y,GR,,,GR
2020-01-01T01:00:00+00:00,ELPEDISON_THESS,29WGU-ENERGEITH4,B04,,223.0,,MAW,PT60M,10YGR-HTSO-----Y,GR,,,GR
2020-01-01T01:00:00+00:00,HERON_CC,29WGU-HERON-CC-5,B04,,334.0,,MAW,PT60M,10YGR-HTSO-----Y,GR,,,GR
2020-01-01T01:00:00+00:00,ILARIONAS,29WGU-ILARIONAS4,B12,,114.0,,MAW,PT60M,10YGR-HTSO-----Y,GR,,,GR
2020-01-01T01:00:00+00:00,KARDIA3,29WGU-KARDIAIIIK,B02,,148.0,,MAW,PT60M,10YGR-HTSO-----Y,GR,,,GR
2020-01-01T01:00:00+00:00,KREMASTA,29WGU-KREMASTONG,B12,,2.0,,MAW,PT60M,10YGR-HTSO-----Y,GR,,,GR
2020-01-01T01:00:00+00:00,LAVRIO4,29WGU-LAVRIO-IV8,B04,,188.0,,MAW,PT60M,10YGR-HTSO-----Y,GR,,,GR
2020-01-01T01:00:00+00:00,POURNARI1,29WGU-YISPOURN17,B12,,146.0,,MAW,PT60M,10YGR-HTSO-----Y,GR,,,GR
2020-01-01T01:00:00+00:00,PROTERGIA_CC,29WGU-PROTERGCC2,B04,,185.0,,MAW,PT60M,10YGR-HTSO-----Y,GR,,,GR
2020-01-01T01:00:00+00:00,P_AOOU,29WGU-YISPAOOU-5,B12,,39.0,,MAW,PT60M,10YGR-HTSO-----Y,GR,,,GR
2020-01-01T02:00:00+00:00,AG_DIMITRIOS3,29WGU-AGDIMIIII5,B02,,152.0,,MAW,PT60M,10YGR-HTSO-----Y,GR,,,GR
2020-01-01T02:00:00+00:00,AG_DIMITRIOS4,29WGU-AGDIMI-IVI,B02,,152.0,,MAW,PT60M,10YGR-HTSO-----Y,GR,,,GR
2020-01-01T02:00:00+00:00,AG_DIMITRIOS5,29WGU-AGDIMI-V-6,B02,,193.0,,MAW,PT60M,10YGR-HTSO-----Y,GR,,,GR
2020-01-01T02:00:00+00:00,ALIVERI5,29WGU-ALIVERI-5Q,B04,,188.0,,MAW,PT60M,10YGR-HTSO-----Y,GR,,,GR
2020-01-01T02:00:00+00:00,ALOUMINIO,29WGU-ALOUMINIOF,B04,,136.0,,MAW,PT60M,10YGR-HTSO-----Y,GR,,,GR
2020-01-01T02:00:00+00:00,AMYNDEO1,29WGU-AMYNT-I--7,B02,,148.0,,MAW,PT60M,10YGR-HTSO-----Y,GR,,,GR
2020-01-01T02:00:00+00:00,ELPEDISON_THESS,29WGU-ENERGEITH4,B04,,222.0,,MAW,PT60M,10YGR-HTSO-----Y,GR,,,GR
2020-01-01T02:00:00+00:00,HERON_CC,29WGU-HERON-CC-5,B04,,274.0,,MAW,PT60M,10YGR-HTSO-----Y,GR,,,GR
2020-01-01T02:00:00+00:00,ILARIONAS,29WGU-ILARIONAS4,B12,,93.0,,MAW,PT60M,10YGR-HTSO-----Y,GR,,,GR
2020-01-01T02:00:00+00:00,KARDIA3,29WGU-KARDIAIIIK,B02,,146.0,,MAW,PT60M,10YGR-HTSO-----Y,GR,,,GR
2020-01-01T02:00:00+00:00,KARDIA4,29WGU-KARDIAIV-J,B02,,149.0,,MAW,PT60M,10YGR-HTSO-----Y,GR,,,GR
2020-01-01T02:00:00+00:00,KREMASTA,29WGU-KREMASTONG,B12,,0.0,,MAW,PT60M,10YGR-HTSO-----Y,GR,,,GR
2020-01-01T02:00:00+00:00,LAVRIO4,29WGU-LAVRIO-IV8,B04,,121.0,,MAW,PT60M,10YGR-HTSO-----Y,GR,,,GR
2020-01-01T02:00:00+00:00,MEGALOPOLI3,29WGU-MEGALIII-G,B02,,170.0,,MAW,PT60M,10YGR-HTSO-----Y,GR,,,GR
2020-01-01T02:00:00+00:00,POURNARI1,29WGU-YISPOURN17,B12,,61.0,,MAW,PT60M,10YGR-HTSO-----Y,GR,,,GR
2020-01-01T02:00:00+00:00,PROTERGIA_CC,29WGU-PROTERGCC2,B04,,163.0,,MAW,PT60M,10YGR-HTSO-----Y,GR,,,GR
2020-01-01T02:00:00+00:00,P_AOOU,29WGU-YISPAOOU-5,B12,,28.0,,MAW,PT60M,10YGR-HTSO-----Y,GR,,,GR
2020-01-01T03:00:00+00:00,AG_DIMITRIOS5,29WGU-AGDIMI-V-6,B02,,192.0,,MAW,PT60M,10YGR-HTSO-----Y,GR,,,GR
2020-01-01T03:00:00+00:00,ALOUMINIO,29WGU-ALOUMINIOF,B04,,135.0,,MAW,PT60M,10YGR-HTSO-----Y,GR,,,GR
2020-01-01T03:00:00+00:00,HERON_CC,29WGU-HERON-CC-5,B04,,192.0,,MAW,PT60M,10YGR-HTSO-----Y,GR,,,GR
2020-01-01T03:00:00+00:00,ILARIONAS,29WGU-ILARIONAS4,B12,,88.0,,MAW,PT60M,10YGR-HTSO-----Y,GR,,,GR
2020-01-01T03:00:00+00:00,KARDIA3,29WGU-KARDIAIIIK,B02,,147.0,,MAW,PT60M,10YGR-HTSO-----Y,GR,,,GR
2020-01-01T03:00:00+00:00,KARDIA4,29WGU-KARDIAIV-J,B02,,148.0,,MAW,PT60M,10YGR-HTSO-----Y,GR,,,GR
2020-01-01T03:00:00+00:00,LAVRIO4,29WGU-LAVRIO-IV8,B04,,111.0,,MAW,PT60M,10YGR-HTSO-----Y,GR,,,GR
2020-01-01T03:00:00+00:00,POURNARI1,29WGU-YISPOURN17,B12,,3.0,,MAW,PT60M,10YGR-HTSO-----Y,GR,,,GR
2020-01-01T03:00:00+00:00,POURNARI2,29WGU-YISPOURN25,B12,,29.0,,MAW,PT60M,10YGR-HTSO-----Y,GR,,,GR
2020-01-01T03:00:00+00:00,P_AOOU,29WGU-YISPAOOU-5,B12,,27.0,,MAW,PT60M,10YGR-HTSO-----Y,GR,,,GR
2020-01-01T04:00:00+00:00,AG_DIMITRIOS4,29WGU-AGDIMI-IVI,B02,,150.0,,MAW,PT60M,10YGR-HTSO-----Y,GR,,,GR
2020-01-01T04:00:00+00:00,AMYNDEO1,29WGU-AMYNT-I--7,B02,,149.0,,MAW,PT60M,10YGR-HTSO-----Y,GR,,,GR
2020-01-01T04:00:00+00:00,ELPEDISON_THESS,29WGU-ENERGEITH4,B04,,221.0,,MAW,PT60M,10YGR-HTSO-----Y,GR,,,GR
2020-01-01T04:00:00+00:00,HERON_CC,29WGU-HERON-CC-5,B04,,191.0,,MAW,PT60M,10YGR-HTSO-----Y,GR,,,GR
2020-01-01T04:00:00+00:00,ILARIONAS,29WGU-ILARIONAS4,B12,,87.0,,MAW,PT60M,10YGR-HTSO-----Y,GR,,,GR
2020-01-01T04:00:00+00:00,KARDIA3,29WGU-KARDIAIIIK,B02,,148.0,,MAW,PT60M,10YGR-HTSO-----Y,GR,,,GR
2020-01-01T04:00:00+00:00,LADONAS,29WGU-YISLADONAD,B12,,31.0,,MAW,PT60M,10YGR-HTSO-----Y,GR,,,GR
2020-01-01T04:00:00+00:00,PLATANOVRYSI,29WGU-YISPLATAN1,B12,,26.0,,MAW,PT60M,10YGR-HTSO-----Y,GR,,,GR
2020-01-01T04:00:00+00:00,POURNARI1,29WGU-YISPOURN17,B12,,0.0,,MAW,PT60M,10YGR-HTSO-----Y,GR,,,GR
2020-01-01T04:00:00+00:00,P_AOOU,29WGU-YISPAOOU-5,B12,,26.0,,MAW,PT60M,10YGR-HTSO-----Y,GR,,,GR
2020-01-01T05:00:00+00:00,ALOUMINIO,29WGU-ALOUMINIOF,B04,,136.0,,MAW,PT60M,10YGR-HTSO-----Y,GR,,,GR
2020-01-01T05:00:00+00:00,HERON_CC,29WGU-HERON-CC-5,B04,,192.0,,MAW,PT60M,10YGR-HTSO-----Y,GR,,,GR
2020-01-01T05:00:00+00:00,ILARIONAS,29WGU-ILARIONAS4,B12,,27.0,,MAW,PT60M,10YGR-HTSO-----Y,GR,,,GR
2020-01-01T05:00:00+00:00,KARDIA4,29WGU-KARDIAIV-J,B02,,149.0,,MAW,PT60M,10YGR-HTSO-----Y,GR,,,GR
2020-01-01T05:00:00+00:00,LADONAS,29WGU-YISLADONAD,B12,,54.0,,MAW,PT60M,10YGR-HTSO-----Y,GR,,,GR
2020-01-01T05:00:00+00:00,MEGALOPOLI3,29WGU-MEGALIII-G,B02,,177.0,,MAW,PT60M,10YGR-HTSO-----Y,GR,,,GR
2020-01-01T05:00:00+00:00,POURNARI2,29WGU-YISPOURN25,B12,,9.0,,MAW,PT60M,10YGR-HTSO-----Y,GR,,,GR
2020-01-01T06:00:00+00:00,AGRAS,29WGU-YISAGRA--N,B11,,4.0,,MAW,PT60M,10YGR-HTSO-----Y,GR,,,GR
2020-01-01T06:00:00+00:00,AG_DIMITRIOS3,29WGU-AGDIMIIII5,B02,,151.0,,MAW,PT60M,10YGR-HTSO-----Y,GR,,,GR
2020-01-01T06:00:00+00:00,AG_DIMITRIOS5,29WGU-AGDIMI-V-6,B02,,184.0,,MAW,PT60M,10YGR-HTSO-----Y,GR,,,GR
2020-01-01T06:00:00+00:00,AMYNDEO1,29WGU-AMYNT-I--7,B02,,151.0,,MAW,PT60M,10YGR-HTSO-----Y,GR,,,GR
2020-01-01T06:00:00+00:00,HERON_CC,29WGU-HERON-CC-5,B04,,191.0,,MAW,PT60M,10YGR-HTSO-----Y,GR,,,GR
2020-01-01T06:00:00+00:00,ILARIONAS,29WGU-ILARIONAS4,B12,,0.0,,MAW,PT60M,10YGR-HTSO-----Y,GR,,,GR
2020-01-01T06:00:00+00:00,KARDIA3,29WGU-KARDIAIIIK,B02,,147.0,,MAW,PT60M,10YGR-HTSO-----Y,GR,,,GR
2020-01-01T06:00:00+00:00,KARDIA4,29WGU-KARDIAIV-J,B02,,148.0,,MAW,PT60M,10YGR-HTSO-----Y,GR,,,GR
2020-01-01T06:00:00+00:00,LADONAS,29WGU-YISLADONAD,B12,,56.0,,MAW,PT60M,10YGR-HTSO-----Y,GR,,,GR
2020-01-01T06:00:00+00:00,MEGALOPOLI3,29WGU-MEGALIII-G,B02,,178.0,,MAW,PT60M,10YGR-HTSO-----Y,GR,,,GR
2020-01-01T06:00:00+00:00,PLASTIRAS,29WGU-PLASTIRASN,B12,,38.0,,MAW,PT60M,10YGR-HTSO-----Y,GR,,,GR
2020-01-01T06:00:00+00:00,POURNARI2,29WGU-YISPOURN25,B12,,0.0,,MAW,PT60M,10YGR-HTSO-----Y,GR,,,GR
2020-01-01T07:00:00+00:00,AGRAS,29WGU-YISAGRA--N,B11,,19.0,,MAW,PT60M,10YGR-HTSO-----Y,GR,,,GR
2020-01-01T07:00:00+00:00,AG_DIMITRIOS3,29WGU-AGDIMIIII5,B02,,150.0,,MAW,PT60M,10YGR-HTSO-----Y,GR,,,GR
2020-01-01T07:00:00+00:00,AG_DIMITRIOS5,29WGU-AGDIMI-V-6,B02,,183.0,,MAW,PT60M,10YGR-HTSO-----Y,GR,,,GR
2020-01-01T07:00:00+00:00,ALIVERI5,29WGU-ALIVERI-5Q,B04,,212.0,,MAW,PT60M,10YGR-HTSO-----Y,GR,,,GR
2020-01-01T07:00:00+00:00,ALOUMINIO,29WGU-ALOUMINIOF,B04,,135.0,,MAW,PT60M,10YGR-HTSO-----Y,GR,,,GR
2020-01-01T07:00:00+00:00,HERON_CC,29WGU-HERON-CC-5,B04,,195.0,,MAW,PT60M,10YGR-HTSO-----Y,GR,,,GR
2020-01-01T07:00:00+00:00,LAVRIO4,29WGU-LAVRIO-IV8,B04,,115.0,,MAW,PT60M,10YGR-HTSO-----Y,GR,,,GR
2020-01-01T07:00:00+00:00,MEGALOPOLI3,29WGU-MEGALIII-G,B02,,179.0,,MAW,PT60M,10YGR-HTSO-----Y,GR,,,GR
2020-01-01T07:00:00+00:00,PLATANOVRYSI,29WGU-YISPLATAN1,B12,,0.0,,MAW,PT60M,10YGR-HTSO-----Y,GR,,,GR
2020-01-01T07:00:00+00:00,PROTERGIA_CC,29WGU-PROTERGCC2,B04,,168.0,,MAW,PT60M,10YGR-HTSO-----Y,GR,,,GR
2020-01-01T07:00:00+00:00,P_AOOU,29WGU-YISPAOOU-5,B12,,27.0,,MAW,PT60M,10YGR-HTSO-----Y,GR,,,GR
2020-01-01T08:00:00+00:00,AG_DIMITRIOS3,29WGU-AGDIMIIII5,B02,,149.0,,MAW,PT60M,10YGR-HTSO-----Y,GR,,,GR
2020-01-01T08:00:00+00:00,AG_DIMITRIOS4,29WGU-AGDIMI-IVI,B02,,151.0,,MAW,PT60M,10YGR-HTSO-----Y,GR,,,GR
2020-01-01T08:00:00+00:00,ALIVERI5,29WGU-ALIVERI-5Q,B04,,241.0,,MAW,PT60M,10YGR-HTSO-----Y,GR,,,GR
2020-01-01T08:00:00+00:00,ALOUMINIO,29WGU-ALOUMINIOF,B04,,136.0,,MAW,PT60M,10YGR-HTSO-----Y,GR,,,GR
2020-01-01T08:00:00+00:00,HERON_CC,29WGU-HERON-CC-5,B04,,263.0,,MAW,PT60M,10YGR-HTSO-----Y,GR,,,GR
2020-01-01T08:00:00+00:00,KARDIA3,29WGU-KARDIAIIIK,B02,,148.0,,MAW,PT60M,10YGR-HTSO-----Y,GR,,,GR
2020-01-01T08:00:00+00:00,KARDIA4,29WGU-KARDIAIV-J,B02,,149.0,,MAW,PT60M,10YGR-HTSO-----Y,GR,,,GR
2020-01-01T08:00:00+00:00,KASTRAKI,29WGU-KASTRAKI-O,B12,,13.0,,MAW,PT60M,10YGR-HTSO-----Y,GR,,,GR
2020-01-01T08:00:00+00:00,LAVRIO4,29WGU-LAVRIO-IV8,B04,,141.0,,MAW,PT60M,10YGR-HTSO-----Y,GR,,,GR
2020-01-01T08:00:00+00:00,PROTERGIA_CC,29WGU-PROTERGCC2,B04,,214.0,,MAW,PT60M,10YGR-HTSO-----Y,GR,,,GR
2020-01-01T08:00:00+00:00,P_AOOU,29WGU-YISPAOOU-5,B12,,31.0,,MAW,PT60M,10YGR-HTSO-----Y,GR,,,GR
2020-01-01T09:00:00+00:00,AGRAS,29WGU-YISAGRA--N,B11,,18.0,,MAW,PT60M,10YGR-HTSO-----Y,GR,,,GR
2020-01-01T09:00:00+00:00,AG_DIMITRIOS4,29WGU-AGDIMI-IVI,B02,,150.0,,MAW,PT60M,10YGR-HTSO-----Y,GR,,,GR
2020-01-01T09:00:00+00:00,AG_DIMITRIOS5,29WGU-AGDIMI-V-6,B02,,181.0,,MAW,PT60M,10YGR-HTSO-----Y,GR,,,GR
2020-01-01T09:00:00+00:00,ALIVERI5,29WGU-ALIVERI-5Q,B04,,225.0,,MAW,PT60M,10YGR-HTSO-----Y,GR,,,GR
2020-01-01T09:00:00+00:00,ALOUMINIO,29WGU-ALOUMINIOF,B04,,134.0,,MAW,PT60M,10YGR-HTSO-----Y,GR,,,GR
2020-01-01T09:00:00+00:00,ELPEDISON_THESS,29WGU-ENERGEITH4,B04,,222.0,,MAW,PT60M,10YGR-HTSO-----Y,GR,,,GR
2020-01-01T09:00:00+00:00,HERON_CC,29WGU-HERON-CC-5,B04,,349.0,,MAW,PT60M,10YGR-HTSO-----Y,GR,,,GR
2020-01-01T09:00:00+00:00,KARDIA3,29WGU-KARDIAIIIK,B02,,147.0,,MAW,PT60M,10YGR-HTSO-----Y,GR,,,GR
2020-01-01T09:00:00+00:00,KARDIA4,29WGU-KARDIAIV-J,B02,,148.0,,MAW,PT60M,10YGR-HTSO-----Y,GR,,,GR
2020-01-01T09:00:00+00:00,KASTRAKI,29WGU-KASTRAKI-O,B12,,43.0,,MAW,PT60M,10YGR-HTSO-----Y,GR,,,GR
2020-01-01T09:00:00+00:00,LAVRIO4,29WGU-LAVRIO-IV8,B04,,128.0,,MAW,PT60M,10YGR-HTSO-----Y,GR,,,GR
2020-01-01T09:00:00+00:00,MEGALOPOLI3,29WGU-MEGALIII-G,B02,,211.0,,MAW,PT60M,10YGR-HTSO-----Y,GR,,,GR
2020-01-01T09:00:00+00:00,PLASTIRAS,29WGU-PLASTIRASN,B12,,37.0,,MAW,PT60M,10YGR-HTSO-----Y,GR,,,GR
2020-01-01T09:00:00+00:00,PROTERGIA_CC,29WGU-PROTERGCC2,B04,,395.0,,MAW,PT60M,10YGR-HTSO-----Y,GR,,,GR
2020-01-01T09:00:00+00:00,P_AOOU,29WGU-YISPAOOU-5,B12,,18.0,,MAW,PT60M,10YGR-HTSO-----Y,GR,,,GR
2020-01-01T09:00:00+00:00,STRATOS1,29WGU-YISSTRAT1L,B12,,15.0,,MAW,PT60M,10YGR-HTSO-----Y,GR,,,GR
2020-01-01T10:00:00+00:00,AGRAS,29WGU-YISAGRA--N,B11,,13.0,,MAW,PT60M,10YGR-HTSO-----Y,GR,,,GR
2020-01-01T10:00:00+00:00,AG_DIMITRIOS4,29WGU-AGDIMI-IVI,B02,,151.0,,MAW,PT60M,10YGR-HTSO-----Y,GR,,,GR
2020-01-01T10:00:00+00:00,AG_DIMITRIOS5,29WGU-AGDIMI-V-6,B02,,183.0,,MAW,PT60M,10YGR-HTSO-----Y,GR,,,GR
2020-01-01T10:00:00+00:00,ALIVERI5,29WGU-ALIVERI-5Q,B04,,194.0,,MAW,PT60M,10YGR-HTSO-----Y,GR,,,GR
2020-01-01T10:00:00+00:00,ALOUMINIO,29WGU-ALOUMINIOF,B04,,135.0,,MAW,PT60M,10YGR-HTSO-----Y,GR,,,GR
2020-01-01T10:00:00+00:00,ELPEDISON_THESS,29WGU-ENERGEITH4,B04,,221.0,,MAW,PT60M,10YGR-HTSO-----Y,GR,,,GR
2020-01-01T10:00:00+00:00,HERON_CC,29WGU-HERON-CC-5,B04,,335.0,,MAW,PT60M,10YGR-HTSO-----Y,GR,,,GR
2020-01-01T10:00:00+00:00,KASTRAKI,29WGU-KASTRAKI-O,B12,,63.0,,MAW,PT60M,10YGR-HTSO-----Y,GR,,,GR
2020-01-01T10:00:00+00:00,LAVRIO4,29WGU-LAVRIO-IV8,B04,,114.0,,MAW,PT60M,10YGR-HTSO-----Y,GR,,,GR
2020-01-01T10:00:00+00:00,LAVRIO5,29WGU-LAVRIO-V-X,B04,,2.0,,MAW,PT60M,10YGR-HTSO-----Y,GR,,,GR
2020-01-01T10:00:00+00:00,MEGALOPOLI3,29WGU-MEGALIII-G,B02,,208.0,,MAW,PT60M,10YGR-HTSO-----Y,GR,,,GR
2020-01-01T10:00:00+00:00,PLASTIRAS,29WGU-PLASTIRASN,B12,,0.0,,MAW,PT60M,10YGR-HTSO-----Y,GR,,,GR
2020-01-01T10:00:00+00:00,PROTERGIA_CC,29WGU-PROTERGCC2,B04,,408.0,,MAW,PT60M,10YGR-HTSO-----Y,GR,,,GR
2020-01-01T10:00:00+00:00,P_AOOU,29WGU-YISPAOOU-5,B12,,0.0,,MAW,PT60M,10YGR-HTSO-----Y,GR,,,GR
2020-01-01T10:00:00+00:00,STRATOS1,29WGU-YISSTRAT1L,B12,,54.0,,MAW,PT60M,10YGR-HTSO-----Y,GR,,,GR
2020-01-01T11:00:00+00:00,AGRAS,29WGU-YISAGRA--N,B11,,0.0,,MAW,PT60M,10YGR-HTSO-----Y,GR,,,GR
2020-01-01T11:00:00+00:00,AG_DIMITRIOS4,29WGU-AGDIMI-IVI,B02,,149.0,,MAW,PT60M,10YGR-HTSO-----Y,GR,,,GR
2020-01-01T11:00:00+00:00,AG_DIMITRIOS5,29WGU-AGDIMI-V-6,B02,,181.0,,MAW,PT60M,10YGR-HTSO-----Y,GR,,,GR
2020-01-01T11:00:00+00:00,ALIVERI5,29WGU-ALIVERI-5Q,B04,,188.0,,MAW,PT60M,10YGR-HTSO-----Y,GR,,,GR
2020-01-01T11:00:00+00:00,ALOUMINIO,29WGU-ALOUMINIOF,B04,,134.0,,MAW,PT60M,10YGR-HTSO-----Y,GR,,,GR
2020-01-01T11:00:00+00:00,AMYNDEO1,29WGU-AMYNT-I--7,B02,,150.0,,MAW,PT60M,10YGR-HTSO-----Y,GR,,,GR
2020-01-01T11:00:00+00:00,ELPEDISON_THESS,29WGU-ENERGEITH4,B04,,233.0,,MAW,PT60M,10YGR-HTSO-----Y,GR,,,GR
2020-01-01T11:00:00+00:00,HERON_CC,29WGU-HERON-CC-5,B04,,239.0,,MAW,PT60M,10YGR-HTSO-----Y,GR,,,GR
2020-01-01T11:00:00+00:00,KASTRAKI,29WGU-KASTRAKI-O,B12,,32.0,,MAW,PT60M,10YGR-HTSO-----Y,GR,,,GR
2020-01-01T11:00:00+00:00,LADONAS,29WGU-YISLADONAD,B12,,50.0,,MAW,PT60M,10YGR-HTSO-----Y,GR,,,GR
2020-01-01T11:00:00+00:00,LAVRIO4,29WGU-LAVRIO-IV8,B04,,112.0,,MAW,PT60M,10YGR-HTSO-----Y,GR,,,GR
2020-01-01T11:00:00+00:00,MEGALOPOLI3,29WGU-MEGALIII-G,B02,,180.0,,MAW,PT60M,10YGR-HTSO-----Y,GR,,,GR
2020-01-01T11:00:00+00:00,PLATANOVRYSI,29WGU-YISPLATAN1,B12,,25.0,,MAW,PT60M,10YGR-HTSO-----Y,GR,,,GR
2020-01-01T11:00:00+00:00,PROTERGIA_CC,29WGU-PROTERGCC2,B04,,259.0,,MAW,PT60M,10YGR-HTSO-----Y,GR,,,GR
2020-01-01T11:00:00+00:00,STRATOS1,29WGU-YISSTRAT1L,B12,,35.0,,MAW,PT60M,10YGR-HTSO-----Y,GR,,,GR
2020-01-01T12:00:00+00:00,AG_DIMITRIOS3,29WGU-AGDIMIIII5,B02,,150.0,,MAW,PT60M,10YGR-HTSO-----Y,GR,,,GR
2020-01-01T12:00:00+00:00,AG_DIMITRIOS4,29WGU-AGDIMI-IVI,B02,,150.0,,MAW,PT60M,10YGR-HTSO-----Y,GR,,,GR
2020-01-01T12:00:00+00:00,AG_DIMITRIOS5,29WGU-AGDIMI-V-6,B02,,182.0,,MAW,PT60M,10YGR-HTSO-----Y,GR,,,GR
2020-01-01T12:00:00+00:00,ALIVERI5,29WGU-ALIVERI-5Q,B04,,195.0,,MAW,PT60M,10YGR-HTSO-----Y,GR,,,GR
2020-01-01T12:00:00+00:00,AMYNDEO1,29WGU-AMYNT-I--7,B02,,151.0,,MAW,PT60M,10YGR-HTSO-----Y,GR,,,GR
2020-01-01T12:00:00+00:00,ELPEDISON_THESS,29WGU-ENERGEITH4,B04,,221.0,,MAW,PT60M,10YGR-HTSO-----Y,GR,,,GR
2020-01-01T12:00:00+00:00,HERON_CC,29WGU-HERON-CC-5,B04,,205.0,,MAW,PT60M,10YGR-HTSO-----Y,GR,,,GR
2020-01-01T12:00:00+00:00,KARDIA4,29WGU-KARDIAIV-J,B02,,149.0,,MAW,PT60M,10YGR-HTSO-----Y,GR,,,GR
2020-01-01T12:00:00+00:00,KASTRAKI,29WGU-KASTRAKI-O,B12,,34.0,,MAW,PT60M,10YGR-HTSO-----Y,GR,,,GR
2020-01-01T12:00:00+00:00,LADONAS,29WGU-YISLADONAD,B12,,0.0,,MAW,PT60M,10YGR-HTSO-----Y,GR,,,GR
2020-01-01T12:00:00+00:00,MEGALOPOLI3,29WGU-MEGALIII-G,B02,,181.0,,MAW,PT60M,10YGR-HTSO-----Y,GR,,,GR
2020-01-01T12:00:00+00:00,PLATANOVRYSI,29WGU-YISPLATAN1,B12,,26.0,,MAW,PT60M,10YGR-HTSO-----Y,GR,,,GR
2020-01-01T12:00:00+00:00,PROTERGIA_CC,29WGU-PROTERGCC2,B04,,205.0,,MAW,PT60M,10YGR-HTSO-----Y,GR,,,GR
2020-01-01T12:00:00+00:00,STRATOS1,29WGU-YISSTRAT1L,B12,,0.0,,MAW,PT60M,10YGR-HTSO-----Y,GR,,,GR
2020-01-01T13:00:00+00:00,AG_DIMITRIOS3,29WGU-AGDIMIIII5,B02,,149.0,,MAW,PT60M,10YGR-HTSO-----Y,GR,,,GR
2020-01-01T13:00:00+00:00,AG_DIMITRIOS4,29WGU-AGDIMI-IVI,B02,,152.0,,MAW,PT60M,10YGR-HTSO-----Y,GR,,,GR
2020-01-01T13:00:00+00:00,AG_DIMITRIOS5,29WGU-AGDIMI-V-6,B02,,181.0,,MAW,PT60M,10YGR-HTSO-----Y,GR,,,GR
2020-01-01T13:00:00+00:00,ALIVERI5,29WGU-ALIVERI-5Q,B04,,261.0,,MAW,PT60M,10YGR-HTSO-----Y,GR,,,GR
2020-01-01T13:00:00+00:00,AMYNDEO1,29WGU-AMYNT-I--7,B02,,150.0,,MAW,PT60M,10YGR-HTSO-----Y,GR,,,GR
2020-01-01T13:00:00+00:00,ELPEDISON_THESS,29WGU-ENERGEITH4,B04,,247.0,,MAW,PT60M,10YGR-HTSO-----Y,GR,,,GR
2020-01-01T13:00:00+00:00,HERON_CC,29WGU-HERON-CC-5,B04,,215.0,,MAW,PT60M,10YGR-HTSO-----Y,GR,,,GR
2020-01-01T13:00:00+00:00,KARDIA3,29WGU-KARDIAIIIK,B02,,146.0,,MAW,PT60M,10YGR-HTSO-----Y,GR,,,GR
2020-01-01T13:00:00+00:00,KASTRAKI,29WGU-KASTRAKI-O,B12,,36.0,,MAW,PT60M,10YGR-HTSO-----Y,GR,,,GR
2020-01-01T13:00:00+00:00,LADONAS,29WGU-YISLADONAD,B12,,2.0,,MAW,PT60M,10YGR-HTSO-----Y,GR,,,GR
2020-01-01T13:00:00+00:00,LAVRIO4,29WGU-LAVRIO-IV8,B04,,133.0,,MAW,PT60M,10YGR-HTSO-----Y,GR,,,GR
2020-01-01T13:00:00+00:00,MEGALOPOLI3,29WGU-MEGALIII-G,B02,,186.0,,MAW,PT60M,10YGR-HTSO-----Y,GR,,,GR
2020-01-01T13:00:00+00:00,PROTERGIA_CC,29WGU-PROTERGCC2,B04,,214.0,,MAW,PT60M,10YGR-HTSO-----Y,GR,,,GR
2020-01-01T14:00:00+00:00,AG_DIMITRIOS3,29WGU-AGDIMIIII5,B02,,150.0,,MAW,PT60M,10YGR-HTSO-----Y,GR,,,GR
2020-01-01T14:00:00+00:00,AG_DIMITRIOS5,29WGU-AGDIMI-V-6,B02,,183.0,,MAW,PT60M,10YGR-HTSO-----Y,GR,,,GR
2020-01-01T14:00:00+00:00,ALIVERI5,29WGU-ALIVERI-5Q,B04,,234.0,,MAW,PT60M,10YGR-HTSO-----Y,GR,,,GR
2020-01-01T14:00:00+00:00,ALOUMINIO,29WGU-ALOUMINIOF,B04,,135.0,,MAW,PT60M,10YGR-HTSO-----Y,GR,,,GR
2020-01-01T14:00:00+00:00,AMYNDEO1,29WGU-AMYNT-I--7,B02,,149.0,,MAW,PT60M,10YGR-HTSO-----Y,GR,,,GR
2020-01-01T14:00:00+00:00,ELPEDISON_THESS,29WGU-ENERGEITH4,B04,,246.0,,MAW,PT60M,10YGR-HTSO-----Y,GR,,,GR
2020-01-01T14:00:00+00:00,ILARIONAS,29WGU-ILARIONAS4,B12,,90.0,,MAW,PT60M,10YGR-HTSO-----Y,GR,,,GR
2020-01-01T14:00:00+00:00,KARDIA4,29WGU-KARDIAIV-J,B02,,148.0,,MAW,PT60M,10YGR-HTSO-----Y,GR,,,GR
2020-01-01T14:00:00+00:00,KASTRAKI,29WGU-KASTRAKI-O,B12,,32.0,,MAW,PT60M,10YGR-HTSO-----Y,GR,,,GR
2020-01-01T14:00:00+00:00,KORINTHOS_POWER,29WGU-KORITHPWR3,B04,,88.0,,MAW,PT60M,10YGR-HTSO-----Y,GR,,,GR
2020-01-01T14:00:00+00:00,LADONAS,29WGU-YISLADONAD,B12,,56.0,,MAW,PT60M,10YGR-HTSO-----Y,GR,,,GR
2020-01-01T14:00:00+00:00,LAVRIO4,29WGU-LAVRIO-IV8,B04,,234.0,,MAW,PT60M,10YGR-HTSO-----Y,GR,,,GR
2020-01-01T14:00:00+00:00,MEGALOPOLI3,29WGU-MEGALIII-G,B02,,180.0,,MAW,PT60M,10YGR-HTSO-----Y,GR,,,GR
2020-01-01T14:00:00+00:00,PLATANOVRYSI,29WGU-YISPLATAN1,B12,,1.0,,MAW,PT60M,10YGR-HTSO-----Y,GR,,,GR
2020-01-01T14:00:00+00:00,POURNARI1,29WGU-YISPOURN17,B12,,44.0,,MAW,PT60M,10YGR-HTSO-----Y,GR,,,GR
2020-01-01T14:00:00+00:00,POURNARI2,29WGU-YISPOURN25,B12,,4.0,,MAW,PT60M,10YGR-HTSO-----Y,GR,,,GR
2020-01-01T14:00:00+00:00,PROTERGIA_CC,29WGU-PROTERGCC2,B04,,218.0,,MAW,PT60M,10YGR-HTSO-----Y,GR,,,GR
2020-01-01T15:00:00+00:00,AG_DIMITRIOS3,29WGU-AGDIMIIII5,B02,,149.0,,MAW,PT60M,10YGR-HTSO-----Y,GR,,,GR
2020-01-01T15:00:00+00:00,ALIVERI5,29WGU-ALIVERI-5Q,B04,,217.0,,MAW,PT60M,10YGR-HTSO-----Y,GR,,,GR
2020-01-01T15:00:00+00:00,AMYNDEO1,29WGU-AMYNT-I--7,B02,,150.0,,MAW,PT60M,10YGR-HTSO-----Y,GR,,,GR
2020-01-01T15:00:00+00:00,ELPEDISON_THESS,29WGU-ENERGEITH4,B04,,233.0,,MAW,PT60M,10YGR-HTSO-----Y,GR,,,GR
2020-01-01T15:00:00+00:00,HERON_CC,29WGU-HERON-CC-5,B04,,209.0,,MAW,PT60M,10YGR-HTSO-----Y,GR,,,GR
2020-01-01T15:00:00+00:00,ILARIONAS,29WGU-ILARIONAS4,B12,,117.0,,MAW,PT60M,10YGR-HTSO-----Y,GR,,,GR
2020-01-01T15:00:00+00:00,KASTRAKI,29WGU-KASTRAKI-O,B12,,34.0,,MAW,PT60M,10YGR-HTSO-----Y,GR,,,GR
2020-01-01T15:00:00+00:00,KORINTHOS_POWER,29WGU-KORITHPWR3,B04,,273.0,,MAW,PT60M,10YGR-HTSO-----Y,GR,,,GR
2020-01-01T15:00:00+00:00,LAVRIO4,29WGU-LAVRIO-IV8,B04,,270.0,,MAW,PT60M,10YGR-HTSO-----Y,GR,,,GR
2020-01-01T15:00:00+00:00,MEGALOPOLI3,29WGU-MEGALIII-G,B02,,167.0,,MAW,PT60M,10YGR-HTSO-----Y,GR,,,GR
2020-01-01T15:00:00+00:00,PLATANOVRYSI,29WGU-YISPLATAN1,B12,,0.0,,MAW,PT60M,10YGR-HTSO-----Y,GR,,,GR
2020-01-01T15:00:00+00:00,POURNARI1,29WGU-YISPOURN17,B12,,61.0,,MAW,PT60M,10YGR-HTSO-----Y,GR,,,GR
2020-01-01T15:00:00+00:00,POURNARI2,29WGU-YISPOURN25,B12,,7.0,,MAW,PT60M,10YGR-HTSO-----Y,GR,,,GR
2020-01-01T15:00:00+00:00,PROTERGIA_CC,29WGU-PROTERGCC2,B04,,213.0,,MAW,PT60M,10YGR-HTSO-----Y,GR,,,GR
2020-01-01T16:00:00+00:00,AG_DIMITRIOS3,29WGU-AGDIMIIII5,B02,,150.0,,MAW,PT60M,10YGR-HTSO-----Y,GR,,,GR
2020-01-01T16:00:00+00:00,AG_DIMITRIOS5,29WGU-AGDIMI-V-6,B02,,182.0,,MAW,PT60M,10YGR-HTSO-----Y,GR,,,GR
2020-01-01T16:00:00+00:00,ALIVERI5,29WGU-ALIVERI-5Q,B04,,272.0,,MAW,PT60M,10YGR-HTSO-----Y,GR,,,GR
2020-01-01T16:00:00+00:00,ALOUMINIO,29WGU-ALOUMINIOF,B04,,137.0,,MAW,PT60M,10YGR-HTSO-----Y,GR,,,GR
2020-01-01T16:00:00+00:00,AMYNDEO1,29WGU-AMYNT-I--7,B02,,147.0,,MAW,PT60M,10YGR-HTSO-----Y,GR,,,GR
2020-01-01T16:00:00+00:00,ASOMATA,29WGU-ASOMATON-J,B12,,18.0,,MAW,PT60M,10YGR-HTSO-----Y,GR,,,GR
2020-01-01T16:00:00+00:00,ELPEDISON_THESS,29WGU-ENERGEITH4,B04,,244.0,,MAW,PT60M,10YGR-HTSO-----Y,GR,,,GR
2020-01-01T16:00:00+00:00,HERON_CC,29WGU-HERON-CC-5,B04,,221.0,,MAW,PT60M,10YGR-HTSO-----Y,GR,,,GR
2020-01-01T16:00:00+00:00,ILARIONAS,29WGU-ILARIONAS4,B12,,141.0,,MAW,PT60M,10YGR-HTSO-----Y,GR,,,GR
2020-01-01T16:00:00+00:00,KASTRAKI,29WGU-KASTRAKI-O,B12,,39.0,,MAW,PT60M,10YGR-HTSO-----Y,GR,,,GR
2020-01-01T16:00:00+00:00,KORINTHOS_POWER,29WGU-KORITHPWR3,B04,,421.0,,MAW,PT60M,10YGR-HTSO-----Y,GR,,,GR
2020-01-01T16:00:00+00:00,LADONAS,29WGU-YISLADONAD,B12,,55.0,,MAW,PT60M,10YGR-HTSO-----Y,GR,,,GR
2020-01-01T16:00:00+00:00,LAVRIO4,29WGU-LAVRIO-IV8,B04,,279.0,,MAW,PT60M,10YGR-HTSO-----Y,GR,,,GR
2020-01-01T16:00:00+00:00,MEGALOPOLI3,29WGU-MEGALIII-G,B02,,168.0,,MAW,PT60M,10YGR-HTSO-----Y,GR,,,GR
2020-01-01T16:00:00+00:00,POURNARI1,29WGU-YISPOURN17,B12,,105.0,,MAW,PT60M,10YGR-HTSO-----Y,GR,,,GR
2020-01-01T16:00:00+00:00,POURNARI2,29WGU-YISPOURN25,B12,,14.0,,MAW,PT60M,10YGR-HTSO-----Y,GR,,,GR
2020-01-01T16:00:00+00:00,PROTERGIA_CC,29WGU-PROTERGCC2,B04,,353.0,,MAW,PT60M,10YGR-HTSO-----Y,GR,,,GR
2020-01-01T16:00:00+00:00,P_AOOU,29WGU-YISPAOOU-5,B12,,3.0,,MAW,PT60M,10YGR-HTSO-----Y,GR,,,GR
2020-01-01T16:00:00+00:00,SFIKIA,29WGU-YISSFIKIAE,B10,,43.0,,MAW,PT60M,10YGR-HTSO-----Y,GR,,,GR
2020-01-01T17:00:00+00:00,AG_DIMITRIOS3,29WGU-AGDIMIIII5,B02,,149.0,,MAW,PT60M,10YGR-HTSO-----Y,GR,,,GR
2020-01-01T17:00:00+00:00,AG_DIMITRIOS4,29WGU-AGDIMI-IVI,B02,,153.0,,MAW,PT60M,10YGR-HTSO-----Y,GR,,,GR
2020-01-01T17:00:00+00:00,ALIVERI5,29WGU-ALIVERI-5Q,B04,,210.0,,MAW,PT60M,10YGR-HTSO-----Y,GR,,,GR
2020-01-01T17:00:00+00:00,ALOUMINIO,29WGU-ALOUMINIOF,B04,,135.0,,MAW,PT60M,10YGR-HTSO-----Y,GR,,,GR
2020-01-01T17:00:00+00:00,AMYNDEO1,29WGU-AMYNT-I--7,B02,,141.0,,MAW,PT60M,10YGR-HTSO-----Y,GR,,,GR
2020-01-01T17:00:00+00:00,ASOMATA,29WGU-ASOMATON-J,B12,,36.0,,MAW,PT60M,10YGR-HTSO-----Y,GR,,,GR
2020-01-01T17:00:00+00:00,ELPEDISON_THESS,29WGU-ENERGEITH4,B04,,225.0,,MAW,PT60M,10YGR-HTSO-----Y,GR,,,GR
2020-01-01T17:00:00+00:00,HERON_CC,29WGU-HERON-CC-5,B04,,202.0,,MAW,PT60M,10YGR-HTSO-----Y,GR,,,GR
2020-01-01T17:00:00+00:00,KASTRAKI,29WGU-KASTRAKI-O,B12,,75.0,,MAW,PT60M,10YGR-HTSO-----Y,GR,,,GR
2020-01-01T17:00:00+00:00,KORINTHOS_POWER,29WGU-KORITHPWR3,B04,,412.0,,MAW,PT60M,10YGR-HTSO-----Y,GR,,,GR
2020-01-01T17:00:00+00:00,LAVRIO4,29WGU-LAVRIO-IV8,B04,,256.0,,MAW,PT60M,10YGR-HTSO-----Y,GR,,,GR
2020-01-01T17:00:00+00:00,LAVRIO5,29WGU-LAVRIO-V-X,B04,,1.0,,MAW,PT60M,10YGR-HTSO-----Y,GR,,,GR
2020-01-01T17:00:00+00:00,MEGALOPOLI3,29WGU-MEGALIII-G,B02,,169.0,,MAW,PT60M,10YGR-HTSO-----Y,GR,,,GR
2020-01-01T17:00:00+00:00,POURNARI1,29WGU-YISPOURN17,B12,,187.0,,MAW,PT60M,10YGR-HTSO-----Y,GR,,,GR
2020-01-01T17:00:00+00:00,POURNARI2,29WGU-YISPOURN25,B12,,21.0,,MAW,PT60M,10YGR-HTSO-----Y,GR,,,GR
2020-01-01T17:00:00+00:00,PROTERGIA_CC,29WGU-PROTERGCC2,B04,,226.0,,MAW,PT60M,10YGR-HTSO-----Y,GR,,,GR
2020-01-01T17:00:00+00:00,P_AOOU,29WGU-YISPAOOU-5,B12,,110.0,,MAW,PT60M,10YGR-HTSO-----Y,GR,,,GR
2020-01-01T17:00:00+00:00,SFIKIA,29WGU-YISSFIKIAE,B10,,86.0,,MAW,PT60M,10YGR-HTSO-----Y,GR,,,GR
2020-01-01T17:00:00+00:00,STRATOS1,29WGU-YISSTRAT1L,B12,,28.0,,MAW,PT60M,10YGR-HTSO-----Y,GR,,,GR
2020-01-01T18:00:00+00:00,AG_DIMITRIOS3,29WGU-AGDIMIIII5,B02,,150.0,,MAW,PT60M,10YGR-HTSO-----Y,GR,,,GR
2020-01-01T18:00:00+00:00,AG_DIMITRIOS4,29WGU-AGDIMI-IVI,B02,,152.0,,MAW,PT60M,10YGR-HTSO-----Y,GR,,,GR
2020-01-01T18:00:00+00:00,AG_DIMITRIOS5,29WGU-AGDIMI-V-6,B02,,178.0,,MAW,PT60M,10YGR-HTSO-----Y,GR,,,GR
2020-01-01T18:00:00+00:00,ALIVERI5,29WGU-ALIVERI-5Q,B04,,193.0,,MAW,PT60M,10YGR-HTSO-----Y,GR,,,GR
2020-01-01T18:00:00+00:00,AMYNDEO1,29WGU-AMYNT-I--7,B02,,133.0,,MAW,PT60M,10YGR-HTSO-----Y,GR,,,GR
2020-01-01T18:00:00+00:00,ASOMATA,29WGU-ASOMATON-J,B12,,11.0,,MAW,PT60M,10YGR-HTSO-----Y,GR,,,GR
2020-01-01T18:00:00+00:00,ELPEDISON_THESS,29WGU-ENERGEITH4,B04,,222.0,,MAW,PT60M,10YGR-HTSO-----Y,GR,,,GR
2020-01-01T18:00:00+00:00,HERON_CC,29WGU-HERON-CC-5,B04,,281.0,,MAW,PT60M,10YGR-HTSO-----Y,GR,,,GR
2020-01-01T18:00:00+00:00,KASTRAKI,29WGU-KASTRAKI-O,B12,,26.0,,MAW,PT60M,10YGR-HTSO-----Y,GR,,,GR
2020-01-01T18:00:00+00:00,KORINTHOS_POWER,29WGU-KORITHPWR3,B04,,372.0,,MAW,PT60M,10YGR-HTSO-----Y,GR,,,GR
2020-01-01T18:00:00+00:00,LADONAS,29WGU-YISLADONAD,B12,,56.0,,MAW,PT60M,10YGR-HTSO-----Y,GR,,,GR
2020-01-01T18:00:00+00:00,LAVRIO4,29WGU-LAVRIO-IV8,B04,,249.0,,MAW,PT60M,10YGR-HTSO-----Y,GR,,,GR
2020-01-01T18:00:00+00:00,LAVRIO5,29WGU-LAVRIO-V-X,B04,,2.0,,MAW,PT60M,10YGR-HTSO-----Y,GR,,,GR
2020-01-01T18:00:00+00:00,MEGALOPOLI3,29WGU-MEGALIII-G,B02,,173.0,,MAW,PT60M,10YGR-HTSO-----Y,GR,,,GR
2020-01-01T18:00:00+00:00,POURNARI1,29WGU-YISPOURN17,B12,,263.0,,MAW,PT60M,10YGR-HTSO-----Y,GR,,,GR
2020-01-01T18:00:00+00:00,POURNARI2,29WGU-YISPOURN25,B12,,26.0,,MAW,PT60M,10YGR-HTSO-----Y,GR,,,GR
2020-01-01T18:00:00+00:00,PROTERGIA_CC,29WGU-PROTERGCC2,B04,,193.0,,MAW,PT60M,10YGR-HTSO-----Y,GR,,,GR
2020-01-01T18:00:00+00:00,P_AOOU,29WGU-YISPAOOU-5,B12,,94.0,,MAW,PT60M,10YGR-HTSO-----Y,GR,,,GR
2020-01-01T18:00:00+00:00,SFIKIA,29WGU-YISSFIKIAE,B10,,83.0,,MAW,PT60M,10YGR-HTSO-----Y,GR,,,GR
2020-01-01T18:00:00+00:00,STRATOS1,29WGU-YISSTRAT1L,B12,,42.0,,MAW,PT60M,10YGR-HTSO-----Y,GR,,,GR
2020-01-01T18:00:00+00:00,THESAVROS1,29WGU-THESAVRO1B,B10,,58.0,,MAW,PT60M,10YGR-HTSO-----Y,GR,,,GR
2020-01-01T18:00:00+00:00,THESAVROS2,29WGU-THESAVRO29,B10,,65.0,,MAW,PT60M,10YGR-HTSO-----Y,GR,,,GR
2020-01-01T19:00:00+00:00,AG_DIMITRIOS4,29WGU-AGDIMI-IVI,B02,,151.0,,MAW,PT60M,10YGR-HTSO-----Y,GR,,,GR
2020-01-01T19:00:00+00:00,AG_DIMITRIOS5,29WGU-AGDIMI-V-6,B02,,181.0,,MAW,PT60M,10YGR-HTSO-----Y,GR,,,GR
2020-01-01T19:00:00+00:00,ALIVERI5,29WGU-ALIVERI-5Q,B04,,189.0,,MAW,PT60M,10YGR-HTSO-----Y,GR,,,GR
2020-01-01T19:00:00+00:00,ALOUMINIO,29WGU-ALOUMINIOF,B04,,136.0,,MAW,PT60M,10YGR-HTSO-----Y,GR,,,GR
2020-01-01T19:00:00+00:00,AMYNDEO1,29WGU-AMYNT-I--7,B02,,140.0,,MAW,PT60M,10YGR-HTSO-----Y,GR,,,GR
2020-01-01T19:00:00+00:00,ASOMATA,29WGU-ASOMATON-J,B12,,0.0,,MAW,PT60M,10YGR-HTSO-----Y,GR,,,GR
2020-01-01T19:00:00+00:00,HERON_CC,29WGU-HERON-CC-5,B04,,206.0,,MAW,PT60M,10YGR-HTSO-----Y,GR,,,GR
2020-01-01T19:00:00+00:00,KASTRAKI,29WGU-KASTRAKI-O,B12,,0.0,,MAW,PT60M,10YGR-HTSO-----Y,GR,,,GR
2020-01-01T19:00:00+00:00,KORINTHOS_POWER,29WGU-KORITHPWR3,B04,,304.0,,MAW,PT60M,10YGR-HTSO-----Y,GR,,,GR
2020-01-01T19:00:00+00:00,LAVRIO4,29WGU-LAVRIO-IV8,B04,,248.0,,MAW,PT60M,10YGR-HTSO-----Y,GR,,,GR
2020-01-01T19:00:00+00:00,MEGALOPOLI3,29WGU-MEGALIII-G,B02,,174.0,,MAW,PT60M,10YGR-HTSO-----Y,GR,,,GR
2020-01-01T19:00:00+00:00,PLATANOVRYSI,29WGU-YISPLATAN1,B12,,26.0,,MAW,PT60M,10YGR-HTSO-----Y,GR,,,GR
2020-01-01T19:00:00+00:00,POURNARI1,29WGU-YISPOURN17,B12,,156.0,,MAW,PT60M,10YGR-HTSO-----Y,GR,,,GR
2020-01-01T19:00:00+00:00,POURNARI2,29WGU-YISPOURN25,B12,,27.0,,MAW,PT60M,10YGR-HTSO-----Y,GR,,,GR
2020-01-01T19:00:00+00:00,PROTERGIA_CC,29WGU-PROTERGCC2,B04,,172.0,,MAW,PT60M,10YGR-HTSO-----Y,GR,,,GR
2020-01-01T19:00:00+00:00,P_AOOU,29WGU-YISPAOOU-5,B12,,52.0,,MAW,PT60M,10YGR-HTSO-----Y,GR,,,GR
2020-01-01T19:00:00+00:00,SFIKIA,29WGU-YISSFIKIAE,B10,,64.0,,MAW,PT60M,10YGR-HTSO-----Y,GR,,,GR
2020-01-01T19:00:00+00:00,STRATOS1,29WGU-YISSTRAT1L,B12,,0.0,,MAW,PT60M,10YGR-HTSO-----Y,GR,,,GR
2020-01-01T19:00:00+00:00,THESAVROS1,29WGU-THESAVRO1B,B10,,122.0,,MAW,PT60M,10YGR-HTSO-----Y,GR,,,GR
2020-01-01T19:00:00+00:00,THESAVROS2,29WGU-THESAVRO29,B10,,122.0,,MAW,PT60M,10YGR-HTSO-----Y,GR,,,GR
2020-01-01T20:00:00+00:00,AG_DIMITRIOS3,29WGU-AGDIMIIII5,B02,,149.0,,MAW,PT60M,10YGR-HTSO-----Y,GR,,,GR
2020-01-01T20:00:00+00:00,AG_DIMITRIOS5,29WGU-AGDIMI-V-6,B02,,180.0,,MAW,PT60M,10YGR-HTSO-----Y,GR,,,GR
2020-01-01T20:00:00+00:00,ALIVERI5,29WGU-ALIVERI-5Q,B04,,188.0,,MAW,PT60M,10YGR-HTSO-----Y,GR,,,GR
2020-01-01T20:00:00+00:00,AMYNDEO1,29WGU-AMYNT-I--7,B02,,144.0,,MAW,PT60M,10YGR-HTSO-----Y,GR,,,GR
2020-01-01T20:00:00+00:00,HERON_CC,29WGU-HERON-CC-5,B04,,192.0,,MAW,PT60M,10YGR-HTSO-----Y,GR,,,GR
2020-01-01T20:00:00+00:00,ILARIONAS,29WGU-ILARIONAS4,B12,,107.0,,MAW,PT60M,10YGR-HTSO-----Y,GR,,,GR
2020-01-01T20:00:00+00:00,KARDIA3,29WGU-KARDIAIIIK,B02,,147.0,,MAW,PT60M,10YGR-HTSO-----Y,GR,,,GR
2020-01-01T20:00:00+00:00,KORINTHOS_POWER,29WGU-KORITHPWR3,B04,,284.0,,MAW,PT60M,10YGR-HTSO-----Y,GR,,,GR
2020-01-01T20:00:00+00:00,LADONAS,29WGU-YISLADONAD,B12,,4.0,,MAW,PT60M,10YGR-HTSO-----Y,GR,,,GR
2020-01-01T20:00:00+00:00,LAVRIO4,29WGU-LAVRIO-IV8,B04,,247.0,,MAW,PT60M,10YGR-HTSO-----Y,GR,,,GR
2020-01-01T20:00:00+00:00,POURNARI1,29WGU-YISPOURN17,B12,,68.0,,MAW,PT60M,10YGR-HTSO-----Y,GR,,,GR
2020-01-01T20:00:00+00:00,POURNARI2,29WGU-YISPOURN25,B12,,15.0,,MAW,PT60M,10YGR-HTSO-----Y,GR,,,GR
2020-01-01T20:00:00+00:00,PROTERGIA_CC,29WGU-PROTERGCC2,B04,,164.0,,MAW,PT60M,10YGR-HTSO-----Y,GR,,,GR
2020-01-01T20:00:00+00:00,SFIKIA,29WGU-YISSFIKIAE,B10,,0.0,,MAW,PT60M,10YGR-HTSO-----Y,GR,,,GR
2020-01-01T20:00:00+00:00,THESAVROS1,29WGU-THESAVRO1B,B10,,61.0,,MAW,PT60M,10YGR-HTSO-----Y,GR,,,GR
2020-01-01T20:00:00+00:00,THESAVROS2,29WGU-THESAVRO29,B10,,56.0,,MAW,PT60M,10YGR-HTSO-----Y,GR,,,GR
2020-01-01T21:00:00+00:00,AG_DIMITRIOS3,29WGU-AGDIMIIII5,B02,,150.0,,MAW,PT60M,10YGR-HTSO-----Y,GR,,,GR
2020-01-01T21:00:00+00:00,AG_DIMITRIOS4,29WGU-AGDIMI-IVI,B02,,152.0,,MAW,PT60M,10YGR-HTSO-----Y,GR,,,GR
2020-01-01T21:00:00+00:00,ALIVERI5,29WGU-ALIVERI-5Q,B04,,190.0,,MAW,PT60M,10YGR-HTSO-----Y,GR,,,GR
2020-01-01T21:00:00+00:00,ALOUMINIO,29WGU-ALOUMINIOF,B04,,135.0,,MAW,PT60M,10YGR-HTSO-----Y,GR,,,GR
2020-01-01T21:00:00+00:00,AMYNDEO1,29WGU-AMYNT-I--7,B02,,142.0,,MAW,PT60M,10YGR-HTSO-----Y,GR,,,GR
2020-01-01T21:00:00+00:00,ELPEDISON_THESS,29WGU-ENERGEITH4,B04,,206.0,,MAW,PT60M,10YGR-HTSO-----Y,GR,,,GR
2020-01-01T21:00:00+00:00,HERON_CC,29WGU-HERON-CC-5,B04,,181.0,,MAW,PT60M,10YGR-HTSO-----Y,GR,,,GR
2020-01-01T21:00:00+00:00,ILARIONAS,29WGU-ILARIONAS4,B12,,49.0,,MAW,PT60M,10YGR-HTSO-----Y,GR,,,GR
2020-01-01T21:00:00+00:00,KORINTHOS_POWER,29WGU-KORITHPWR3,B04,,188.0,,MAW,PT60M,10YGR-HTSO-----Y,GR,,,GR
2020-01-01T21:00:00+00:00,LADONAS,29WGU-YISLADONAD,B12,,0.0,,MAW,PT60M,10YGR-HTSO-----Y,GR,,,GR
2020-01-01T21:00:00+00:00,LAVRIO4,29WGU-LAVRIO-IV8,B04,,173.0,,MAW,PT60M,10YGR-HTSO-----Y,GR,,,GR
2020-01-01T21:00:00+00:00,POURNARI1,29WGU-YISPOURN17,B12,,53.0,,MAW,PT60M,10YGR-HTSO-----Y,GR,,,GR
2020-01-01T21:00:00+00:00,POURNARI2,29WGU-YISPOURN25,B12,,8.0,,MAW,PT60M,10YGR-HTSO-----Y,GR,,,GR
2020-01-01T21:00:00+00:00,PROTERGIA_CC,29WGU-PROTERGCC2,B04,,153.0,,MAW,PT60M,10YGR-HTSO-----Y,GR,,,GR
2020-01-01T21:00:00+00:00,P_AOOU,29WGU-YISPAOOU-5,B12,,58.0,,MAW,PT60M,10YGR-HTSO-----Y,GR,,,GR
2020-01-01T21:00:00+00:00,THESAVROS1,29WGU-THESAVRO1B,B10,,102.0,,MAW,PT60M,10YGR-HTSO-----Y,GR,,,GR
2020-01-01T21:00:00+00:00,THESAVROS2,29WGU-THESAVRO29,B10,,31.0,,MAW,PT60M,10YGR-HTSO-----Y,GR,,,GR
2020-01-01T22:00:00+00:00,AG_DIMITRIOS3,29WGU-AGDIMIIII5,B02,,186.0,,MAW,PT60M,10YGR-HTSO-----Y,GR,,,GR
2020-01-01T22:00:00+00:00,AG_DIMITRIOS4,29WGU-AGDIMI-IVI,B02,,157.0,,MAW,PT60M,10YGR-HTSO-----Y,GR,,,GR
2020-01-01T22:00:00+00:00,AG_DIMITRIOS5,29WGU-AGDIMI-V-6,B02,,191.0,,MAW,PT60M,10YGR-HTSO-----Y,GR,,,GR
2020-01-01T22:00:00+00:00,ALIVERI5,29WGU-ALIVERI-5Q,B04,,307.0,,MAW,PT60M,10YGR-HTSO-----Y,GR,,,GR
2020-01-01T22:00:00+00:00,ALOUMINIO,29WGU-ALOUMINIOF,B04,,136.0,,MAW,PT60M,10YGR-HTSO-----Y,GR,,,GR
2020-01-01T22:00:00+00:00,ELPEDISON_THESS,29WGU-ENERGEITH4,B04,,1.0,,MAW,PT60M,10YGR-HTSO-----Y,GR,,,GR
2020-01-01T22:00:00+00:00,HERON_CC,29WGU-HERON-CC-5,B04,,0.0,,MAW,PT60M,10YGR-HTSO-----Y,GR,,,GR
2020-01-01T22:00:00+00:00,ILARIONAS,29WGU-ILARIONAS4,B12,,22.0,,MAW,PT60M,10YGR-HTSO-----Y,GR,,,GR
2020-01-01T22:00:00+00:00,KARDIA3,29WGU-KARDIAIIIK,B02,,148.0,,MAW,PT60M,10YGR-HTSO-----Y,GR,,,GR
2020-01-01T22:00:00+00:00,KORINTHOS_POWER,29WGU-KORITHPWR3,B04,,391.0,,MAW,PT60M,10YGR-HTSO-----Y,GR,,,GR
2020-01-01T22:00:00+00:00,KREMASTA,29WGU-KREMASTONG,B12,,12.0,,MAW,PT60M,10YGR-HTSO-----Y,GR,,,GR
2020-01-01T22:00:00+00:00,LADONAS,29WGU-YISLADONAD,B12,,45.0,,MAW,PT60M,10YGR-HTSO-----Y,GR,,,GR
2020-01-01T22:00:00+00:00,LAVRIO4,29WGU-LAVRIO-IV8,B04,,1.0,,MAW,PT60M,10YGR-HTSO-----Y,GR,,,GR
2020-01-01T22:00:00+00:00,LAVRIO5,29WGU-LAVRIO-V-X,B04,,0.0,,MAW,PT60M,10YGR-HTSO-----Y,GR,,,GR
2020-01-01T22:00:00+00:00,MEGALOPOLI3,29WGU-MEGALIII-G,B02,,195.0,,MAW,PT60M,10YGR-HTSO-----Y,GR,,,GR
2020-01-01T22:00:00+00:00,PLATANOVRYSI,29WGU-YISPLATAN1,B12,,0.0,,MAW,PT60M,10YGR-HTSO-----Y,GR,,,GR
2020-01-01T22:00:00+00:00,POURNARI1,29WGU-YISPOURN17,B12,,31.0,,MAW,PT60M,10YGR-HTSO-----Y,GR,,,GR
2020-01-01T22:00:00+00:00,POURNARI2,29WGU-YISPOURN25,B12,,5.0,,MAW,PT60M,10YGR-HTSO-----Y,GR,,,GR
2020-01-01T22:00:00+00:00,PROTERGIA_CC,29WGU-PROTERGCC2,B04,,0.0,,MAW,PT60M,10YGR-HTSO-----Y,GR,,,GR
2020-01-01T22:00:00+00:00,P_AOOU,29WGU-YISPAOOU-5,B12,,91.0,,MAW,PT60M,10YGR-HTSO-----Y,GR,,,GR
2020-01-01T22:00:00+00:00,THESAVROS1,29WGU-THESAVRO1B,B10,,65.0,,MAW,PT60M,10YGR-HTSO-----Y,GR,,,GR
2020-01-01T22:00:00+00:00,THESAVROS2,29WGU-THESAVRO29,B10,,56.0,,MAW,PT60M,10YGR-HTSO-----Y,GR,,,GR
2020-01-01T23:00:00+00:00,AG_DIMITRIOS3,29WGU-AGDIMIIII5,B02,,187.0,,MAW,PT60M,10YGR-HTSO-----Y,GR,,,GR
2020-01-01T23:00:00+00:00,AG_DIMITRIOS4,29WGU-AGDIMI-IVI,B02,,150.0,,MAW,PT60M,10YGR-HTSO-----Y,GR,,,GR
2020-01-01T23:00:00+00:00,AG_DIMITRIOS5,29WGU-AGDIMI-V-6,B02,,190.0,,MAW,PT60M,10YGR-HTSO-----Y,GR,,,GR
2020-01-01T23:00:00+00:00,ALIVERI5,29WGU-ALIVERI-5Q,B04,,230.0,,MAW,PT60M,10YGR-HTSO-----Y,GR,,,GR
2020-01-01T23:00:00+00:00,ALOUMINIO,29WGU-ALOUMINIOF,B04,,135.0,,MAW,PT60M,10YGR-HTSO-----Y,GR,,,GR
2020-01-01T23:00:00+00:00,ELPEDISON_THESS,29WGU-ENERGEITH4,B04,,0.0,,MAW,PT60M,10YGR-HTSO-----Y,GR,,,GR
2020-01-01T23:00:00+00:00,ILARIONAS,29WGU-ILARIONAS4,B12,,0.0,,MAW,PT60M,10YGR-HTSO-----Y,GR,,,GR
2020-01-01T23:00:00+00:00,KORINTHOS_POWER,29WGU-KORITHPWR3,B04,,381.0,,MAW,PT60M,10YGR-HTSO-----Y,GR,,,GR
2020-01-01T23:00:00+00:00,KREMASTA,29WGU-KREMASTONG,B12,,33.0,,MAW,PT60M,10YGR-HTSO-----Y,GR,,,GR
2020-01-01T23:00:00+00:00,LADONAS,29WGU-YISLADONAD,B12,,56.0,,MAW,PT60M,10YGR-HTSO-----Y,GR,,,GR
2020-01-01T23:00:00+00:00,LAVRIO4,29WGU-LAVRIO-IV8,B04,,0.0,,MAW,PT60M,10YGR-HTSO-----Y,GR,,,GR
2020-01-01T23:00:00+00:00,MEGALOPOLI3,29WGU-MEGALIII-G,B02,,184.0,,MAW,PT60M,10YGR-HTSO-----Y,GR,,,GR
2020-01-01T23:00:00+00:00,POURNARI1,29WGU-YISPOURN17,B12,,0.0,,MAW,PT60M,10YGR-HTSO-----Y,GR,,,GR
2020-01-01T23:00:00+00:00,POURNARI2,29WGU-YISPOURN25,B12,,0.0,,MAW,PT60M,10YGR-HTSO-----Y,GR,,,GR
2020-01-01T23:00:00+00:00,P_AOOU,29WGU-YISPAOOU-5,B12,,35.0,,MAW,PT60M,10YGR-HTSO-----Y,GR,,,GR
2020-01-01T23:00:00+00:00,THESAVROS1,29WGU-THESAVRO1B,B10,,0.0,,MAW,PT60M,10YGR-HTSO-----Y,GR,,,GR
2020-01-01T23:00:00+00:00,THESAVROS2,29WGU-THESAVRO29,B10,,0.0,,MAW,PT60M,10YGR-HTSO-----Y,GR,,,GR
2020-01-01T00:00:00+00:00,Poolbeg A,47W000000000355C,B04,,0.0,,MAW,PT30M,10YIE-1001A00010,IE,,,IE
2020-01-01T00:00:00+00:00,Poolbeg A,47W000000000355C,B04,,121.36,,MAW,PT30M,10YIE-1001A00010,IE,,,IE
2020-01-01T00:00:00+00:00,Poolbeg B,47W000000000356A,B04,,0.0,,MAW,PT30M,10YIE-1001A00010,IE,,,IE
2020-01-01T00:00:00+00:00,Poolbeg B,47W000000000356A,B04,,0.0,,MAW,PT30M,10YIE-1001A00010,IE,,,IE
2020-01-01T00:30:00+00:00,Poolbeg A,47W000000000355C,B04,,119.78,,MAW,PT30M,10YIE-1001A00010,IE,,,IE
2020-01-01T01:00:00+00:00,Poolbeg A,47W000000000355C,B04,,118.14,,MAW,PT30M,10YIE-1001A00010,IE,,,IE
2020-01-01T01:30:00+00:00,Poolbeg A,47W000000000355C,B04,,142.44,,MAW,PT30M,10YIE-1001A00010,IE,,,IE
2020-01-01T02:00:00+00:00,Poolbeg A,47W000000000355C,B04,,120.8,,MAW,PT30M,10YIE-1001A00010,IE,,,IE
2020-01-01T02:30:00+00:00,Poolbeg A,47W000000000355C,B04,,117.74,,MAW,PT30M,10YIE-1001A00010,IE,,,IE
2020-01-01T03:00:00+00:00,Poolbeg A,47W000000000355C,B04,,117.6,,MAW,PT30M,10YIE-1001A00010,IE,,,IE
2020-01-01T03:30:00+00:00,Poolbeg A,47W000000000355C,B04,,119.34,,MAW,PT30M,10YIE-1001A00010,IE,,,IE
2020-01-01T04:00:00+00:00,Poolbeg A,47W000000000355C,B04,,119.4,,MAW,PT30M,10YIE-1001A00010,IE,,,IE
2020-01-01T04:30:00+00:00,Poolbeg A,47W000000000355C,B04,,118.36,,MAW,PT30M,10YIE-1001A00010,IE,,,IE
2020-01-01T05:00:00+00:00,Poolbeg A,47W000000000355C,B04,,118.04,,MAW,PT30M,10YIE-1001A00010,IE,,,IE
2020-01-01T05:30:00+00:00,Poolbeg A,47W000000000355C,B04,,117.66,,MAW,PT30M,10YIE-1001A00010,IE,,,IE
2020-01-01T06:00:00+00:00,Poolbeg A,47W000000000355C,B04,,118.54,,MAW,PT30M,10YIE-1001A00010,IE,,,IE
2020-01-01T06:30:00+00:00,Poolbeg A,47W000000000355C,B04,,124.04,,MAW,PT30M,10YIE-1001A00010,IE,,,IE
2020-01-01T07:00:00+00:00,Poolbeg A,47W000000000355C,B04,,119.68,,MAW,PT30M,10YIE-1001A00010,IE,,,IE
2020-01-01T07:30:00+00:00,Poolbeg A,47W000000000355C,B04,,118.02,,MAW,PT30M,10YIE-1001A00010,IE,,,IE
2020-01-01T08:00:00+00:00,Poolbeg A,47W000000000355C,B04,,117.72,,MAW,PT30M,10YIE-1001A00010,IE,,,IE
2020-01-01T08:30:00+00:00,Poolbeg A,47W000000000355C,B04,,117.48,,MAW,PT30M,10YIE-1001A00010,IE,,,IE
2020-01-01T09:00:00+00:00,Poolbeg A,47W000000000355C,B04,,117.44,,MAW,PT30M,10YIE-1001A00010,IE,,,IE
2020-01-01T09:30:00+00:00,Poolbeg A,47W000000000355C,B04,,119.1,,MAW,PT30M,10YIE-1001A00010,IE,,,IE
2020-01-01T10:00:00+00:00,Poolbeg A,47W000000000355C,B04,,120.28,,MAW,PT30M,10YIE-1001A00010,IE,,,IE
2020-01-01T10:30:00+00:00,Poolbeg A,47W000000000355C,B04,,118.2,,MAW,PT30M,10YIE-1001A00010,IE,,,IE
2020-01-01T11:00:00+00:00,Poolbeg A,47W000000000355C,B04,,119.9,,MAW,PT30M,10YIE-1001A00010,IE,,,IE
2020-01-01T11:30:00+00:00,Poolbeg A,47W000000000355C,B04,,119.66,,MAW,PT30M,10YIE-1001A00010,IE,,,IE
2020-01-01T12:00:00+00:00,Poolbeg A,47W000000000355C,B04,,118.36,,MAW,PT30M,10YIE-1001A00010,IE,,,IE
2020-01-01T12:30:00+00:00,Poolbeg A,47W000000000355C,B04,,117.34,,MAW,PT30M,10YIE-1001A00010,IE,,,IE
2020-01-01T13:00:00+00:00,Poolbeg A,47W000000000355C,B04,,119.08,,MAW,PT30M,10YIE-1001A00010,IE,,,IE
2020-01-01T13:30:00+00:00,Poolbeg A,47W000000000355C,B04,,118.48,,MAW,PT30M,10YIE-1001A00010,IE,,,IE
2020-01-01T14:00:00+00:00,Poolbeg A,47W000000000355C,B04,,117.52,,MAW,PT30M,10YIE-1001A00010,IE,,,IE
2020-01-01T14:30:00+00:00,Poolbeg A,47W000000000355C,B04,,118.32,,MAW,PT30M,10YIE-1001A00010,IE,,,IE
2020-01-01T15:00:00+00:00,Poolbeg A,47W000000000355C,B04,,117.26,,MAW,PT30M,10YIE-1001A00010,IE,,,IE
2020-01-01T15:30:00+00:00,Poolbeg A,47W000000000355C,B04,,117.38,,MAW,PT30M,10YIE-1001A00010,IE,,,IE
2020-01-01T16:00:00+00:00,Poolbeg A,47W000000000355C,B04,,117.36,,MAW,PT30M,10YIE-1001A00010,IE,,,IE
2020-01-01T16:30:00+00:00,Poolbeg A,47W000000000355C,B04,,117.26,,MAW,PT30M,10YIE-1001A00010,IE,,,IE
2020-01-01T17:00:00+00:00,Poolbeg A,47W000000000355C,B04,,118.92,,MAW,PT30M,10YIE-1001A00010,IE,,,IE
2020-01-01T17:30:00+00:00,Poolbeg A,47W000000000355C,B04,,119.9,,MAW,PT30M,10YIE-1001A00010,IE,,,IE
2020-01-01T18:00:00+00:00,Poolbeg A,47W000000000355C,B04,,117.48,,MAW,PT30M,10YIE-1001A00010,IE,,,IE
2020-01-01T18:30:00+00:00,Poolbeg A,47W000000000355C,B04,,117.3,,MAW,PT30M,10YIE-1001A00010,IE,,,IE
2020-01-01T19:30:00+00:00,Poolbeg A,47W000000000355C,B04,,117.28,,MAW,PT30M,10YIE-1001A00010,IE,,,IE
2020-01-01T20:00:00+00:00,Poolbeg A,47W000000000355C,B04,,117.4,,MAW,PT30M,10YIE-1001A00010,IE,,,IE
2020-01-01T20:30:00+00:00,Poolbeg A,47W000000000355C,B04,,118.38,,MAW,PT30M,10YIE-1001A00010,IE,,,IE
2020-01-01T21:00:00+00:00,Poolbeg A,47W000000000355C,B04,,121.96,,MAW,PT30M,10YIE-1001A00010,IE,,,IE
2020-01-01T21:30:00+00:00,Poolbeg A,47W000000000355C,B04,,119.78,,MAW,PT30M,10YIE-1001A00010,IE,,,IE
2020-01-01T22:00:00+00:00,Poolbeg A,47W000000000355C,B04,,121.28,,MAW,PT30M,10YIE-1001A00010,IE,,,IE
2020-01-01T22:30:00+00:00,Poolbeg A,47W000000000355C,B04,,117.62,,MAW,PT30M,10YIE-1001A00010,IE,,,IE
2020-01-01T23:00:00+00:00,Poolbeg A,47W000000000355C,B04,,117.64,,MAW,PT30M,10YIE-1001A00010,IE,,,IE
2020-01-01T23:30:00+00:00,Poolbeg A,47W000000000355C,B04,,120.38,,MAW,PT30M,10YIE-1001A00010,IE,,,IE
2020-01-01T00:00:00+00:00,UP_ANAPO_C.L_1,26WUUANAPO-C-L1O,B10,,0.0,,MAW,PT60M,10YIT-GRTN-----B,IT,,,IT
2020-01-01T00:00:00+00:00,UP_BARGI_CEN_1,26WUUBARGI-CEN11,B10,,0.0,,MAW,PT60M,10YIT-GRTN-----B,IT,,,IT
2020-01-01T00:00:00+00:00,UP_BDDSLDSRDI_1,26WUBDDSLDSRDI17,B19,,20.0,,MAW,PT60M,10YIT-GRTN-----B,IT,,,IT
2020-01-01T00:00:00+00:00,UP_CTE_DEL_M_2,26WUUCTE-DEL-M2E,B04,,0.0,,MAW,PT60M,10YIT-GRTN-----B,IT,,,IT
2020-01-01T00:00:00+00:00,UP_ETQ_ROVINA_1,26WUETQ-ROVINA1Y,B10,,1.0,,MAW,PT60M,10YIT-GRTN-----B,IT,,,IT
2020-01-01T00:00:00+00:00,UP_FUSINA_T_1,26WUUUFUSINA-T18,B05,,0.0,,MAW,PT60M,10YIT-GRTN-----B,IT,,,IT
2020-01-01T00:00:00+00:00,UP_FUSINA_T_2,26WUUUFUSINA-T26,B05,,0.0,,MAW,PT60M,10YIT-GRTN-----B,IT,,,IT
2020-01-01T00:00:00+00:00,UP_FUSINA_T_3,26WUUUFUSINA-T34,B05,,0.0,,MAW,PT60M,10YIT-GRTN-----B,IT,,,IT
2020-01-01T00:00:00+00:00,UP_FUSINA_T_4,26WUUUFUSINA-T42,B05,,0.0,,MAW,PT60M,10YIT-GRTN-----B,IT,,,IT
2020-01-01T00:00:00+00:00,UP_LARINO_TG_1,26WUULARINO-TG1C,B04,,0.0,,MAW,PT60M,10YIT-GRTN-----B,IT,,,IT
2020-01-01T00:00:00+00:00,UP_LARINO_TG_2,26WUULARINO-TG2A,B04,,0.0,,MAW,PT60M,10YIT-GRTN-----B,IT,,,IT
2020-01-01T00:00:00+00:00,UP_LA_CASELL_1,26WUULA-CASELL1P,B04,,0.0,,MAW,PT60M,10YIT-GRTN-----B,IT,,,IT
2020-01-01T00:00:00+00:00,UP_LA_CASELL_2,26WUULA-CASELL2N,B04,,0.0,,MAW,PT60M,10YIT-GRTN-----B,IT,,,IT
2020-01-01T00:00:00+00:00,UP_LA_CASELL_3,26WUULA-CASELL3L,B04,,0.0,,MAW,PT60M,10YIT-GRTN-----B,IT,,,IT
2020-01-01T00:00:00+00:00,UP_LA_CASELL_4,26WUULA-CASELL4J,B04,,0.0,,MAW,PT60M,10YIT-GRTN-----B,IT,,,IT
2020-01-01T00:00:00+00:00,UP_PORTO_COR_3,26WUUPORTO-COR3N,B04,,0.0,,MAW,PT60M,10YIT-GRTN-----B,IT,,,IT
2020-01-01T00:00:00+00:00,UP_PORTO_COR_4,26WUUPORTO-COR4L,B04,,0.0,,MAW,PT60M,10YIT-GRTN-----B,IT,,,IT
2020-01-01T00:00:00+00:00,UP_PRCLCDLSSI_1,26WUPRCLCDLSSI1T,B19,,1.0,,MAW,PT60M,10YIT-GRTN-----B,IT,,,IT
2020-01-01T00:00:00+00:00,UP_PREM-GROSIO_1,26WPREM-GROSIO10,B11,,0.0,,MAW,PT60M,10YIT-GRTN-----B,IT,,,IT
2020-01-01T00:00:00+00:00,UP_PRIOLO_C_1,26WUUUPRIOLO-C13,B04,,0.0,,MAW,PT60M,10YIT-GRTN-----B,IT,,,IT
2020-01-01T00:00:00+00:00,UP_PRIOLO_C_2,26WUUUPRIOLO-C21,B04,,0.0,,MAW,PT60M,10YIT-GRTN-----B,IT,,,IT
2020-01-01T00:00:00+00:00,UP_ROSSANO_T_1,26WUUROSSANO-T1T,B04,,0.0,,MAW,PT60M,10YIT-GRTN-----B,IT,,,IT
2020-01-01T00:00:00+00:00,UP_ROSSANO_T_3,26WUUROSSANO-T3P,B04,,0.0,,MAW,PT60M,10YIT-GRTN-----B,IT,,,IT
2020-01-01T00:00:00+00:00,UP_S.F._DEL_1,26WUUUS-F--DEL16,B06,,0.0,,MAW,PT60M,10YIT-GRTN-----B,IT,,,IT
2020-01-01T00:00:00+00:00,UP_S.F._DEL_2,26WUUUS-F--DEL24,B06,,0.0,,MAW,PT60M,10YIT-GRTN-----B,IT,,,IT
2020-01-01T00:00:00+00:00,UP_S.F._DEL_5,26WUUUS-F--DEL5Z,B06,,0.0,,MAW,PT60M,10YIT-GRTN-----B,IT,,,IT
2020-01-01T00:00:00+00:00,UP_S.F._DEL_6,26WUUUS-F--DEL6X,B06,,0.0,,MAW,PT60M,10YIT-GRTN-----B,IT,,,IT
2020-01-01T00:00:00+00:00,UP_S.FIORANO_1,26WUUZ-FIORANO1X,B10,,8.0,,MAW,PT60M,10YIT-GRTN-----B,IT,,,IT
2020-01-01T00:00:00+00:00,UP_S.MASS.CL_1,26WUUS-MASS-CL10,B10,,0.0,,MAW,PT60M,10YIT-GRTN-----B,IT,,,IT
2020-01-01T00:00:00+00:00,UP_SPEZIA_CE_3,26WUUSPEZIA-CE3T,B05,,0.0,,MAW,PT60M,10YIT-GRTN-----B,IT,,,IT
2020-01-01T00:00:00+00:00,UP_SULCIS_CEN_2,26WUSULCIS-CEN2C,B05,,0.0,,MAW,PT60M,10YIT-GRTN-----B,IT,,,IT
2020-01-01T00:00:00+00:00,UP_SULCIS_CE_3,26WUUSULCIS-CE3T,B05,,0.0,,MAW,PT60M,10YIT-GRTN-----B,IT,,,IT
2020-01-01T00:00:00+00:00,UP_TAVAZZANO_C_6,26WTAVAZZANO-C64,B04,,0.0,,MAW,PT60M,10YIT-GRTN-----B,IT,,,IT
2020-01-01T00:00:00+00:00,UP_TERMINI_I_4,26WUUTERMINI-I4H,B04,,0.0,,MAW,PT60M,10YIT-GRTN-----B,IT,,,IT
2020-01-01T00:00:00+00:00,UP_TERMINI_I_42,26WUTERMINI-I42G,B04,,0.0,,MAW,PT60M,10YIT-GRTN-----B,IT,,,IT
2020-01-01T00:00:00+00:00,UP_TERMINI_I_5,26WUUTERMINI-I5F,B04,,0.0,,MAW,PT60M,10YIT-GRTN-----B,IT,,,IT
2020-01-01T00:00:00+00:00,UP_TERMINI_I_6,26WUUTERMINI-I6D,B04,,176.0,,MAW,PT60M,10YIT-GRTN-----B,IT,,,IT
2020-01-01T00:00:00+00:00,UP_TRAPANI_C_1,26WUUTRAPANI-C1M,B04,,0.0,,MAW,PT60M,10YIT-GRTN-----B,IT,,,IT
2020-01-01T00:00:00+00:00,UP_TRAPANI_C_2,26WUUTRAPANI-C2K,B04,,0.0,,MAW,PT60M,10YIT-GRTN-----B,IT,,,IT
2020-01-01T00:00:00+00:00,UP_VALLE_SEC_1,26WUUVALLE-SEC1Z,B09,,102.0,,MAW,PT60M,10YIT-GRTN-----B,IT,,,IT
2020-01-01T01:00:00+00:00,UP_BDDSLDSRDI_1,26WUBDDSLDSRDI17,B19,,18.0,,MAW,PT60M,10YIT-GRTN-----B,IT,,,IT
2020-01-01T01:00:00+00:00,UP_ETQ_ROVINA_1,26WUETQ-ROVINA1Y,B10,,5.0,,MAW,PT60M,10YIT-GRTN-----B,IT,,,IT
2020-01-01T01:00:00+00:00,UP_PRCLCDLSSI_1,26WUPRCLCDLSSI1T,B19,,2.0,,MAW,PT60M,10YIT-GRTN-----B,IT,,,IT
2020-01-01T01:00:00+00:00,UP_S.FIORANO_1,26WUUZ-FIORANO1X,B10,,7.0,,MAW,PT60M,10YIT-GRTN-----B,IT,,,IT
2020-01-01T02:00:00+00:00,UP_PRCLCDLSSI_1,26WUPRCLCDLSSI1T,B19,,0.0,,MAW,PT60M,10YIT-GRTN-----B,IT,,,IT
2020-01-01T03:00:00+00:00,UP_BDDSLDSRDI_1,26WUBDDSLDSRDI17,B19,,17.0,,MAW,PT60M,10YIT-GRTN-----B,IT,,,IT
2020-01-01T04:00:00+00:00,UP_BDDSLDSRDI_1,26WUBDDSLDSRDI17,B19,,8.0,,MAW,PT60M,10YIT-GRTN-----B,IT,,,IT
2020-01-01T04:00:00+00:00,UP_PREM-GROSIO_1,26WPREM-GROSIO10,B11,,2.0,,MAW,PT60M,10YIT-GRTN-----B,IT,,,IT
2020-01-01T05:00:00+00:00,UP_BDDSLDSRDI_1,26WUBDDSLDSRDI17,B19,,5.0,,MAW,PT60M,10YIT-GRTN-----B,IT,,,IT
2020-01-01T05:00:00+00:00,UP_PREM-GROSIO_1,26WPREM-GROSIO10,B11,,12.0,,MAW,PT60M,10YIT-GRTN-----B,IT,,,IT
2020-01-01T06:00:00+00:00,UP_ANAPO_C.L_1,26WUUANAPO-C-L1O,B10,,30.0,,MAW,PT60M,10YIT-GRTN-----B,IT,,,IT
2020-01-01T06:00:00+00:00,UP_BDDSLDSRDI_1,26WUBDDSLDSRDI17,B19,,3.0,,MAW,PT60M,10YIT-GRTN-----B,IT,,,IT
2020-01-01T06:00:00+00:00,UP_PREM-GROSIO_1,26WPREM-GROSIO10,B11,,14.0,,MAW,PT60M,10YIT-GRTN-----B,IT,,,IT
2020-01-01T06:00:00+00:00,UP_S.FIORANO_1,26WUUZ-FIORANO1X,B10,,6.0,,MAW,PT60M,10YIT-GRTN-----B,IT,,,IT
2020-01-01T07:00:00+00:00,UP_ANAPO_C.L_1,26WUUANAPO-C-L1O,B10,,97.0,,MAW,PT60M,10YIT-GRTN-----B,IT,,,IT
2020-01-01T07:00:00+00:00,UP_S.FIORANO_1,26WUUZ-FIORANO1X,B10,,7.0,,MAW,PT60M,10YIT-GRTN-----B,IT,,,IT
2020-01-01T07:00:00+00:00,UP_S.MASS.CL_1,26WUUS-MASS-CL10,B10,,21.0,,MAW,PT60M,10YIT-GRTN-----B,IT,,,IT
2020-01-01T08:00:00+00:00,UP_ANAPO_C.L_1,26WUUANAPO-C-L1O,B10,,0.0,,MAW,PT60M,10YIT-GRTN-----B,IT,,,IT
2020-01-01T08:00:00+00:00,UP_BDDSLDSRDI_1,26WUBDDSLDSRDI17,B19,,2.0,,MAW,PT60M,10YIT-GRTN-----B,IT,,,IT
2020-01-01T08:00:00+00:00,UP_PRCLCDLSSI_1,26WUPRCLCDLSSI1T,B19,,3.0,,MAW,PT60M,10YIT-GRTN-----B,IT,,,IT
2020-01-01T08:00:00+00:00,UP_S.MASS.CL_1,26WUUS-MASS-CL10,B10,,28.0,,MAW,PT60M,10YIT-GRTN-----B,IT,,,IT
2020-01-01T09:00:00+00:00,UP_ANAPO_C.L_1,26WUUANAPO-C-L1O,B10,,18.0,,MAW,PT60M,10YIT-GRTN-----B,IT,,,IT
2020-01-01T09:00:00+00:00,UP_BDDSLDSRDI_1,26WUBDDSLDSRDI17,B19,,1.0,,MAW,PT60M,10YIT-GRTN-----B,IT,,,IT
2020-01-01T09:00:00+00:00,UP_PRCLCDLSSI_1,26WUPRCLCDLSSI1T,B19,,4.0,,MAW,PT60M,10YIT-GRTN-----B,IT,,,IT
2020-01-01T09:00:00+00:00,UP_S.F._DEL_2,26WUUUS-F--DEL24,B06,,7.0,,MAW,PT60M,10YIT-GRTN-----B,IT,,,IT
2020-01-01T10:00:00+00:00,UP_ANAPO_C.L_1,26WUUANAPO-C-L1O,B10,,273.0,,MAW,PT60M,10YIT-GRTN-----B,IT,,,IT
2020-01-01T10:00:00+00:00,UP_BDDSLDSRDI_1,26WUBDDSLDSRDI17,B19,,0.0,,MAW,PT60M,10YIT-GRTN-----B,IT,,,IT
2020-01-01T10:00:00+00:00,UP_PRCLCDLSSI_1,26WUPRCLCDLSSI1T,B19,,2.0,,MAW,PT60M,10YIT-GRTN-----B,IT,,,IT
2020-01-01T10:00:00+00:00,UP_PREM-GROSIO_1,26WPREM-GROSIO10,B11,,1.0,,MAW,PT60M,10YIT-GRTN-----B,IT,,,IT
2020-01-01T10:00:00+00:00,UP_S.F._DEL_2,26WUUUS-F--DEL24,B06,,47.0,,MAW,PT60M,10YIT-GRTN-----B,IT,,,IT
2020-01-01T10:00:00+00:00,UP_S.FIORANO_1,26WUUZ-FIORANO1X,B10,,8.0,,MAW,PT60M,10YIT-GRTN-----B,IT,,,IT
2020-01-01T10:00:00+00:00,UP_S.MASS.CL_1,26WUUS-MASS-CL10,B10,,27.0,,MAW,PT60M,10YIT-GRTN-----B,IT,,,IT
2020-01-01T10:00:00+00:00,UP_VALLE_SEC_1,26WUUVALLE-SEC1Z,B09,,101.0,,MAW,PT60M,10YIT-GRTN-----B,IT,,,IT
2020-01-01T11:00:00+00:00,UP_ANAPO_C.L_1,26WUUANAPO-C-L1O,B10,,148.0,,MAW,PT60M,10YIT-GRTN-----B,IT,,,IT
2020-01-01T11:00:00+00:00,UP_PRCLCDLSSI_1,26WUPRCLCDLSSI1T,B19,,0.0,,MAW,PT60M,10YIT-GRTN-----B,IT,,,IT
2020-01-01T11:00:00+00:00,UP_PREM-GROSIO_1,26WPREM-GROSIO10,B11,,0.0,,MAW,PT60M,10YIT-GRTN-----B,IT,,,IT
2020-01-01T11:00:00+00:00,UP_S.F._DEL_2,26WUUUS-F--DEL24,B06,,58.0,,MAW,PT60M,10YIT-GRTN-----B,IT,,,IT
2020-01-01T12:00:00+00:00,UP_ANAPO_C.L_1,26WUUANAPO-C-L1O,B10,,231.0,,MAW,PT60M,10YIT-GRTN-----B,IT,,,IT
2020-01-01T12:00:00+00:00,UP_PREM-GROSIO_1,26WPREM-GROSIO10,B11,,2.0,,MAW,PT60M,10YIT-GRTN-----B,IT,,,IT
2020-01-01T12:00:00+00:00,UP_S.F._DEL_2,26WUUUS-F--DEL24,B06,,59.0,,MAW,PT60M,10YIT-GRTN-----B,IT,,,IT
2020-01-01T12:00:00+00:00,UP_S.FIORANO_1,26WUUZ-FIORANO1X,B10,,7.0,,MAW,PT60M,10YIT-GRTN-----B,IT,,,IT
2020-01-01T13:00:00+00:00,UP_ANAPO_C.L_1,26WUUANAPO-C-L1O,B10,,287.0,,MAW,PT60M,10YIT-GRTN-----B,IT,,,IT
2020-01-01T13:00:00+00:00,UP_PREM-GROSIO_1,26WPREM-GROSIO10,B11,,12.0,,MAW,PT60M,10YIT-GRTN-----B,IT,,,IT
2020-01-01T13:00:00+00:00,UP_S.F._DEL_2,26WUUUS-F--DEL24,B06,,58.0,,MAW,PT60M,10YIT-GRTN-----B,IT,,,IT
2020-01-01T13:00:00+00:00,UP_S.FIORANO_1,26WUUZ-FIORANO1X,B10,,8.0,,MAW,PT60M,10YIT-GRTN-----B,IT,,,IT
2020-01-01T14:00:00+00:00,UP_ANAPO_C.L_1,26WUUANAPO-C-L1O,B10,,146.0,,MAW,PT60M,10YIT-GRTN-----B,IT,,,IT
2020-01-01T14:00:00+00:00,UP_PREM-GROSIO_1,26WPREM-GROSIO10,B11,,15.0,,MAW,PT60M,10YIT-GRTN-----B,IT,,,IT
2020-01-01T14:00:00+00:00,UP_S.F._DEL_2,26WUUUS-F--DEL24,B06,,59.0,,MAW,PT60M,10YIT-GRTN-----B,IT,,,IT
2020-01-01T14:00:00+00:00,UP_S.FIORANO_1,26WUUZ-FIORANO1X,B10,,13.0,,MAW,PT60M,10YIT-GRTN-----B,IT,,,IT
2020-01-01T15:00:00+00:00,UP_ANAPO_C.L_1,26WUUANAPO-C-L1O,B10,,0.0,,MAW,PT60M,10YIT-GRTN-----B,IT,,,IT
2020-01-01T15:00:00+00:00,UP_PREM-GROSIO_1,26WPREM-GROSIO10,B11,,52.0,,MAW,PT60M,10YIT-GRTN-----B,IT,,,IT
2020-01-01T15:00:00+00:00,UP_S.FIORANO_1,26WUUZ-FIORANO1X,B10,,72.0,,MAW,PT60M,10YIT-GRTN-----B,IT,,,IT
2020-01-01T16:00:00+00:00,UP_PREM-GROSIO_1,26WPREM-GROSIO10,B11,,254.0,,MAW,PT60M,10YIT-GRTN-----B,IT,,,IT
2020-01-01T16:00:00+00:00,UP_S.F._DEL_2,26WUUUS-F--DEL24,B06,,58.0,,MAW,PT60M,10YIT-GRTN-----B,IT,,,IT
2020-01-01T16:00:00+00:00,UP_S.FIORANO_1,26WUUZ-FIORANO1X,B10,,9.0,,MAW,PT60M,10YIT-GRTN-----B,IT,,,IT
2020-01-01T17:00:00+00:00,UP_BDDSLDSRDI_1,26WUBDDSLDSRDI17,B19,,2.0,,MAW,PT60M,10YIT-GRTN-----B,IT,,,IT
2020-01-01T17:00:00+00:00,UP_PREM-GROSIO_1,26WPREM-GROSIO10,B11,,255.0,,MAW,PT60M,10YIT-GRTN-----B,IT,,,IT
2020-01-01T17:00:00+00:00,UP_S.F._DEL_2,26WUUUS-F--DEL24,B06,,59.0,,MAW,PT60M,10YIT-GRTN-----B,IT,,,IT
2020-01-01T17:00:00+00:00,UP_VALLE_SEC_1,26WUUVALLE-SEC1Z,B09,,102.0,,MAW,PT60M,10YIT-GRTN-----B,IT,,,IT
2020-01-01T18:00:00+00:00,UP_ANAPO_C.L_1,26WUUANAPO-C-L1O,B10,,56.0,,MAW,PT60M,10YIT-GRTN-----B,IT,,,IT
2020-01-01T18:00:00+00:00,UP_BDDSLDSRDI_1,26WUBDDSLDSRDI17,B19,,3.0,,MAW,PT60M,10YIT-GRTN-----B,IT,,,IT
2020-01-01T18:00:00+00:00,UP_PRCLCDLSSI_1,26WUPRCLCDLSSI1T,B19,,1.0,,MAW,PT60M,10YIT-GRTN-----B,IT,,,IT
2020-01-01T18:00:00+00:00,UP_PREM-GROSIO_1,26WPREM-GROSIO10,B11,,214.0,,MAW,PT60M,10YIT-GRTN-----B,IT,,,IT
2020-01-01T19:00:00+00:00,UP_ANAPO_C.L_1,26WUUANAPO-C-L1O,B10,,82.0,,MAW,PT60M,10YIT-GRTN-----B,IT,,,IT
2020-01-01T19:00:00+00:00,UP_BDDSLDSRDI_1,26WUBDDSLDSRDI17,B19,,2.0,,MAW,PT60M,10YIT-GRTN-----B,IT,,,IT
2020-01-01T19:00:00+00:00,UP_PRCLCDLSSI_1,26WUPRCLCDLSSI1T,B19,,0.0,,MAW,PT60M,10YIT-GRTN-----B,IT,,,IT
2020-01-01T19:00:00+00:00,UP_PREM-GROSIO_1,26WPREM-GROSIO10,B11,,56.0,,MAW,PT60M,10YIT-GRTN-----B,IT,,,IT
2020-01-01T19:00:00+00:00,UP_S.FIORANO_1,26WUUZ-FIORANO1X,B10,,10.0,,MAW,PT60M,10YIT-GRTN-----B,IT,,,IT
2020-01-01T20:00:00+00:00,UP_ANAPO_C.L_1,26WUUANAPO-C-L1O,B10,,22.0,,MAW,PT60M,10YIT-GRTN-----B,IT,,,IT
2020-01-01T20:00:00+00:00,UP_PREM-GROSIO_1,26WPREM-GROSIO10,B11,,0.0,,MAW,PT60M,10YIT-GRTN-----B,IT,,,IT
2020-01-01T20:00:00+00:00,UP_S.FIORANO_1,26WUUZ-FIORANO1X,B10,,7.0,,MAW,PT60M,10YIT-GRTN-----B,IT,,,IT
2020-01-01T21:00:00+00:00,UP_ANAPO_C.L_1,26WUUANAPO-C-L1O,B10,,0.0,,MAW,PT60M,10YIT-GRTN-----B,IT,,,IT
2020-01-01T21:00:00+00:00,UP_BDDSLDSRDI_1,26WUBDDSLDSRDI17,B19,,1.0,,MAW,PT60M,10YIT-GRTN-----B,IT,,,IT
2020-01-01T21:00:00+00:00,UP_PRCLCDLSSI_1,26WUPRCLCDLSSI1T,B19,,1.0,,MAW,PT60M,10YIT-GRTN-----B,IT,,,IT
2020-01-01T22:00:00+00:00,UP_BDDSLDSRDI_1,26WUBDDSLDSRDI17,B19,,2.0,,MAW,PT60M,10YIT-GRTN-----B,IT,,,IT
2020-01-01T22:00:00+00:00,UP_PRCLCDLSSI_1,26WUPRCLCDLSSI1T,B19,,2.0,,MAW,PT60M,10YIT-GRTN-----B,IT,,,IT
2020-01-01T22:00:00+00:00,UP_S.F._DEL_2,26WUUUS-F--DEL24,B06,,58.0,,MAW,PT60M,10YIT-GRTN-----B,IT,,,IT
2020-01-01T22:00:00+00:00,UP_S.FIORANO_1,26WUUZ-FIORANO1X,B10,,5.0,,MAW,PT60M,10YIT-GRTN-----B,IT,,,IT
2020-01-01T23:00:00+00:00,UP_ANAPO_C.L_1,26WUUANAPO-C-L1O,B10,,149.0,,MAW,PT60M,10YIT-GRTN-----B,IT,,,IT
2020-01-01T23:00:00+00:00,UP_BDDSLDSRDI_1,26WUBDDSLDSRDI17,B19,,1.0,,MAW,PT60M,10YIT-GRTN-----B,IT,,,IT
2020-01-01T23:00:00+00:00,UP_PRCLCDLSSI_1,26WUPRCLCDLSSI1T,B19,,1.0,,MAW,PT60M,10YIT-GRTN-----B,IT,,,IT
2020-01-01T23:00:00+00:00,UP_S.F._DEL_2,26WUUUS-F--DEL24,B06,,59.0,,MAW,PT60M,10YIT-GRTN-----B,IT,,,IT
2020-01-01T23:00:00+00:00,UP_S.FIORANO_1,26WUUZ-FIORANO1X,B10,,6.0,,MAW,PT60M,10YIT-GRTN-----B,IT,,,IT
2020-01-01T23:00:00+00:00,UP_TERMINI_I_6,26WUUTERMINI-I6D,B04,,19.0,,MAW,PT60M,10YIT-GRTN-----B,IT,,,IT
2020-01-01T00:00:00+00:00,EC Stalowa Wola B12,19W000000000277O,B04,,0.0,,MAW,PT60M,10YPL-AREA-----S,PL,,,PL
2020-01-01T00:00:00+00:00,Jaworzno 2 JWCD B7,19W000000000288J,B05,,0.0,,MAW,PT60M,10YPL-AREA-----S,PL,,,PL
2020-01-01T00:00:00+00:00,Opole B5,19W000000000285P,B05,,0.0,,MAW,PT60M,10YPL-AREA-----S,PL,,,PL
2020-01-01T00:00:00+00:00,Opole B6,19W000000000286N,B05,,0.0,,MAW,PT60M,10YPL-AREA-----S,PL,,,PL
2020-01-01T00:00:00+00:00,	CetCraiova2_CRAI2_CA,30WCRAICRA22---T,B02,,0.0,,MAW,PT60M,10YRO-TEL------P,RO,,,RO
2020-01-01T00:00:00+00:00,CETBrazi__BRAZ5_CA,30WBRAZBRAZ5---1,B04,,72.42,,MAW,PT60M,10YRO-TEL------P,RO,,,RO
2020-01-01T00:00:00+00:00,CETBrazi__BRAZ6_CA,30WBRAZBRAZ6---X,B04,,0.0,,MAW,PT60M,10YRO-TEL------P,RO,,,RO
2020-01-01T00:00:00+00:00,CET_MINT2_CA,30WMINTMINT2---1,B05,,0.0,,MAW,PT60M,10YRO-TEL------P,RO,,,RO
2020-01-01T00:00:00+00:00,CET_MINT3_CA,30WMINTMINT3---X,B05,,66.51,,MAW,PT60M,10YRO-TEL------P,RO,,,RO
2020-01-01T00:00:00+00:00,CET_MINT4_CA,30WMINTMINT4---S,B05,,0.0,,MAW,PT60M,10YRO-TEL------P,RO,,,RO
2020-01-01T00:00:00+00:00,CET_MINT5_CA,30WMINTMINT5---N,B05,,0.0,,MAW,PT60M,10YRO-TEL------P,RO,,,RO
2020-01-01T00:00:00+00:00,CET_MINT6_CA,30WMINTMINT6---I,B05,,0.0,,MAW,PT60M,10YRO-TEL------P,RO,,,RO
2020-01-01T00:00:00+00:00,CET_Paroseni_CA,30WTE-PARO124--W,B05,,0.0,,MAW,PT60M,10YRO-TEL------P,RO,,,RO
2020-01-01T00:00:00+00:00,CHE_Lotru_LOTR1_CA,30WHIDRLOTR1---C,B12,,0.0,,MAW,PT60M,10YRO-TEL------P,RO,,,RO
2020-01-01T00:00:00+00:00,CHE_Lotru_LOTR2_CA,30WHIDRLOTR2---G,B12,,0.0,,MAW,PT60M,10YRO-TEL------P,RO,,,RO
2020-01-01T00:00:00+00:00,CHE_Lotru_LOTR3_CA,30WHIDRLOTR3---B,B12,,45.89,,MAW,PT60M,10YRO-TEL------P,RO,,,RO
2020-01-01T00:00:00+00:00,CetCraiova2_CRAI1_CA,30WCRAICRA21---Y,B02,,95.8,,MAW,PT60M,10YRO-TEL------P,RO,,,RO
2020-01-01T00:00:00+00:00,CetGalati_GALA3_CA,30WGALATGALA3--G,B04,,0.0,,MAW,PT60M,10YRO-TEL------P,RO,,,RO
2020-01-01T00:00:00+00:00,CetGalati_GALA5_CA,30WGALAGALA5---Q,B04,,0.0,,MAW,PT60M,10YRO-TEL------P,RO,,,RO
2020-01-01T00:00:00+00:00,CetGalati_GALA6_CA,30WGALAGALA6---L,B04,,0.0,,MAW,PT60M,10YRO-TEL------P,RO,,,RO
2020-01-01T00:00:00+00:00,ChePortileDeFier_PFIERI1_CA,30WHIDRPDFE1---R,B11,,137.71,,MAW,PT60M,10YRO-TEL------P,RO,,,RO
2020-01-01T00:00:00+00:00,ChePortileDeFier_PFIERI2_CA,30WHIDRPDFE2---M,B11,,109.69,,MAW,PT60M,10YRO-TEL------P,RO,,,RO
2020-01-01T00:00:00+00:00,ChePortileDeFier_PFIERI3_CA,30WHIDRPDFE3---H,B11,,0.0,,MAW,PT60M,10YRO-TEL------P,RO,,,RO
2020-01-01T00:00:00+00:00,ChePortileDeFier_PFIERI4_CA,30WHIDRPDFE4---C,B11,,0.0,,MAW,PT60M,10YRO-TEL------P,RO,,,RO
2020-01-01T00:00:00+00:00,ChePortileDeFier_PFIERI5_CA,30WHIDRPDFE5---7,B11,,109.81,,MAW,PT60M,10YRO-TEL------P,RO,,,RO
2020-01-01T00:00:00+00:00,ChePortileDeFier_PFIERI6_CA,30WHIDRPDFE6---2,B11,,187.85,,MAW,PT60M,10YRO-TEL------P,RO,,,RO
2020-01-01T00:00:00+00:00,CheRetezat_RIUM1_CA,30WHIDRRIUM1---1,B12,,0.0,,MAW,PT60M,10YRO-TEL------P,RO,,,RO
2020-01-01T00:00:00+00:00,CheRetezat_RIUM2_CA,30WHIDRRIUM2---W,B12,,0.0,,MAW,PT60M,10YRO-TEL------P,RO,,,RO
2020-01-01T00:00:00+00:00,Iernut_IERN4_CA,30WELCENIERN4--M,B04,,0.0,,MAW,PT60M,10YRO-TEL------P,RO,,,RO
2020-01-01T00:00:00+00:00,Iernut_IERN5_CA,30WELCEIERN5---V,B04,,136.2,,MAW,PT60M,10YRO-TEL------P,RO,,,RO
2020-01-01T00:00:00+00:00,Isalnita_ISAL7_CA,30WCRAIISAL7---D,B02,,129.3,,MAW,PT60M,10YRO-TEL------P,RO,,,RO
2020-01-01T00:00:00+00:00,Isalnita_ISAL8_CA,30WCRAIISAL8---8,B02,,0.0,,MAW,PT60M,10YRO-TEL------P,RO,,,RO
2020-01-01T00:00:00+00:00,,30W-PETR-BRAZ1-W,B04,,0.0,,MAW,PT60M,10YRO-TEL------P,RO,,,RO
2020-01-01T00:00:00+00:00,,30WCERNCERN1---Y,B14,,660.6,,MAW,PT60M,10YRO-TEL------P,RO,,,RO
2020-01-01T00:00:00+00:00,,30WCERNCERN2---T,B14,,651.2,,MAW,PT60M,10YRO-TEL------P,RO,,,RO
2020-01-01T00:00:00+00:00,,30WELCEBUCU3---2,B04,,81.8,,MAW,PT60M,10YRO-TEL------P,RO,,,RO
2020-01-01T00:00:00+00:00,,30WELCEBUCU4---Y,B04,,69.7,,MAW,PT60M,10YRO-TEL------P,RO,,,RO
2020-01-01T00:00:00+00:00,,30WELCEBUCV3---X,B04,,158.92,,MAW,PT60M,10YRO-TEL------P,RO,,,RO
2020-01-01T00:00:00+00:00,,30WROVIROVI3---K,B02,,9.5,,MAW,PT60M,10YRO-TEL------P,RO,,,RO
2020-01-01T00:00:00+00:00,,30WROVIROVI4---F,B02,,251.1,,MAW,PT60M,10YRO-TEL------P,RO,,,RO
2020-01-01T00:00:00+00:00,,30WROVIROVI6---5,B02,,0.0,,MAW,PT60M,10YRO-TEL------P,RO,,,RO
2020-01-01T00:00:00+00:00,,30WTURCTURC3---O,B02,,25.4,,MAW,PT60M,10YRO-TEL------P,RO,,,RO
2020-01-01T00:00:00+00:00,,30WTURCTURC4---J,B02,,0.0,,MAW,PT60M,10YRO-TEL------P,RO,,,RO
2020-01-01T00:00:00+00:00,,30WTURCTURC5---E,B02,,215.8,,MAW,PT60M,10YRO-TEL------P,RO,,,RO
2020-01-01T00:00:00+00:00,,30WTURCTURC7---4,B02,,0.0,,MAW,PT60M,10YRO-TEL------P,RO,,,RO
2020-01-01T01:00:00+00:00,CETBrazi__BRAZ5_CA,30WBRAZBRAZ5---1,B04,,72.06,,MAW,PT60M,10YRO-TEL------P,RO,,,RO
2020-01-01T01:00:00+00:00,CET_MINT3_CA,30WMINTMINT3---X,B05,,65.22,,MAW,PT60M,10YRO-TEL------P,RO,,,RO
2020-01-01T01:00:00+00:00,CHE_Lotru_LOTR3_CA,30WHIDRLOTR3---B,B12,,28.95,,MAW,PT60M,10YRO-TEL------P,RO,,,RO
2020-01-01T01:00:00+00:00,CetCraiova2_CRAI1_CA,30WCRAICRA21---Y,B02,,96.3,,MAW,PT60M,10YRO-TEL------P,RO,,,RO
2020-01-01T01:00:00+00:00,ChePortileDeFier_PFIERI1_CA,30WHIDRPDFE1---R,B11,,115.14,,MAW,PT60M,10YRO-TEL------P,RO,,,RO
2020-01-01T01:00:00+00:00,ChePortileDeFier_PFIERI2_CA,30WHIDRPDFE2---M,B11,,87.3,,MAW,PT60M,10YRO-TEL------P,RO,,,RO
2020-01-01T01:00:00+00:00,ChePortileDeFier_PFIERI5_CA,30WHIDRPDFE5---7,B11,,87.27,,MAW,PT60M,10YRO-TEL------P,RO,,,RO
2020-01-01T01:00:00+00:00,ChePortileDeFier_PFIERI6_CA,30WHIDRPDFE6---2,B11,,187.84,,MAW,PT60M,10YRO-TEL------P,RO,,,RO
2020-01-01T01:00:00+00:00,Iernut_IERN5_CA,30WELCEIERN5---V,B04,,135.9,,MAW,PT60M,10YRO-TEL------P,RO,,,RO
2020-01-01T01:00:00+00:00,Isalnita_ISAL7_CA,30WCRAIISAL7---D,B02,,122.9,,MAW,PT60M,10YRO-TEL------P,RO,,,RO
2020-01-01T01:00:00+00:00,,30WCERNCERN1---Y,B14,,660.7,,MAW,PT60M,10YRO-TEL------P,RO,,,RO
2020-01-01T01:00:00+00:00,,30WCERNCERN2---T,B14,,651.4,,MAW,PT60M,10YRO-TEL------P,RO,,,RO
2020-01-01T01:00:00+00:00,,30WELCEBUCU3---2,B04,,81.6,,MAW,PT60M,10YRO-TEL------P,RO,,,RO
2020-01-01T01:00:00+00:00,,30WELCEBUCU4---Y,B04,,70.7,,MAW,PT60M,10YRO-TEL------P,RO,,,RO
2020-01-01T01:00:00+00:00,,30WELCEBUCV3---X,B04,,159.36,,MAW,PT60M,10YRO-TEL------P,RO,,,RO
2020-01-01T01:00:00+00:00,,30WROVIROVI3---K,B02,,0.0,,MAW,PT60M,10YRO-TEL------P,RO,,,RO
2020-01-01T01:00:00+00:00,,30WROVIROVI4---F,B02,,242.8,,MAW,PT60M,10YRO-TEL------P,RO,,,RO
2020-01-01T01:00:00+00:00,,30WTURCTURC3---O,B02,,0.0,,MAW,PT60M,10YRO-TEL------P,RO,,,RO
2020-01-01T01:00:00+00:00,,30WTURCTURC5---E,B02,,210.4,,MAW,PT60M,10YRO-TEL------P,RO,,,RO
2020-01-01T02:00:00+00:00,CETBrazi__BRAZ5_CA,30WBRAZBRAZ5---1,B04,,71.96,,MAW,PT60M,10YRO-TEL------P,RO,,,RO
2020-01-01T02:00:00+00:00,CET_MINT3_CA,30WMINTMINT3---X,B05,,65.84,,MAW,PT60M,10YRO-TEL------P,RO,,,RO
2020-01-01T02:00:00+00:00,CHE_Lotru_LOTR3_CA,30WHIDRLOTR3---B,B12,,19.82,,MAW,PT60M,10YRO-TEL------P,RO,,,RO
2020-01-01T02:00:00+00:00,CetCraiova2_CRAI1_CA,30WCRAICRA21---Y,B02,,95.8,,MAW,PT60M,10YRO-TEL------P,RO,,,RO
2020-01-01T02:00:00+00:00,ChePortileDeFier_PFIERI1_CA,30WHIDRPDFE1---R,B11,,102.94,,MAW,PT60M,10YRO-TEL------P,RO,,,RO
2020-01-01T02:00:00+00:00,ChePortileDeFier_PFIERI2_CA,30WHIDRPDFE2---M,B11,,102.43,,MAW,PT60M,10YRO-TEL------P,RO,,,RO
2020-01-01T02:00:00+00:00,ChePortileDeFier_PFIERI5_CA,30WHIDRPDFE5---7,B11,,75.23,,MAW,PT60M,10YRO-TEL------P,RO,,,RO
2020-01-01T02:00:00+00:00,ChePortileDeFier_PFIERI6_CA,30WHIDRPDFE6---2,B11,,179.13,,MAW,PT60M,10YRO-TEL------P,RO,,,RO
2020-01-01T02:00:00+00:00,Iernut_IERN5_CA,30WELCEIERN5---V,B04,,136.7,,MAW,PT60M,10YRO-TEL------P,RO,,,RO
2020-01-01T02:00:00+00:00,Isalnita_ISAL7_CA,30WCRAIISAL7---D,B02,,113.7,,MAW,PT60M,10YRO-TEL------P,RO,,,RO
2020-01-01T02:00:00+00:00,,30WCERNCERN1---Y,B14,,660.3,,MAW,PT60M,10YRO-TEL------P,RO,,,RO
2020-01-01T02:00:00+00:00,,30WCERNCERN2---T,B14,,651.3,,MAW,PT60M,10YRO-TEL------P,RO,,,RO
2020-01-01T02:00:00+00:00,,30WELCEBUCU3---2,B04,,81.5,,MAW,PT60M,10YRO-TEL------P,RO,,,RO
2020-01-01T02:00:00+00:00,,30WELCEBUCU4---Y,B04,,70.4,,MAW,PT60M,10YRO-TEL------P,RO,,,RO
2020-01-01T02:00:00+00:00,,30WELCEBUCV3---X,B04,,159.47,,MAW,PT60M,10YRO-TEL------P,RO,,,RO
2020-01-01T02:00:00+00:00,,30WROVIROVI4---F,B02,,166.5,,MAW,PT60M,10YRO-TEL------P,RO,,,RO
2020-01-01T02:00:00+00:00,,30WTURCTURC5---E,B02,,183.9,,MAW,PT60M,10YRO-TEL------P,RO,,,RO
2020-01-01T03:00:00+00:00,CETBrazi__BRAZ5_CA,30WBRAZBRAZ5---1,B04,,71.98,,MAW,PT60M,10YRO-TEL------P,RO,,,RO
2020-01-01T03:00:00+00:00,CET_MINT3_CA,30WMINTMINT3---X,B05,,66.89,,MAW,PT60M,10YRO-TEL------P,RO,,,RO
2020-01-01T03:00:00+00:00,CHE_Lotru_LOTR3_CA,30WHIDRLOTR3---B,B12,,16.71,,MAW,PT60M,10YRO-TEL------P,RO,,,RO
2020-01-01T03:00:00+00:00,CetCraiova2_CRAI1_CA,30WCRAICRA21---Y,B02,,96.0,,MAW,PT60M,10YRO-TEL------P,RO,,,RO
2020-01-01T03:00:00+00:00,ChePortileDeFier_PFIERI1_CA,30WHIDRPDFE1---R,B11,,81.77,,MAW,PT60M,10YRO-TEL------P,RO,,,RO
2020-01-01T03:00:00+00:00,ChePortileDeFier_PFIERI2_CA,30WHIDRPDFE2---M,B11,,72.1,,MAW,PT60M,10YRO-TEL------P,RO,,,RO
2020-01-01T03:00:00+00:00,ChePortileDeFier_PFIERI5_CA,30WHIDRPDFE5---7,B11,,71.67,,MAW,PT60M,10YRO-TEL------P,RO,,,RO
2020-01-01T03:00:00+00:00,ChePortileDeFier_PFIERI6_CA,30WHIDRPDFE6---2,B11,,66.19,,MAW,PT60M,10YRO-TEL------P,RO,,,RO
2020-01-01T03:00:00+00:00,Iernut_IERN5_CA,30WELCEIERN5---V,B04,,136.8,,MAW,PT60M,10YRO-TEL------P,RO,,,RO
2020-01-01T03:00:00+00:00,Isalnita_ISAL7_CA,30WCRAIISAL7---D,B02,,113.3,,MAW,PT60M,10YRO-TEL------P,RO,,,RO
2020-01-01T03:00:00+00:00,,30WELCEBUCU3---2,B04,,81.3,,MAW,PT60M,10YRO-TEL------P,RO,,,RO
2020-01-01T03:00:00+00:00,,30WELCEBUCU4---Y,B04,,70.1,,MAW,PT60M,10YRO-TEL------P,RO,,,RO
2020-01-01T03:00:00+00:00,,30WELCEBUCV3---X,B04,,159.37,,MAW,PT60M,10YRO-TEL------P,RO,,,RO
2020-01-01T03:00:00+00:00,,30WROVIROVI4---F,B02,,155.9,,MAW,PT60M,10YRO-TEL------P,RO,,,RO
2020-01-01T03:00:00+00:00,,30WTURCTURC5---E,B02,,181.5,,MAW,PT60M,10YRO-TEL------P,RO,,,RO
2020-01-01T04:00:00+00:00,CETBrazi__BRAZ5_CA,30WBRAZBRAZ5---1,B04,,72.24,,MAW,PT60M,10YRO-TEL------P,RO,,,RO
2020-01-01T04:00:00+00:00,CET_MINT3_CA,30WMINTMINT3---X,B05,,66.9,,MAW,PT60M,10YRO-TEL------P,RO,,,RO
2020-01-01T04:00:00+00:00,CHE_Lotru_LOTR3_CA,30WHIDRLOTR3---B,B12,,38.8,,MAW,PT60M,10YRO-TEL------P,RO,,,RO
2020-01-01T04:00:00+00:00,CetCraiova2_CRAI1_CA,30WCRAICRA21---Y,B02,,96.5,,MAW,PT60M,10YRO-TEL------P,RO,,,RO
2020-01-01T04:00:00+00:00,ChePortileDeFier_PFIERI1_CA,30WHIDRPDFE1---R,B11,,101.63,,MAW,PT60M,10YRO-TEL------P,RO,,,RO
2020-01-01T04:00:00+00:00,ChePortileDeFier_PFIERI2_CA,30WHIDRPDFE2---M,B11,,100.53,,MAW,PT60M,10YRO-TEL------P,RO,,,RO
2020-01-01T04:00:00+00:00,ChePortileDeFier_PFIERI5_CA,30WHIDRPDFE5---7,B11,,100.47,,MAW,PT60M,10YRO-TEL------P,RO,,,RO
2020-01-01T04:00:00+00:00,ChePortileDeFier_PFIERI6_CA,30WHIDRPDFE6---2,B11,,0.0,,MAW,PT60M,10YRO-TEL------P,RO,,,RO
2020-01-01T04:00:00+00:00,Iernut_IERN5_CA,30WELCEIERN5---V,B04,,136.5,,MAW,PT60M,10YRO-TEL------P,RO,,,RO
2020-01-01T04:00:00+00:00,Isalnita_ISAL7_CA,30WCRAIISAL7---D,B02,,113.9,,MAW,PT60M,10YRO-TEL------P,RO,,,RO
2020-01-01T04:00:00+00:00,,30WCERNCERN1---Y,B14,,660.7,,MAW,PT60M,10YRO-TEL------P,RO,,,RO
2020-01-01T04:00:00+00:00,,30WCERNCERN2---T,B14,,651.4,,MAW,PT60M,10YRO-TEL------P,RO,,,RO
2020-01-01T04:00:00+00:00,,30WELCEBUCU3---2,B04,,81.4,,MAW,PT60M,10YRO-TEL------P,RO,,,RO
2020-01-01T04:00:00+00:00,,30WELCEBUCU4---Y,B04,,69.0,,MAW,PT60M,10YRO-TEL------P,RO,,,RO
2020-01-01T04:00:00+00:00,,30WELCEBUCV3---X,B04,,159.42,,MAW,PT60M,10YRO-TEL------P,RO,,,RO
2020-01-01T04:00:00+00:00,,30WROVIROVI4---F,B02,,165.4,,MAW,PT60M,10YRO-TEL------P,RO,,,RO
2020-01-01T04:00:00+00:00,,30WTURCTURC5---E,B02,,189.3,,MAW,PT60M,10YRO-TEL------P,RO,,,RO
2020-01-01T05:00:00+00:00,CETBrazi__BRAZ5_CA,30WBRAZBRAZ5---1,B04,,71.46,,MAW,PT60M,10YRO-TEL------P,RO,,,RO
2020-01-01T05:00:00+00:00,CET_MINT3_CA,30WMINTMINT3---X,B05,,65.02,,MAW,PT60M,10YRO-TEL------P,RO,,,RO
2020-01-01T05:00:00+00:00,CHE_Lotru_LOTR3_CA,30WHIDRLOTR3---B,B12,,61.22,,MAW,PT60M,10YRO-TEL------P,RO,,,RO
2020-01-01T05:00:00+00:00,CetCraiova2_CRAI1_CA,30WCRAICRA21---Y,B02,,95.9,,MAW,PT60M,10YRO-TEL------P,RO,,,RO
2020-01-01T05:00:00+00:00,ChePortileDeFier_PFIERI1_CA,30WHIDRPDFE1---R,B11,,103.68,,MAW,PT60M,10YRO-TEL------P,RO,,,RO
2020-01-01T05:00:00+00:00,ChePortileDeFier_PFIERI2_CA,30WHIDRPDFE2---M,B11,,102.56,,MAW,PT60M,10YRO-TEL------P,RO,,,RO
2020-01-01T05:00:00+00:00,ChePortileDeFier_PFIERI5_CA,30WHIDRPDFE5---7,B11,,102.53,,MAW,PT60M,10YRO-TEL------P,RO,,,RO
2020-01-01T05:00:00+00:00,Iernut_IERN5_CA,30WELCEIERN5---V,B04,,136.6,,MAW,PT60M,10YRO-TEL------P,RO,,,RO
2020-01-01T05:00:00+00:00,Isalnita_ISAL7_CA,30WCRAIISAL7---D,B02,,116.0,,MAW,PT60M,10YRO-TEL------P,RO,,,RO
2020-01-01T05:00:00+00:00,,30WCERNCERN1---Y,B14,,660.9,,MAW,PT60M,10YRO-TEL------P,RO,,,RO
2020-01-01T05:00:00+00:00,,30WCERNCERN2---T,B14,,651.3,,MAW,PT60M,10YRO-TEL------P,RO,,,RO
2020-01-01T05:00:00+00:00,,30WELCEBUCU3---2,B04,,80.0,,MAW,PT60M,10YRO-TEL------P,RO,,,RO
2020-01-01T05:00:00+00:00,,30WELCEBUCU4---Y,B04,,67.6,,MAW,PT60M,10YRO-TEL------P,RO,,,RO
2020-01-01T05:00:00+00:00,,30WELCEBUCV3---X,B04,,159.1,,MAW,PT60M,10YRO-TEL------P,RO,,,RO
2020-01-01T05:00:00+00:00,,30WROVIROVI4---F,B02,,166.1,,MAW,PT60M,10YRO-TEL------P,RO,,,RO
2020-01-01T05:00:00+00:00,,30WTURCTURC5---E,B02,,189.7,,MAW,PT60M,10YRO-TEL------P,RO,,,RO
2020-01-01T06:00:00+00:00,CETBrazi__BRAZ5_CA,30WBRAZBRAZ5---1,B04,,72.49,,MAW,PT60M,10YRO-TEL------P,RO,,,RO
2020-01-01T06:00:00+00:00,CET_MINT3_CA,30WMINTMINT3---X,B05,,66.83,,MAW,PT60M,10YRO-TEL------P,RO,,,RO
2020-01-01T06:00:00+00:00,CHE_Lotru_LOTR2_CA,30WHIDRLOTR2---G,B12,,18.6,,MAW,PT60M,10YRO-TEL------P,RO,,,RO
2020-01-01T06:00:00+00:00,CHE_Lotru_LOTR3_CA,30WHIDRLOTR3---B,B12,,41.01,,MAW,PT60M,10YRO-TEL------P,RO,,,RO
2020-01-01T06:00:00+00:00,CetCraiova2_CRAI1_CA,30WCRAICRA21---Y,B02,,95.0,,MAW,PT60M,10YRO-TEL------P,RO,,,RO
2020-01-01T06:00:00+00:00,ChePortileDeFier_PFIERI1_CA,30WHIDRPDFE1---R,B11,,109.34,,MAW,PT60M,10YRO-TEL------P,RO,,,RO
2020-01-01T06:00:00+00:00,ChePortileDeFier_PFIERI2_CA,30WHIDRPDFE2---M,B11,,188.79,,MAW,PT60M,10YRO-TEL------P,RO,,,RO
2020-01-01T06:00:00+00:00,ChePortileDeFier_PFIERI5_CA,30WHIDRPDFE5---7,B11,,108.17,,MAW,PT60M,10YRO-TEL------P,RO,,,RO
2020-01-01T06:00:00+00:00,ChePortileDeFier_PFIERI6_CA,30WHIDRPDFE6---2,B11,,46.02,,MAW,PT60M,10YRO-TEL------P,RO,,,RO
2020-01-01T06:00:00+00:00,Iernut_IERN5_CA,30WELCEIERN5---V,B04,,138.8,,MAW,PT60M,10YRO-TEL------P,RO,,,RO
2020-01-01T06:00:00+00:00,Isalnita_ISAL7_CA,30WCRAIISAL7---D,B02,,118.9,,MAW,PT60M,10YRO-TEL------P,RO,,,RO
2020-01-01T06:00:00+00:00,,30WCERNCERN1---Y,B14,,661.05,,MAW,PT60M,10YRO-TEL------P,RO,,,RO
2020-01-01T06:00:00+00:00,,30WCERNCERN2---T,B14,,651.05,,MAW,PT60M,10YRO-TEL------P,RO,,,RO
2020-01-01T06:00:00+00:00,,30WELCEBUCU3---2,B04,,81.3,,MAW,PT60M,10YRO-TEL------P,RO,,,RO
2020-01-01T06:00:00+00:00,,30WELCEBUCU4---Y,B04,,68.7,,MAW,PT60M,10YRO-TEL------P,RO,,,RO
2020-01-01T06:00:00+00:00,,30WELCEBUCV3---X,B04,,159.52,,MAW,PT60M,10YRO-TEL------P,RO,,,RO
2020-01-01T06:00:00+00:00,,30WROVIROVI4---F,B02,,159.6,,MAW,PT60M,10YRO-TEL------P,RO,,,RO
2020-01-01T06:00:00+00:00,,30WTURCTURC5---E,B02,,185.2,,MAW,PT60M,10YRO-TEL------P,RO,,,RO
2020-01-01T07:00:00+00:00,CETBrazi__BRAZ5_CA,30WBRAZBRAZ5---1,B04,,72.07,,MAW,PT60M,10YRO-TEL------P,RO,,,RO
2020-01-01T07:00:00+00:00,CET_MINT3_CA,30WMINTMINT3---X,B05,,67.22,,MAW,PT60M,10YRO-TEL------P,RO,,,RO
2020-01-01T07:00:00+00:00,CHE_Lotru_LOTR2_CA,30WHIDRLOTR2---G,B12,,15.58,,MAW,PT60M,10YRO-TEL------P,RO,,,RO
2020-01-01T07:00:00+00:00,CHE_Lotru_LOTR3_CA,30WHIDRLOTR3---B,B12,,31.79,,MAW,PT60M,10YRO-TEL------P,RO,,,RO
2020-01-01T07:00:00+00:00,CetCraiova2_CRAI1_CA,30WCRAICRA21---Y,B02,,95.2,,MAW,PT60M,10YRO-TEL------P,RO,,,RO
2020-01-01T07:00:00+00:00,ChePortileDeFier_PFIERI1_CA,30WHIDRPDFE1---R,B11,,102.88,,MAW,PT60M,10YRO-TEL------P,RO,,,RO
2020-01-01T07:00:00+00:00,ChePortileDeFier_PFIERI2_CA,30WHIDRPDFE2---M,B11,,189.18,,MAW,PT60M,10YRO-TEL------P,RO,,,RO
2020-01-01T07:00:00+00:00,ChePortileDeFier_PFIERI5_CA,30WHIDRPDFE5---7,B11,,102.57,,MAW,PT60M,10YRO-TEL------P,RO,,,RO
2020-01-01T07:00:00+00:00,ChePortileDeFier_PFIERI6_CA,30WHIDRPDFE6---2,B11,,61.31,,MAW,PT60M,10YRO-TEL------P,RO,,,RO
2020-01-01T07:00:00+00:00,Iernut_IERN5_CA,30WELCEIERN5---V,B04,,138.4,,MAW,PT60M,10YRO-TEL------P,RO,,,RO
2020-01-01T07:00:00+00:00,Isalnita_ISAL7_CA,30WCRAIISAL7---D,B02,,116.4,,MAW,PT60M,10YRO-TEL------P,RO,,,RO
2020-01-01T07:00:00+00:00,,30WCERNCERN1---Y,B14,,660.9,,MAW,PT60M,10YRO-TEL------P,RO,,,RO
2020-01-01T07:00:00+00:00,,30WCERNCERN2---T,B14,,650.9,,MAW,PT60M,10YRO-TEL------P,RO,,,RO
2020-01-01T07:00:00+00:00,,30WELCEBUCU3---2,B04,,82.8,,MAW,PT60M,10YRO-TEL------P,RO,,,RO
2020-01-01T07:00:00+00:00,,30WELCEBUCU4---Y,B04,,70.0,,MAW,PT60M,10YRO-TEL------P,RO,,,RO
2020-01-01T07:00:00+00:00,,30WELCEBUCV3---X,B04,,159.02,,MAW,PT60M,10YRO-TEL------P,RO,,,RO
2020-01-01T07:00:00+00:00,,30WROVIROVI4---F,B02,,156.3,,MAW,PT60M,10YRO-TEL------P,RO,,,RO
2020-01-01T07:00:00+00:00,,30WTURCTURC5---E,B02,,182.6,,MAW,PT60M,10YRO-TEL------P,RO,,,RO
2020-01-01T08:00:00+00:00,CETBrazi__BRAZ5_CA,30WBRAZBRAZ5---1,B04,,71.54,,MAW,PT60M,10YRO-TEL------P,RO,,,RO
2020-01-01T08:00:00+00:00,CET_MINT3_CA,30WMINTMINT3---X,B05,,66.15,,MAW,PT60M,10YRO-TEL------P,RO,,,RO
2020-01-01T08:00:00+00:00,CHE_Lotru_LOTR2_CA,30WHIDRLOTR2---G,B12,,17.16,,MAW,PT60M,10YRO-TEL------P,RO,,,RO
2020-01-01T08:00:00+00:00,CHE_Lotru_LOTR3_CA,30WHIDRLOTR3---B,B12,,36.87,,MAW,PT60M,10YRO-TEL------P,RO,,,RO
2020-01-01T08:00:00+00:00,CetCraiova2_CRAI1_CA,30WCRAICRA21---Y,B02,,95.8,,MAW,PT60M,10YRO-TEL------P,RO,,,RO
2020-01-01T08:00:00+00:00,ChePortileDeFier_PFIERI1_CA,30WHIDRPDFE1---R,B11,,105.91,,MAW,PT60M,10YRO-TEL------P,RO,,,RO
2020-01-01T08:00:00+00:00,ChePortileDeFier_PFIERI2_CA,30WHIDRPDFE2---M,B11,,189.16,,MAW,PT60M,10YRO-TEL------P,RO,,,RO
2020-01-01T08:00:00+00:00,ChePortileDeFier_PFIERI3_CA,30WHIDRPDFE3---H,B11,,2.88,,MAW,PT60M,10YRO-TEL------P,RO,,,RO
2020-01-01T08:00:00+00:00,ChePortileDeFier_PFIERI5_CA,30WHIDRPDFE5---7,B11,,105.75,,MAW,PT60M,10YRO-TEL------P,RO,,,RO
2020-01-01T08:00:00+00:00,ChePortileDeFier_PFIERI6_CA,30WHIDRPDFE6---2,B11,,61.27,,MAW,PT60M,10YRO-TEL------P,RO,,,RO
2020-01-01T08:00:00+00:00,Iernut_IERN5_CA,30WELCEIERN5---V,B04,,138.7,,MAW,PT60M,10YRO-TEL------P,RO,,,RO
2020-01-01T08:00:00+00:00,Isalnita_ISAL7_CA,30WCRAIISAL7---D,B02,,116.5,,MAW,PT60M,10YRO-TEL------P,RO,,,RO
2020-01-01T08:00:00+00:00,,30WCERNCERN1---Y,B14,,661.0,,MAW,PT60M,10YRO-TEL------P,RO,,,RO
2020-01-01T08:00:00+00:00,,30WCERNCERN2---T,B14,,651.4,,MAW,PT60M,10YRO-TEL------P,RO,,,RO
2020-01-01T08:00:00+00:00,,30WELCEBUCU3---2,B04,,83.4,,MAW,PT60M,10YRO-TEL------P,RO,,,RO
2020-01-01T08:00:00+00:00,,30WELCEBUCU4---Y,B04,,71.1,,MAW,PT60M,10YRO-TEL------P,RO,,,RO
2020-01-01T08:00:00+00:00,,30WELCEBUCV3---X,B04,,159.04,,MAW,PT60M,10YRO-TEL------P,RO,,,RO
2020-01-01T08:00:00+00:00,,30WROVIROVI4---F,B02,,156.9,,MAW,PT60M,10YRO-TEL------P,RO,,,RO
2020-01-01T08:00:00+00:00,,30WTURCTURC5---E,B02,,183.6,,MAW,PT60M,10YRO-TEL------P,RO,,,RO
2020-01-01T09:00:00+00:00,CETBrazi__BRAZ5_CA,30WBRAZBRAZ5---1,B04,,71.55,,MAW,PT60M,10YRO-TEL------P,RO,,,RO
2020-01-01T09:00:00+00:00,CET_MINT3_CA,30WMINTMINT3---X,B05,,65.32,,MAW,PT60M,10YRO-TEL------P,RO,,,RO
2020-01-01T09:00:00+00:00,CHE_Lotru_LOTR2_CA,30WHIDRLOTR2---G,B12,,0.0,,MAW,PT60M,10YRO-TEL------P,RO,,,RO
2020-01-01T09:00:00+00:00,CHE_Lotru_LOTR3_CA,30WHIDRLOTR3---B,B12,,71.17,,MAW,PT60M,10YRO-TEL------P,RO,,,RO
2020-01-01T09:00:00+00:00,CetCraiova2_CRAI1_CA,30WCRAICRA21---Y,B02,,94.4,,MAW,PT60M,10YRO-TEL------P,RO,,,RO
2020-01-01T09:00:00+00:00,ChePortileDeFier_PFIERI1_CA,30WHIDRPDFE1---R,B11,,127.24,,MAW,PT60M,10YRO-TEL------P,RO,,,RO
2020-01-01T09:00:00+00:00,ChePortileDeFier_PFIERI2_CA,30WHIDRPDFE2---M,B11,,189.11,,MAW,PT60M,10YRO-TEL------P,RO,,,RO
2020-01-01T09:00:00+00:00,ChePortileDeFier_PFIERI3_CA,30WHIDRPDFE3---H,B11,,189.33,,MAW,PT60M,10YRO-TEL------P,RO,,,RO
2020-01-01T09:00:00+00:00,ChePortileDeFier_PFIERI5_CA,30WHIDRPDFE5---7,B11,,126.96,,MAW,PT60M,10YRO-TEL------P,RO,,,RO
2020-01-01T09:00:00+00:00,ChePortileDeFier_PFIERI6_CA,30WHIDRPDFE6---2,B11,,61.28,,MAW,PT60M,10YRO-TEL------P,RO,,,RO
2020-01-01T09:00:00+00:00,Iernut_IERN5_CA,30WELCEIERN5---V,B04,,143.1,,MAW,PT60M,10YRO-TEL------P,RO,,,RO
2020-01-01T09:00:00+00:00,Isalnita_ISAL7_CA,30WCRAIISAL7---D,B02,,116.1,,MAW,PT60M,10YRO-TEL------P,RO,,,RO
2020-01-01T09:00:00+00:00,,30WCERNCERN1---Y,B14,,661.3,,MAW,PT60M,10YRO-TEL------P,RO,,,RO
2020-01-01T09:00:00+00:00,,30WCERNCERN2---T,B14,,651.3,,MAW,PT60M,10YRO-TEL------P,RO,,,RO
2020-01-01T09:00:00+00:00,,30WELCEBUCU3---2,B04,,82.4,,MAW,PT60M,10YRO-TEL------P,RO,,,RO
2020-01-01T09:00:00+00:00,,30WELCEBUCU4---Y,B04,,71.8,,MAW,PT60M,10YRO-TEL------P,RO,,,RO
2020-01-01T09:00:00+00:00,,30WELCEBUCV3---X,B04,,159.09,,MAW,PT60M,10YRO-TEL------P,RO,,,RO
2020-01-01T09:00:00+00:00,,30WROVIROVI4---F,B02,,165.3,,MAW,PT60M,10YRO-TEL------P,RO,,,RO
2020-01-01T09:00:00+00:00,,30WTURCTURC5---E,B02,,191.3,,MAW,PT60M,10YRO-TEL------P,RO,,,RO
2020-01-01T10:00:00+00:00,CETBrazi__BRAZ5_CA,30WBRAZBRAZ5---1,B04,,71.73,,MAW,PT60M,10YRO-TEL------P,RO,,,RO
2020-01-01T10:00:00+00:00,CET_MINT3_CA,30WMINTMINT3---X,B05,,66.12,,MAW,PT60M,10YRO-TEL------P,RO,,,RO
2020-01-01T10:00:00+00:00,CHE_Lotru_LOTR3_CA,30WHIDRLOTR3---B,B12,,80.12,,MAW,PT60M,10YRO-TEL------P,RO,,,RO
2020-01-01T10:00:00+00:00,CetCraiova2_CRAI1_CA,30WCRAICRA21---Y,B02,,95.3,,MAW,PT60M,10YRO-TEL------P,RO,,,RO
2020-01-01T10:00:00+00:00,ChePortileDeFier_PFIERI1_CA,30WHIDRPDFE1---R,B11,,133.08,,MAW,PT60M,10YRO-TEL------P,RO,,,RO
2020-01-01T10:00:00+00:00,ChePortileDeFier_PFIERI2_CA,30WHIDRPDFE2---M,B11,,189.18,,MAW,PT60M,10YRO-TEL------P,RO,,,RO
2020-01-01T10:00:00+00:00,ChePortileDeFier_PFIERI3_CA,30WHIDRPDFE3---H,B11,,189.57,,MAW,PT60M,10YRO-TEL------P,RO,,,RO
2020-01-01T10:00:00+00:00,ChePortileDeFier_PFIERI5_CA,30WHIDRPDFE5---7,B11,,132.8,,MAW,PT60M,10YRO-TEL------P,RO,,,RO
2020-01-01T10:00:00+00:00,ChePortileDeFier_PFIERI6_CA,30WHIDRPDFE6---2,B11,,171.7,,MAW,PT60M,10YRO-TEL------P,RO,,,RO
2020-01-01T10:00:00+00:00,Iernut_IERN5_CA,30WELCEIERN5---V,B04,,146.0,,MAW,PT60M,10YRO-TEL------P,RO,,,RO
2020-01-01T10:00:00+00:00,Isalnita_ISAL7_CA,30WCRAIISAL7---D,B02,,117.2,,MAW,PT60M,10YRO-TEL------P,RO,,,RO
2020-01-01T10:00:00+00:00,,30WCERNCERN1---Y,B14,,661.5,,MAW,PT60M,10YRO-TEL------P,RO,,,RO
2020-01-01T10:00:00+00:00,,30WCERNCERN2---T,B14,,651.4,,MAW,PT60M,10YRO-TEL------P,RO,,,RO
2020-01-01T10:00:00+00:00,,30WELCEBUCU3---2,B04,,81.6,,MAW,PT60M,10YRO-TEL------P,RO,,,RO
2020-01-01T10:00:00+00:00,,30WELCEBUCU4---Y,B04,,71.5,,MAW,PT60M,10YRO-TEL------P,RO,,,RO
2020-01-01T10:00:00+00:00,,30WELCEBUCV3---X,B04,,159.24,,MAW,PT60M,10YRO-TEL------P,RO,,,RO
2020-01-01T10:00:00+00:00,,30WROVIROVI4---F,B02,,168.4,,MAW,PT60M,10YRO-TEL------P,RO,,,RO
2020-01-01T10:00:00+00:00,,30WTURCTURC5---E,B02,,193.5,,MAW,PT60M,10YRO-TEL------P,RO,,,RO
2020-01-01T11:00:00+00:00,CETBrazi__BRAZ5_CA,30WBRAZBRAZ5---1,B04,,71.99,,MAW,PT60M,10YRO-TEL------P,RO,,,RO
2020-01-01T11:00:00+00:00,CET_MINT3_CA,30WMINTMINT3---X,B05,,67.06,,MAW,PT60M,10YRO-TEL------P,RO,,,RO
2020-01-01T11:00:00+00:00,CHE_Lotru_LOTR3_CA,30WHIDRLOTR3---B,B12,,49.72,,MAW,PT60M,10YRO-TEL------P,RO,,,RO
2020-01-01T11:00:00+00:00,CetCraiova2_CRAI1_CA,30WCRAICRA21---Y,B02,,95.6,,MAW,PT60M,10YRO-TEL------P,RO,,,RO
2020-01-01T11:00:00+00:00,ChePortileDeFier_PFIERI1_CA,30WHIDRPDFE1---R,B11,,114.12,,MAW,PT60M,10YRO-TEL------P,RO,,,RO
2020-01-01T11:00:00+00:00,ChePortileDeFier_PFIERI2_CA,30WHIDRPDFE2---M,B11,,189.23,,MAW,PT60M,10YRO-TEL------P,RO,,,RO
2020-01-01T11:00:00+00:00,ChePortileDeFier_PFIERI3_CA,30WHIDRPDFE3---H,B11,,137.41,,MAW,PT60M,10YRO-TEL------P,RO,,,RO
2020-01-01T11:00:00+00:00,ChePortileDeFier_PFIERI5_CA,30WHIDRPDFE5---7,B11,,113.99,,MAW,PT60M,10YRO-TEL------P,RO,,,RO
2020-01-01T11:00:00+00:00,ChePortileDeFier_PFIERI6_CA,30WHIDRPDFE6---2,B11,,186.88,,MAW,PT60M,10YRO-TEL------P,RO,,,RO
2020-01-01T11:00:00+00:00,Iernut_IERN5_CA,30WELCEIERN5---V,B04,,142.0,,MAW,PT60M,10YRO-TEL------P,RO,,,RO
2020-01-01T11:00:00+00:00,Isalnita_ISAL7_CA,30WCRAIISAL7---D,B02,,117.0,,MAW,PT60M,10YRO-TEL------P,RO,,,RO
2020-01-01T11:00:00+00:00,,30WCERNCERN1---Y,B14,,661.0,,MAW,PT60M,10YRO-TEL------P,RO,,,RO
2020-01-01T11:00:00+00:00,,30WCERNCERN2---T,B14,,651.3,,MAW,PT60M,10YRO-TEL------P,RO,,,RO
2020-01-01T11:00:00+00:00,,30WELCEBUCU3---2,B04,,81.8,,MAW,PT60M,10YRO-TEL------P,RO,,,RO
2020-01-01T11:00:00+00:00,,30WELCEBUCU4---Y,B04,,71.8,,MAW,PT60M,10YRO-TEL------P,RO,,,RO
2020-01-01T11:00:00+00:00,,30WELCEBUCV3---X,B04,,159.42,,MAW,PT60M,10YRO-TEL------P,RO,,,RO
2020-01-01T11:00:00+00:00,,30WROVIROVI4---F,B02,,163.8,,MAW,PT60M,10YRO-TEL------P,RO,,,RO
2020-01-01T11:00:00+00:00,,30WTURCTURC5---E,B02,,189.8,,MAW,PT60M,10YRO-TEL------P,RO,,,RO
2020-01-01T12:00:00+00:00,CETBrazi__BRAZ5_CA,30WBRAZBRAZ5---1,B04,,70.81,,MAW,PT60M,10YRO-TEL------P,RO,,,RO
2020-01-01T12:00:00+00:00,CET_MINT3_CA,30WMINTMINT3---X,B05,,67.23,,MAW,PT60M,10YRO-TEL------P,RO,,,RO
2020-01-01T12:00:00+00:00,CHE_Lotru_LOTR3_CA,30WHIDRLOTR3---B,B12,,19.34,,MAW,PT60M,10YRO-TEL------P,RO,,,RO
2020-01-01T12:00:00+00:00,CetCraiova2_CRAI1_CA,30WCRAICRA21---Y,B02,,95.7,,MAW,PT60M,10YRO-TEL------P,RO,,,RO
2020-01-01T12:00:00+00:00,ChePortileDeFier_PFIERI1_CA,30WHIDRPDFE1---R,B11,,81.12,,MAW,PT60M,10YRO-TEL------P,RO,,,RO
2020-01-01T12:00:00+00:00,ChePortileDeFier_PFIERI2_CA,30WHIDRPDFE2---M,B11,,85.66,,MAW,PT60M,10YRO-TEL------P,RO,,,RO
2020-01-01T12:00:00+00:00,ChePortileDeFier_PFIERI3_CA,30WHIDRPDFE3---H,B11,,61.11,,MAW,PT60M,10YRO-TEL------P,RO,,,RO
2020-01-01T12:00:00+00:00,ChePortileDeFier_PFIERI5_CA,30WHIDRPDFE5---7,B11,,80.18,,MAW,PT60M,10YRO-TEL------P,RO,,,RO
2020-01-01T12:00:00+00:00,ChePortileDeFier_PFIERI6_CA,30WHIDRPDFE6---2,B11,,186.1,,MAW,PT60M,10YRO-TEL------P,RO,,,RO
2020-01-01T12:00:00+00:00,Iernut_IERN5_CA,30WELCEIERN5---V,B04,,139.2,,MAW,PT60M,10YRO-TEL------P,RO,,,RO
2020-01-01T12:00:00+00:00,Isalnita_ISAL7_CA,30WCRAIISAL7---D,B02,,120.7,,MAW,PT60M,10YRO-TEL------P,RO,,,RO
2020-01-01T12:00:00+00:00,,30WCERNCERN1---Y,B14,,661.05,,MAW,PT60M,10YRO-TEL------P,RO,,,RO
2020-01-01T12:00:00+00:00,,30WCERNCERN2---T,B14,,651.35,,MAW,PT60M,10YRO-TEL------P,RO,,,RO
2020-01-01T12:00:00+00:00,,30WELCEBUCU3---2,B04,,82.0,,MAW,PT60M,10YRO-TEL------P,RO,,,RO
2020-01-01T12:00:00+00:00,,30WELCEBUCU4---Y,B04,,71.9,,MAW,PT60M,10YRO-TEL------P,RO,,,RO
2020-01-01T12:00:00+00:00,,30WELCEBUCV3---X,B04,,159.72,,MAW,PT60M,10YRO-TEL------P,RO,,,RO
2020-01-01T12:00:00+00:00,,30WROVIROVI4---F,B02,,158.7,,MAW,PT60M,10YRO-TEL------P,RO,,,RO
2020-01-01T12:00:00+00:00,,30WTURCTURC5---E,B02,,186.5,,MAW,PT60M,10YRO-TEL------P,RO,,,RO
2020-01-01T13:00:00+00:00,CETBrazi__BRAZ5_CA,30WBRAZBRAZ5---1,B04,,69.99,,MAW,PT60M,10YRO-TEL------P,RO,,,RO
2020-01-01T13:00:00+00:00,CET_MINT3_CA,30WMINTMINT3---X,B05,,65.94,,MAW,PT60M,10YRO-TEL------P,RO,,,RO
2020-01-01T13:00:00+00:00,CHE_Lotru_LOTR3_CA,30WHIDRLOTR3---B,B12,,30.54,,MAW,PT60M,10YRO-TEL------P,RO,,,RO
2020-01-01T13:00:00+00:00,CetCraiova2_CRAI1_CA,30WCRAICRA21---Y,B02,,96.1,,MAW,PT60M,10YRO-TEL------P,RO,,,RO
2020-01-01T13:00:00+00:00,ChePortileDeFier_PFIERI1_CA,30WHIDRPDFE1---R,B11,,101.08,,MAW,PT60M,10YRO-TEL------P,RO,,,RO
2020-01-01T13:00:00+00:00,ChePortileDeFier_PFIERI2_CA,30WHIDRPDFE2---M,B11,,99.95,,MAW,PT60M,10YRO-TEL------P,RO,,,RO
2020-01-01T13:00:00+00:00,ChePortileDeFier_PFIERI3_CA,30WHIDRPDFE3---H,B11,,61.53,,MAW,PT60M,10YRO-TEL------P,RO,,,RO
2020-01-01T13:00:00+00:00,ChePortileDeFier_PFIERI5_CA,30WHIDRPDFE5---7,B11,,99.94,,MAW,PT60M,10YRO-TEL------P,RO,,,RO
2020-01-01T13:00:00+00:00,ChePortileDeFier_PFIERI6_CA,30WHIDRPDFE6---2,B11,,168.14,,MAW,PT60M,10YRO-TEL------P,RO,,,RO
2020-01-01T13:00:00+00:00,Iernut_IERN5_CA,30WELCEIERN5---V,B04,,142.4,,MAW,PT60M,10YRO-TEL------P,RO,,,RO
2020-01-01T13:00:00+00:00,Isalnita_ISAL7_CA,30WCRAIISAL7---D,B02,,117.1,,MAW,PT60M,10YRO-TEL------P,RO,,,RO
2020-01-01T13:00:00+00:00,,30WCERNCERN1---Y,B14,,661.35,,MAW,PT60M,10YRO-TEL------P,RO,,,RO
2020-01-01T13:00:00+00:00,,30WCERNCERN2---T,B14,,651.15,,MAW,PT60M,10YRO-TEL------P,RO,,,RO
2020-01-01T13:00:00+00:00,,30WELCEBUCU3---2,B04,,81.9,,MAW,PT60M,10YRO-TEL------P,RO,,,RO
2020-01-01T13:00:00+00:00,,30WELCEBUCU4---Y,B04,,71.8,,MAW,PT60M,10YRO-TEL------P,RO,,,RO
2020-01-01T13:00:00+00:00,,30WELCEBUCV3---X,B04,,159.6,,MAW,PT60M,10YRO-TEL------P,RO,,,RO
2020-01-01T13:00:00+00:00,,30WROVIROVI4---F,B02,,165.6,,MAW,PT60M,10YRO-TEL------P,RO,,,RO
2020-01-01T13:00:00+00:00,,30WTURCTURC5---E,B02,,192.3,,MAW,PT60M,10YRO-TEL------P,RO,,,RO
2020-01-01T14:00:00+00:00,CETBrazi__BRAZ5_CA,30WBRAZBRAZ5---1,B04,,70.19,,MAW,PT60M,10YRO-TEL------P,RO,,,RO
2020-01-01T14:00:00+00:00,CET_MINT3_CA,30WMINTMINT3---X,B05,,66.81,,MAW,PT60M,10YRO-TEL------P,RO,,,RO
2020-01-01T14:00:00+00:00,CHE_Lotru_LOTR3_CA,30WHIDRLOTR3---B,B12,,41.97,,MAW,PT60M,10YRO-TEL------P,RO,,,RO
2020-01-01T14:00:00+00:00,CetCraiova2_CRAI1_CA,30WCRAICRA21---Y,B02,,97.0,,MAW,PT60M,10YRO-TEL------P,RO,,,RO
2020-01-01T14:00:00+00:00,ChePortileDeFier_PFIERI1_CA,30WHIDRPDFE1---R,B11,,128.1,,MAW,PT60M,10YRO-TEL------P,RO,,,RO
2020-01-01T14:00:00+00:00,ChePortileDeFier_PFIERI2_CA,30WHIDRPDFE2---M,B11,,126.8,,MAW,PT60M,10YRO-TEL------P,RO,,,RO
2020-01-01T14:00:00+00:00,ChePortileDeFier_PFIERI3_CA,30WHIDRPDFE3---H,B11,,107.86,,MAW,PT60M,10YRO-TEL------P,RO,,,RO
2020-01-01T14:00:00+00:00,ChePortileDeFier_PFIERI4_CA,30WHIDRPDFE4---C,B11,,1.05,,MAW,PT60M,10YRO-TEL------P,RO,,,RO
2020-01-01T14:00:00+00:00,ChePortileDeFier_PFIERI5_CA,30WHIDRPDFE5---7,B11,,126.72,,MAW,PT60M,10YRO-TEL------P,RO,,,RO
2020-01-01T14:00:00+00:00,ChePortileDeFier_PFIERI6_CA,30WHIDRPDFE6---2,B11,,189.43,,MAW,PT60M,10YRO-TEL------P,RO,,,RO
2020-01-01T14:00:00+00:00,Iernut_IERN5_CA,30WELCEIERN5---V,B04,,148.4,,MAW,PT60M,10YRO-TEL------P,RO,,,RO
2020-01-01T14:00:00+00:00,Isalnita_ISAL7_CA,30WCRAIISAL7---D,B02,,115.6,,MAW,PT60M,10YRO-TEL------P,RO,,,RO
2020-01-01T14:00:00+00:00,,30WCERNCERN1---Y,B14,,661.3,,MAW,PT60M,10YRO-TEL------P,RO,,,RO
2020-01-01T14:00:00+00:00,,30WCERNCERN2---T,B14,,651.1,,MAW,PT60M,10YRO-TEL------P,RO,,,RO
2020-01-01T14:00:00+00:00,,30WELCEBUCU3---2,B04,,81.8,,MAW,PT60M,10YRO-TEL------P,RO,,,RO
2020-01-01T14:00:00+00:00,,30WELCEBUCU4---Y,B04,,71.5,,MAW,PT60M,10YRO-TEL------P,RO,,,RO
2020-01-01T14:00:00+00:00,,30WELCEBUCV3---X,B04,,159.68,,MAW,PT60M,10YRO-TEL------P,RO,,,RO
2020-01-01T14:00:00+00:00,,30WROVIROVI4---F,B02,,174.3,,MAW,PT60M,10YRO-TEL------P,RO,,,RO
2020-01-01T14:00:00+00:00,,30WTURCTURC5---E,B02,,198.8,,MAW,PT60M,10YRO-TEL------P,RO,,,RO
2020-01-01T15:00:00+00:00,CETBrazi__BRAZ5_CA,30WBRAZBRAZ5---1,B04,,71.28,,MAW,PT60M,10YRO-TEL------P,RO,,,RO
2020-01-01T15:00:00+00:00,CET_MINT3_CA,30WMINTMINT3---X,B05,,66.33,,MAW,PT60M,10YRO-TEL------P,RO,,,RO
2020-01-01T15:00:00+00:00,CHE_Lotru_LOTR2_CA,30WHIDRLOTR2---G,B12,,36.92,,MAW,PT60M,10YRO-TEL------P,RO,,,RO
2020-01-01T15:00:00+00:00,CHE_Lotru_LOTR3_CA,30WHIDRLOTR3---B,B12,,100.1,,MAW,PT60M,10YRO-TEL------P,RO,,,RO
2020-01-01T15:00:00+00:00,CetCraiova2_CRAI1_CA,30WCRAICRA21---Y,B02,,98.7,,MAW,PT60M,10YRO-TEL------P,RO,,,RO
2020-01-01T15:00:00+00:00,ChePortileDeFier_PFIERI1_CA,30WHIDRPDFE1---R,B11,,147.43,,MAW,PT60M,10YRO-TEL------P,RO,,,RO
2020-01-01T15:00:00+00:00,ChePortileDeFier_PFIERI2_CA,30WHIDRPDFE2---M,B11,,187.92,,MAW,PT60M,10YRO-TEL------P,RO,,,RO
2020-01-01T15:00:00+00:00,ChePortileDeFier_PFIERI3_CA,30WHIDRPDFE3---H,B11,,189.07,,MAW,PT60M,10YRO-TEL------P,RO,,,RO
2020-01-01T15:00:00+00:00,ChePortileDeFier_PFIERI4_CA,30WHIDRPDFE4---C,B11,,184.5,,MAW,PT60M,10YRO-TEL------P,RO,,,RO
2020-01-01T15:00:00+00:00,ChePortileDeFier_PFIERI5_CA,30WHIDRPDFE5---7,B11,,146.11,,MAW,PT60M,10YRO-TEL------P,RO,,,RO
2020-01-01T15:00:00+00:00,ChePortileDeFier_PFIERI6_CA,30WHIDRPDFE6---2,B11,,168.12,,MAW,PT60M,10YRO-TEL------P,RO,,,RO
2020-01-01T15:00:00+00:00,Iernut_IERN5_CA,30WELCEIERN5---V,B04,,147.5,,MAW,PT60M,10YRO-TEL------P,RO,,,RO
2020-01-01T15:00:00+00:00,Isalnita_ISAL7_CA,30WCRAIISAL7---D,B02,,115.0,,MAW,PT60M,10YRO-TEL------P,RO,,,RO
2020-01-01T15:00:00+00:00,,30WCERNCERN1---Y,B14,,661.0,,MAW,PT60M,10YRO-TEL------P,RO,,,RO
2020-01-01T15:00:00+00:00,,30WCERNCERN2---T,B14,,651.3,,MAW,PT60M,10YRO-TEL------P,RO,,,RO
2020-01-01T15:00:00+00:00,,30WELCEBUCU3---2,B04,,82.2,,MAW,PT60M,10YRO-TEL------P,RO,,,RO
2020-01-01T15:00:00+00:00,,30WELCEBUCU4---Y,B04,,70.3,,MAW,PT60M,10YRO-TEL------P,RO,,,RO
2020-01-01T15:00:00+00:00,,30WELCEBUCV3---X,B04,,159.71,,MAW,PT60M,10YRO-TEL------P,RO,,,RO
2020-01-01T15:00:00+00:00,,30WROVIROVI4---F,B02,,173.6,,MAW,PT60M,10YRO-TEL------P,RO,,,RO
2020-01-01T15:00:00+00:00,,30WTURCTURC5---E,B02,,198.0,,MAW,PT60M,10YRO-TEL------P,RO,,,RO
2020-01-01T16:00:00+00:00,CETBrazi__BRAZ5_CA,30WBRAZBRAZ5---1,B04,,71.38,,MAW,PT60M,10YRO-TEL------P,RO,,,RO
2020-01-01T16:00:00+00:00,CET_MINT3_CA,30WMINTMINT3---X,B05,,66.6,,MAW,PT60M,10YRO-TEL------P,RO,,,RO
2020-01-01T16:00:00+00:00,CHE_Lotru_LOTR2_CA,30WHIDRLOTR2---G,B12,,53.52,,MAW,PT60M,10YRO-TEL------P,RO,,,RO
2020-01-01T16:00:00+00:00,CHE_Lotru_LOTR3_CA,30WHIDRLOTR3---B,B12,,155.47,,MAW,PT60M,10YRO-TEL------P,RO,,,RO
2020-01-01T16:00:00+00:00,CetCraiova2_CRAI1_CA,30WCRAICRA21---Y,B02,,98.2,,MAW,PT60M,10YRO-TEL------P,RO,,,RO
2020-01-01T16:00:00+00:00,ChePortileDeFier_PFIERI1_CA,30WHIDRPDFE1---R,B11,,182.15,,MAW,PT60M,10YRO-TEL------P,RO,,,RO
2020-01-01T16:00:00+00:00,ChePortileDeFier_PFIERI2_CA,30WHIDRPDFE2---M,B11,,188.64,,MAW,PT60M,10YRO-TEL------P,RO,,,RO
2020-01-01T16:00:00+00:00,ChePortileDeFier_PFIERI3_CA,30WHIDRPDFE3---H,B11,,189.04,,MAW,PT60M,10YRO-TEL------P,RO,,,RO
2020-01-01T16:00:00+00:00,ChePortileDeFier_PFIERI4_CA,30WHIDRPDFE4---C,B11,,189.65,,MAW,PT60M,10YRO-TEL------P,RO,,,RO
2020-01-01T16:00:00+00:00,ChePortileDeFier_PFIERI5_CA,30WHIDRPDFE5---7,B11,,180.95,,MAW,PT60M,10YRO-TEL------P,RO,,,RO
2020-01-01T16:00:00+00:00,ChePortileDeFier_PFIERI6_CA,30WHIDRPDFE6---2,B11,,188.75,,MAW,PT60M,10YRO-TEL------P,RO,,,RO
2020-01-01T16:00:00+00:00,CheRetezat_RIUM2_CA,30WHIDRRIUM2---W,B12,,28.2,,MAW,PT60M,10YRO-TEL------P,RO,,,RO
2020-01-01T16:00:00+00:00,Iernut_IERN5_CA,30WELCEIERN5---V,B04,,154.5,,MAW,PT60M,10YRO-TEL------P,RO,,,RO
2020-01-01T16:00:00+00:00,Isalnita_ISAL7_CA,30WCRAIISAL7---D,B02,,115.2,,MAW,PT60M,10YRO-TEL------P,RO,,,RO
2020-01-01T16:00:00+00:00,,30WCERNCERN1---Y,B14,,661.15,,MAW,PT60M,10YRO-TEL------P,RO,,,RO
2020-01-01T16:00:00+00:00,,30WCERNCERN2---T,B14,,651.15,,MAW,PT60M,10YRO-TEL------P,RO,,,RO
2020-01-01T16:00:00+00:00,,30WELCEBUCU3---2,B04,,82.0,,MAW,PT60M,10YRO-TEL------P,RO,,,RO
2020-01-01T16:00:00+00:00,,30WELCEBUCU4---Y,B04,,70.0,,MAW,PT60M,10YRO-TEL------P,RO,,,RO
2020-01-01T16:00:00+00:00,,30WELCEBUCV3---X,B04,,159.66,,MAW,PT60M,10YRO-TEL------P,RO,,,RO
2020-01-01T16:00:00+00:00,,30WROVIROVI4---F,B02,,187.4,,MAW,PT60M,10YRO-TEL------P,RO,,,RO
2020-01-01T16:00:00+00:00,,30WTURCTURC5---E,B02,,207.8,,MAW,PT60M,10YRO-TEL------P,RO,,,RO
2020-01-01T17:00:00+00:00,CETBrazi__BRAZ5_CA,30WBRAZBRAZ5---1,B04,,71.68,,MAW,PT60M,10YRO-TEL------P,RO,,,RO
2020-01-01T17:00:00+00:00,CET_MINT3_CA,30WMINTMINT3---X,B05,,65.88,,MAW,PT60M,10YRO-TEL------P,RO,,,RO
2020-01-01T17:00:00+00:00,CHE_Lotru_LOTR2_CA,30WHIDRLOTR2---G,B12,,11.08,,MAW,PT60M,10YRO-TEL------P,RO,,,RO
2020-01-01T17:00:00+00:00,CHE_Lotru_LOTR3_CA,30WHIDRLOTR3---B,B12,,17.0,,MAW,PT60M,10YRO-TEL------P,RO,,,RO
2020-01-01T17:00:00+00:00,CetCraiova2_CRAI1_CA,30WCRAICRA21---Y,B02,,99.7,,MAW,PT60M,10YRO-TEL------P,RO,,,RO
2020-01-01T17:00:00+00:00,ChePortileDeFier_PFIERI1_CA,30WHIDRPDFE1---R,B11,,94.13,,MAW,PT60M,10YRO-TEL------P,RO,,,RO
2020-01-01T17:00:00+00:00,ChePortileDeFier_PFIERI2_CA,30WHIDRPDFE2---M,B11,,188.48,,MAW,PT60M,10YRO-TEL------P,RO,,,RO
2020-01-01T17:00:00+00:00,ChePortileDeFier_PFIERI3_CA,30WHIDRPDFE3---H,B11,,188.89,,MAW,PT60M,10YRO-TEL------P,RO,,,RO
2020-01-01T17:00:00+00:00,ChePortileDeFier_PFIERI4_CA,30WHIDRPDFE4---C,B11,,189.5,,MAW,PT60M,10YRO-TEL------P,RO,,,RO
2020-01-01T17:00:00+00:00,ChePortileDeFier_PFIERI5_CA,30WHIDRPDFE5---7,B11,,93.0,,MAW,PT60M,10YRO-TEL------P,RO,,,RO
2020-01-01T17:00:00+00:00,ChePortileDeFier_PFIERI6_CA,30WHIDRPDFE6---2,B11,,188.88,,MAW,PT60M,10YRO-TEL------P,RO,,,RO
2020-01-01T17:00:00+00:00,CheRetezat_RIUM2_CA,30WHIDRRIUM2---W,B12,,98.58,,MAW,PT60M,10YRO-TEL------P,RO,,,RO
2020-01-01T17:00:00+00:00,Iernut_IERN5_CA,30WELCEIERN5---V,B04,,150.7,,MAW,PT60M,10YRO-TEL------P,RO,,,RO
2020-01-01T17:00:00+00:00,Isalnita_ISAL7_CA,30WCRAIISAL7---D,B02,,115.6,,MAW,PT60M,10YRO-TEL------P,RO,,,RO
2020-01-01T17:00:00+00:00,,30WCERNCERN1---Y,B14,,660.85,,MAW,PT60M,10YRO-TEL------P,RO,,,RO
2020-01-01T17:00:00+00:00,,30WELCEBUCU3---2,B04,,81.8,,MAW,PT60M,10YRO-TEL------P,RO,,,RO
2020-01-01T17:00:00+00:00,,30WELCEBUCU4---Y,B04,,69.5,,MAW,PT60M,10YRO-TEL------P,RO,,,RO
2020-01-01T17:00:00+00:00,,30WELCEBUCV3---X,B04,,159.32,,MAW,PT60M,10YRO-TEL------P,RO,,,RO
2020-01-01T17:00:00+00:00,,30WROVIROVI4---F,B02,,152.9,,MAW,PT60M,10YRO-TEL------P,RO,,,RO
2020-01-01T17:00:00+00:00,,30WTURCTURC5---E,B02,,183.6,,MAW,PT60M,10YRO-TEL------P,RO,,,RO
2020-01-01T18:00:00+00:00,CETBrazi__BRAZ5_CA,30WBRAZBRAZ5---1,B04,,71.54,,MAW,PT60M,10YRO-TEL------P,RO,,,RO
2020-01-01T18:00:00+00:00,CET_MINT3_CA,30WMINTMINT3---X,B05,,66.96,,MAW,PT60M,10YRO-TEL------P,RO,,,RO
2020-01-01T18:00:00+00:00,CHE_Lotru_LOTR2_CA,30WHIDRLOTR2---G,B12,,18.4,,MAW,PT60M,10YRO-TEL------P,RO,,,RO
2020-01-01T18:00:00+00:00,CHE_Lotru_LOTR3_CA,30WHIDRLOTR3---B,B12,,40.93,,MAW,PT60M,10YRO-TEL------P,RO,,,RO
2020-01-01T18:00:00+00:00,CetCraiova2_CRAI1_CA,30WCRAICRA21---Y,B02,,96.8,,MAW,PT60M,10YRO-TEL------P,RO,,,RO
2020-01-01T18:00:00+00:00,ChePortileDeFier_PFIERI1_CA,30WHIDRPDFE1---R,B11,,109.41,,MAW,PT60M,10YRO-TEL------P,RO,,,RO
2020-01-01T18:00:00+00:00,ChePortileDeFier_PFIERI2_CA,30WHIDRPDFE2---M,B11,,188.64,,MAW,PT60M,10YRO-TEL------P,RO,,,RO
2020-01-01T18:00:00+00:00,ChePortileDeFier_PFIERI3_CA,30WHIDRPDFE3---H,B11,,189.05,,MAW,PT60M,10YRO-TEL------P,RO,,,RO
2020-01-01T18:00:00+00:00,ChePortileDeFier_PFIERI4_CA,30WHIDRPDFE4---C,B11,,189.65,,MAW,PT60M,10YRO-TEL------P,RO,,,RO
2020-01-01T18:00:00+00:00,ChePortileDeFier_PFIERI5_CA,30WHIDRPDFE5---7,B11,,108.12,,MAW,PT60M,10YRO-TEL------P,RO,,,RO
2020-01-01T18:00:00+00:00,CheRetezat_RIUM2_CA,30WHIDRRIUM2---W,B12,,98.08,,MAW,PT60M,10YRO-TEL------P,RO,,,RO
2020-01-01T18:00:00+00:00,Iernut_IERN5_CA,30WELCEIERN5---V,B04,,139.9,,MAW,PT60M,10YRO-TEL------P,RO,,,RO
2020-01-01T18:00:00+00:00,Isalnita_ISAL7_CA,30WCRAIISAL7---D,B02,,117.5,,MAW,PT60M,10YRO-TEL------P,RO,,,RO
2020-01-01T18:00:00+00:00,,30WCERNCERN1---Y,B14,,660.0,,MAW,PT60M,10YRO-TEL------P,RO,,,RO
2020-01-01T18:00:00+00:00,,30WCERNCERN2---T,B14,,651.3,,MAW,PT60M,10YRO-TEL------P,RO,,,RO
2020-01-01T18:00:00+00:00,,30WELCEBUCU3---2,B04,,81.4,,MAW,PT60M,10YRO-TEL------P,RO,,,RO
2020-01-01T18:00:00+00:00,,30WELCEBUCU4---Y,B04,,70.0,,MAW,PT60M,10YRO-TEL------P,RO,,,RO
2020-01-01T18:00:00+00:00,,30WELCEBUCV3---X,B04,,159.29,,MAW,PT60M,10YRO-TEL------P,RO,,,RO
2020-01-01T18:00:00+00:00,,30WROVIROVI4---F,B02,,157.4,,MAW,PT60M,10YRO-TEL------P,RO,,,RO
2020-01-01T18:00:00+00:00,,30WTURCTURC5---E,B02,,186.3,,MAW,PT60M,10YRO-TEL------P,RO,,,RO
2020-01-01T19:00:00+00:00,CETBrazi__BRAZ5_CA,30WBRAZBRAZ5---1,B04,,71.83,,MAW,PT60M,10YRO-TEL------P,RO,,,RO
2020-01-01T19:00:00+00:00,CET_MINT3_CA,30WMINTMINT3---X,B05,,65.85,,MAW,PT60M,10YRO-TEL------P,RO,,,RO
2020-01-01T19:00:00+00:00,CHE_Lotru_LOTR2_CA,30WHIDRLOTR2---G,B12,,23.13,,MAW,PT60M,10YRO-TEL------P,RO,,,RO
2020-01-01T19:00:00+00:00,CHE_Lotru_LOTR3_CA,30WHIDRLOTR3---B,B12,,56.42,,MAW,PT60M,10YRO-TEL------P,RO,,,RO
2020-01-01T19:00:00+00:00,CetCraiova2_CRAI1_CA,30WCRAICRA21---Y,B02,,96.0,,MAW,PT60M,10YRO-TEL------P,RO,,,RO
2020-01-01T19:00:00+00:00,ChePortileDeFier_PFIERI1_CA,30WHIDRPDFE1---R,B11,,119.23,,MAW,PT60M,10YRO-TEL------P,RO,,,RO
2020-01-01T19:00:00+00:00,ChePortileDeFier_PFIERI2_CA,30WHIDRPDFE2---M,B11,,188.65,,MAW,PT60M,10YRO-TEL------P,RO,,,RO
2020-01-01T19:00:00+00:00,ChePortileDeFier_PFIERI3_CA,30WHIDRPDFE3---H,B11,,189.01,,MAW,PT60M,10YRO-TEL------P,RO,,,RO
2020-01-01T19:00:00+00:00,ChePortileDeFier_PFIERI4_CA,30WHIDRPDFE4---C,B11,,189.6,,MAW,PT60M,10YRO-TEL------P,RO,,,RO
2020-01-01T19:00:00+00:00,ChePortileDeFier_PFIERI5_CA,30WHIDRPDFE5---7,B11,,117.89,,MAW,PT60M,10YRO-TEL------P,RO,,,RO
2020-01-01T19:00:00+00:00,CheRetezat_RIUM2_CA,30WHIDRRIUM2---W,B12,,82.11,,MAW,PT60M,10YRO-TEL------P,RO,,,RO
2020-01-01T19:00:00+00:00,Iernut_IERN5_CA,30WELCEIERN5---V,B04,,142.2,,MAW,PT60M,10YRO-TEL------P,RO,,,RO
2020-01-01T19:00:00+00:00,Isalnita_ISAL7_CA,30WCRAIISAL7---D,B02,,114.7,,MAW,PT60M,10YRO-TEL------P,RO,,,RO
2020-01-01T19:00:00+00:00,,30WCERNCERN1---Y,B14,,660.1,,MAW,PT60M,10YRO-TEL------P,RO,,,RO
2020-01-01T19:00:00+00:00,,30WCERNCERN2---T,B14,,651.7,,MAW,PT60M,10YRO-TEL------P,RO,,,RO
2020-01-01T19:00:00+00:00,,30WELCEBUCU3---2,B04,,81.5,,MAW,PT60M,10YRO-TEL------P,RO,,,RO
2020-01-01T19:00:00+00:00,,30WROVIROVI4---F,B02,,161.8,,MAW,PT60M,10YRO-TEL------P,RO,,,RO
2020-01-01T19:00:00+00:00,,30WTURCTURC5---E,B02,,188.4,,MAW,PT60M,10YRO-TEL------P,RO,,,RO
2020-01-01T20:00:00+00:00,CETBrazi__BRAZ5_CA,30WBRAZBRAZ5---1,B04,,71.85,,MAW,PT60M,10YRO-TEL------P,RO,,,RO
2020-01-01T20:00:00+00:00,CET_MINT3_CA,30WMINTMINT3---X,B05,,66.82,,MAW,PT60M,10YRO-TEL------P,RO,,,RO
2020-01-01T20:00:00+00:00,CHE_Lotru_LOTR2_CA,30WHIDRLOTR2---G,B12,,18.38,,MAW,PT60M,10YRO-TEL------P,RO,,,RO
2020-01-01T20:00:00+00:00,CHE_Lotru_LOTR3_CA,30WHIDRLOTR3---B,B12,,31.63,,MAW,PT60M,10YRO-TEL------P,RO,,,RO
2020-01-01T20:00:00+00:00,CetCraiova2_CRAI1_CA,30WCRAICRA21---Y,B02,,96.8,,MAW,PT60M,10YRO-TEL------P,RO,,,RO
2020-01-01T20:00:00+00:00,ChePortileDeFier_PFIERI1_CA,30WHIDRPDFE1---R,B11,,103.59,,MAW,PT60M,10YRO-TEL------P,RO,,,RO
2020-01-01T20:00:00+00:00,ChePortileDeFier_PFIERI2_CA,30WHIDRPDFE2---M,B11,,188.64,,MAW,PT60M,10YRO-TEL------P,RO,,,RO
2020-01-01T20:00:00+00:00,ChePortileDeFier_PFIERI3_CA,30WHIDRPDFE3---H,B11,,189.05,,MAW,PT60M,10YRO-TEL------P,RO,,,RO
2020-01-01T20:00:00+00:00,ChePortileDeFier_PFIERI5_CA,30WHIDRPDFE5---7,B11,,102.37,,MAW,PT60M,10YRO-TEL------P,RO,,,RO
2020-01-01T20:00:00+00:00,ChePortileDeFier_PFIERI6_CA,30WHIDRPDFE6---2,B11,,186.83,,MAW,PT60M,10YRO-TEL------P,RO,,,RO
2020-01-01T20:00:00+00:00,CheRetezat_RIUM2_CA,30WHIDRRIUM2---W,B12,,0.0,,MAW,PT60M,10YRO-TEL------P,RO,,,RO
2020-01-01T20:00:00+00:00,Iernut_IERN5_CA,30WELCEIERN5---V,B04,,136.1,,MAW,PT60M,10YRO-TEL------P,RO,,,RO
2020-01-01T20:00:00+00:00,Isalnita_ISAL7_CA,30WCRAIISAL7---D,B02,,115.6,,MAW,PT60M,10YRO-TEL------P,RO,,,RO
2020-01-01T20:00:00+00:00,,30WCERNCERN1---Y,B14,,660.2,,MAW,PT60M,10YRO-TEL------P,RO,,,RO
2020-01-01T20:00:00+00:00,,30WCERNCERN2---T,B14,,651.3,,MAW,PT60M,10YRO-TEL------P,RO,,,RO
2020-01-01T20:00:00+00:00,,30WELCEBUCU3---2,B04,,81.3,,MAW,PT60M,10YRO-TEL------P,RO,,,RO
2020-01-01T20:00:00+00:00,,30WELCEBUCU4---Y,B04,,69.5,,MAW,PT60M,10YRO-TEL------P,RO,,,RO
2020-01-01T20:00:00+00:00,,30WELCEBUCV3---X,B04,,159.21,,MAW,PT60M,10YRO-TEL------P,RO,,,RO
2020-01-01T20:00:00+00:00,,30WROVIROVI4---F,B02,,155.2,,MAW,PT60M,10YRO-TEL------P,RO,,,RO
2020-01-01T20:00:00+00:00,,30WTURCTURC5---E,B02,,184.3,,MAW,PT60M,10YRO-TEL------P,RO,,,RO
2020-01-01T21:00:00+00:00,CETBrazi__BRAZ5_CA,30WBRAZBRAZ5---1,B04,,71.94,,MAW,PT60M,10YRO-TEL------P,RO,,,RO
2020-01-01T21:00:00+00:00,CET_MINT3_CA,30WMINTMINT3---X,B05,,64.47,,MAW,PT60M,10YRO-TEL------P,RO,,,RO
2020-01-01T21:00:00+00:00,CHE_Lotru_LOTR2_CA,30WHIDRLOTR2---G,B12,,15.22,,MAW,PT60M,10YRO-TEL------P,RO,,,RO
2020-01-01T21:00:00+00:00,CHE_Lotru_LOTR3_CA,30WHIDRLOTR3---B,B12,,64.97,,MAW,PT60M,10YRO-TEL------P,RO,,,RO
2020-01-01T21:00:00+00:00,CetCraiova2_CRAI1_CA,30WCRAICRA21---Y,B02,,97.3,,MAW,PT60M,10YRO-TEL------P,RO,,,RO
2020-01-01T21:00:00+00:00,ChePortileDeFier_PFIERI1_CA,30WHIDRPDFE1---R,B11,,124.73,,MAW,PT60M,10YRO-TEL------P,RO,,,RO
2020-01-01T21:00:00+00:00,ChePortileDeFier_PFIERI2_CA,30WHIDRPDFE2---M,B11,,188.84,,MAW,PT60M,10YRO-TEL------P,RO,,,RO
2020-01-01T21:00:00+00:00,ChePortileDeFier_PFIERI3_CA,30WHIDRPDFE3---H,B11,,190.23,,MAW,PT60M,10YRO-TEL------P,RO,,,RO
2020-01-01T21:00:00+00:00,ChePortileDeFier_PFIERI4_CA,30WHIDRPDFE4---C,B11,,189.75,,MAW,PT60M,10YRO-TEL------P,RO,,,RO
2020-01-01T21:00:00+00:00,ChePortileDeFier_PFIERI5_CA,30WHIDRPDFE5---7,B11,,123.4,,MAW,PT60M,10YRO-TEL------P,RO,,,RO
2020-01-01T21:00:00+00:00,ChePortileDeFier_PFIERI6_CA,30WHIDRPDFE6---2,B11,,187.98,,MAW,PT60M,10YRO-TEL------P,RO,,,RO
2020-01-01T21:00:00+00:00,Iernut_IERN5_CA,30WELCEIERN5---V,B04,,135.1,,MAW,PT60M,10YRO-TEL------P,RO,,,RO
2020-01-01T21:00:00+00:00,Isalnita_ISAL7_CA,30WCRAIISAL7---D,B02,,114.6,,MAW,PT60M,10YRO-TEL------P,RO,,,RO
2020-01-01T21:00:00+00:00,,30WCERNCERN1---Y,B14,,660.35,,MAW,PT60M,10YRO-TEL------P,RO,,,RO
2020-01-01T21:00:00+00:00,,30WCERNCERN2---T,B14,,651.25,,MAW,PT60M,10YRO-TEL------P,RO,,,RO
2020-01-01T21:00:00+00:00,,30WELCEBUCU3---2,B04,,81.8,,MAW,PT60M,10YRO-TEL------P,RO,,,RO
2020-01-01T21:00:00+00:00,,30WELCEBUCU4---Y,B04,,70.3,,MAW,PT60M,10YRO-TEL------P,RO,,,RO
2020-01-01T21:00:00+00:00,,30WELCEBUCV3---X,B04,,160.88,,MAW,PT60M,10YRO-TEL------P,RO,,,RO
2020-01-01T21:00:00+00:00,,30WROVIROVI4---F,B02,,163.6,,MAW,PT60M,10YRO-TEL------P,RO,,,RO
2020-01-01T21:00:00+00:00,,30WTURCTURC5---E,B02,,190.1,,MAW,PT60M,10YRO-TEL------P,RO,,,RO
2020-01-01T22:00:00+00:00,CETBrazi__BRAZ5_CA,30WBRAZBRAZ5---1,B04,,72.74,,MAW,PT60M,10YRO-TEL------P,RO,,,RO
2020-01-01T22:00:00+00:00,CET_MINT3_CA,30WMINTMINT3---X,B05,,66.12,,MAW,PT60M,10YRO-TEL------P,RO,,,RO
2020-01-01T22:00:00+00:00,CHE_Lotru_LOTR2_CA,30WHIDRLOTR2---G,B12,,17.89,,MAW,PT60M,10YRO-TEL------P,RO,,,RO
2020-01-01T22:00:00+00:00,CHE_Lotru_LOTR3_CA,30WHIDRLOTR3---B,B12,,89.13,,MAW,PT60M,10YRO-TEL------P,RO,,,RO
2020-01-01T22:00:00+00:00,ChePortileDeFier_PFIERI1_CA,30WHIDRPDFE1---R,B11,,140.01,,MAW,PT60M,10YRO-TEL------P,RO,,,RO
2020-01-01T22:00:00+00:00,ChePortileDeFier_PFIERI2_CA,30WHIDRPDFE2---M,B11,,188.67,,MAW,PT60M,10YRO-TEL------P,RO,,,RO
2020-01-01T22:00:00+00:00,ChePortileDeFier_PFIERI3_CA,30WHIDRPDFE3---H,B11,,190.05,,MAW,PT60M,10YRO-TEL------P,RO,,,RO
2020-01-01T22:00:00+00:00,ChePortileDeFier_PFIERI4_CA,30WHIDRPDFE4---C,B11,,26.57,,MAW,PT60M,10YRO-TEL------P,RO,,,RO
2020-01-01T22:00:00+00:00,ChePortileDeFier_PFIERI5_CA,30WHIDRPDFE5---7,B11,,138.57,,MAW,PT60M,10YRO-TEL------P,RO,,,RO
2020-01-01T22:00:00+00:00,ChePortileDeFier_PFIERI6_CA,30WHIDRPDFE6---2,B11,,187.71,,MAW,PT60M,10YRO-TEL------P,RO,,,RO
2020-01-01T22:00:00+00:00,Iernut_IERN5_CA,30WELCEIERN5---V,B04,,135.4,,MAW,PT60M,10YRO-TEL------P,RO,,,RO
2020-01-01T22:00:00+00:00,Isalnita_ISAL7_CA,30WCRAIISAL7---D,B02,,114.4,,MAW,PT60M,10YRO-TEL------P,RO,,,RO
2020-01-01T22:00:00+00:00,,30WCERNCERN1---Y,B14,,660.15,,MAW,PT60M,10YRO-TEL------P,RO,,,RO
2020-01-01T22:00:00+00:00,,30WCERNCERN2---T,B14,,651.55,,MAW,PT60M,10YRO-TEL------P,RO,,,RO
2020-01-01T22:00:00+00:00,,30WELCEBUCU3---2,B04,,82.4,,MAW,PT60M,10YRO-TEL------P,RO,,,RO
2020-01-01T22:00:00+00:00,,30WELCEBUCU4---Y,B04,,70.2,,MAW,PT60M,10YRO-TEL------P,RO,,,RO
2020-01-01T22:00:00+00:00,,30WELCEBUCV3---X,B04,,162.25,,MAW,PT60M,10YRO-TEL------P,RO,,,RO
2020-01-01T22:00:00+00:00,,30WROVIROVI4---F,B02,,170.0,,MAW,PT60M,10YRO-TEL------P,RO,,,RO
2020-01-01T22:00:00+00:00,,30WTURCTURC5---E,B02,,194.3,,MAW,PT60M,10YRO-TEL------P,RO,,,RO
2020-01-01T23:00:00+00:00,CETBrazi__BRAZ5_CA,30WBRAZBRAZ5---1,B04,,72.41,,MAW,PT60M,10YRO-TEL------P,RO,,,RO
2020-01-01T23:00:00+00:00,CET_MINT3_CA,30WMINTMINT3---X,B05,,66.53,,MAW,PT60M,10YRO-TEL------P,RO,,,RO
2020-01-01T23:00:00+00:00,CHE_Lotru_LOTR2_CA,30WHIDRLOTR2---G,B12,,0.0,,MAW,PT60M,10YRO-TEL------P,RO,,,RO
2020-01-01T23:00:00+00:00,CHE_Lotru_LOTR3_CA,30WHIDRLOTR3---B,B12,,53.46,,MAW,PT60M,10YRO-TEL------P,RO,,,RO
2020-01-01T23:00:00+00:00,CetCraiova2_CRAI1_CA,30WCRAICRA21---Y,B02,,96.9,,MAW,PT60M,10YRO-TEL------P,RO,,,RO
2020-01-01T23:00:00+00:00,ChePortileDeFier_PFIERI1_CA,30WHIDRPDFE1---R,B11,,148.58,,MAW,PT60M,10YRO-TEL------P,RO,,,RO
2020-01-01T23:00:00+00:00,ChePortileDeFier_PFIERI2_CA,30WHIDRPDFE2---M,B11,,148.27,,MAW,PT60M,10YRO-TEL------P,RO,,,RO
2020-01-01T23:00:00+00:00,ChePortileDeFier_PFIERI3_CA,30WHIDRPDFE3---H,B11,,189.4,,MAW,PT60M,10YRO-TEL------P,RO,,,RO
2020-01-01T23:00:00+00:00,ChePortileDeFier_PFIERI4_CA,30WHIDRPDFE4---C,B11,,0.0,,MAW,PT60M,10YRO-TEL------P,RO,,,RO
2020-01-01T23:00:00+00:00,ChePortileDeFier_PFIERI5_CA,30WHIDRPDFE5---7,B11,,147.45,,MAW,PT60M,10YRO-TEL------P,RO,,,RO
2020-01-01T23:00:00+00:00,ChePortileDeFier_PFIERI6_CA,30WHIDRPDFE6---2,B11,,186.67,,MAW,PT60M,10YRO-TEL------P,RO,,,RO
2020-01-01T23:00:00+00:00,Iernut_IERN5_CA,30WELCEIERN5---V,B04,,135.5,,MAW,PT60M,10YRO-TEL------P,RO,,,RO
2020-01-01T23:00:00+00:00,Isalnita_ISAL7_CA,30WCRAIISAL7---D,B02,,119.0,,MAW,PT60M,10YRO-TEL------P,RO,,,RO
2020-01-01T23:00:00+00:00,,30WCERNCERN1---Y,B14,,660.3,,MAW,PT60M,10YRO-TEL------P,RO,,,RO
2020-01-01T23:00:00+00:00,,30WCERNCERN2---T,B14,,651.5,,MAW,PT60M,10YRO-TEL------P,RO,,,RO
2020-01-01T23:00:00+00:00,,30WELCEBUCU3---2,B04,,82.3,,MAW,PT60M,10YRO-TEL------P,RO,,,RO
2020-01-01T23:00:00+00:00,,30WELCEBUCU4---Y,B04,,69.9,,MAW,PT60M,10YRO-TEL------P,RO,,,RO
2020-01-01T23:00:00+00:00,,30WELCEBUCV3---X,B04,,161.96,,MAW,PT60M,10YRO-TEL------P,RO,,,RO
2020-01-01T23:00:00+00:00,,30WROVIROVI4---F,B02,,217.6,,MAW,PT60M,10YRO-TEL------P,RO,,,RO
2020-01-01T23:00:00+00:00,,30WTURCTURC5---E,B02,,212.7,,MAW,PT60M,10YRO-TEL------P,RO,,,RO
